query_id,rank,recommended_place_name,recommended_district,recommended_place_type,baseline_score,district_bonus,place_type_bonus,time_bonus,context_bonus,target_bonus,score
OH_20260429_1030_성동구_쌍리단길생문시장_OH_0008,1,남대문시장,중구,market,0.6592,0.0,0.15,0.0,0.0,0.0,0.8092
OH_20260429_1030_성동구_쌍리단길생문시장_OH_0008,2,동대문종합시장,종로구,market,0.5837,0.0,0.15,0.0,0.0,0.0,0.7337
OH_20260429_1030_성동구_쌍리단길생문시장_OH_0008,3,장안 마실 골목형상점가,동대문구,market,0.5827,0.0,0.15,0.0,0.0,0.0,0.7327
OH_20260429_1030_성동구_쌍리단길생문시장_OH_0008,4,천호로데오거리상점가,강동구,market,0.5458,0.0,0.15,0.0,0.0,0.0,0.6958
OH_20260429_1030_성동구_쌍리단길생문시장_OH_0008,5,마장축산물시장,성동구,market,0.4644,0.0,0.15,0.0,0.0,0.0,0.6144
OH_20260429_1030_성동구_쌍리단길생문시장_OH_0008,6,성동용답상가시장,성동구,market,0.4344,0.0,0.15,0.0,0.0,0.0,0.5844
OH_20260429_1030_성동구_쌍리단길생문시장_OH_0008,7,송정벚꽃골목형상점가,성동구,market,0.4303,0.0,0.15,0.0,0.0,0.0,0.5803
OH_20260429_1030_성동구_쌍리단길생문시장_OH_0008,8,사근살곶이골목형상점가시장,성동구,market,0.4268,0.0,0.15,0.0,0.0,0.0,0.5768
OH_20260429_1030_성동구_쌍리단길생문시장_OH_0008,9,금남시장,성동구,market,0.4235,0.0,0.15,0.0,0.0,0.0,0.5735
OH_20260429_1030_성동구_쌍리단길생문시장_OH_0008,10,뚝도시장,성동구,market,0.4212,0.0,0.15,0.0,0.0,0.0,0.5712
OH_20260501_1140_종로구_서울배달라이더현장_OH_0016,1,종로노인종합복지관,종로구,senior_friendly,0.7444,0.0,0.0,0.0,0.0,0.0,0.7444
OH_20260501_1140_종로구_서울배달라이더현장_OH_0016,2,낙산근린공원,종로구,park,0.6697,0.0,0.0,0.0,0.0,0.0,0.6697
OH_20260501_1140_종로구_서울배달라이더현장_OH_0016,3,북악산도시자연공원,종로구,park,0.6574,0.0,0.0,0.0,0.0,0.0,0.6574
OH_20260501_1140_종로구_서울배달라이더현장_OH_0016,4,인왕산도시자연공원,종로구,park,0.626,0.0,0.0,0.0,0.0,0.0,0.626
OH_20260501_1140_종로구_서울배달라이더현장_OH_0016,5,세종로공원,종로구,park,0.6186,0.0,0.0,0.0,0.0,0.0,0.6186
OH_20260501_1140_종로구_서울배달라이더현장_OH_0016,6,경희궁,종로구,park,0.6141,0.0,0.0,0.0,0.0,0.0,0.6141
OH_20260501_1140_종로구_서울배달라이더현장_OH_0016,7,삼청근린공원,종로구,park,0.6088,0.0,0.0,0.0,0.0,0.0,0.6088
OH_20260501_1140_종로구_서울배달라이더현장_OH_0016,8,광화문시민열린마당,종로구,park,0.6025,0.0,0.0,0.0,0.0,0.0,0.6025
OH_20260501_1140_종로구_서울배달라이더현장_OH_0016,9,와룡근린공원,종로구,park,0.5976,0.0,0.0,0.0,0.0,0.0,0.5976
OH_20260501_1140_종로구_서울배달라이더현장_OH_0016,10,사직근린공원,종로구,park,0.5975,0.0,0.0,0.0,0.0,0.0,0.5975
OH_20260501_1550_성동구_서울숲_OH_0019,1,봉은공원,강남구,park,0.7451,0.0,0.15,0.0,0.0,0.0,0.8951
OH_20260501_1550_성동구_서울숲_OH_0019,2,월드컵공원,마포구,park,0.7425,0.0,0.15,0.0,0.0,0.0,0.8925
OH_20260501_1550_성동구_서울숲_OH_0019,3,중랑캠핑숲,중랑구,park,0.7412,0.0,0.15,0.0,0.0,0.0,0.8912
OH_20260501_1550_성동구_서울숲_OH_0019,4,백련근린공원,서대문구,park,0.7275,0.0,0.15,0.0,0.0,0.0,0.8775
OH_20260501_1550_성동구_서울숲_OH_0019,5,남산공원,중구,park,0.7185,0.0,0.15,0.0,0.0,0.0,0.8685
OH_20260501_1550_성동구_서울숲_OH_0019,6,서울숲,성동구,park,0.6805,0.0,0.15,0.0,0.0,0.0,0.8305
OH_20260501_1550_성동구_서울숲_OH_0019,7,응봉공원 (대현산배수지공원),성동구,park,0.637,0.0,0.15,0.0,0.0,0.0,0.787
OH_20260501_1550_성동구_서울숲_OH_0019,8,금호근린공원,성동구,park,0.6352,0.0,0.15,0.0,0.0,0.0,0.7852
OH_20260501_1550_성동구_서울숲_OH_0019,9,성수근린공원,성동구,park,0.6055,0.0,0.15,0.0,0.0,0.0,0.7555
OH_20260501_1550_성동구_서울숲_OH_0019,10,달맞이근린공원,성동구,park,0.6016,0.0,0.15,0.0,0.0,0.0,0.7516
OH_20260501_1630_성동구_서울숲야외무대_OH_0020,1,봉은공원,강남구,park,0.7451,0.0,0.15,0.0,0.0,0.0,0.8951
OH_20260501_1630_성동구_서울숲야외무대_OH_0020,2,월드컵공원,마포구,park,0.7425,0.0,0.15,0.0,0.0,0.0,0.8925
OH_20260501_1630_성동구_서울숲야외무대_OH_0020,3,중랑캠핑숲,중랑구,park,0.7412,0.0,0.15,0.0,0.0,0.0,0.8912
OH_20260501_1630_성동구_서울숲야외무대_OH_0020,4,백련근린공원,서대문구,park,0.7275,0.0,0.15,0.0,0.0,0.0,0.8775
OH_20260501_1630_성동구_서울숲야외무대_OH_0020,5,남산공원,중구,park,0.7185,0.0,0.15,0.0,0.0,0.0,0.8685
OH_20260501_1630_성동구_서울숲야외무대_OH_0020,6,서울숲,성동구,park,0.6805,0.0,0.15,0.0,0.0,0.0,0.8305
OH_20260501_1630_성동구_서울숲야외무대_OH_0020,7,응봉공원 (대현산배수지공원),성동구,park,0.637,0.0,0.15,0.0,0.0,0.0,0.787
OH_20260501_1630_성동구_서울숲야외무대_OH_0020,8,금호근린공원,성동구,park,0.6352,0.0,0.15,0.0,0.0,0.0,0.7852
OH_20260501_1630_성동구_서울숲야외무대_OH_0020,9,성수근린공원,성동구,park,0.6055,0.0,0.15,0.0,0.0,0.0,0.7555
OH_20260501_1630_성동구_서울숲야외무대_OH_0020,10,달맞이근린공원,성동구,park,0.6016,0.0,0.15,0.0,0.0,0.0,0.7516
OH_20260502_0700_마포구_상암동월드컵공원_OH_0021,1,봉은공원,강남구,park,0.7275,0.0,0.15,0.0,0.0,0.0,0.8775
OH_20260502_0700_마포구_상암동월드컵공원_OH_0021,2,월드컵공원,마포구,park,0.7248,0.0,0.15,0.0,0.0,0.0,0.8748
OH_20260502_0700_마포구_상암동월드컵공원_OH_0021,3,중랑캠핑숲,중랑구,park,0.7213,0.0,0.15,0.0,0.0,0.0,0.8713
OH_20260502_0700_마포구_상암동월드컵공원_OH_0021,4,백련근린공원,서대문구,park,0.7077,0.0,0.15,0.0,0.0,0.0,0.8577
OH_20260502_0700_마포구_상암동월드컵공원_OH_0021,5,남산공원,중구,park,0.6998,0.0,0.15,0.0,0.0,0.0,0.8498
OH_20260502_0700_마포구_상암동월드컵공원_OH_0021,6,안산도시자연공원,서대문구,park,0.6971,0.0,0.15,0.0,0.0,0.0,0.8471
OH_20260502_0700_마포구_상암동월드컵공원_OH_0021,7,문화비축기지,마포구,park,0.6163,0.0,0.15,0.0,0.0,0.0,0.7663
OH_20260502_0700_마포구_상암동월드컵공원_OH_0021,8,와우근린공원,마포구,park,0.6129,0.0,0.15,0.0,0.0,0.0,0.7629
OH_20260502_0700_마포구_상암동월드컵공원_OH_0021,9,상암근린공원,마포구,park,0.6077,0.0,0.15,0.0,0.0,0.0,0.7577
OH_20260502_0700_마포구_상암동월드컵공원_OH_0021,10,외국인묘지공원,마포구,park,0.565,0.0,0.15,0.0,0.0,0.0,0.715
OH_20260502_0930_성북구_상경청년자취방_OH_0022,1,시립성북노인종합복지관,성북구,senior_friendly,0.7477,0.0,0.0,0.0,0.0,0.0,0.7477
OH_20260502_0930_성북구_상경청년자취방_OH_0022,2,청량공원,성북구,park,0.6438,0.0,0.0,0.0,0.0,0.0,0.6438
OH_20260502_0930_성북구_상경청년자취방_OH_0022,3,개운산근린공원,성북구,park,0.6322,0.0,0.0,0.0,0.0,0.0,0.6322
OH_20260502_0930_성북구_상경청년자취방_OH_0022,4,성북근린공원,성북구,park,0.6182,0.0,0.0,0.0,0.0,0.0,0.6182
OH_20260502_0930_성북구_상경청년자취방_OH_0022,5,월곡달빛오거리골목형상점가,성북구,market,0.4287,0.0,0.0,0.0,0.0,0.0,0.4287
OH_20260502_0930_성북구_상경청년자취방_OH_0022,6,석계음식문화거리,성북구,market,0.4284,0.0,0.0,0.0,0.0,0.0,0.4284
OH_20260502_0930_성북구_상경청년자취방_OH_0022,7,종암북바위길골목형상점가,성북구,market,0.4276,0.0,0.0,0.0,0.0,0.0,0.4276
OH_20260502_0930_성북구_상경청년자취방_OH_0022,8,돈암시장,성북구,market,0.4266,0.0,0.0,0.0,0.0,0.0,0.4266
OH_20260502_0930_성북구_상경청년자취방_OH_0022,9,정릉시장,성북구,market,0.4258,0.0,0.0,0.0,0.0,0.0,0.4258
OH_20260502_0930_성북구_상경청년자취방_OH_0022,10,성북천골목형상점가,성북구,market,0.4235,0.0,0.0,0.0,0.0,0.0,0.4235
OH_20260503_0830_용산구_효창운동장_OH_0027,1,남대문시장,중구,market,0.6592,0.0,0.15,0.0,0.0,0.0,0.8092
OH_20260503_0830_용산구_효창운동장_OH_0027,2,동대문종합시장,종로구,market,0.5837,0.0,0.15,0.0,0.0,0.0,0.7337
OH_20260503_0830_용산구_효창운동장_OH_0027,3,장안 마실 골목형상점가,동대문구,market,0.5827,0.0,0.15,0.0,0.0,0.0,0.7327
OH_20260503_0830_용산구_효창운동장_OH_0027,4,천호로데오거리상점가,강동구,market,0.5458,0.0,0.15,0.0,0.0,0.0,0.6958
OH_20260503_0830_용산구_효창운동장_OH_0027,5,광장전통시장,종로구,market,0.5242,0.0,0.15,0.0,0.0,0.0,0.6742
OH_20260503_0830_용산구_효창운동장_OH_0027,6,가락몰 골목형상점가,송파구,market,0.514,0.0,0.15,0.0,0.0,0.0,0.664
OH_20260503_0830_용산구_효창운동장_OH_0027,7,평화시장,중구,market,0.5064,0.0,0.15,0.0,0.0,0.0,0.6564
OH_20260503_0830_용산구_효창운동장_OH_0027,8,서울약령시장,동대문구,market,0.5054,0.0,0.15,0.0,0.0,0.0,0.6554
OH_20260503_0830_용산구_효창운동장_OH_0027,9,용산용문시장,용산구,market,0.4279,0.0,0.15,0.0,0.0,0.0,0.5779
OH_20260503_0830_용산구_효창운동장_OH_0027,10,이촌종합시장,용산구,market,0.4223,0.0,0.15,0.0,0.0,0.0,0.5723
OH_20260504_1400_구로구_온수역_OH_0034,1,구로디지털단지,구로구,subway,0.6961,0.0,0.15,0.0,0.0,0.0,0.8461
OH_20260504_1400_구로구_온수역_OH_0034,2,신도림,구로구,subway,0.6595,0.0,0.15,0.0,0.0,0.0,0.8095
OH_20260504_1400_구로구_온수역_OH_0034,3,구로노인종합복지관,구로구,senior_friendly,0.7583,0.0,0.0,0.0,0.0,0.0,0.7583
OH_20260504_1400_구로구_온수역_OH_0034,4,온수도시자연공원,구로구,park,0.6365,0.0,0.0,0.0,0.0,0.0,0.6365
OH_20260504_1400_구로구_온수역_OH_0034,5,고척근린공원,구로구,park,0.6349,0.0,0.0,0.0,0.0,0.0,0.6349
OH_20260504_1400_구로구_온수역_OH_0034,6,야탑,,subway,0.4791,0.0,0.15,0.0,0.0,0.0,0.6291
OH_20260504_1400_구로구_온수역_OH_0034,7,온수역,구로구,subway,0.4791,0.0,0.15,0.0,0.0,0.0,0.6291
OH_20260504_1400_구로구_온수역_OH_0034,8,미아사거리,,subway,0.4779,0.0,0.15,0.0,0.0,0.0,0.6279
OH_20260504_1400_구로구_온수역_OH_0034,9,회기,,subway,0.4762,0.0,0.15,0.0,0.0,0.0,0.6262
OH_20260504_1400_구로구_온수역_OH_0034,10,개웅산근린공원,구로구,park,0.6241,0.0,0.0,0.0,0.0,0.0,0.6241
OH_20260505_1330_중구_서울광장_OH_0038,1,봉은공원,강남구,park,0.7451,0.0,0.15,0.0,0.0,0.0,0.8951
OH_20260505_1330_중구_서울광장_OH_0038,2,월드컵공원,마포구,park,0.7425,0.0,0.15,0.0,0.0,0.0,0.8925
OH_20260505_1330_중구_서울광장_OH_0038,3,중랑캠핑숲,중랑구,park,0.7412,0.0,0.15,0.0,0.0,0.0,0.8912
OH_20260505_1330_중구_서울광장_OH_0038,4,백련근린공원,서대문구,park,0.7275,0.0,0.15,0.0,0.0,0.0,0.8775
OH_20260505_1330_중구_서울광장_OH_0038,5,남산공원,중구,park,0.7185,0.0,0.15,0.0,0.0,0.0,0.8685
OH_20260505_1330_중구_서울광장_OH_0038,6,안산도시자연공원,서대문구,park,0.7158,0.0,0.15,0.0,0.0,0.0,0.8658
OH_20260505_1330_중구_서울광장_OH_0038,7,훈련원근린공원,중구,park,0.6359,0.0,0.15,0.0,0.0,0.0,0.7859
OH_20260505_1330_중구_서울광장_OH_0038,8,손기정체육공원,중구,park,0.6178,0.0,0.15,0.0,0.0,0.0,0.7678
OH_20260505_1330_중구_서울광장_OH_0038,9,순화문화공원,중구,park,0.4624,0.0,0.15,0.0,0.0,0.0,0.6124
OH_20260505_1330_중구_서울광장_OH_0038,10,서소문역사공원,중구,park,0.4624,0.0,0.15,0.0,0.0,0.0,0.6124
OH_20260505_1430_중구_ddp_OH_0039,1,서울역,중구,subway,0.9642,0.0,0.0,0.0,0.0,0.0,0.9642
OH_20260505_1430_중구_ddp_OH_0039,2,약수노인복지관,중구,senior_friendly,0.7822,0.0,0.0,0.0,0.0,0.0,0.7822
OH_20260505_1430_중구_ddp_OH_0039,3,남산공원,중구,park,0.7185,0.0,0.0,0.0,0.0,0.0,0.7185
OH_20260505_1430_중구_ddp_OH_0039,4,남대문시장,중구,market,0.7056,0.0,0.0,0.0,0.0,0.0,0.7056
OH_20260505_1430_중구_ddp_OH_0039,5,을지로입구,중구,subway,0.6806,0.0,0.0,0.0,0.0,0.0,0.6806
OH_20260505_1430_중구_ddp_OH_0039,6,훈련원근린공원,중구,park,0.6359,0.0,0.0,0.0,0.0,0.0,0.6359
OH_20260505_1430_중구_ddp_OH_0039,7,손기정체육공원,중구,park,0.6178,0.0,0.0,0.0,0.0,0.0,0.6178
OH_20260505_1430_중구_ddp_OH_0039,8,명동,중구,subway,0.5738,0.0,0.0,0.0,0.0,0.0,0.5738
OH_20260505_1430_중구_ddp_OH_0039,9,평화시장,중구,market,0.5528,0.0,0.0,0.0,0.0,0.0,0.5528
OH_20260505_1430_중구_ddp_OH_0039,10,삼익패션타운,중구,market,0.5222,0.0,0.0,0.0,0.0,0.0,0.5222
OH_20260505_1540_서초구_예술의전당_OH_0040,1,봉은공원,강남구,park,0.7451,0.0,0.15,0.0,0.0,0.0,0.8951
OH_20260505_1540_서초구_예술의전당_OH_0040,2,월드컵공원,마포구,park,0.7425,0.0,0.15,0.0,0.0,0.0,0.8925
OH_20260505_1540_서초구_예술의전당_OH_0040,3,중랑캠핑숲,중랑구,park,0.7412,0.0,0.15,0.0,0.0,0.0,0.8912
OH_20260505_1540_서초구_예술의전당_OH_0040,4,백련근린공원,서대문구,park,0.7275,0.0,0.15,0.0,0.0,0.0,0.8775
OH_20260505_1540_서초구_예술의전당_OH_0040,5,매헌시민의숲,서초구,park,0.6618,0.0,0.15,0.0,0.0,0.0,0.8118
OH_20260505_1540_서초구_예술의전당_OH_0040,6,문화예술공원,서초구,park,0.6545,0.0,0.15,0.0,0.0,0.0,0.8045
OH_20260505_1540_서초구_예술의전당_OH_0040,7,청계산도시자연공원,서초구,park,0.65,0.0,0.15,0.0,0.0,0.0,0.8
OH_20260505_1540_서초구_예술의전당_OH_0040,8,우면산도시자연공원,서초구,park,0.6495,0.0,0.15,0.0,0.0,0.0,0.7995
OH_20260505_1540_서초구_예술의전당_OH_0040,9,인능산도시자연공원,서초구,park,0.6437,0.0,0.15,0.0,0.0,0.0,0.7937
OH_20260505_1540_서초구_예술의전당_OH_0040,10,구룡산도시자연공원,서초구,park,0.6435,0.0,0.15,0.0,0.0,0.0,0.7935
OH_20260506_0640_성동구_마장동축산물시장_OH_0041,1,남대문시장,중구,market,0.6592,0.0,0.15,0.0,0.0,0.0,0.8092
OH_20260506_0640_성동구_마장동축산물시장_OH_0041,2,동대문종합시장,종로구,market,0.5837,0.0,0.15,0.0,0.0,0.0,0.7337
OH_20260506_0640_성동구_마장동축산물시장_OH_0041,3,장안 마실 골목형상점가,동대문구,market,0.5827,0.0,0.15,0.0,0.0,0.0,0.7327
OH_20260506_0640_성동구_마장동축산물시장_OH_0041,4,천호로데오거리상점가,강동구,market,0.5458,0.0,0.15,0.0,0.0,0.0,0.6958
OH_20260506_0640_성동구_마장동축산물시장_OH_0041,5,마장축산물시장,성동구,market,0.4644,0.0,0.15,0.0,0.0,0.0,0.6144
OH_20260506_0640_성동구_마장동축산물시장_OH_0041,6,성동용답상가시장,성동구,market,0.4344,0.0,0.15,0.0,0.0,0.0,0.5844
OH_20260506_0640_성동구_마장동축산물시장_OH_0041,7,송정벚꽃골목형상점가,성동구,market,0.4303,0.0,0.15,0.0,0.0,0.0,0.5803
OH_20260506_0640_성동구_마장동축산물시장_OH_0041,8,사근살곶이골목형상점가시장,성동구,market,0.4268,0.0,0.15,0.0,0.0,0.0,0.5768
OH_20260506_0640_성동구_마장동축산물시장_OH_0041,9,금남시장,성동구,market,0.4235,0.0,0.15,0.0,0.0,0.0,0.5735
OH_20260506_0640_성동구_마장동축산물시장_OH_0041,10,뚝도시장,성동구,market,0.4212,0.0,0.15,0.0,0.0,0.0,0.5712
OH_20260506_1030_중구_장충체육관_OH_0042,1,성수1가2동노인복지관 대현분소,성동구,senior_friendly,0.9585,0.0,0.15,0.0,0.0,0.0,1.1085
OH_20260506_1030_중구_장충체육관_OH_0042,2,강남구립 도곡1노인복지관,강남구,senior_friendly,0.9536,0.0,0.15,0.0,0.0,0.0,1.1036
OH_20260506_1030_중구_장충체육관_OH_0042,3,강동구립 해공노인복지관,강동구,senior_friendly,0.952,0.0,0.15,0.0,0.0,0.0,1.102
OH_20260506_1030_중구_장충체육관_OH_0042,4,구립 자양노인복지관,광진구,senior_friendly,0.9487,0.0,0.15,0.0,0.0,0.0,1.0987
OH_20260506_1030_중구_장충체육관_OH_0042,5,구립갈현노인복지관,은평구,senior_friendly,0.947,0.0,0.15,0.0,0.0,0.0,1.097
OH_20260506_1030_중구_장충체육관_OH_0042,6,용강 노인복지관,마포구,senior_friendly,0.9454,0.0,0.15,0.0,0.0,0.0,1.0954
OH_20260506_1030_중구_장충체육관_OH_0042,7,북가좌노인복지관,서대문구,senior_friendly,0.9454,0.0,0.15,0.0,0.0,0.0,1.0954
OH_20260506_1030_중구_장충체육관_OH_0042,8,청파노인복지관,용산구,senior_friendly,0.9438,0.0,0.15,0.0,0.0,0.0,1.0938
OH_20260506_1030_중구_장충체육관_OH_0042,9,약수노인복지관,중구,senior_friendly,0.9438,0.0,0.15,0.0,0.0,0.0,1.0938
OH_20260506_1030_중구_장충체육관_OH_0042,10,공릉노인복지관,노원구,senior_friendly,0.9438,0.0,0.15,0.0,0.0,0.0,1.0938
OH_20260507_1000_영등포구_대림1구역재개발현장_OH_0047,1,신림,관악구,subway,0.9468,0.0,0.15,0.0,0.0,0.0,1.0968
OH_20260507_1000_영등포구_대림1구역재개발현장_OH_0047,2,잠실(송파구청),송파구,subway,0.8013,0.0,0.15,0.0,0.0,0.0,0.9513
OH_20260507_1000_영등포구_대림1구역재개발현장_OH_0047,3,서울역,중구,subway,0.7902,0.0,0.15,0.0,0.0,0.0,0.9402
OH_20260507_1000_영등포구_대림1구역재개발현장_OH_0047,4,구로디지털단지,구로구,subway,0.776,0.0,0.15,0.0,0.0,0.0,0.926
OH_20260507_1000_영등포구_대림1구역재개발현장_OH_0047,5,서울대입구(관악구청),관악구,subway,0.7382,0.0,0.15,0.0,0.0,0.0,0.8882
OH_20260507_1000_영등포구_대림1구역재개발현장_OH_0047,6,신도림,구로구,subway,0.7139,0.0,0.15,0.0,0.0,0.0,0.8639
OH_20260507_1000_영등포구_대림1구역재개발현장_OH_0047,7,연신내,은평구,subway,0.667,0.0,0.15,0.0,0.0,0.0,0.817
OH_20260507_1000_영등포구_대림1구역재개발현장_OH_0047,8,영등포,영등포구,subway,0.4735,0.0,0.15,0.0,0.0,0.0,0.6235
OH_20260507_1000_영등포구_대림1구역재개발현장_OH_0047,9,당산,영등포구,subway,0.4319,0.0,0.15,0.0,0.0,0.0,0.5819
OH_20260507_1000_영등포구_대림1구역재개발현장_OH_0047,10,영등포구청,영등포구,subway,0.4079,0.0,0.15,0.0,0.0,0.0,0.5579
OH_20260507_1500_광진구_구의2동주택재개발후보지_OH_0050,1,서울역,중구,subway,0.9642,0.0,0.15,0.0,0.0,0.0,1.1142
OH_20260507_1500_광진구_구의2동주택재개발후보지_OH_0050,2,잠실(송파구청),송파구,subway,0.9611,0.0,0.15,0.0,0.0,0.0,1.1111
OH_20260507_1500_광진구_구의2동주택재개발후보지_OH_0050,3,강남,강남구,subway,0.9318,0.0,0.15,0.0,0.0,0.0,1.0818
OH_20260507_1500_광진구_구의2동주택재개발후보지_OH_0050,4,홍대입구,마포구,subway,0.8656,0.0,0.15,0.0,0.0,0.0,1.0156
OH_20260507_1500_광진구_구의2동주택재개발후보지_OH_0050,5,고속터미널,서초구,subway,0.8161,0.0,0.15,0.0,0.0,0.0,0.9661
OH_20260507_1500_광진구_구의2동주택재개발후보지_OH_0050,6,삼성(무역센터),강남구,subway,0.7312,0.0,0.15,0.0,0.0,0.0,0.8812
OH_20260507_1500_광진구_구의2동주택재개발후보지_OH_0050,7,성수,성동구,subway,0.7287,0.0,0.15,0.0,0.0,0.0,0.8787
OH_20260507_1500_광진구_구의2동주택재개발후보지_OH_0050,8,선릉,강남구,subway,0.7238,0.0,0.15,0.0,0.0,0.0,0.8738
OH_20260507_1500_광진구_구의2동주택재개발후보지_OH_0050,9,건대입구,광진구,subway,0.5488,0.0,0.15,0.0,0.0,0.0,0.6988
OH_20260507_1500_광진구_구의2동주택재개발후보지_OH_0050,10,구의(광진구청),광진구,subway,0.4793,0.0,0.15,0.0,0.0,0.0,0.6293
OH_20260508_1030_중구_서울장애인종합복지관_OH_0052,1,성수1가2동노인복지관 대현분소,성동구,senior_friendly,0.9585,0.0,0.15,0.0,0.0,0.0,1.1085
OH_20260508_1030_중구_서울장애인종합복지관_OH_0052,2,강남구립 도곡1노인복지관,강남구,senior_friendly,0.9536,0.0,0.15,0.0,0.0,0.0,1.1036
OH_20260508_1030_중구_서울장애인종합복지관_OH_0052,3,강동구립 해공노인복지관,강동구,senior_friendly,0.952,0.0,0.15,0.0,0.0,0.0,1.102
OH_20260508_1030_중구_서울장애인종합복지관_OH_0052,4,구립 자양노인복지관,광진구,senior_friendly,0.9487,0.0,0.15,0.0,0.0,0.0,1.0987
OH_20260508_1030_중구_서울장애인종합복지관_OH_0052,5,구립갈현노인복지관,은평구,senior_friendly,0.947,0.0,0.15,0.0,0.0,0.0,1.097
OH_20260508_1030_중구_서울장애인종합복지관_OH_0052,6,용강 노인복지관,마포구,senior_friendly,0.9454,0.0,0.15,0.0,0.0,0.0,1.0954
OH_20260508_1030_중구_서울장애인종합복지관_OH_0052,7,북가좌노인복지관,서대문구,senior_friendly,0.9454,0.0,0.15,0.0,0.0,0.0,1.0954
OH_20260508_1030_중구_서울장애인종합복지관_OH_0052,8,청파노인복지관,용산구,senior_friendly,0.9438,0.0,0.15,0.0,0.0,0.0,1.0938
OH_20260508_1030_중구_서울장애인종합복지관_OH_0052,9,약수노인복지관,중구,senior_friendly,0.9438,0.0,0.15,0.0,0.0,0.0,1.0938
OH_20260508_1030_중구_서울장애인종합복지관_OH_0052,10,공릉노인복지관,노원구,senior_friendly,0.9438,0.0,0.15,0.0,0.0,0.0,1.0938
OH_20260508_1400_서대문구_가좌역광장_OH_0053,1,봉은공원,강남구,park,0.7451,0.0,0.15,0.0,0.0,0.0,0.8951
OH_20260508_1400_서대문구_가좌역광장_OH_0053,2,월드컵공원,마포구,park,0.7425,0.0,0.15,0.0,0.0,0.0,0.8925
OH_20260508_1400_서대문구_가좌역광장_OH_0053,3,중랑캠핑숲,중랑구,park,0.7412,0.0,0.15,0.0,0.0,0.0,0.8912
OH_20260508_1400_서대문구_가좌역광장_OH_0053,4,백련근린공원,서대문구,park,0.7275,0.0,0.15,0.0,0.0,0.0,0.8775
OH_20260508_1400_서대문구_가좌역광장_OH_0053,5,남산공원,중구,park,0.7185,0.0,0.15,0.0,0.0,0.0,0.8685
OH_20260508_1400_서대문구_가좌역광장_OH_0053,6,안산도시자연공원,서대문구,park,0.7158,0.0,0.15,0.0,0.0,0.0,0.8658
OH_20260508_1400_서대문구_가좌역광장_OH_0053,7,여의도근린공원,영등포구,park,0.7046,0.0,0.15,0.0,0.0,0.0,0.8546
OH_20260508_1400_서대문구_가좌역광장_OH_0053,8,초안산근린공원,도봉구,park,0.7043,0.0,0.15,0.0,0.0,0.0,0.8543
OH_20260508_1400_서대문구_가좌역광장_OH_0053,9,궁동근린공원,서대문구,park,0.6662,0.0,0.15,0.0,0.0,0.0,0.8162
OH_20260508_1400_서대문구_가좌역광장_OH_0053,10,독립근린공원,서대문구,park,0.6152,0.0,0.15,0.0,0.0,0.0,0.7652
OH_20260509_1500_동대문구_청량리경동시장일대_OH_0058,1,장안 마실 골목형상점가,동대문구,market,0.6299,0.0,0.15,0.0,0.0,0.0,0.7799
OH_20260509_1500_동대문구_청량리경동시장일대_OH_0058,2,서울약령시장,동대문구,market,0.5526,0.0,0.15,0.0,0.0,0.0,0.7026
OH_20260509_1500_동대문구_청량리경동시장일대_OH_0058,3,신설동 들락거리 골목형상점가,동대문구,market,0.4875,0.0,0.15,0.0,0.0,0.0,0.6375
OH_20260509_1500_동대문구_청량리경동시장일대_OH_0058,4,경동시장,동대문구,market,0.4833,0.0,0.15,0.0,0.0,0.0,0.6333
OH_20260509_1500_동대문구_청량리경동시장일대_OH_0058,5,제기동 고대앞마을 골목형상점가,동대문구,market,0.4799,0.0,0.15,0.0,0.0,0.0,0.6299
OH_20260509_1500_동대문구_청량리경동시장일대_OH_0058,6,장한평역  먹자 골목형상점가,동대문구,market,0.4743,0.0,0.15,0.0,0.0,0.0,0.6243
OH_20260509_1500_동대문구_청량리경동시장일대_OH_0058,7,경희담길 골목형상점가,동대문구,market,0.4732,0.0,0.15,0.0,0.0,0.0,0.6232
OH_20260509_1500_동대문구_청량리경동시장일대_OH_0058,8,청량리종합시장,동대문구,market,0.472,0.0,0.15,0.0,0.0,0.0,0.622
OH_20260509_1500_동대문구_청량리경동시장일대_OH_0058,9,회기역골목형상점가,동대문구,market,0.4716,0.0,0.15,0.0,0.0,0.0,0.6216
OH_20260509_1500_동대문구_청량리경동시장일대_OH_0058,10,청량리농수산물시장,동대문구,market,0.4713,0.0,0.15,0.0,0.0,0.0,0.6213
OH_20260511_1420_구로구_고척1동이동약자현장_OH_0062,1,구로노인종합복지관,구로구,senior_friendly,0.7583,0.0,0.0,0.0,0.0,0.0,0.7583
OH_20260511_1420_구로구_고척1동이동약자현장_OH_0062,2,구로디지털단지,구로구,subway,0.6961,0.0,0.0,0.0,0.0,0.0,0.6961
OH_20260511_1420_구로구_고척1동이동약자현장_OH_0062,3,신도림,구로구,subway,0.6595,0.0,0.0,0.0,0.0,0.0,0.6595
OH_20260511_1420_구로구_고척1동이동약자현장_OH_0062,4,온수도시자연공원,구로구,park,0.6365,0.0,0.0,0.0,0.0,0.0,0.6365
OH_20260511_1420_구로구_고척1동이동약자현장_OH_0062,5,고척근린공원,구로구,park,0.6349,0.0,0.0,0.0,0.0,0.0,0.6349
OH_20260511_1420_구로구_고척1동이동약자현장_OH_0062,6,개웅산근린공원,구로구,park,0.6241,0.0,0.0,0.0,0.0,0.0,0.6241
OH_20260511_1420_구로구_고척1동이동약자현장_OH_0062,7,푸른수목원,구로구,park,0.6164,0.0,0.0,0.0,0.0,0.0,0.6164
OH_20260511_1420_구로구_고척1동이동약자현장_OH_0062,8,오류버들시장 골목형상점가,구로구,market,0.4915,0.0,0.0,0.0,0.0,0.0,0.4915
OH_20260511_1420_구로구_고척1동이동약자현장_OH_0062,9,남구로시장,구로구,market,0.4811,0.0,0.0,0.0,0.0,0.0,0.4811
OH_20260511_1420_구로구_고척1동이동약자현장_OH_0062,10,그라운드고척 골목형상점가,구로구,market,0.4792,0.0,0.0,0.0,0.0,0.0,0.4792
OH_20260512_1000_종로구_광화문광장감사의정원_OH_0065,1,낙산근린공원,종로구,park,0.6697,0.0,0.15,0.0,0.0,0.0,0.8197
OH_20260512_1000_종로구_광화문광장감사의정원_OH_0065,2,북악산도시자연공원,종로구,park,0.6574,0.0,0.15,0.0,0.0,0.0,0.8074
OH_20260512_1000_종로구_광화문광장감사의정원_OH_0065,3,인왕산도시자연공원,종로구,park,0.626,0.0,0.15,0.0,0.0,0.0,0.776
OH_20260512_1000_종로구_광화문광장감사의정원_OH_0065,4,세종로공원,종로구,park,0.6186,0.0,0.15,0.0,0.0,0.0,0.7686
OH_20260512_1000_종로구_광화문광장감사의정원_OH_0065,5,경희궁,종로구,park,0.6141,0.0,0.15,0.0,0.0,0.0,0.7641
OH_20260512_1000_종로구_광화문광장감사의정원_OH_0065,6,삼청근린공원,종로구,park,0.6088,0.0,0.15,0.0,0.0,0.0,0.7588
OH_20260512_1000_종로구_광화문광장감사의정원_OH_0065,7,광화문시민열린마당,종로구,park,0.6025,0.0,0.15,0.0,0.0,0.0,0.7525
OH_20260512_1000_종로구_광화문광장감사의정원_OH_0065,8,와룡근린공원,종로구,park,0.5976,0.0,0.15,0.0,0.0,0.0,0.7476
OH_20260512_1000_종로구_광화문광장감사의정원_OH_0065,9,사직근린공원,종로구,park,0.5975,0.0,0.15,0.0,0.0,0.0,0.7475
OH_20260512_1000_종로구_광화문광장감사의정원_OH_0065,10,숭인근린공원,종로구,park,0.5775,0.0,0.15,0.0,0.0,0.0,0.7275
OH_20260515_1500_송파구_잠실mice현장_OH_0083,1,잠실(송파구청),송파구,subway,0.9611,0.0,0.0,0.0,0.0,0.0,0.9611
OH_20260515_1500_송파구_잠실mice현장_OH_0083,2,문정노인종합복지관,송파구,senior_friendly,0.7583,0.0,0.0,0.0,0.0,0.0,0.7583
OH_20260515_1500_송파구_잠실mice현장_OH_0083,3,장지근린공원,송파구,park,0.6518,0.0,0.0,0.0,0.0,0.0,0.6518
OH_20260515_1500_송파구_잠실mice현장_OH_0083,4,아시아근린공원,송파구,park,0.6515,0.0,0.0,0.0,0.0,0.0,0.6515
OH_20260515_1500_송파구_잠실mice현장_OH_0083,5,오금근린공원,송파구,park,0.6432,0.0,0.0,0.0,0.0,0.0,0.6432
OH_20260515_1500_송파구_잠실mice현장_OH_0083,6,문정근린공원,송파구,park,0.6261,0.0,0.0,0.0,0.0,0.0,0.6261
OH_20260515_1500_송파구_잠실mice현장_OH_0083,7,송파나루근린공원(석촌호수),송파구,park,0.6193,0.0,0.0,0.0,0.0,0.0,0.6193
OH_20260515_1500_송파구_잠실mice현장_OH_0083,8,천마근린공원,송파구,park,0.6141,0.0,0.0,0.0,0.0,0.0,0.6141
OH_20260515_1500_송파구_잠실mice현장_OH_0083,9,가락몰 골목형상점가,송파구,market,0.5612,0.0,0.0,0.0,0.0,0.0,0.5612
OH_20260515_1500_송파구_잠실mice현장_OH_0083,10,올림픽공원,송파구,park,0.4994,0.0,0.0,0.0,0.0,0.0,0.4994
OH_20260516_0830_노원구_공릉동_OH_0086,1,신림,관악구,subway,0.9468,0.0,0.0,0.0,0.0,0.0,0.9468
OH_20260516_0830_노원구_공릉동_OH_0086,2,잠실(송파구청),송파구,subway,0.8013,0.0,0.0,0.0,0.0,0.0,0.8013
OH_20260516_0830_노원구_공릉동_OH_0086,3,서울역,중구,subway,0.7902,0.0,0.0,0.0,0.0,0.0,0.7902
OH_20260516_0830_노원구_공릉동_OH_0086,4,공릉노인복지관,노원구,senior_friendly,0.7683,0.0,0.0,0.0,0.0,0.0,0.7683
OH_20260516_0830_노원구_공릉동_OH_0086,5,수락산도시자연공원,노원구,park,0.64,0.0,0.0,0.0,0.0,0.0,0.64
OH_20260516_0830_노원구_공릉동_OH_0086,6,불암산도시자연공원,노원구,park,0.6372,0.0,0.0,0.0,0.0,0.0,0.6372
OH_20260516_0830_노원구_공릉동_OH_0086,7,경춘선숲길,노원구,park,0.5485,0.0,0.0,0.0,0.0,0.0,0.5485
OH_20260516_0830_노원구_공릉동_OH_0086,8,노원,노원구,subway,0.4295,0.0,0.0,0.0,0.0,0.0,0.4295
OH_20260516_0830_노원구_공릉동_OH_0086,9,공릉동도깨비시장,노원구,market,0.4274,0.0,0.0,0.0,0.0,0.0,0.4274
OH_20260516_0830_노원구_공릉동_OH_0086,10,상계중앙시장,노원구,market,0.4268,0.0,0.0,0.0,0.0,0.0,0.4268
OH_20260516_1000_송파구_잠실보조경기장_OH_0087,1,봉은공원,강남구,park,0.7275,0.0,0.15,0.0,0.0,0.0,0.8775
OH_20260516_1000_송파구_잠실보조경기장_OH_0087,2,월드컵공원,마포구,park,0.7248,0.0,0.15,0.0,0.0,0.0,0.8748
OH_20260516_1000_송파구_잠실보조경기장_OH_0087,3,중랑캠핑숲,중랑구,park,0.7213,0.0,0.15,0.0,0.0,0.0,0.8713
OH_20260516_1000_송파구_잠실보조경기장_OH_0087,4,장지근린공원,송파구,park,0.6341,0.0,0.15,0.0,0.0,0.0,0.7841
OH_20260516_1000_송파구_잠실보조경기장_OH_0087,5,아시아근린공원,송파구,park,0.6327,0.0,0.15,0.0,0.0,0.0,0.7827
OH_20260516_1000_송파구_잠실보조경기장_OH_0087,6,오금근린공원,송파구,park,0.6255,0.0,0.15,0.0,0.0,0.0,0.7755
OH_20260516_1000_송파구_잠실보조경기장_OH_0087,7,문정근린공원,송파구,park,0.6084,0.0,0.15,0.0,0.0,0.0,0.7584
OH_20260516_1000_송파구_잠실보조경기장_OH_0087,8,송파나루근린공원(석촌호수),송파구,park,0.6028,0.0,0.15,0.0,0.0,0.0,0.7528
OH_20260516_1000_송파구_잠실보조경기장_OH_0087,9,천마근린공원,송파구,park,0.5976,0.0,0.15,0.0,0.0,0.0,0.7476
OH_20260516_1000_송파구_잠실보조경기장_OH_0087,10,올림픽공원,송파구,park,0.4817,0.0,0.15,0.0,0.0,0.0,0.6317
OH_20260517_1300_중랑구_중랑서울장미축제_OH_0093,1,봉은공원,강남구,park,0.7451,0.0,0.15,0.0,0.0,0.0,0.8951
OH_20260517_1300_중랑구_중랑서울장미축제_OH_0093,2,월드컵공원,마포구,park,0.7425,0.0,0.15,0.0,0.0,0.0,0.8925
OH_20260517_1300_중랑구_중랑서울장미축제_OH_0093,3,중랑캠핑숲,중랑구,park,0.7412,0.0,0.15,0.0,0.0,0.0,0.8912
OH_20260517_1300_중랑구_중랑서울장미축제_OH_0093,4,백련근린공원,서대문구,park,0.7275,0.0,0.15,0.0,0.0,0.0,0.8775
OH_20260517_1300_중랑구_중랑서울장미축제_OH_0093,5,남산공원,중구,park,0.7185,0.0,0.15,0.0,0.0,0.0,0.8685
OH_20260517_1300_중랑구_중랑서울장미축제_OH_0093,6,안산도시자연공원,서대문구,park,0.7158,0.0,0.15,0.0,0.0,0.0,0.8658
OH_20260517_1300_중랑구_중랑서울장미축제_OH_0093,7,용마폭포공원,중랑구,park,0.679,0.0,0.15,0.0,0.0,0.0,0.829
OH_20260517_1300_중랑구_중랑서울장미축제_OH_0093,8,봉화산근린공원,중랑구,park,0.6327,0.0,0.15,0.0,0.0,0.0,0.7827
OH_20260517_1300_중랑구_중랑서울장미축제_OH_0093,9,용마도시자연공원(사가정공원),중랑구,park,0.6315,0.0,0.15,0.0,0.0,0.0,0.7815
OH_20260517_1300_중랑구_중랑서울장미축제_OH_0093,10,서일대뒷산공원,중랑구,park,0.629,0.0,0.15,0.0,0.0,0.0,0.779
OH_20260518_1130_영등포구_서울청년취업사관학교_OH_0097,1,구립영등포노인종합복지관,영등포구,senior_friendly,0.7493,0.0,0.0,0.0,0.0,0.0,0.7493
OH_20260518_1130_영등포구_서울청년취업사관학교_OH_0097,2,여의도근린공원,영등포구,park,0.6858,0.0,0.0,0.0,0.0,0.0,0.6858
OH_20260518_1130_영등포구_서울청년취업사관학교_OH_0097,3,선유도근린공원,영등포구,park,0.5956,0.0,0.0,0.0,0.0,0.0,0.5956
OH_20260518_1130_영등포구_서울청년취업사관학교_OH_0097,4,영등포근린공원,영등포구,park,0.5954,0.0,0.0,0.0,0.0,0.0,0.5954
OH_20260518_1130_영등포구_서울청년취업사관학교_OH_0097,5,중마루근린공원,영등포구,park,0.5891,0.0,0.0,0.0,0.0,0.0,0.5891
OH_20260518_1130_영등포구_서울청년취업사관학교_OH_0097,6,자매근린공원,영등포구,park,0.5698,0.0,0.0,0.0,0.0,0.0,0.5698
OH_20260518_1130_영등포구_서울청년취업사관학교_OH_0097,7,영등포유통상가,영등포구,market,0.4917,0.0,0.0,0.0,0.0,0.0,0.4917
OH_20260518_1130_영등포구_서울청년취업사관학교_OH_0097,8,영등포,영등포구,subway,0.4735,0.0,0.0,0.0,0.0,0.0,0.4735
OH_20260518_1130_영등포구_서울청년취업사관학교_OH_0097,9,영등포시장기계공구상가,영등포구,market,0.4468,0.0,0.0,0.0,0.0,0.0,0.4468
OH_20260518_1130_영등포구_서울청년취업사관학교_OH_0097,10,당산,영등포구,subway,0.4319,0.0,0.0,0.0,0.0,0.0,0.4319
OH_20260518_1220_영등포구_서울시창업지원시설_OH_0098,1,구립영등포노인종합복지관,영등포구,senior_friendly,0.7632,0.0,0.0,0.0,0.0,0.0,0.7632
OH_20260518_1220_영등포구_서울시창업지원시설_OH_0098,2,여의도근린공원,영등포구,park,0.7046,0.0,0.0,0.0,0.0,0.0,0.7046
OH_20260518_1220_영등포구_서울시창업지원시설_OH_0098,3,영등포,영등포구,subway,0.6567,0.0,0.0,0.0,0.0,0.0,0.6567
OH_20260518_1220_영등포구_서울시창업지원시설_OH_0098,4,선유도근린공원,영등포구,park,0.6121,0.0,0.0,0.0,0.0,0.0,0.6121
OH_20260518_1220_영등포구_서울시창업지원시설_OH_0098,5,영등포근린공원,영등포구,park,0.6119,0.0,0.0,0.0,0.0,0.0,0.6119
OH_20260518_1220_영등포구_서울시창업지원시설_OH_0098,6,중마루근린공원,영등포구,park,0.6067,0.0,0.0,0.0,0.0,0.0,0.6067
OH_20260518_1220_영등포구_서울시창업지원시설_OH_0098,7,자매근린공원,영등포구,park,0.5863,0.0,0.0,0.0,0.0,0.0,0.5863
OH_20260518_1220_영등포구_서울시창업지원시설_OH_0098,8,영등포유통상가,영등포구,market,0.5381,0.0,0.0,0.0,0.0,0.0,0.5381
OH_20260518_1220_영등포구_서울시창업지원시설_OH_0098,9,여의도,영등포구,subway,0.5131,0.0,0.0,0.0,0.0,0.0,0.5131
OH_20260518_1220_영등포구_서울시창업지원시설_OH_0098,10,영등포시장기계공구상가,영등포구,market,0.4939,0.0,0.0,0.0,0.0,0.0,0.4939
OH_20260519_1000_종로구_창신동쪽방촌온기창고_OH_0102,1,성수1가2동노인복지관 대현분소,성동구,senior_friendly,0.9585,0.0,0.15,0.0,0.0,0.0,1.1085
OH_20260519_1000_종로구_창신동쪽방촌온기창고_OH_0102,2,강남구립 도곡1노인복지관,강남구,senior_friendly,0.9536,0.0,0.15,0.0,0.0,0.0,1.1036
OH_20260519_1000_종로구_창신동쪽방촌온기창고_OH_0102,3,강동구립 해공노인복지관,강동구,senior_friendly,0.952,0.0,0.15,0.0,0.0,0.0,1.102
OH_20260519_1000_종로구_창신동쪽방촌온기창고_OH_0102,4,구립 자양노인복지관,광진구,senior_friendly,0.9487,0.0,0.15,0.0,0.0,0.0,1.0987
OH_20260519_1000_종로구_창신동쪽방촌온기창고_OH_0102,5,구립갈현노인복지관,은평구,senior_friendly,0.947,0.0,0.15,0.0,0.0,0.0,1.097
OH_20260519_1000_종로구_창신동쪽방촌온기창고_OH_0102,6,용강 노인복지관,마포구,senior_friendly,0.9454,0.0,0.15,0.0,0.0,0.0,1.0954
OH_20260519_1000_종로구_창신동쪽방촌온기창고_OH_0102,7,북가좌노인복지관,서대문구,senior_friendly,0.9454,0.0,0.15,0.0,0.0,0.0,1.0954
OH_20260519_1000_종로구_창신동쪽방촌온기창고_OH_0102,8,청파노인복지관,용산구,senior_friendly,0.9438,0.0,0.15,0.0,0.0,0.0,1.0938
OH_20260519_1000_종로구_창신동쪽방촌온기창고_OH_0102,9,약수노인복지관,중구,senior_friendly,0.9438,0.0,0.15,0.0,0.0,0.0,1.0938
OH_20260519_1000_종로구_창신동쪽방촌온기창고_OH_0102,10,종로노인종합복지관,종로구,senior_friendly,0.9198,0.0,0.15,0.0,0.0,0.0,1.0698
OH_20260519_1030_종로구_창신동문구완구거리_OH_0103,1,동대문종합시장,종로구,market,0.5837,0.0,0.15,0.0,0.0,0.0,0.7337
OH_20260519_1030_종로구_창신동문구완구거리_OH_0103,2,광장전통시장,종로구,market,0.5242,0.0,0.15,0.0,0.0,0.0,0.6742
OH_20260519_1030_종로구_창신동문구완구거리_OH_0103,3,광장시장,종로구,market,0.479,0.0,0.15,0.0,0.0,0.0,0.629
OH_20260519_1030_종로구_창신동문구완구거리_OH_0103,4,동대문종합시장D동,종로구,market,0.4504,0.0,0.15,0.0,0.0,0.0,0.6004
OH_20260519_1030_종로구_창신동문구완구거리_OH_0103,5,동대문문구?완구거리,종로구,market,0.4264,0.0,0.15,0.0,0.0,0.0,0.5764
OH_20260519_1030_종로구_창신동문구완구거리_OH_0103,6,동묘시장,종로구,market,0.4255,0.0,0.15,0.0,0.0,0.0,0.5755
OH_20260519_1030_종로구_창신동문구완구거리_OH_0103,7,창신골목시장,종로구,market,0.4248,0.0,0.15,0.0,0.0,0.0,0.5748
OH_20260519_1030_종로구_창신동문구완구거리_OH_0103,8,세종마을음식문화거리,종로구,market,0.4242,0.0,0.15,0.0,0.0,0.0,0.5742
OH_20260519_1030_종로구_창신동문구완구거리_OH_0103,9,북촌계동길 골목형상점가,종로구,market,0.4241,0.0,0.15,0.0,0.0,0.0,0.5741
OH_20260519_1030_종로구_창신동문구완구거리_OH_0103,10,통인시장,종로구,market,0.4222,0.0,0.15,0.0,0.0,0.0,0.5722
OH_20260521_0930_강북구_수유역_OH_0109,1,신림,관악구,subway,0.9468,0.0,0.15,0.0,0.0,0.0,1.0968
OH_20260521_0930_강북구_수유역_OH_0109,2,잠실(송파구청),송파구,subway,0.8013,0.0,0.15,0.0,0.0,0.0,0.9513
OH_20260521_0930_강북구_수유역_OH_0109,3,서울역,중구,subway,0.7902,0.0,0.15,0.0,0.0,0.0,0.9402
OH_20260521_0930_강북구_수유역_OH_0109,4,구로디지털단지,구로구,subway,0.776,0.0,0.15,0.0,0.0,0.0,0.926
OH_20260521_0930_강북구_수유역_OH_0109,5,서울대입구(관악구청),관악구,subway,0.7382,0.0,0.15,0.0,0.0,0.0,0.8882
OH_20260521_0930_강북구_수유역_OH_0109,6,신도림,구로구,subway,0.7139,0.0,0.15,0.0,0.0,0.0,0.8639
OH_20260521_0930_강북구_수유역_OH_0109,7,연신내,은평구,subway,0.667,0.0,0.15,0.0,0.0,0.0,0.817
OH_20260521_0930_강북구_수유역_OH_0109,8,까치산,강서구,subway,0.6301,0.0,0.15,0.0,0.0,0.0,0.7801
OH_20260521_0930_강북구_수유역_OH_0109,9,화곡,강서구,subway,0.6251,0.0,0.15,0.0,0.0,0.0,0.7751
OH_20260521_0930_강북구_수유역_OH_0109,10,수유(강북구청),강북구,subway,0.6126,0.0,0.15,0.0,0.0,0.0,0.7626
OH_20260521_1000_강북구_삼양사거리_OH_0110,1,신림,관악구,subway,0.9468,0.0,0.15,0.0,0.0,0.0,1.0968
OH_20260521_1000_강북구_삼양사거리_OH_0110,2,잠실(송파구청),송파구,subway,0.8013,0.0,0.15,0.0,0.0,0.0,0.9513
OH_20260521_1000_강북구_삼양사거리_OH_0110,3,서울역,중구,subway,0.7902,0.0,0.15,0.0,0.0,0.0,0.9402
OH_20260521_1000_강북구_삼양사거리_OH_0110,4,구로디지털단지,구로구,subway,0.776,0.0,0.15,0.0,0.0,0.0,0.926
OH_20260521_1000_강북구_삼양사거리_OH_0110,5,서울대입구(관악구청),관악구,subway,0.7382,0.0,0.15,0.0,0.0,0.0,0.8882
OH_20260521_1000_강북구_삼양사거리_OH_0110,6,신도림,구로구,subway,0.7139,0.0,0.15,0.0,0.0,0.0,0.8639
OH_20260521_1000_강북구_삼양사거리_OH_0110,7,연신내,은평구,subway,0.667,0.0,0.15,0.0,0.0,0.0,0.817
OH_20260521_1000_강북구_삼양사거리_OH_0110,8,까치산,강서구,subway,0.6301,0.0,0.15,0.0,0.0,0.0,0.7801
OH_20260521_1000_강북구_삼양사거리_OH_0110,9,화곡,강서구,subway,0.6251,0.0,0.15,0.0,0.0,0.0,0.7751
OH_20260521_1000_강북구_삼양사거리_OH_0110,10,수유(강북구청),강북구,subway,0.6126,0.0,0.15,0.0,0.0,0.0,0.7626
OH_20260521_1100_서대문구_인왕시장_OH_0111,1,남대문시장,중구,market,0.6592,0.0,0.15,0.0,0.0,0.0,0.8092
OH_20260521_1100_서대문구_인왕시장_OH_0111,2,동대문종합시장,종로구,market,0.5837,0.0,0.15,0.0,0.0,0.0,0.7337
OH_20260521_1100_서대문구_인왕시장_OH_0111,3,장안 마실 골목형상점가,동대문구,market,0.5827,0.0,0.15,0.0,0.0,0.0,0.7327
OH_20260521_1100_서대문구_인왕시장_OH_0111,4,천호로데오거리상점가,강동구,market,0.5458,0.0,0.15,0.0,0.0,0.0,0.6958
OH_20260521_1100_서대문구_인왕시장_OH_0111,5,광장전통시장,종로구,market,0.5242,0.0,0.15,0.0,0.0,0.0,0.6742
OH_20260521_1100_서대문구_인왕시장_OH_0111,6,가락몰 골목형상점가,송파구,market,0.514,0.0,0.15,0.0,0.0,0.0,0.664
OH_20260521_1100_서대문구_인왕시장_OH_0111,7,평화시장,중구,market,0.5064,0.0,0.15,0.0,0.0,0.0,0.6564
OH_20260521_1100_서대문구_인왕시장_OH_0111,8,포방터시장,서대문구,market,0.4226,0.0,0.15,0.0,0.0,0.0,0.5726
OH_20260521_1100_서대문구_인왕시장_OH_0111,9,영천시장,서대문구,market,0.4213,0.0,0.15,0.0,0.0,0.0,0.5713
OH_20260521_1100_서대문구_인왕시장_OH_0111,10,남이동길골목형상점가,서대문구,market,0.4212,0.0,0.15,0.0,0.0,0.0,0.5712
OH_20260521_1130_서대문구_국민은행홍제동점_OH_0112,1,신림,관악구,subway,0.9468,0.0,0.15,0.0,0.0,0.0,1.0968
OH_20260521_1130_서대문구_국민은행홍제동점_OH_0112,2,잠실(송파구청),송파구,subway,0.8013,0.0,0.15,0.0,0.0,0.0,0.9513
OH_20260521_1130_서대문구_국민은행홍제동점_OH_0112,3,서울역,중구,subway,0.7902,0.0,0.15,0.0,0.0,0.0,0.9402
OH_20260521_1130_서대문구_국민은행홍제동점_OH_0112,4,구로디지털단지,구로구,subway,0.776,0.0,0.15,0.0,0.0,0.0,0.926
OH_20260521_1130_서대문구_국민은행홍제동점_OH_0112,5,서울대입구(관악구청),관악구,subway,0.7382,0.0,0.15,0.0,0.0,0.0,0.8882
OH_20260521_1130_서대문구_국민은행홍제동점_OH_0112,6,신도림,구로구,subway,0.7139,0.0,0.15,0.0,0.0,0.0,0.8639
OH_20260521_1130_서대문구_국민은행홍제동점_OH_0112,7,연신내,은평구,subway,0.667,0.0,0.15,0.0,0.0,0.0,0.817
OH_20260521_1130_서대문구_국민은행홍제동점_OH_0112,8,까치산,강서구,subway,0.6301,0.0,0.15,0.0,0.0,0.0,0.7801
OH_20260521_1130_서대문구_국민은행홍제동점_OH_0112,9,화곡,강서구,subway,0.6251,0.0,0.15,0.0,0.0,0.0,0.7751
OH_20260521_1130_서대문구_국민은행홍제동점_OH_0112,10,쌍문,도봉구,subway,0.623,0.0,0.15,0.0,0.0,0.0,0.773
OH_20260521_1300_영등포구_우리시장_OH_0113,1,남대문시장,중구,market,0.7056,0.0,0.15,0.0,0.0,0.0,0.8556
OH_20260521_1300_영등포구_우리시장_OH_0113,2,동대문종합시장,종로구,market,0.6301,0.0,0.15,0.0,0.0,0.0,0.7801
OH_20260521_1300_영등포구_우리시장_OH_0113,3,장안 마실 골목형상점가,동대문구,market,0.6299,0.0,0.15,0.0,0.0,0.0,0.7799
OH_20260521_1300_영등포구_우리시장_OH_0113,4,영등포유통상가,영등포구,market,0.5381,0.0,0.15,0.0,0.0,0.0,0.6881
OH_20260521_1300_영등포구_우리시장_OH_0113,5,영등포시장기계공구상가,영등포구,market,0.4939,0.0,0.15,0.0,0.0,0.0,0.6439
OH_20260521_1300_영등포구_우리시장_OH_0113,6,영등포청과시장,영등포구,market,0.478,0.0,0.15,0.0,0.0,0.0,0.628
OH_20260521_1300_영등포구_우리시장_OH_0113,7,영등포전통시장,영등포구,market,0.4708,0.0,0.15,0.0,0.0,0.0,0.6208
OH_20260521_1300_영등포구_우리시장_OH_0113,8,대림중앙시장,영등포구,market,0.4696,0.0,0.15,0.0,0.0,0.0,0.6196
OH_20260521_1300_영등포구_우리시장_OH_0113,9,우리시장,영등포구,market,0.4695,0.0,0.15,0.0,0.0,0.0,0.6195
OH_20260521_1300_영등포구_우리시장_OH_0113,10,선유로운골목형상점가,영등포구,market,0.4686,0.0,0.15,0.0,0.0,0.0,0.6186
OH_20260521_1410_구로구_베다니교회앞_OH_0114,1,서울역,중구,subway,0.9642,0.0,0.15,0.0,0.0,0.0,1.1142
OH_20260521_1410_구로구_베다니교회앞_OH_0114,2,잠실(송파구청),송파구,subway,0.9611,0.0,0.15,0.0,0.0,0.0,1.1111
OH_20260521_1410_구로구_베다니교회앞_OH_0114,3,강남,강남구,subway,0.9318,0.0,0.15,0.0,0.0,0.0,1.0818
OH_20260521_1410_구로구_베다니교회앞_OH_0114,4,홍대입구,마포구,subway,0.8656,0.0,0.15,0.0,0.0,0.0,1.0156
OH_20260521_1410_구로구_베다니교회앞_OH_0114,5,고속터미널,서초구,subway,0.8161,0.0,0.15,0.0,0.0,0.0,0.9661
OH_20260521_1410_구로구_베다니교회앞_OH_0114,6,삼성(무역센터),강남구,subway,0.7312,0.0,0.15,0.0,0.0,0.0,0.8812
OH_20260521_1410_구로구_베다니교회앞_OH_0114,7,성수,성동구,subway,0.7287,0.0,0.15,0.0,0.0,0.0,0.8787
OH_20260521_1410_구로구_베다니교회앞_OH_0114,8,구로디지털단지,구로구,subway,0.6961,0.0,0.15,0.0,0.0,0.0,0.8461
OH_20260521_1410_구로구_베다니교회앞_OH_0114,9,신도림,구로구,subway,0.6595,0.0,0.15,0.0,0.0,0.0,0.8095
OH_20260521_1410_구로구_베다니교회앞_OH_0114,10,대림(구로구청),구로구,subway,0.4549,0.0,0.15,0.0,0.0,0.0,0.6049
OH_20260521_1530_성북구_성신여대입구_OH_0115,1,서울역,중구,subway,0.9642,0.0,0.15,0.0,0.0,0.0,1.1142
OH_20260521_1530_성북구_성신여대입구_OH_0115,2,잠실(송파구청),송파구,subway,0.9611,0.0,0.15,0.0,0.0,0.0,1.1111
OH_20260521_1530_성북구_성신여대입구_OH_0115,3,강남,강남구,subway,0.9318,0.0,0.15,0.0,0.0,0.0,1.0818
OH_20260521_1530_성북구_성신여대입구_OH_0115,4,홍대입구,마포구,subway,0.8656,0.0,0.15,0.0,0.0,0.0,1.0156
OH_20260521_1530_성북구_성신여대입구_OH_0115,5,고속터미널,서초구,subway,0.8161,0.0,0.15,0.0,0.0,0.0,0.9661
OH_20260521_1530_성북구_성신여대입구_OH_0115,6,삼성(무역센터),강남구,subway,0.7312,0.0,0.15,0.0,0.0,0.0,0.8812
OH_20260521_1530_성북구_성신여대입구_OH_0115,7,성수,성동구,subway,0.7287,0.0,0.15,0.0,0.0,0.0,0.8787
OH_20260521_1530_성북구_성신여대입구_OH_0115,8,선릉,강남구,subway,0.7238,0.0,0.15,0.0,0.0,0.0,0.8738
OH_20260521_1530_성북구_성신여대입구_OH_0115,9,용산,용산구,subway,0.7194,0.0,0.15,0.0,0.0,0.0,0.8694
OH_20260521_1530_성북구_성신여대입구_OH_0115,10,구로디지털단지,구로구,subway,0.6961,0.0,0.15,0.0,0.0,0.0,0.8461
OH_20260521_1730_동대문구_경동시장_OH_0116,1,장안 마실 골목형상점가,동대문구,market,0.6299,0.0,0.15,0.0,0.0,0.0,0.7799
OH_20260521_1730_동대문구_경동시장_OH_0116,2,서울약령시장,동대문구,market,0.5526,0.0,0.15,0.0,0.0,0.0,0.7026
OH_20260521_1730_동대문구_경동시장_OH_0116,3,신설동 들락거리 골목형상점가,동대문구,market,0.4875,0.0,0.15,0.0,0.0,0.0,0.6375
OH_20260521_1730_동대문구_경동시장_OH_0116,4,경동시장,동대문구,market,0.4833,0.0,0.15,0.0,0.0,0.0,0.6333
OH_20260521_1730_동대문구_경동시장_OH_0116,5,제기동 고대앞마을 골목형상점가,동대문구,market,0.4799,0.0,0.15,0.0,0.0,0.0,0.6299
OH_20260521_1730_동대문구_경동시장_OH_0116,6,장한평역  먹자 골목형상점가,동대문구,market,0.4743,0.0,0.15,0.0,0.0,0.0,0.6243
OH_20260521_1730_동대문구_경동시장_OH_0116,7,경희담길 골목형상점가,동대문구,market,0.4732,0.0,0.15,0.0,0.0,0.0,0.6232
OH_20260521_1730_동대문구_경동시장_OH_0116,8,청량리종합시장,동대문구,market,0.472,0.0,0.15,0.0,0.0,0.0,0.622
OH_20260521_1730_동대문구_경동시장_OH_0116,9,회기역골목형상점가,동대문구,market,0.4716,0.0,0.15,0.0,0.0,0.0,0.6216
OH_20260521_1730_동대문구_경동시장_OH_0116,10,청량리농수산물시장,동대문구,market,0.4713,0.0,0.15,0.0,0.0,0.0,0.6213
OH_20260521_1800_동대문구_청량리역사거리_OH_0117,1,서울역,중구,subway,0.9642,0.0,0.15,0.0,0.0,0.0,1.1142
OH_20260521_1800_동대문구_청량리역사거리_OH_0117,2,잠실(송파구청),송파구,subway,0.9611,0.0,0.15,0.0,0.0,0.0,1.1111
OH_20260521_1800_동대문구_청량리역사거리_OH_0117,3,강남,강남구,subway,0.9318,0.0,0.15,0.0,0.0,0.0,1.0818
OH_20260521_1800_동대문구_청량리역사거리_OH_0117,4,홍대입구,마포구,subway,0.8656,0.0,0.15,0.0,0.0,0.0,1.0156
OH_20260521_1800_동대문구_청량리역사거리_OH_0117,5,고속터미널,서초구,subway,0.8161,0.0,0.15,0.0,0.0,0.0,0.9661
OH_20260521_1800_동대문구_청량리역사거리_OH_0117,6,삼성(무역센터),강남구,subway,0.7312,0.0,0.15,0.0,0.0,0.0,0.8812
OH_20260521_1800_동대문구_청량리역사거리_OH_0117,7,성수,성동구,subway,0.7287,0.0,0.15,0.0,0.0,0.0,0.8787
OH_20260521_1800_동대문구_청량리역사거리_OH_0117,8,선릉,강남구,subway,0.7238,0.0,0.15,0.0,0.0,0.0,0.8738
OH_20260521_1800_동대문구_청량리역사거리_OH_0117,9,용산,용산구,subway,0.7194,0.0,0.15,0.0,0.0,0.0,0.8694
OH_20260521_1800_동대문구_청량리역사거리_OH_0117,10,구로디지털단지,구로구,subway,0.6961,0.0,0.15,0.0,0.0,0.0,0.8461
OH_20260521_2000_강남구_강남역_OH_0118,1,서울역,중구,subway,0.9642,0.0,0.15,0.0,0.0,0.0,1.1142
OH_20260521_2000_강남구_강남역_OH_0118,2,잠실(송파구청),송파구,subway,0.9611,0.0,0.15,0.0,0.0,0.0,1.1111
OH_20260521_2000_강남구_강남역_OH_0118,3,강남,강남구,subway,0.9318,0.0,0.15,0.0,0.0,0.0,1.0818
OH_20260521_2000_강남구_강남역_OH_0118,4,홍대입구,마포구,subway,0.8656,0.0,0.15,0.0,0.0,0.0,1.0156
OH_20260521_2000_강남구_강남역_OH_0118,5,고속터미널,서초구,subway,0.8161,0.0,0.15,0.0,0.0,0.0,0.9661
OH_20260521_2000_강남구_강남역_OH_0118,6,삼성(무역센터),강남구,subway,0.7312,0.0,0.15,0.0,0.0,0.0,0.8812
OH_20260521_2000_강남구_강남역_OH_0118,7,성수,성동구,subway,0.7287,0.0,0.15,0.0,0.0,0.0,0.8787
OH_20260521_2000_강남구_강남역_OH_0118,8,선릉,강남구,subway,0.7238,0.0,0.15,0.0,0.0,0.0,0.8738
OH_20260521_2000_강남구_강남역_OH_0118,9,역삼,강남구,subway,0.6459,0.0,0.15,0.0,0.0,0.0,0.7959
OH_20260521_2000_강남구_강남역_OH_0118,10,강남구청,강남구,subway,0.364,0.0,0.15,0.0,0.0,0.0,0.514
OH_20260522_0730_동작구_보라매공원_OH_0119,1,신림,관악구,subway,0.9468,0.0,0.15,0.0,0.0,0.0,1.0968
OH_20260522_0730_동작구_보라매공원_OH_0119,2,잠실(송파구청),송파구,subway,0.8013,0.0,0.15,0.0,0.0,0.0,0.9513
OH_20260522_0730_동작구_보라매공원_OH_0119,3,서울역,중구,subway,0.7902,0.0,0.15,0.0,0.0,0.0,0.9402
OH_20260522_0730_동작구_보라매공원_OH_0119,4,구로디지털단지,구로구,subway,0.776,0.0,0.15,0.0,0.0,0.0,0.926
OH_20260522_0730_동작구_보라매공원_OH_0119,5,서울대입구(관악구청),관악구,subway,0.7382,0.0,0.15,0.0,0.0,0.0,0.8882
OH_20260522_0730_동작구_보라매공원_OH_0119,6,신도림,구로구,subway,0.7139,0.0,0.15,0.0,0.0,0.0,0.8639
OH_20260522_0730_동작구_보라매공원_OH_0119,7,연신내,은평구,subway,0.667,0.0,0.15,0.0,0.0,0.0,0.817
OH_20260522_0730_동작구_보라매공원_OH_0119,8,까치산,강서구,subway,0.6301,0.0,0.15,0.0,0.0,0.0,0.7801
OH_20260522_0730_동작구_보라매공원_OH_0119,9,신대방,동작구,subway,0.5796,0.0,0.15,0.0,0.0,0.0,0.7296
OH_20260522_0730_동작구_보라매공원_OH_0119,10,사당,동작구,subway,0.5744,0.0,0.15,0.0,0.0,0.0,0.7244
OH_20260522_1000_광진구_능동어린이대공원_OH_0120,1,봉은공원,강남구,park,0.7275,0.0,0.15,0.0,0.0,0.0,0.8775
OH_20260522_1000_광진구_능동어린이대공원_OH_0120,2,월드컵공원,마포구,park,0.7248,0.0,0.15,0.0,0.0,0.0,0.8748
OH_20260522_1000_광진구_능동어린이대공원_OH_0120,3,중랑캠핑숲,중랑구,park,0.7213,0.0,0.15,0.0,0.0,0.0,0.8713
OH_20260522_1000_광진구_능동어린이대공원_OH_0120,4,백련근린공원,서대문구,park,0.7077,0.0,0.15,0.0,0.0,0.0,0.8577
OH_20260522_1000_광진구_능동어린이대공원_OH_0120,5,남산공원,중구,park,0.6998,0.0,0.15,0.0,0.0,0.0,0.8498
OH_20260522_1000_광진구_능동어린이대공원_OH_0120,6,안산도시자연공원,서대문구,park,0.6971,0.0,0.15,0.0,0.0,0.0,0.8471
OH_20260522_1000_광진구_능동어린이대공원_OH_0120,7,여의도근린공원,영등포구,park,0.6858,0.0,0.15,0.0,0.0,0.0,0.8358
OH_20260522_1000_광진구_능동어린이대공원_OH_0120,8,초안산근린공원,도봉구,park,0.6845,0.0,0.15,0.0,0.0,0.0,0.8345
OH_20260522_1000_광진구_능동어린이대공원_OH_0120,9,어린이대공원,광진구,park,0.6201,0.0,0.15,0.0,0.0,0.0,0.7701
OH_20260522_1000_광진구_능동어린이대공원_OH_0120,10,아차산공원,광진구,park,0.5971,0.0,0.15,0.0,0.0,0.0,0.7471
OH_20260522_1030_광진구_건대입구롯데백화점앞_OH_0121,1,신림,관악구,subway,0.9468,0.0,0.15,0.0,0.0,0.0,1.0968
OH_20260522_1030_광진구_건대입구롯데백화점앞_OH_0121,2,잠실(송파구청),송파구,subway,0.8013,0.0,0.15,0.0,0.0,0.0,0.9513
OH_20260522_1030_광진구_건대입구롯데백화점앞_OH_0121,3,서울역,중구,subway,0.7902,0.0,0.15,0.0,0.0,0.0,0.9402
OH_20260522_1030_광진구_건대입구롯데백화점앞_OH_0121,4,구로디지털단지,구로구,subway,0.776,0.0,0.15,0.0,0.0,0.0,0.926
OH_20260522_1030_광진구_건대입구롯데백화점앞_OH_0121,5,서울대입구(관악구청),관악구,subway,0.7382,0.0,0.15,0.0,0.0,0.0,0.8882
OH_20260522_1030_광진구_건대입구롯데백화점앞_OH_0121,6,신도림,구로구,subway,0.7139,0.0,0.15,0.0,0.0,0.0,0.8639
OH_20260522_1030_광진구_건대입구롯데백화점앞_OH_0121,7,연신내,은평구,subway,0.667,0.0,0.15,0.0,0.0,0.0,0.817
OH_20260522_1030_광진구_건대입구롯데백화점앞_OH_0121,8,까치산,강서구,subway,0.6301,0.0,0.15,0.0,0.0,0.0,0.7801
OH_20260522_1030_광진구_건대입구롯데백화점앞_OH_0121,9,구의(광진구청),광진구,subway,0.5673,0.0,0.15,0.0,0.0,0.0,0.7173
OH_20260522_1030_광진구_건대입구롯데백화점앞_OH_0121,10,건대입구,광진구,subway,0.5155,0.0,0.15,0.0,0.0,0.0,0.6655
OH_20260522_1130_성동구_뚝도시장_OH_0122,1,남대문시장,중구,market,0.6592,0.0,0.15,0.0,0.0,0.0,0.8092
OH_20260522_1130_성동구_뚝도시장_OH_0122,2,동대문종합시장,종로구,market,0.5837,0.0,0.15,0.0,0.0,0.0,0.7337
OH_20260522_1130_성동구_뚝도시장_OH_0122,3,장안 마실 골목형상점가,동대문구,market,0.5827,0.0,0.15,0.0,0.0,0.0,0.7327
OH_20260522_1130_성동구_뚝도시장_OH_0122,4,천호로데오거리상점가,강동구,market,0.5458,0.0,0.15,0.0,0.0,0.0,0.6958
OH_20260522_1130_성동구_뚝도시장_OH_0122,5,마장축산물시장,성동구,market,0.4644,0.0,0.15,0.0,0.0,0.0,0.6144
OH_20260522_1130_성동구_뚝도시장_OH_0122,6,성동용답상가시장,성동구,market,0.4344,0.0,0.15,0.0,0.0,0.0,0.5844
OH_20260522_1130_성동구_뚝도시장_OH_0122,7,송정벚꽃골목형상점가,성동구,market,0.4303,0.0,0.15,0.0,0.0,0.0,0.5803
OH_20260522_1130_성동구_뚝도시장_OH_0122,8,사근살곶이골목형상점가시장,성동구,market,0.4268,0.0,0.15,0.0,0.0,0.0,0.5768
OH_20260522_1130_성동구_뚝도시장_OH_0122,9,금남시장,성동구,market,0.4235,0.0,0.15,0.0,0.0,0.0,0.5735
OH_20260522_1130_성동구_뚝도시장_OH_0122,10,뚝도시장,성동구,market,0.4212,0.0,0.15,0.0,0.0,0.0,0.5712
OH_20260522_1150_성동구_성수역사거리_OH_0123,1,신림,관악구,subway,0.9468,0.0,0.15,0.0,0.0,0.0,1.0968
OH_20260522_1150_성동구_성수역사거리_OH_0123,2,잠실(송파구청),송파구,subway,0.8013,0.0,0.15,0.0,0.0,0.0,0.9513
OH_20260522_1150_성동구_성수역사거리_OH_0123,3,서울역,중구,subway,0.7902,0.0,0.15,0.0,0.0,0.0,0.9402
OH_20260522_1150_성동구_성수역사거리_OH_0123,4,구로디지털단지,구로구,subway,0.776,0.0,0.15,0.0,0.0,0.0,0.926
OH_20260522_1150_성동구_성수역사거리_OH_0123,5,서울대입구(관악구청),관악구,subway,0.7382,0.0,0.15,0.0,0.0,0.0,0.8882
OH_20260522_1150_성동구_성수역사거리_OH_0123,6,신도림,구로구,subway,0.7139,0.0,0.15,0.0,0.0,0.0,0.8639
OH_20260522_1150_성동구_성수역사거리_OH_0123,7,연신내,은평구,subway,0.667,0.0,0.15,0.0,0.0,0.0,0.817
OH_20260522_1150_성동구_성수역사거리_OH_0123,8,까치산,강서구,subway,0.6301,0.0,0.15,0.0,0.0,0.0,0.7801
OH_20260522_1150_성동구_성수역사거리_OH_0123,9,성수,성동구,subway,0.4239,0.0,0.15,0.0,0.0,0.0,0.5739
OH_20260522_1150_성동구_성수역사거리_OH_0123,10,왕십리(성동구청),성동구,subway,0.3758,0.0,0.15,0.0,0.0,0.0,0.5258
OH_20260522_1220_성동구_성수역일대_OH_0124,1,서울역,중구,subway,0.9642,0.0,0.15,0.0,0.0,0.0,1.1142
OH_20260522_1220_성동구_성수역일대_OH_0124,2,잠실(송파구청),송파구,subway,0.9611,0.0,0.15,0.0,0.0,0.0,1.1111
OH_20260522_1220_성동구_성수역일대_OH_0124,3,강남,강남구,subway,0.9318,0.0,0.15,0.0,0.0,0.0,1.0818
OH_20260522_1220_성동구_성수역일대_OH_0124,4,홍대입구,마포구,subway,0.8656,0.0,0.15,0.0,0.0,0.0,1.0156
OH_20260522_1220_성동구_성수역일대_OH_0124,5,고속터미널,서초구,subway,0.8161,0.0,0.15,0.0,0.0,0.0,0.9661
OH_20260522_1220_성동구_성수역일대_OH_0124,6,삼성(무역센터),강남구,subway,0.7312,0.0,0.15,0.0,0.0,0.0,0.8812
OH_20260522_1220_성동구_성수역일대_OH_0124,7,성수,성동구,subway,0.7287,0.0,0.15,0.0,0.0,0.0,0.8787
OH_20260522_1220_성동구_성수역일대_OH_0124,8,선릉,강남구,subway,0.7238,0.0,0.15,0.0,0.0,0.0,0.8738
OH_20260522_1220_성동구_성수역일대_OH_0124,9,용산,용산구,subway,0.7194,0.0,0.15,0.0,0.0,0.0,0.8694
OH_20260522_1220_성동구_성수역일대_OH_0124,10,왕십리(성동구청),성동구,subway,0.3918,0.0,0.15,0.0,0.0,0.0,0.5418
OH_20260522_1400_용산구_용문전통시장_OH_0125,1,남대문시장,중구,market,0.7056,0.0,0.15,0.0,0.0,0.0,0.8556
OH_20260522_1400_용산구_용문전통시장_OH_0125,2,동대문종합시장,종로구,market,0.6301,0.0,0.15,0.0,0.0,0.0,0.7801
OH_20260522_1400_용산구_용문전통시장_OH_0125,3,장안 마실 골목형상점가,동대문구,market,0.6299,0.0,0.15,0.0,0.0,0.0,0.7799
OH_20260522_1400_용산구_용문전통시장_OH_0125,4,천호로데오거리상점가,강동구,market,0.5914,0.0,0.15,0.0,0.0,0.0,0.7414
OH_20260522_1400_용산구_용문전통시장_OH_0125,5,광장전통시장,종로구,market,0.5714,0.0,0.15,0.0,0.0,0.0,0.7214
OH_20260522_1400_용산구_용문전통시장_OH_0125,6,가락몰 골목형상점가,송파구,market,0.5612,0.0,0.15,0.0,0.0,0.0,0.7112
OH_20260522_1400_용산구_용문전통시장_OH_0125,7,평화시장,중구,market,0.5528,0.0,0.15,0.0,0.0,0.0,0.7028
OH_20260522_1400_용산구_용문전통시장_OH_0125,8,서울약령시장,동대문구,market,0.5526,0.0,0.15,0.0,0.0,0.0,0.7026
OH_20260522_1400_용산구_용문전통시장_OH_0125,9,용산용문시장,용산구,market,0.4751,0.0,0.15,0.0,0.0,0.0,0.6251
OH_20260522_1400_용산구_용문전통시장_OH_0125,10,이촌종합시장,용산구,market,0.4695,0.0,0.15,0.0,0.0,0.0,0.6195
OH_20260522_1500_동작구_남성시장_OH_0126,1,노량진수산시장골목형상점가,동작구,market,0.5136,0.0,0.15,0.0,0.0,0.0,0.6636
OH_20260522_1500_동작구_남성시장_OH_0126,2,이수미로 골목형상점가,동작구,market,0.4843,0.0,0.15,0.0,0.0,0.0,0.6343
OH_20260522_1500_동작구_남성시장_OH_0126,3,숭실마루길 골목형상점가,동작구,market,0.4765,0.0,0.15,0.0,0.0,0.0,0.6265
OH_20260522_1500_동작구_남성시장_OH_0126,4,성대전통시장,동작구,market,0.4756,0.0,0.15,0.0,0.0,0.0,0.6256
OH_20260522_1500_동작구_남성시장_OH_0126,5,남성사계시장(남성시장),동작구,market,0.4745,0.0,0.15,0.0,0.0,0.0,0.6245
OH_20260522_1500_동작구_남성시장_OH_0126,6,흑석시장 골목형상점가,동작구,market,0.4738,0.0,0.15,0.0,0.0,0.0,0.6238
OH_20260522_1500_동작구_남성시장_OH_0126,7,상도전통시장,동작구,market,0.4731,0.0,0.15,0.0,0.0,0.0,0.6231
OH_20260522_1500_동작구_남성시장_OH_0126,8,본동인정시장,동작구,market,0.4726,0.0,0.15,0.0,0.0,0.0,0.6226
OH_20260522_1500_동작구_남성시장_OH_0126,9,보라매다올길골목형상점가,동작구,market,0.4724,0.0,0.15,0.0,0.0,0.0,0.6224
OH_20260522_1500_동작구_남성시장_OH_0126,10,신대방1동 온누리길 골목형상점가,동작구,market,0.4707,0.0,0.15,0.0,0.0,0.0,0.6207
OH_20260522_1530_동작구_이수역14번출구_OH_0127,1,서울역,중구,subway,0.9642,0.0,0.15,0.0,0.0,0.0,1.1142
OH_20260522_1530_동작구_이수역14번출구_OH_0127,2,잠실(송파구청),송파구,subway,0.9611,0.0,0.15,0.0,0.0,0.0,1.1111
OH_20260522_1530_동작구_이수역14번출구_OH_0127,3,강남,강남구,subway,0.9318,0.0,0.15,0.0,0.0,0.0,1.0818
OH_20260522_1530_동작구_이수역14번출구_OH_0127,4,홍대입구,마포구,subway,0.8656,0.0,0.15,0.0,0.0,0.0,1.0156
OH_20260522_1530_동작구_이수역14번출구_OH_0127,5,고속터미널,서초구,subway,0.8161,0.0,0.15,0.0,0.0,0.0,0.9661
OH_20260522_1530_동작구_이수역14번출구_OH_0127,6,삼성(무역센터),강남구,subway,0.7312,0.0,0.15,0.0,0.0,0.0,0.8812
OH_20260522_1530_동작구_이수역14번출구_OH_0127,7,성수,성동구,subway,0.7287,0.0,0.15,0.0,0.0,0.0,0.8787
OH_20260522_1530_동작구_이수역14번출구_OH_0127,8,선릉,강남구,subway,0.7238,0.0,0.15,0.0,0.0,0.0,0.8738
OH_20260522_1530_동작구_이수역14번출구_OH_0127,9,사당,동작구,subway,0.5846,0.0,0.15,0.0,0.0,0.0,0.7346
OH_20260522_1530_동작구_이수역14번출구_OH_0127,10,신대방,동작구,subway,0.4423,0.0,0.15,0.0,0.0,0.0,0.5923
OH_20260522_1730_영등포구_영등포지하상가_OH_0128,1,남대문시장,중구,market,0.7056,0.0,0.15,0.0,0.0,0.0,0.8556
OH_20260522_1730_영등포구_영등포지하상가_OH_0128,2,동대문종합시장,종로구,market,0.6301,0.0,0.15,0.0,0.0,0.0,0.7801
OH_20260522_1730_영등포구_영등포지하상가_OH_0128,3,장안 마실 골목형상점가,동대문구,market,0.6299,0.0,0.15,0.0,0.0,0.0,0.7799
OH_20260522_1730_영등포구_영등포지하상가_OH_0128,4,영등포유통상가,영등포구,market,0.5381,0.0,0.15,0.0,0.0,0.0,0.6881
OH_20260522_1730_영등포구_영등포지하상가_OH_0128,5,영등포시장기계공구상가,영등포구,market,0.4939,0.0,0.15,0.0,0.0,0.0,0.6439
OH_20260522_1730_영등포구_영등포지하상가_OH_0128,6,영등포청과시장,영등포구,market,0.478,0.0,0.15,0.0,0.0,0.0,0.628
OH_20260522_1730_영등포구_영등포지하상가_OH_0128,7,영등포전통시장,영등포구,market,0.4708,0.0,0.15,0.0,0.0,0.0,0.6208
OH_20260522_1730_영등포구_영등포지하상가_OH_0128,8,대림중앙시장,영등포구,market,0.4696,0.0,0.15,0.0,0.0,0.0,0.6196
OH_20260522_1730_영등포구_영등포지하상가_OH_0128,9,우리시장,영등포구,market,0.4695,0.0,0.15,0.0,0.0,0.0,0.6195
OH_20260522_1730_영등포구_영등포지하상가_OH_0128,10,선유로운골목형상점가,영등포구,market,0.4686,0.0,0.15,0.0,0.0,0.0,0.6186
OH_20260522_1900_마포구_홍대상상마당_OH_0129,1,서울역,중구,subway,0.9642,0.0,0.15,0.0,0.0,0.0,1.1142
OH_20260522_1900_마포구_홍대상상마당_OH_0129,2,잠실(송파구청),송파구,subway,0.9611,0.0,0.15,0.0,0.0,0.0,1.1111
OH_20260522_1900_마포구_홍대상상마당_OH_0129,3,강남,강남구,subway,0.9318,0.0,0.15,0.0,0.0,0.0,1.0818
OH_20260522_1900_마포구_홍대상상마당_OH_0129,4,홍대입구,마포구,subway,0.8656,0.0,0.15,0.0,0.0,0.0,1.0156
OH_20260522_1900_마포구_홍대상상마당_OH_0129,5,고속터미널,서초구,subway,0.8161,0.0,0.15,0.0,0.0,0.0,0.9661
OH_20260522_1900_마포구_홍대상상마당_OH_0129,6,삼성(무역센터),강남구,subway,0.7312,0.0,0.15,0.0,0.0,0.0,0.8812
OH_20260522_1900_마포구_홍대상상마당_OH_0129,7,성수,성동구,subway,0.7287,0.0,0.15,0.0,0.0,0.0,0.8787
OH_20260522_1900_마포구_홍대상상마당_OH_0129,8,선릉,강남구,subway,0.7238,0.0,0.15,0.0,0.0,0.0,0.8738
OH_20260522_1900_마포구_홍대상상마당_OH_0129,9,합정,마포구,subway,0.4906,0.0,0.15,0.0,0.0,0.0,0.6406
OH_20260522_1900_마포구_홍대상상마당_OH_0129,10,마포구청,마포구,subway,0.3615,0.0,0.15,0.0,0.0,0.0,0.5115
OH_20260524_1500_중구_돈화문사거리_OH_0134,1,서울역,중구,subway,0.9642,0.0,0.15,0.0,0.0,0.0,1.1142
OH_20260524_1500_중구_돈화문사거리_OH_0134,2,잠실(송파구청),송파구,subway,0.9611,0.0,0.15,0.0,0.0,0.0,1.1111
OH_20260524_1500_중구_돈화문사거리_OH_0134,3,강남,강남구,subway,0.9318,0.0,0.15,0.0,0.0,0.0,1.0818
OH_20260524_1500_중구_돈화문사거리_OH_0134,4,홍대입구,마포구,subway,0.8656,0.0,0.15,0.0,0.0,0.0,1.0156
OH_20260524_1500_중구_돈화문사거리_OH_0134,5,고속터미널,서초구,subway,0.8161,0.0,0.15,0.0,0.0,0.0,0.9661
OH_20260524_1500_중구_돈화문사거리_OH_0134,6,삼성(무역센터),강남구,subway,0.7312,0.0,0.15,0.0,0.0,0.0,0.8812
OH_20260524_1500_중구_돈화문사거리_OH_0134,7,성수,성동구,subway,0.7287,0.0,0.15,0.0,0.0,0.0,0.8787
OH_20260524_1500_중구_돈화문사거리_OH_0134,8,선릉,강남구,subway,0.7238,0.0,0.15,0.0,0.0,0.0,0.8738
OH_20260524_1500_중구_돈화문사거리_OH_0134,9,을지로입구,중구,subway,0.6806,0.0,0.15,0.0,0.0,0.0,0.8306
OH_20260524_1500_중구_돈화문사거리_OH_0134,10,명동,중구,subway,0.5738,0.0,0.15,0.0,0.0,0.0,0.7238
OH_20260524_1630_중랑구_동원시장_OH_0135,1,우림골목시장,중랑구,market,0.4775,0.0,0.15,0.0,0.0,0.0,0.6275
OH_20260524_1630_중랑구_동원시장_OH_0135,2,동원전통종합시장,중랑구,market,0.4761,0.0,0.15,0.0,0.0,0.0,0.6261
OH_20260524_1630_중랑구_동원시장_OH_0135,3,상봉먹자 골목형상점가,중랑구,market,0.4738,0.0,0.15,0.0,0.0,0.0,0.6238
OH_20260524_1630_중랑구_동원시장_OH_0135,4,사가정시장,중랑구,market,0.4731,0.0,0.15,0.0,0.0,0.0,0.6231
OH_20260524_1630_중랑구_동원시장_OH_0135,5,면목시장(골목형),중랑구,market,0.4729,0.0,0.15,0.0,0.0,0.0,0.6229
OH_20260524_1630_중랑구_동원시장_OH_0135,6,신내구길 골목형상점가,중랑구,market,0.4722,0.0,0.15,0.0,0.0,0.0,0.6222
OH_20260524_1630_중랑구_동원시장_OH_0135,7,사가정51길 골목형상점가,중랑구,market,0.4706,0.0,0.15,0.0,0.0,0.0,0.6206
OH_20260524_1630_중랑구_동원시장_OH_0135,8,중랑동부시장,중랑구,market,0.4702,0.0,0.15,0.0,0.0,0.0,0.6202
OH_20260524_1630_중랑구_동원시장_OH_0135,9,묵동도깨비시장 골목형상점가,중랑구,market,0.4701,0.0,0.15,0.0,0.0,0.0,0.6201
OH_20260524_1630_중랑구_동원시장_OH_0135,10,태능 골목형상점가,중랑구,market,0.4699,0.0,0.15,0.0,0.0,0.0,0.6199
OH_20260524_2000_서초구_잠수교_OH_0137,1,봉은공원,강남구,park,0.7451,0.0,0.15,0.0,0.0,0.0,0.8951
OH_20260524_2000_서초구_잠수교_OH_0137,2,월드컵공원,마포구,park,0.7425,0.0,0.15,0.0,0.0,0.0,0.8925
OH_20260524_2000_서초구_잠수교_OH_0137,3,중랑캠핑숲,중랑구,park,0.7412,0.0,0.15,0.0,0.0,0.0,0.8912
OH_20260524_2000_서초구_잠수교_OH_0137,4,백련근린공원,서대문구,park,0.7275,0.0,0.15,0.0,0.0,0.0,0.8775
OH_20260524_2000_서초구_잠수교_OH_0137,5,매헌시민의숲,서초구,park,0.6618,0.0,0.15,0.0,0.0,0.0,0.8118
OH_20260524_2000_서초구_잠수교_OH_0137,6,문화예술공원,서초구,park,0.6545,0.0,0.15,0.0,0.0,0.0,0.8045
OH_20260524_2000_서초구_잠수교_OH_0137,7,청계산도시자연공원,서초구,park,0.65,0.0,0.15,0.0,0.0,0.0,0.8
OH_20260524_2000_서초구_잠수교_OH_0137,8,우면산도시자연공원,서초구,park,0.6495,0.0,0.15,0.0,0.0,0.0,0.7995
OH_20260524_2000_서초구_잠수교_OH_0137,9,인능산도시자연공원,서초구,park,0.6437,0.0,0.15,0.0,0.0,0.0,0.7937
OH_20260524_2000_서초구_잠수교_OH_0137,10,구룡산도시자연공원,서초구,park,0.6435,0.0,0.15,0.0,0.0,0.0,0.7935
OH_20260525_0820_관악구_서울농산관_OH_0138,1,신림,관악구,subway,0.9468,0.0,0.15,0.0,0.0,0.0,1.0968
OH_20260525_0820_관악구_서울농산관_OH_0138,2,잠실(송파구청),송파구,subway,0.8013,0.0,0.15,0.0,0.0,0.0,0.9513
OH_20260525_0820_관악구_서울농산관_OH_0138,3,서울역,중구,subway,0.7902,0.0,0.15,0.0,0.0,0.0,0.9402
OH_20260525_0820_관악구_서울농산관_OH_0138,4,구로디지털단지,구로구,subway,0.776,0.0,0.15,0.0,0.0,0.0,0.926
OH_20260525_0820_관악구_서울농산관_OH_0138,5,서울대입구(관악구청),관악구,subway,0.7382,0.0,0.15,0.0,0.0,0.0,0.8882
OH_20260525_0820_관악구_서울농산관_OH_0138,6,신도림,구로구,subway,0.7139,0.0,0.15,0.0,0.0,0.0,0.8639
OH_20260525_0820_관악구_서울농산관_OH_0138,7,연신내,은평구,subway,0.667,0.0,0.15,0.0,0.0,0.0,0.817
OH_20260525_0820_관악구_서울농산관_OH_0138,8,까치산,강서구,subway,0.6301,0.0,0.15,0.0,0.0,0.0,0.7801
OH_20260525_0820_관악구_서울농산관_OH_0138,9,낙성대(강감찬),관악구,subway,0.5749,0.0,0.15,0.0,0.0,0.0,0.7249
OH_20260525_0820_관악구_서울농산관_OH_0138,10,봉천,관악구,subway,0.561,0.0,0.15,0.0,0.0,0.0,0.711
OH_20260525_1000_도봉구_도봉산입구_OH_0139,1,봉은공원,강남구,park,0.7275,0.0,0.15,0.0,0.0,0.0,0.8775
OH_20260525_1000_도봉구_도봉산입구_OH_0139,2,월드컵공원,마포구,park,0.7248,0.0,0.15,0.0,0.0,0.0,0.8748
OH_20260525_1000_도봉구_도봉산입구_OH_0139,3,중랑캠핑숲,중랑구,park,0.7213,0.0,0.15,0.0,0.0,0.0,0.8713
OH_20260525_1000_도봉구_도봉산입구_OH_0139,4,백련근린공원,서대문구,park,0.7077,0.0,0.15,0.0,0.0,0.0,0.8577
OH_20260525_1000_도봉구_도봉산입구_OH_0139,5,초안산근린공원,도봉구,park,0.6845,0.0,0.15,0.0,0.0,0.0,0.8345
OH_20260525_1000_도봉구_도봉산입구_OH_0139,6,초안산생태공원,도봉구,park,0.652,0.0,0.15,0.0,0.0,0.0,0.802
OH_20260525_1000_도봉구_도봉산입구_OH_0139,7,쌍문근린공원,도봉구,park,0.6298,0.0,0.15,0.0,0.0,0.0,0.7798
OH_20260525_1000_도봉구_도봉산입구_OH_0139,8,월천근린공원,도봉구,park,0.5986,0.0,0.15,0.0,0.0,0.0,0.7486
OH_20260525_1000_도봉구_도봉산입구_OH_0139,9,발바닥공원,도봉구,park,0.5888,0.0,0.15,0.0,0.0,0.0,0.7388
OH_20260525_1000_도봉구_도봉산입구_OH_0139,10,서울창포원,도봉구,park,0.5824,0.0,0.15,0.0,0.0,0.0,0.7324
OH_20260525_1030_도봉구_방학역_OH_0140,1,신림,관악구,subway,0.9468,0.0,0.15,0.0,0.0,0.0,1.0968
OH_20260525_1030_도봉구_방학역_OH_0140,2,잠실(송파구청),송파구,subway,0.8013,0.0,0.15,0.0,0.0,0.0,0.9513
OH_20260525_1030_도봉구_방학역_OH_0140,3,서울역,중구,subway,0.7902,0.0,0.15,0.0,0.0,0.0,0.9402
OH_20260525_1030_도봉구_방학역_OH_0140,4,구로디지털단지,구로구,subway,0.776,0.0,0.15,0.0,0.0,0.0,0.926
OH_20260525_1030_도봉구_방학역_OH_0140,5,서울대입구(관악구청),관악구,subway,0.7382,0.0,0.15,0.0,0.0,0.0,0.8882
OH_20260525_1030_도봉구_방학역_OH_0140,6,신도림,구로구,subway,0.7139,0.0,0.15,0.0,0.0,0.0,0.8639
OH_20260525_1030_도봉구_방학역_OH_0140,7,연신내,은평구,subway,0.667,0.0,0.15,0.0,0.0,0.0,0.817
OH_20260525_1030_도봉구_방학역_OH_0140,8,까치산,강서구,subway,0.6301,0.0,0.15,0.0,0.0,0.0,0.7801
OH_20260525_1030_도봉구_방학역_OH_0140,9,화곡,강서구,subway,0.6251,0.0,0.15,0.0,0.0,0.0,0.7751
OH_20260525_1030_도봉구_방학역_OH_0140,10,쌍문,도봉구,subway,0.623,0.0,0.15,0.0,0.0,0.0,0.773
OH_20260525_1130_노원구_경춘선숲길_OH_0141,1,봉은공원,강남구,park,0.7275,0.0,0.15,0.0,0.0,0.0,0.8775
OH_20260525_1130_노원구_경춘선숲길_OH_0141,2,월드컵공원,마포구,park,0.7248,0.0,0.15,0.0,0.0,0.0,0.8748
OH_20260525_1130_노원구_경춘선숲길_OH_0141,3,중랑캠핑숲,중랑구,park,0.7213,0.0,0.15,0.0,0.0,0.0,0.8713
OH_20260525_1130_노원구_경춘선숲길_OH_0141,4,백련근린공원,서대문구,park,0.7077,0.0,0.15,0.0,0.0,0.0,0.8577
OH_20260525_1130_노원구_경춘선숲길_OH_0141,5,남산공원,중구,park,0.6998,0.0,0.15,0.0,0.0,0.0,0.8498
OH_20260525_1130_노원구_경춘선숲길_OH_0141,6,안산도시자연공원,서대문구,park,0.6971,0.0,0.15,0.0,0.0,0.0,0.8471
OH_20260525_1130_노원구_경춘선숲길_OH_0141,7,여의도근린공원,영등포구,park,0.6858,0.0,0.15,0.0,0.0,0.0,0.8358
OH_20260525_1130_노원구_경춘선숲길_OH_0141,8,수락산도시자연공원,노원구,park,0.64,0.0,0.15,0.0,0.0,0.0,0.79
OH_20260525_1130_노원구_경춘선숲길_OH_0141,9,불암산도시자연공원,노원구,park,0.6372,0.0,0.15,0.0,0.0,0.0,0.7872
OH_20260525_1130_노원구_경춘선숲길_OH_0141,10,경춘선숲길,노원구,park,0.5485,0.0,0.15,0.0,0.0,0.0,0.6985
OH_20260525_1400_중구_백학시장_OH_0142,1,남대문시장,중구,market,0.7056,0.0,0.15,0.0,0.0,0.0,0.8556
OH_20260525_1400_중구_백학시장_OH_0142,2,평화시장,중구,market,0.5528,0.0,0.15,0.0,0.0,0.0,0.7028
OH_20260525_1400_중구_백학시장_OH_0142,3,삼익패션타운,중구,market,0.5222,0.0,0.15,0.0,0.0,0.0,0.6722
OH_20260525_1400_중구_백학시장_OH_0142,4,동평화시장,중구,market,0.5126,0.0,0.15,0.0,0.0,0.0,0.6626
OH_20260525_1400_중구_백학시장_OH_0142,5,청평화시장,중구,market,0.5024,0.0,0.15,0.0,0.0,0.0,0.6524
OH_20260525_1400_중구_백학시장_OH_0142,6,신평화패션타운,중구,market,0.4993,0.0,0.15,0.0,0.0,0.0,0.6493
OH_20260525_1400_중구_백학시장_OH_0142,7,방산시장,중구,market,0.4988,0.0,0.15,0.0,0.0,0.0,0.6488
OH_20260525_1400_중구_백학시장_OH_0142,8,광희패션몰,중구,market,0.4973,0.0,0.15,0.0,0.0,0.0,0.6473
OH_20260525_1400_중구_백학시장_OH_0142,9,통일상가,중구,market,0.4936,0.0,0.15,0.0,0.0,0.0,0.6436
OH_20260525_1400_중구_백학시장_OH_0142,10,중부시장,중구,market,0.4895,0.0,0.15,0.0,0.0,0.0,0.6395
OH_20260525_1430_중구_신당역_OH_0143,1,서울역,중구,subway,0.9642,0.0,0.15,0.0,0.0,0.0,1.1142
OH_20260525_1430_중구_신당역_OH_0143,2,잠실(송파구청),송파구,subway,0.9611,0.0,0.15,0.0,0.0,0.0,1.1111
OH_20260525_1430_중구_신당역_OH_0143,3,강남,강남구,subway,0.9318,0.0,0.15,0.0,0.0,0.0,1.0818
OH_20260525_1430_중구_신당역_OH_0143,4,홍대입구,마포구,subway,0.8656,0.0,0.15,0.0,0.0,0.0,1.0156
OH_20260525_1430_중구_신당역_OH_0143,5,고속터미널,서초구,subway,0.8161,0.0,0.15,0.0,0.0,0.0,0.9661
OH_20260525_1430_중구_신당역_OH_0143,6,삼성(무역센터),강남구,subway,0.7312,0.0,0.15,0.0,0.0,0.0,0.8812
OH_20260525_1430_중구_신당역_OH_0143,7,성수,성동구,subway,0.7287,0.0,0.15,0.0,0.0,0.0,0.8787
OH_20260525_1430_중구_신당역_OH_0143,8,선릉,강남구,subway,0.7238,0.0,0.15,0.0,0.0,0.0,0.8738
OH_20260525_1430_중구_신당역_OH_0143,9,을지로입구,중구,subway,0.6806,0.0,0.15,0.0,0.0,0.0,0.8306
OH_20260525_1430_중구_신당역_OH_0143,10,명동,중구,subway,0.5738,0.0,0.15,0.0,0.0,0.0,0.7238
OH_20260525_1530_광진구_어린이대공원_OH_0144,1,봉은공원,강남구,park,0.7451,0.0,0.15,0.0,0.0,0.0,0.8951
OH_20260525_1530_광진구_어린이대공원_OH_0144,2,월드컵공원,마포구,park,0.7425,0.0,0.15,0.0,0.0,0.0,0.8925
OH_20260525_1530_광진구_어린이대공원_OH_0144,3,중랑캠핑숲,중랑구,park,0.7412,0.0,0.15,0.0,0.0,0.0,0.8912
OH_20260525_1530_광진구_어린이대공원_OH_0144,4,백련근린공원,서대문구,park,0.7275,0.0,0.15,0.0,0.0,0.0,0.8775
OH_20260525_1530_광진구_어린이대공원_OH_0144,5,남산공원,중구,park,0.7185,0.0,0.15,0.0,0.0,0.0,0.8685
OH_20260525_1530_광진구_어린이대공원_OH_0144,6,안산도시자연공원,서대문구,park,0.7158,0.0,0.15,0.0,0.0,0.0,0.8658
OH_20260525_1530_광진구_어린이대공원_OH_0144,7,여의도근린공원,영등포구,park,0.7046,0.0,0.15,0.0,0.0,0.0,0.8546
OH_20260525_1530_광진구_어린이대공원_OH_0144,8,초안산근린공원,도봉구,park,0.7043,0.0,0.15,0.0,0.0,0.0,0.8543
OH_20260525_1530_광진구_어린이대공원_OH_0144,9,어린이대공원,광진구,park,0.6366,0.0,0.15,0.0,0.0,0.0,0.7866
OH_20260525_1530_광진구_어린이대공원_OH_0144,10,아차산공원,광진구,park,0.6147,0.0,0.15,0.0,0.0,0.0,0.7647
OH_20260525_1700_강남구_수서역만남의광장_OH_0145,1,서울역,중구,subway,0.9642,0.0,0.15,0.0,0.0,0.0,1.1142
OH_20260525_1700_강남구_수서역만남의광장_OH_0145,2,잠실(송파구청),송파구,subway,0.9611,0.0,0.15,0.0,0.0,0.0,1.1111
OH_20260525_1700_강남구_수서역만남의광장_OH_0145,3,강남,강남구,subway,0.9318,0.0,0.15,0.0,0.0,0.0,1.0818
OH_20260525_1700_강남구_수서역만남의광장_OH_0145,4,홍대입구,마포구,subway,0.8656,0.0,0.15,0.0,0.0,0.0,1.0156
OH_20260525_1700_강남구_수서역만남의광장_OH_0145,5,고속터미널,서초구,subway,0.8161,0.0,0.15,0.0,0.0,0.0,0.9661
OH_20260525_1700_강남구_수서역만남의광장_OH_0145,6,삼성(무역센터),강남구,subway,0.7312,0.0,0.15,0.0,0.0,0.0,0.8812
OH_20260525_1700_강남구_수서역만남의광장_OH_0145,7,성수,성동구,subway,0.7287,0.0,0.15,0.0,0.0,0.0,0.8787
OH_20260525_1700_강남구_수서역만남의광장_OH_0145,8,선릉,강남구,subway,0.7238,0.0,0.15,0.0,0.0,0.0,0.8738
OH_20260525_1700_강남구_수서역만남의광장_OH_0145,9,역삼,강남구,subway,0.6459,0.0,0.15,0.0,0.0,0.0,0.7959
OH_20260525_1700_강남구_수서역만남의광장_OH_0145,10,강남구청,강남구,subway,0.364,0.0,0.15,0.0,0.0,0.0,0.514
OH_20260525_1740_강남구_개포동시장_OH_0146,1,남대문시장,중구,market,0.7056,0.0,0.15,0.0,0.0,0.0,0.8556
OH_20260525_1740_강남구_개포동시장_OH_0146,2,동대문종합시장,종로구,market,0.6301,0.0,0.15,0.0,0.0,0.0,0.7801
OH_20260525_1740_강남구_개포동시장_OH_0146,3,장안 마실 골목형상점가,동대문구,market,0.6299,0.0,0.15,0.0,0.0,0.0,0.7799
OH_20260525_1740_강남구_개포동시장_OH_0146,4,천호로데오거리상점가,강동구,market,0.5914,0.0,0.15,0.0,0.0,0.0,0.7414
OH_20260525_1740_강남구_개포동시장_OH_0146,5,광장전통시장,종로구,market,0.5714,0.0,0.15,0.0,0.0,0.0,0.7214
OH_20260525_1740_강남구_개포동시장_OH_0146,6,가락몰 골목형상점가,송파구,market,0.5612,0.0,0.15,0.0,0.0,0.0,0.7112
OH_20260525_1740_강남구_개포동시장_OH_0146,7,평화시장,중구,market,0.5528,0.0,0.15,0.0,0.0,0.0,0.7028
OH_20260525_1740_강남구_개포동시장_OH_0146,8,서울약령시장,동대문구,market,0.5526,0.0,0.15,0.0,0.0,0.0,0.7026
OH_20260525_1740_강남구_개포동시장_OH_0146,9,영등포유통상가,영등포구,market,0.5381,0.0,0.15,0.0,0.0,0.0,0.6881
OH_20260525_1740_강남구_개포동시장_OH_0146,10,영동전통시장,강남구,market,0.4753,0.0,0.15,0.0,0.0,0.0,0.6253
OH_20260525_1930_성동구_성수동골목상권_OH_0147,1,남대문시장,중구,market,0.7056,0.0,0.15,0.0,0.0,0.0,0.8556
OH_20260525_1930_성동구_성수동골목상권_OH_0147,2,동대문종합시장,종로구,market,0.6301,0.0,0.15,0.0,0.0,0.0,0.7801
OH_20260525_1930_성동구_성수동골목상권_OH_0147,3,장안 마실 골목형상점가,동대문구,market,0.6299,0.0,0.15,0.0,0.0,0.0,0.7799
OH_20260525_1930_성동구_성수동골목상권_OH_0147,4,천호로데오거리상점가,강동구,market,0.5914,0.0,0.15,0.0,0.0,0.0,0.7414
OH_20260525_1930_성동구_성수동골목상권_OH_0147,5,마장축산물시장,성동구,market,0.5116,0.0,0.15,0.0,0.0,0.0,0.6616
OH_20260525_1930_성동구_성수동골목상권_OH_0147,6,성동용답상가시장,성동구,market,0.4816,0.0,0.15,0.0,0.0,0.0,0.6316
OH_20260525_1930_성동구_성수동골목상권_OH_0147,7,송정벚꽃골목형상점가,성동구,market,0.4775,0.0,0.15,0.0,0.0,0.0,0.6275
OH_20260525_1930_성동구_성수동골목상권_OH_0147,8,사근살곶이골목형상점가시장,성동구,market,0.474,0.0,0.15,0.0,0.0,0.0,0.624
OH_20260525_1930_성동구_성수동골목상권_OH_0147,9,금남시장,성동구,market,0.4707,0.0,0.15,0.0,0.0,0.0,0.6207
OH_20260525_1930_성동구_성수동골목상권_OH_0147,10,뚝도시장,성동구,market,0.4683,0.0,0.15,0.0,0.0,0.0,0.6183
JG_20260310_1740_중구_황학시장입구_JG_0006,1,남대문시장,중구,market,0.7056,0.0,0.15,0.0,0.0,0.0,0.8556
JG_20260310_1740_중구_황학시장입구_JG_0006,2,평화시장,중구,market,0.5528,0.0,0.15,0.0,0.0,0.0,0.7028
JG_20260310_1740_중구_황학시장입구_JG_0006,3,삼익패션타운,중구,market,0.5222,0.0,0.15,0.0,0.0,0.0,0.6722
JG_20260310_1740_중구_황학시장입구_JG_0006,4,동평화시장,중구,market,0.5126,0.0,0.15,0.0,0.0,0.0,0.6626
JG_20260310_1740_중구_황학시장입구_JG_0006,5,청평화시장,중구,market,0.5024,0.0,0.15,0.0,0.0,0.0,0.6524
JG_20260310_1740_중구_황학시장입구_JG_0006,6,신평화패션타운,중구,market,0.4993,0.0,0.15,0.0,0.0,0.0,0.6493
JG_20260310_1740_중구_황학시장입구_JG_0006,7,방산시장,중구,market,0.4988,0.0,0.15,0.0,0.0,0.0,0.6488
JG_20260310_1740_중구_황학시장입구_JG_0006,8,광희패션몰,중구,market,0.4973,0.0,0.15,0.0,0.0,0.0,0.6473
JG_20260310_1740_중구_황학시장입구_JG_0006,9,통일상가,중구,market,0.4936,0.0,0.15,0.0,0.0,0.0,0.6436
JG_20260310_1740_중구_황학시장입구_JG_0006,10,중부시장,중구,market,0.4895,0.0,0.15,0.0,0.0,0.0,0.6395
JG_20260311_1510_영등포구_영등포전통시장남문_JG_0009,1,남대문시장,중구,market,0.7056,0.0,0.15,0.0,0.0,0.0,0.8556
JG_20260311_1510_영등포구_영등포전통시장남문_JG_0009,2,동대문종합시장,종로구,market,0.6301,0.0,0.15,0.0,0.0,0.0,0.7801
JG_20260311_1510_영등포구_영등포전통시장남문_JG_0009,3,장안 마실 골목형상점가,동대문구,market,0.6299,0.0,0.15,0.0,0.0,0.0,0.7799
JG_20260311_1510_영등포구_영등포전통시장남문_JG_0009,4,영등포유통상가,영등포구,market,0.5381,0.0,0.15,0.0,0.0,0.0,0.6881
JG_20260311_1510_영등포구_영등포전통시장남문_JG_0009,5,영등포시장기계공구상가,영등포구,market,0.4939,0.0,0.15,0.0,0.0,0.0,0.6439
JG_20260311_1510_영등포구_영등포전통시장남문_JG_0009,6,영등포청과시장,영등포구,market,0.478,0.0,0.15,0.0,0.0,0.0,0.628
JG_20260311_1510_영등포구_영등포전통시장남문_JG_0009,7,영등포전통시장,영등포구,market,0.4708,0.0,0.15,0.0,0.0,0.0,0.6208
JG_20260311_1510_영등포구_영등포전통시장남문_JG_0009,8,대림중앙시장,영등포구,market,0.4696,0.0,0.15,0.0,0.0,0.0,0.6196
JG_20260311_1510_영등포구_영등포전통시장남문_JG_0009,9,우리시장,영등포구,market,0.4695,0.0,0.15,0.0,0.0,0.0,0.6195
JG_20260311_1510_영등포구_영등포전통시장남문_JG_0009,10,선유로운골목형상점가,영등포구,market,0.4686,0.0,0.15,0.0,0.0,0.0,0.6186
JG_20260311_1620_영등포구_대림중앙시장_JG_0010,1,남대문시장,중구,market,0.7056,0.0,0.15,0.0,0.0,0.0,0.8556
JG_20260311_1620_영등포구_대림중앙시장_JG_0010,2,동대문종합시장,종로구,market,0.6301,0.0,0.15,0.0,0.0,0.0,0.7801
JG_20260311_1620_영등포구_대림중앙시장_JG_0010,3,장안 마실 골목형상점가,동대문구,market,0.6299,0.0,0.15,0.0,0.0,0.0,0.7799
JG_20260311_1620_영등포구_대림중앙시장_JG_0010,4,영등포유통상가,영등포구,market,0.5381,0.0,0.15,0.0,0.0,0.0,0.6881
JG_20260311_1620_영등포구_대림중앙시장_JG_0010,5,영등포시장기계공구상가,영등포구,market,0.4939,0.0,0.15,0.0,0.0,0.0,0.6439
JG_20260311_1620_영등포구_대림중앙시장_JG_0010,6,영등포청과시장,영등포구,market,0.478,0.0,0.15,0.0,0.0,0.0,0.628
JG_20260311_1620_영등포구_대림중앙시장_JG_0010,7,영등포전통시장,영등포구,market,0.4708,0.0,0.15,0.0,0.0,0.0,0.6208
JG_20260311_1620_영등포구_대림중앙시장_JG_0010,8,대림중앙시장,영등포구,market,0.4696,0.0,0.15,0.0,0.0,0.0,0.6196
JG_20260311_1620_영등포구_대림중앙시장_JG_0010,9,우리시장,영등포구,market,0.4695,0.0,0.15,0.0,0.0,0.0,0.6195
JG_20260311_1620_영등포구_대림중앙시장_JG_0010,10,선유로운골목형상점가,영등포구,market,0.4686,0.0,0.15,0.0,0.0,0.0,0.6186
JG_20260312_1600_강서구_방신전통시장_JG_0015,1,공항동 먹자골목 골목형상점가,강서구,market,0.494,0.0,0.15,0.0,0.0,0.0,0.644
JG_20260312_1600_강서구_방신전통시장_JG_0015,2,강서구청먹자골목 골목형상점가,강서구,market,0.4867,0.0,0.15,0.0,0.0,0.0,0.6367
JG_20260312_1600_강서구_방신전통시장_JG_0015,3,까치산시장,강서구,market,0.4792,0.0,0.15,0.0,0.0,0.0,0.6292
JG_20260312_1600_강서구_방신전통시장_JG_0015,4,가양역사거리 골목형상점가,강서구,market,0.4788,0.0,0.15,0.0,0.0,0.0,0.6288
JG_20260312_1600_강서구_방신전통시장_JG_0015,5,남부골목시장,강서구,market,0.4786,0.0,0.15,0.0,0.0,0.0,0.6286
JG_20260312_1600_강서구_방신전통시장_JG_0015,6,송화벽화시장,강서구,market,0.4759,0.0,0.15,0.0,0.0,0.0,0.6259
JG_20260312_1600_강서구_방신전통시장_JG_0015,7,송정역 카페거리 골목형상점가,강서구,market,0.4716,0.0,0.15,0.0,0.0,0.0,0.6216
JG_20260312_1600_강서구_방신전통시장_JG_0015,8,공항대로 골목형상점가,강서구,market,0.471,0.0,0.15,0.0,0.0,0.0,0.621
JG_20260312_1600_강서구_방신전통시장_JG_0015,9,방신전통시장,강서구,market,0.4709,0.0,0.15,0.0,0.0,0.0,0.6209
JG_20260312_1600_강서구_방신전통시장_JG_0015,10,화곡중앙시장,강서구,market,0.4701,0.0,0.15,0.0,0.0,0.0,0.6201
JG_20260312_1725_강서구_남부골목시장_JG_0016,1,공항동 먹자골목 골목형상점가,강서구,market,0.494,0.0,0.15,0.0,0.0,0.0,0.644
JG_20260312_1725_강서구_남부골목시장_JG_0016,2,강서구청먹자골목 골목형상점가,강서구,market,0.4867,0.0,0.15,0.0,0.0,0.0,0.6367
JG_20260312_1725_강서구_남부골목시장_JG_0016,3,까치산시장,강서구,market,0.4792,0.0,0.15,0.0,0.0,0.0,0.6292
JG_20260312_1725_강서구_남부골목시장_JG_0016,4,가양역사거리 골목형상점가,강서구,market,0.4788,0.0,0.15,0.0,0.0,0.0,0.6288
JG_20260312_1725_강서구_남부골목시장_JG_0016,5,남부골목시장,강서구,market,0.4786,0.0,0.15,0.0,0.0,0.0,0.6286
JG_20260312_1725_강서구_남부골목시장_JG_0016,6,송화벽화시장,강서구,market,0.4759,0.0,0.15,0.0,0.0,0.0,0.6259
JG_20260312_1725_강서구_남부골목시장_JG_0016,7,송정역 카페거리 골목형상점가,강서구,market,0.4716,0.0,0.15,0.0,0.0,0.0,0.6216
JG_20260312_1725_강서구_남부골목시장_JG_0016,8,공항대로 골목형상점가,강서구,market,0.471,0.0,0.15,0.0,0.0,0.0,0.621
JG_20260312_1725_강서구_남부골목시장_JG_0016,9,방신전통시장,강서구,market,0.4709,0.0,0.15,0.0,0.0,0.0,0.6209
JG_20260312_1725_강서구_남부골목시장_JG_0016,10,화곡중앙시장,강서구,market,0.4701,0.0,0.15,0.0,0.0,0.0,0.6201
JG_20260313_1410_노원구_상계중앙시장_JG_0017,1,남대문시장,중구,market,0.7056,0.0,0.15,0.0,0.0,0.0,0.8556
JG_20260313_1410_노원구_상계중앙시장_JG_0017,2,동대문종합시장,종로구,market,0.6301,0.0,0.15,0.0,0.0,0.0,0.7801
JG_20260313_1410_노원구_상계중앙시장_JG_0017,3,장안 마실 골목형상점가,동대문구,market,0.6299,0.0,0.15,0.0,0.0,0.0,0.7799
JG_20260313_1410_노원구_상계중앙시장_JG_0017,4,천호로데오거리상점가,강동구,market,0.5914,0.0,0.15,0.0,0.0,0.0,0.7414
JG_20260313_1410_노원구_상계중앙시장_JG_0017,5,광장전통시장,종로구,market,0.5714,0.0,0.15,0.0,0.0,0.0,0.7214
JG_20260313_1410_노원구_상계중앙시장_JG_0017,6,가락몰 골목형상점가,송파구,market,0.5612,0.0,0.15,0.0,0.0,0.0,0.7112
JG_20260313_1410_노원구_상계중앙시장_JG_0017,7,평화시장,중구,market,0.5528,0.0,0.15,0.0,0.0,0.0,0.7028
JG_20260313_1410_노원구_상계중앙시장_JG_0017,8,서울약령시장,동대문구,market,0.5526,0.0,0.15,0.0,0.0,0.0,0.7026
JG_20260313_1410_노원구_상계중앙시장_JG_0017,9,공릉동도깨비시장,노원구,market,0.4746,0.0,0.15,0.0,0.0,0.0,0.6246
JG_20260313_1410_노원구_상계중앙시장_JG_0017,10,상계중앙시장,노원구,market,0.4739,0.0,0.15,0.0,0.0,0.0,0.6239
JG_20260313_1450_노원구_구립수락노인종합복지관_JG_0018,1,성수1가2동노인복지관 대현분소,성동구,senior_friendly,0.9739,0.0,0.15,0.0,0.0,0.0,1.1239
JG_20260313_1450_노원구_구립수락노인종합복지관_JG_0018,2,강남구립 도곡1노인복지관,강남구,senior_friendly,0.9689,0.0,0.15,0.0,0.0,0.0,1.1189
JG_20260313_1450_노원구_구립수락노인종합복지관_JG_0018,3,강동구립 해공노인복지관,강동구,senior_friendly,0.9673,0.0,0.15,0.0,0.0,0.0,1.1173
JG_20260313_1450_노원구_구립수락노인종합복지관_JG_0018,4,구립 자양노인복지관,광진구,senior_friendly,0.964,0.0,0.15,0.0,0.0,0.0,1.114
JG_20260313_1450_노원구_구립수락노인종합복지관_JG_0018,5,구립갈현노인복지관,은평구,senior_friendly,0.9624,0.0,0.15,0.0,0.0,0.0,1.1124
JG_20260313_1450_노원구_구립수락노인종합복지관_JG_0018,6,용강 노인복지관,마포구,senior_friendly,0.9607,0.0,0.15,0.0,0.0,0.0,1.1107
JG_20260313_1450_노원구_구립수락노인종합복지관_JG_0018,7,북가좌노인복지관,서대문구,senior_friendly,0.9607,0.0,0.15,0.0,0.0,0.0,1.1107
JG_20260313_1450_노원구_구립수락노인종합복지관_JG_0018,8,청파노인복지관,용산구,senior_friendly,0.9591,0.0,0.15,0.0,0.0,0.0,1.1091
JG_20260313_1450_노원구_구립수락노인종합복지관_JG_0018,9,약수노인복지관,중구,senior_friendly,0.9591,0.0,0.15,0.0,0.0,0.0,1.1091
JG_20260313_1450_노원구_구립수락노인종합복지관_JG_0018,10,공릉노인복지관,노원구,senior_friendly,0.9591,0.0,0.15,0.0,0.0,0.0,1.1091
JG_20260313_1530_노원구_공릉도깨비시장_JG_0019,1,남대문시장,중구,market,0.7056,0.0,0.15,0.0,0.0,0.0,0.8556
JG_20260313_1530_노원구_공릉도깨비시장_JG_0019,2,동대문종합시장,종로구,market,0.6301,0.0,0.15,0.0,0.0,0.0,0.7801
JG_20260313_1530_노원구_공릉도깨비시장_JG_0019,3,장안 마실 골목형상점가,동대문구,market,0.6299,0.0,0.15,0.0,0.0,0.0,0.7799
JG_20260313_1530_노원구_공릉도깨비시장_JG_0019,4,천호로데오거리상점가,강동구,market,0.5914,0.0,0.15,0.0,0.0,0.0,0.7414
JG_20260313_1530_노원구_공릉도깨비시장_JG_0019,5,광장전통시장,종로구,market,0.5714,0.0,0.15,0.0,0.0,0.0,0.7214
JG_20260313_1530_노원구_공릉도깨비시장_JG_0019,6,가락몰 골목형상점가,송파구,market,0.5612,0.0,0.15,0.0,0.0,0.0,0.7112
JG_20260313_1530_노원구_공릉도깨비시장_JG_0019,7,평화시장,중구,market,0.5528,0.0,0.15,0.0,0.0,0.0,0.7028
JG_20260313_1530_노원구_공릉도깨비시장_JG_0019,8,서울약령시장,동대문구,market,0.5526,0.0,0.15,0.0,0.0,0.0,0.7026
JG_20260313_1530_노원구_공릉도깨비시장_JG_0019,9,공릉동도깨비시장,노원구,market,0.4746,0.0,0.15,0.0,0.0,0.0,0.6246
JG_20260313_1530_노원구_공릉도깨비시장_JG_0019,10,상계중앙시장,노원구,market,0.4739,0.0,0.15,0.0,0.0,0.0,0.6239
JG_20260316_1300_구로구_남구로시장_JG_0021,1,남대문시장,중구,market,0.7056,0.0,0.15,0.0,0.0,0.0,0.8556
JG_20260316_1300_구로구_남구로시장_JG_0021,2,동대문종합시장,종로구,market,0.6301,0.0,0.15,0.0,0.0,0.0,0.7801
JG_20260316_1300_구로구_남구로시장_JG_0021,3,장안 마실 골목형상점가,동대문구,market,0.6299,0.0,0.15,0.0,0.0,0.0,0.7799
JG_20260316_1300_구로구_남구로시장_JG_0021,4,오류버들시장 골목형상점가,구로구,market,0.4915,0.0,0.15,0.0,0.0,0.0,0.6415
JG_20260316_1300_구로구_남구로시장_JG_0021,5,남구로시장,구로구,market,0.4811,0.0,0.15,0.0,0.0,0.0,0.6311
JG_20260316_1300_구로구_남구로시장_JG_0021,6,그라운드고척 골목형상점가,구로구,market,0.4792,0.0,0.15,0.0,0.0,0.0,0.6292
JG_20260316_1300_구로구_남구로시장_JG_0021,7,구로시장,구로구,market,0.4737,0.0,0.15,0.0,0.0,0.0,0.6237
JG_20260316_1300_구로구_남구로시장_JG_0021,8,가리봉시장,구로구,market,0.4705,0.0,0.15,0.0,0.0,0.0,0.6205
JG_20260316_1300_구로구_남구로시장_JG_0021,9,고척근린시장,구로구,market,0.4696,0.0,0.15,0.0,0.0,0.0,0.6196
JG_20260316_1300_구로구_남구로시장_JG_0021,10,개봉중앙 골목형상점가,구로구,market,0.4681,0.0,0.15,0.0,0.0,0.0,0.6181
JG_20260316_1400_구로구_궁동종합사회복지관_JG_0022,1,성수1가2동노인복지관 대현분소,성동구,senior_friendly,0.9739,0.0,0.15,0.0,0.0,0.0,1.1239
JG_20260316_1400_구로구_궁동종합사회복지관_JG_0022,2,강남구립 도곡1노인복지관,강남구,senior_friendly,0.9689,0.0,0.15,0.0,0.0,0.0,1.1189
JG_20260316_1400_구로구_궁동종합사회복지관_JG_0022,3,강동구립 해공노인복지관,강동구,senior_friendly,0.9673,0.0,0.15,0.0,0.0,0.0,1.1173
JG_20260316_1400_구로구_궁동종합사회복지관_JG_0022,4,구립 자양노인복지관,광진구,senior_friendly,0.964,0.0,0.15,0.0,0.0,0.0,1.114
JG_20260316_1400_구로구_궁동종합사회복지관_JG_0022,5,구립갈현노인복지관,은평구,senior_friendly,0.9624,0.0,0.15,0.0,0.0,0.0,1.1124
JG_20260316_1400_구로구_궁동종합사회복지관_JG_0022,6,용강 노인복지관,마포구,senior_friendly,0.9607,0.0,0.15,0.0,0.0,0.0,1.1107
JG_20260316_1400_구로구_궁동종합사회복지관_JG_0022,7,북가좌노인복지관,서대문구,senior_friendly,0.9607,0.0,0.15,0.0,0.0,0.0,1.1107
JG_20260316_1400_구로구_궁동종합사회복지관_JG_0022,8,청파노인복지관,용산구,senior_friendly,0.9591,0.0,0.15,0.0,0.0,0.0,1.1091
JG_20260316_1400_구로구_궁동종합사회복지관_JG_0022,9,약수노인복지관,중구,senior_friendly,0.9591,0.0,0.15,0.0,0.0,0.0,1.1091
JG_20260316_1400_구로구_궁동종합사회복지관_JG_0022,10,구로노인종합복지관,구로구,senior_friendly,0.9351,0.0,0.15,0.0,0.0,0.0,1.0851
JG_20260317_1400_마포구_망원시장월드컵시장_JG_0025,1,남대문시장,중구,market,0.7056,0.0,0.15,0.0,0.0,0.0,0.8556
JG_20260317_1400_마포구_망원시장월드컵시장_JG_0025,2,동대문종합시장,종로구,market,0.6301,0.0,0.15,0.0,0.0,0.0,0.7801
JG_20260317_1400_마포구_망원시장월드컵시장_JG_0025,3,장안 마실 골목형상점가,동대문구,market,0.6299,0.0,0.15,0.0,0.0,0.0,0.7799
JG_20260317_1400_마포구_망원시장월드컵시장_JG_0025,4,천호로데오거리상점가,강동구,market,0.5914,0.0,0.15,0.0,0.0,0.0,0.7414
JG_20260317_1400_마포구_망원시장월드컵시장_JG_0025,5,광장전통시장,종로구,market,0.5714,0.0,0.15,0.0,0.0,0.0,0.7214
JG_20260317_1400_마포구_망원시장월드컵시장_JG_0025,6,아현시장,마포구,market,0.4776,0.0,0.15,0.0,0.0,0.0,0.6276
JG_20260317_1400_마포구_망원시장월드컵시장_JG_0025,7,연남동골목형상점가,마포구,market,0.4764,0.0,0.15,0.0,0.0,0.0,0.6264
JG_20260317_1400_마포구_망원시장월드컵시장_JG_0025,8,망원시장,마포구,market,0.4721,0.0,0.15,0.0,0.0,0.0,0.6221
JG_20260317_1400_마포구_망원시장월드컵시장_JG_0025,9,홍대레드로드골목형상점가,마포구,market,0.4699,0.0,0.15,0.0,0.0,0.0,0.6199
JG_20260317_1400_마포구_망원시장월드컵시장_JG_0025,10,망원동월드컵시장,마포구,market,0.4684,0.0,0.15,0.0,0.0,0.0,0.6184
JG_20260319_1000_송파구_잠실학생체육관_JG_0026,1,신림,관악구,subway,0.9468,0.0,0.15,0.0,0.0,0.0,1.0968
JG_20260319_1000_송파구_잠실학생체육관_JG_0026,2,잠실(송파구청),송파구,subway,0.8013,0.0,0.15,0.0,0.0,0.0,0.9513
JG_20260319_1000_송파구_잠실학생체육관_JG_0026,3,서울역,중구,subway,0.7902,0.0,0.15,0.0,0.0,0.0,0.9402
JG_20260319_1000_송파구_잠실학생체육관_JG_0026,4,구로디지털단지,구로구,subway,0.776,0.0,0.15,0.0,0.0,0.0,0.926
JG_20260319_1000_송파구_잠실학생체육관_JG_0026,5,서울대입구(관악구청),관악구,subway,0.7382,0.0,0.15,0.0,0.0,0.0,0.8882
JG_20260319_1000_송파구_잠실학생체육관_JG_0026,6,신도림,구로구,subway,0.7139,0.0,0.15,0.0,0.0,0.0,0.8639
JG_20260319_1000_송파구_잠실학생체육관_JG_0026,7,연신내,은평구,subway,0.667,0.0,0.15,0.0,0.0,0.0,0.817
JG_20260319_1000_송파구_잠실학생체육관_JG_0026,8,까치산,강서구,subway,0.6301,0.0,0.15,0.0,0.0,0.0,0.7801
JG_20260319_1000_송파구_잠실학생체육관_JG_0026,9,화곡,강서구,subway,0.6251,0.0,0.15,0.0,0.0,0.0,0.7751
JG_20260319_1000_송파구_잠실학생체육관_JG_0026,10,쌍문,도봉구,subway,0.623,0.0,0.15,0.0,0.0,0.0,0.773
JG_20260324_1700_종로구_세종대로사거리광화문광장_JG_0031,1,서울역,중구,subway,0.9642,0.0,0.15,0.0,0.0,0.0,1.1142
JG_20260324_1700_종로구_세종대로사거리광화문광장_JG_0031,2,잠실(송파구청),송파구,subway,0.9611,0.0,0.15,0.0,0.0,0.0,1.1111
JG_20260324_1700_종로구_세종대로사거리광화문광장_JG_0031,3,강남,강남구,subway,0.9318,0.0,0.15,0.0,0.0,0.0,1.0818
JG_20260324_1700_종로구_세종대로사거리광화문광장_JG_0031,4,홍대입구,마포구,subway,0.8656,0.0,0.15,0.0,0.0,0.0,1.0156
JG_20260324_1700_종로구_세종대로사거리광화문광장_JG_0031,5,고속터미널,서초구,subway,0.8161,0.0,0.15,0.0,0.0,0.0,0.9661
JG_20260324_1700_종로구_세종대로사거리광화문광장_JG_0031,6,삼성(무역센터),강남구,subway,0.7312,0.0,0.15,0.0,0.0,0.0,0.8812
JG_20260324_1700_종로구_세종대로사거리광화문광장_JG_0031,7,성수,성동구,subway,0.7287,0.0,0.15,0.0,0.0,0.0,0.8787
JG_20260324_1700_종로구_세종대로사거리광화문광장_JG_0031,8,선릉,강남구,subway,0.7238,0.0,0.15,0.0,0.0,0.0,0.8738
JG_20260324_1700_종로구_세종대로사거리광화문광장_JG_0031,9,종각,종로구,subway,0.5903,0.0,0.15,0.0,0.0,0.0,0.7403
JG_20260324_1700_종로구_세종대로사거리광화문광장_JG_0031,10,혜화,종로구,subway,0.5759,0.0,0.15,0.0,0.0,0.0,0.7259
JG_20260324_1740_종로구_세종마을음식문화거리_JG_0032,1,동대문종합시장,종로구,market,0.6301,0.0,0.15,0.0,0.0,0.0,0.7801
JG_20260324_1740_종로구_세종마을음식문화거리_JG_0032,2,광장전통시장,종로구,market,0.5714,0.0,0.15,0.0,0.0,0.0,0.7214
JG_20260324_1740_종로구_세종마을음식문화거리_JG_0032,3,광장시장,종로구,market,0.5254,0.0,0.15,0.0,0.0,0.0,0.6754
JG_20260324_1740_종로구_세종마을음식문화거리_JG_0032,4,동대문종합시장D동,종로구,market,0.4968,0.0,0.15,0.0,0.0,0.0,0.6468
JG_20260324_1740_종로구_세종마을음식문화거리_JG_0032,5,동대문문구?완구거리,종로구,market,0.4736,0.0,0.15,0.0,0.0,0.0,0.6236
JG_20260324_1740_종로구_세종마을음식문화거리_JG_0032,6,동묘시장,종로구,market,0.4726,0.0,0.15,0.0,0.0,0.0,0.6226
JG_20260324_1740_종로구_세종마을음식문화거리_JG_0032,7,창신골목시장,종로구,market,0.472,0.0,0.15,0.0,0.0,0.0,0.622
JG_20260324_1740_종로구_세종마을음식문화거리_JG_0032,8,세종마을음식문화거리,종로구,market,0.4714,0.0,0.15,0.0,0.0,0.0,0.6214
JG_20260324_1740_종로구_세종마을음식문화거리_JG_0032,9,북촌계동길 골목형상점가,종로구,market,0.4713,0.0,0.15,0.0,0.0,0.0,0.6213
JG_20260324_1740_종로구_세종마을음식문화거리_JG_0032,10,통인시장,종로구,market,0.4694,0.0,0.15,0.0,0.0,0.0,0.6194
JG_20260325_1720_광진구_중곡제일골목시장_JG_0034,1,남대문시장,중구,market,0.7056,0.0,0.15,0.0,0.0,0.0,0.8556
JG_20260325_1720_광진구_중곡제일골목시장_JG_0034,2,동대문종합시장,종로구,market,0.6301,0.0,0.15,0.0,0.0,0.0,0.7801
JG_20260325_1720_광진구_중곡제일골목시장_JG_0034,3,신성전통시장,광진구,market,0.477,0.0,0.15,0.0,0.0,0.0,0.627
JG_20260325_1720_광진구_중곡제일골목시장_JG_0034,4,자양전통시장,광진구,market,0.4758,0.0,0.15,0.0,0.0,0.0,0.6258
JG_20260325_1720_광진구_중곡제일골목시장_JG_0034,5,중곡제일골목시장,광진구,market,0.4754,0.0,0.15,0.0,0.0,0.0,0.6254
JG_20260325_1720_광진구_중곡제일골목시장_JG_0034,6,건리단길골목형상점가,광진구,market,0.4751,0.0,0.15,0.0,0.0,0.0,0.6251
JG_20260325_1720_광진구_중곡제일골목시장_JG_0034,7,자양15번가 골목형상점가,광진구,market,0.475,0.0,0.15,0.0,0.0,0.0,0.625
JG_20260325_1720_광진구_중곡제일골목시장_JG_0034,8,화양제일골목시장,광진구,market,0.4717,0.0,0.15,0.0,0.0,0.0,0.6217
JG_20260325_1720_광진구_중곡제일골목시장_JG_0034,9,자양한강전통시장,광진구,market,0.4712,0.0,0.15,0.0,0.0,0.0,0.6212
JG_20260325_1720_광진구_중곡제일골목시장_JG_0034,10,영동교골목시장,광진구,market,0.4712,0.0,0.15,0.0,0.0,0.0,0.6212
JG_20260325_1815_광진구_건대맛의거리_JG_0035,1,남대문시장,중구,market,0.7056,0.0,0.15,0.0,0.0,0.0,0.8556
JG_20260325_1815_광진구_건대맛의거리_JG_0035,2,동대문종합시장,종로구,market,0.6301,0.0,0.15,0.0,0.0,0.0,0.7801
JG_20260325_1815_광진구_건대맛의거리_JG_0035,3,신성전통시장,광진구,market,0.477,0.0,0.15,0.0,0.0,0.0,0.627
JG_20260325_1815_광진구_건대맛의거리_JG_0035,4,자양전통시장,광진구,market,0.4758,0.0,0.15,0.0,0.0,0.0,0.6258
JG_20260325_1815_광진구_건대맛의거리_JG_0035,5,중곡제일골목시장,광진구,market,0.4754,0.0,0.15,0.0,0.0,0.0,0.6254
JG_20260325_1815_광진구_건대맛의거리_JG_0035,6,건리단길골목형상점가,광진구,market,0.4751,0.0,0.15,0.0,0.0,0.0,0.6251
JG_20260325_1815_광진구_건대맛의거리_JG_0035,7,자양15번가 골목형상점가,광진구,market,0.475,0.0,0.15,0.0,0.0,0.0,0.625
JG_20260325_1815_광진구_건대맛의거리_JG_0035,8,화양제일골목시장,광진구,market,0.4717,0.0,0.15,0.0,0.0,0.0,0.6217
JG_20260325_1815_광진구_건대맛의거리_JG_0035,9,자양한강전통시장,광진구,market,0.4712,0.0,0.15,0.0,0.0,0.0,0.6212
JG_20260325_1815_광진구_건대맛의거리_JG_0035,10,영동교골목시장,광진구,market,0.4712,0.0,0.15,0.0,0.0,0.0,0.6212
JG_20260326_1600_관악구_도림천_JG_0037,1,서울역,중구,subway,0.9642,0.0,0.15,0.0,0.0,0.0,1.1142
JG_20260326_1600_관악구_도림천_JG_0037,2,잠실(송파구청),송파구,subway,0.9611,0.0,0.15,0.0,0.0,0.0,1.1111
JG_20260326_1600_관악구_도림천_JG_0037,3,강남,강남구,subway,0.9318,0.0,0.15,0.0,0.0,0.0,1.0818
JG_20260326_1600_관악구_도림천_JG_0037,4,홍대입구,마포구,subway,0.8656,0.0,0.15,0.0,0.0,0.0,1.0156
JG_20260326_1600_관악구_도림천_JG_0037,5,고속터미널,서초구,subway,0.8161,0.0,0.15,0.0,0.0,0.0,0.9661
JG_20260326_1600_관악구_도림천_JG_0037,6,삼성(무역센터),강남구,subway,0.7312,0.0,0.15,0.0,0.0,0.0,0.8812
JG_20260326_1600_관악구_도림천_JG_0037,7,신림,관악구,subway,0.6921,0.0,0.15,0.0,0.0,0.0,0.8421
JG_20260326_1600_관악구_도림천_JG_0037,8,서울대입구(관악구청),관악구,subway,0.628,0.0,0.15,0.0,0.0,0.0,0.778
JG_20260326_1600_관악구_도림천_JG_0037,9,낙성대(강감찬),관악구,subway,0.4696,0.0,0.15,0.0,0.0,0.0,0.6196
JG_20260326_1600_관악구_도림천_JG_0037,10,봉천,관악구,subway,0.4399,0.0,0.15,0.0,0.0,0.0,0.5899
JG_20260326_1615_관악구_신원시장_JG_0038,1,남대문시장,중구,market,0.7056,0.0,0.15,0.0,0.0,0.0,0.8556
JG_20260326_1615_관악구_신원시장_JG_0038,2,신림별빛거리 골목형상점가,관악구,market,0.4918,0.0,0.15,0.0,0.0,0.0,0.6418
JG_20260326_1615_관악구_신원시장_JG_0038,3,녹두S밸리 골목형상점가,관악구,market,0.4746,0.0,0.15,0.0,0.0,0.0,0.6246
JG_20260326_1615_관악구_신원시장_JG_0038,4,행운담길 골목형상점가,관악구,market,0.4739,0.0,0.15,0.0,0.0,0.0,0.6239
JG_20260326_1615_관악구_신원시장_JG_0038,5,녹두 골목형상점가,관악구,market,0.4733,0.0,0.15,0.0,0.0,0.0,0.6233
JG_20260326_1615_관악구_신원시장_JG_0038,6,삼성동시장,관악구,market,0.4717,0.0,0.15,0.0,0.0,0.0,0.6217
JG_20260326_1615_관악구_신원시장_JG_0038,7,신원시장,관악구,market,0.4713,0.0,0.15,0.0,0.0,0.0,0.6213
JG_20260326_1615_관악구_신원시장_JG_0038,8,조원동펭귄시장,관악구,market,0.471,0.0,0.15,0.0,0.0,0.0,0.621
JG_20260326_1615_관악구_신원시장_JG_0038,9,관악신사시장,관악구,market,0.4703,0.0,0.15,0.0,0.0,0.0,0.6203
JG_20260326_1615_관악구_신원시장_JG_0038,10,인헌시장,관악구,market,0.4699,0.0,0.15,0.0,0.0,0.0,0.6199
JG_20260328_1250_성동구_응봉산팔각정_JG_0041,1,서울역,중구,subway,0.9642,0.0,0.15,0.0,0.0,0.0,1.1142
JG_20260328_1250_성동구_응봉산팔각정_JG_0041,2,잠실(송파구청),송파구,subway,0.9611,0.0,0.15,0.0,0.0,0.0,1.1111
JG_20260328_1250_성동구_응봉산팔각정_JG_0041,3,강남,강남구,subway,0.9318,0.0,0.15,0.0,0.0,0.0,1.0818
JG_20260328_1250_성동구_응봉산팔각정_JG_0041,4,홍대입구,마포구,subway,0.8656,0.0,0.15,0.0,0.0,0.0,1.0156
JG_20260328_1250_성동구_응봉산팔각정_JG_0041,5,고속터미널,서초구,subway,0.8161,0.0,0.15,0.0,0.0,0.0,0.9661
JG_20260328_1250_성동구_응봉산팔각정_JG_0041,6,삼성(무역센터),강남구,subway,0.7312,0.0,0.15,0.0,0.0,0.0,0.8812
JG_20260328_1250_성동구_응봉산팔각정_JG_0041,7,성수,성동구,subway,0.7287,0.0,0.15,0.0,0.0,0.0,0.8787
JG_20260328_1250_성동구_응봉산팔각정_JG_0041,8,선릉,강남구,subway,0.7238,0.0,0.15,0.0,0.0,0.0,0.8738
JG_20260328_1250_성동구_응봉산팔각정_JG_0041,9,용산,용산구,subway,0.7194,0.0,0.15,0.0,0.0,0.0,0.8694
JG_20260328_1250_성동구_응봉산팔각정_JG_0041,10,왕십리(성동구청),성동구,subway,0.3918,0.0,0.15,0.0,0.0,0.0,0.5418
JG_20260330_1100_동작구_노량진수산시장_JG_0045,1,노량진수산시장골목형상점가,동작구,market,0.4672,0.0,0.15,0.0,0.0,0.0,0.6172
JG_20260330_1100_동작구_노량진수산시장_JG_0045,2,이수미로 골목형상점가,동작구,market,0.4371,0.0,0.15,0.0,0.0,0.0,0.5871
JG_20260330_1100_동작구_노량진수산시장_JG_0045,3,숭실마루길 골목형상점가,동작구,market,0.4293,0.0,0.15,0.0,0.0,0.0,0.5793
JG_20260330_1100_동작구_노량진수산시장_JG_0045,4,성대전통시장,동작구,market,0.4285,0.0,0.15,0.0,0.0,0.0,0.5785
JG_20260330_1100_동작구_노량진수산시장_JG_0045,5,남성사계시장(남성시장),동작구,market,0.4273,0.0,0.15,0.0,0.0,0.0,0.5773
JG_20260330_1100_동작구_노량진수산시장_JG_0045,6,흑석시장 골목형상점가,동작구,market,0.4267,0.0,0.15,0.0,0.0,0.0,0.5767
JG_20260330_1100_동작구_노량진수산시장_JG_0045,7,상도전통시장,동작구,market,0.4259,0.0,0.15,0.0,0.0,0.0,0.5759
JG_20260330_1100_동작구_노량진수산시장_JG_0045,8,본동인정시장,동작구,market,0.4254,0.0,0.15,0.0,0.0,0.0,0.5754
JG_20260330_1100_동작구_노량진수산시장_JG_0045,9,보라매다올길골목형상점가,동작구,market,0.4252,0.0,0.15,0.0,0.0,0.0,0.5752
JG_20260330_1100_동작구_노량진수산시장_JG_0045,10,신대방1동 온누리길 골목형상점가,동작구,market,0.4236,0.0,0.15,0.0,0.0,0.0,0.5736
JG_20260331_1130_동대문구_장안동벚꽃길_JG_0046,1,신림,관악구,subway,0.9468,0.0,0.15,0.0,0.0,0.0,1.0968
JG_20260331_1130_동대문구_장안동벚꽃길_JG_0046,2,잠실(송파구청),송파구,subway,0.8013,0.0,0.15,0.0,0.0,0.0,0.9513
JG_20260331_1130_동대문구_장안동벚꽃길_JG_0046,3,서울역,중구,subway,0.7902,0.0,0.15,0.0,0.0,0.0,0.9402
JG_20260331_1130_동대문구_장안동벚꽃길_JG_0046,4,구로디지털단지,구로구,subway,0.776,0.0,0.15,0.0,0.0,0.0,0.926
JG_20260331_1130_동대문구_장안동벚꽃길_JG_0046,5,서울대입구(관악구청),관악구,subway,0.7382,0.0,0.15,0.0,0.0,0.0,0.8882
JG_20260331_1130_동대문구_장안동벚꽃길_JG_0046,6,신도림,구로구,subway,0.7139,0.0,0.15,0.0,0.0,0.0,0.8639
JG_20260331_1130_동대문구_장안동벚꽃길_JG_0046,7,연신내,은평구,subway,0.667,0.0,0.15,0.0,0.0,0.0,0.817
JG_20260331_1130_동대문구_장안동벚꽃길_JG_0046,8,까치산,강서구,subway,0.6301,0.0,0.15,0.0,0.0,0.0,0.7801
JG_20260331_1130_동대문구_장안동벚꽃길_JG_0046,9,화곡,강서구,subway,0.6251,0.0,0.15,0.0,0.0,0.0,0.7751
JG_20260331_1130_동대문구_장안동벚꽃길_JG_0046,10,쌍문,도봉구,subway,0.623,0.0,0.15,0.0,0.0,0.0,0.773
JG_20260402_1600_양천구_파리공원_JG_0048,1,서울역,중구,subway,0.9642,0.0,0.15,0.0,0.0,0.0,1.1142
JG_20260402_1600_양천구_파리공원_JG_0048,2,잠실(송파구청),송파구,subway,0.9611,0.0,0.15,0.0,0.0,0.0,1.1111
JG_20260402_1600_양천구_파리공원_JG_0048,3,강남,강남구,subway,0.9318,0.0,0.15,0.0,0.0,0.0,1.0818
JG_20260402_1600_양천구_파리공원_JG_0048,4,홍대입구,마포구,subway,0.8656,0.0,0.15,0.0,0.0,0.0,1.0156
JG_20260402_1600_양천구_파리공원_JG_0048,5,고속터미널,서초구,subway,0.8161,0.0,0.15,0.0,0.0,0.0,0.9661
JG_20260402_1600_양천구_파리공원_JG_0048,6,삼성(무역센터),강남구,subway,0.7312,0.0,0.15,0.0,0.0,0.0,0.8812
JG_20260402_1600_양천구_파리공원_JG_0048,7,성수,성동구,subway,0.7287,0.0,0.15,0.0,0.0,0.0,0.8787
JG_20260402_1600_양천구_파리공원_JG_0048,8,선릉,강남구,subway,0.7238,0.0,0.15,0.0,0.0,0.0,0.8738
JG_20260402_1600_양천구_파리공원_JG_0048,9,용산,용산구,subway,0.7194,0.0,0.15,0.0,0.0,0.0,0.8694
JG_20260402_1600_양천구_파리공원_JG_0048,10,구로디지털단지,구로구,subway,0.6961,0.0,0.15,0.0,0.0,0.0,0.8461
JG_20260404_1000_노원구_마들스포츠타운_JG_0052,1,신림,관악구,subway,0.9468,0.0,0.15,0.0,0.0,0.0,1.0968
JG_20260404_1000_노원구_마들스포츠타운_JG_0052,2,잠실(송파구청),송파구,subway,0.8013,0.0,0.15,0.0,0.0,0.0,0.9513
JG_20260404_1000_노원구_마들스포츠타운_JG_0052,3,서울역,중구,subway,0.7902,0.0,0.15,0.0,0.0,0.0,0.9402
JG_20260404_1000_노원구_마들스포츠타운_JG_0052,4,구로디지털단지,구로구,subway,0.776,0.0,0.15,0.0,0.0,0.0,0.926
JG_20260404_1000_노원구_마들스포츠타운_JG_0052,5,서울대입구(관악구청),관악구,subway,0.7382,0.0,0.15,0.0,0.0,0.0,0.8882
JG_20260404_1000_노원구_마들스포츠타운_JG_0052,6,신도림,구로구,subway,0.7139,0.0,0.15,0.0,0.0,0.0,0.8639
JG_20260404_1000_노원구_마들스포츠타운_JG_0052,7,연신내,은평구,subway,0.667,0.0,0.15,0.0,0.0,0.0,0.817
JG_20260404_1000_노원구_마들스포츠타운_JG_0052,8,까치산,강서구,subway,0.6301,0.0,0.15,0.0,0.0,0.0,0.7801
JG_20260404_1000_노원구_마들스포츠타운_JG_0052,9,화곡,강서구,subway,0.6251,0.0,0.15,0.0,0.0,0.0,0.7751
JG_20260404_1000_노원구_마들스포츠타운_JG_0052,10,노원,노원구,subway,0.4295,0.0,0.15,0.0,0.0,0.0,0.5795
JG_20260405_1740_양천구_양재천수변무대일대_JG_0054,1,서울역,중구,subway,0.9642,0.0,0.15,0.0,0.0,0.0,1.1142
JG_20260405_1740_양천구_양재천수변무대일대_JG_0054,2,잠실(송파구청),송파구,subway,0.9611,0.0,0.15,0.0,0.0,0.0,1.1111
JG_20260405_1740_양천구_양재천수변무대일대_JG_0054,3,강남,강남구,subway,0.9318,0.0,0.15,0.0,0.0,0.0,1.0818
JG_20260405_1740_양천구_양재천수변무대일대_JG_0054,4,홍대입구,마포구,subway,0.8656,0.0,0.15,0.0,0.0,0.0,1.0156
JG_20260405_1740_양천구_양재천수변무대일대_JG_0054,5,고속터미널,서초구,subway,0.8161,0.0,0.15,0.0,0.0,0.0,0.9661
JG_20260405_1740_양천구_양재천수변무대일대_JG_0054,6,삼성(무역센터),강남구,subway,0.7312,0.0,0.15,0.0,0.0,0.0,0.8812
JG_20260405_1740_양천구_양재천수변무대일대_JG_0054,7,성수,성동구,subway,0.7287,0.0,0.15,0.0,0.0,0.0,0.8787
JG_20260405_1740_양천구_양재천수변무대일대_JG_0054,8,선릉,강남구,subway,0.7238,0.0,0.15,0.0,0.0,0.0,0.8738
JG_20260405_1740_양천구_양재천수변무대일대_JG_0054,9,용산,용산구,subway,0.7194,0.0,0.15,0.0,0.0,0.0,0.8694
JG_20260405_1740_양천구_양재천수변무대일대_JG_0054,10,구로디지털단지,구로구,subway,0.6961,0.0,0.15,0.0,0.0,0.0,0.8461
JG_20260406_1630_강북구_수유시장_JG_0057,1,남대문시장,중구,market,0.7056,0.0,0.15,0.0,0.0,0.0,0.8556
JG_20260406_1630_강북구_수유시장_JG_0057,2,강북북부골목시장,강북구,market,0.4721,0.0,0.15,0.0,0.0,0.0,0.6221
JG_20260406_1630_강북구_수유시장_JG_0057,3,미소상인회 골목형상점가,강북구,market,0.4717,0.0,0.15,0.0,0.0,0.0,0.6217
JG_20260406_1630_강북구_수유시장_JG_0057,4,오패산로 골목형상점가,강북구,market,0.4713,0.0,0.15,0.0,0.0,0.0,0.6213
JG_20260406_1630_강북구_수유시장_JG_0057,5,우이골목시장골목형상점가,강북구,market,0.471,0.0,0.15,0.0,0.0,0.0,0.621
JG_20260406_1630_강북구_수유시장_JG_0057,6,인수로골목형상점가,강북구,market,0.4709,0.0,0.15,0.0,0.0,0.0,0.6209
JG_20260406_1630_강북구_수유시장_JG_0057,7,수유재래시장,강북구,market,0.4702,0.0,0.15,0.0,0.0,0.0,0.6202
JG_20260406_1630_강북구_수유시장_JG_0057,8,솔샘시장 골목형상점가,강북구,market,0.4701,0.0,0.15,0.0,0.0,0.0,0.6201
JG_20260406_1630_강북구_수유시장_JG_0057,9,장미원골목시장,강북구,market,0.4688,0.0,0.15,0.0,0.0,0.0,0.6188
JG_20260406_1630_강북구_수유시장_JG_0057,10,수유전통시장,강북구,market,0.4681,0.0,0.15,0.0,0.0,0.0,0.6181
JG_20260406_1800_성북구_성북천상점가_JG_0058,1,월곡달빛오거리골목형상점가,성북구,market,0.4759,0.0,0.15,0.0,0.0,0.0,0.6259
JG_20260406_1800_성북구_성북천상점가_JG_0058,2,석계음식문화거리,성북구,market,0.4756,0.0,0.15,0.0,0.0,0.0,0.6256
JG_20260406_1800_성북구_성북천상점가_JG_0058,3,종암북바위길골목형상점가,성북구,market,0.4748,0.0,0.15,0.0,0.0,0.0,0.6248
JG_20260406_1800_성북구_성북천상점가_JG_0058,4,돈암시장,성북구,market,0.4738,0.0,0.15,0.0,0.0,0.0,0.6238
JG_20260406_1800_성북구_성북천상점가_JG_0058,5,정릉시장,성북구,market,0.473,0.0,0.15,0.0,0.0,0.0,0.623
JG_20260406_1800_성북구_성북천상점가_JG_0058,6,성북천골목형상점가,성북구,market,0.4707,0.0,0.15,0.0,0.0,0.0,0.6207
JG_20260406_1800_성북구_성북천상점가_JG_0058,7,돌곶이시장,성북구,market,0.4704,0.0,0.15,0.0,0.0,0.0,0.6204
JG_20260406_1800_성북구_성북천상점가_JG_0058,8,정릉서경대길골목형상점가,성북구,market,0.4695,0.0,0.15,0.0,0.0,0.0,0.6195
JG_20260406_1800_성북구_성북천상점가_JG_0058,9,장위전통시장,성북구,market,0.4689,0.0,0.15,0.0,0.0,0.0,0.6189
JG_20260406_1800_성북구_성북천상점가_JG_0058,10,꿈의숲장곡골목형상점가,성북구,market,0.4684,0.0,0.15,0.0,0.0,0.0,0.6184
JG_20260407_1540_동작구_남성사계시장_JG_0062,1,노량진수산시장골목형상점가,동작구,market,0.5136,0.0,0.15,0.0,0.0,0.0,0.6636
JG_20260407_1540_동작구_남성사계시장_JG_0062,2,이수미로 골목형상점가,동작구,market,0.4843,0.0,0.15,0.0,0.0,0.0,0.6343
JG_20260407_1540_동작구_남성사계시장_JG_0062,3,숭실마루길 골목형상점가,동작구,market,0.4765,0.0,0.15,0.0,0.0,0.0,0.6265
JG_20260407_1540_동작구_남성사계시장_JG_0062,4,성대전통시장,동작구,market,0.4756,0.0,0.15,0.0,0.0,0.0,0.6256
JG_20260407_1540_동작구_남성사계시장_JG_0062,5,남성사계시장(남성시장),동작구,market,0.4745,0.0,0.15,0.0,0.0,0.0,0.6245
JG_20260407_1540_동작구_남성사계시장_JG_0062,6,흑석시장 골목형상점가,동작구,market,0.4738,0.0,0.15,0.0,0.0,0.0,0.6238
JG_20260407_1540_동작구_남성사계시장_JG_0062,7,상도전통시장,동작구,market,0.4731,0.0,0.15,0.0,0.0,0.0,0.6231
JG_20260407_1540_동작구_남성사계시장_JG_0062,8,본동인정시장,동작구,market,0.4726,0.0,0.15,0.0,0.0,0.0,0.6226
JG_20260407_1540_동작구_남성사계시장_JG_0062,9,보라매다올길골목형상점가,동작구,market,0.4724,0.0,0.15,0.0,0.0,0.0,0.6224
JG_20260407_1540_동작구_남성사계시장_JG_0062,10,신대방1동 온누리길 골목형상점가,동작구,market,0.4707,0.0,0.15,0.0,0.0,0.0,0.6207
JG_20260407_1640_동작구_성대전통시장_JG_0063,1,노량진수산시장골목형상점가,동작구,market,0.5136,0.0,0.15,0.0,0.0,0.0,0.6636
JG_20260407_1640_동작구_성대전통시장_JG_0063,2,이수미로 골목형상점가,동작구,market,0.4843,0.0,0.15,0.0,0.0,0.0,0.6343
JG_20260407_1640_동작구_성대전통시장_JG_0063,3,숭실마루길 골목형상점가,동작구,market,0.4765,0.0,0.15,0.0,0.0,0.0,0.6265
JG_20260407_1640_동작구_성대전통시장_JG_0063,4,성대전통시장,동작구,market,0.4756,0.0,0.15,0.0,0.0,0.0,0.6256
JG_20260407_1640_동작구_성대전통시장_JG_0063,5,남성사계시장(남성시장),동작구,market,0.4745,0.0,0.15,0.0,0.0,0.0,0.6245
JG_20260407_1640_동작구_성대전통시장_JG_0063,6,흑석시장 골목형상점가,동작구,market,0.4738,0.0,0.15,0.0,0.0,0.0,0.6238
JG_20260407_1640_동작구_성대전통시장_JG_0063,7,상도전통시장,동작구,market,0.4731,0.0,0.15,0.0,0.0,0.0,0.6231
JG_20260407_1640_동작구_성대전통시장_JG_0063,8,본동인정시장,동작구,market,0.4726,0.0,0.15,0.0,0.0,0.0,0.6226
JG_20260407_1640_동작구_성대전통시장_JG_0063,9,보라매다올길골목형상점가,동작구,market,0.4724,0.0,0.15,0.0,0.0,0.0,0.6224
JG_20260407_1640_동작구_성대전통시장_JG_0063,10,신대방1동 온누리길 골목형상점가,동작구,market,0.4707,0.0,0.15,0.0,0.0,0.0,0.6207
JG_20260408_1700_서대문구_영천시장_JG_0067,1,남대문시장,중구,market,0.7056,0.0,0.15,0.0,0.0,0.0,0.8556
JG_20260408_1700_서대문구_영천시장_JG_0067,2,동대문종합시장,종로구,market,0.6301,0.0,0.15,0.0,0.0,0.0,0.7801
JG_20260408_1700_서대문구_영천시장_JG_0067,3,장안 마실 골목형상점가,동대문구,market,0.6299,0.0,0.15,0.0,0.0,0.0,0.7799
JG_20260408_1700_서대문구_영천시장_JG_0067,4,천호로데오거리상점가,강동구,market,0.5914,0.0,0.15,0.0,0.0,0.0,0.7414
JG_20260408_1700_서대문구_영천시장_JG_0067,5,광장전통시장,종로구,market,0.5714,0.0,0.15,0.0,0.0,0.0,0.7214
JG_20260408_1700_서대문구_영천시장_JG_0067,6,가락몰 골목형상점가,송파구,market,0.5612,0.0,0.15,0.0,0.0,0.0,0.7112
JG_20260408_1700_서대문구_영천시장_JG_0067,7,평화시장,중구,market,0.5528,0.0,0.15,0.0,0.0,0.0,0.7028
JG_20260408_1700_서대문구_영천시장_JG_0067,8,포방터시장,서대문구,market,0.4698,0.0,0.15,0.0,0.0,0.0,0.6198
JG_20260408_1700_서대문구_영천시장_JG_0067,9,영천시장,서대문구,market,0.4684,0.0,0.15,0.0,0.0,0.0,0.6184
JG_20260408_1700_서대문구_영천시장_JG_0067,10,남이동길골목형상점가,서대문구,market,0.4684,0.0,0.15,0.0,0.0,0.0,0.6184
JG_20260408_1755_서대문구_홍제천인공폭포_JG_0068,1,서울역,중구,subway,0.9642,0.0,0.15,0.0,0.0,0.0,1.1142
JG_20260408_1755_서대문구_홍제천인공폭포_JG_0068,2,잠실(송파구청),송파구,subway,0.9611,0.0,0.15,0.0,0.0,0.0,1.1111
JG_20260408_1755_서대문구_홍제천인공폭포_JG_0068,3,강남,강남구,subway,0.9318,0.0,0.15,0.0,0.0,0.0,1.0818
JG_20260408_1755_서대문구_홍제천인공폭포_JG_0068,4,홍대입구,마포구,subway,0.8656,0.0,0.15,0.0,0.0,0.0,1.0156
JG_20260408_1755_서대문구_홍제천인공폭포_JG_0068,5,고속터미널,서초구,subway,0.8161,0.0,0.15,0.0,0.0,0.0,0.9661
JG_20260408_1755_서대문구_홍제천인공폭포_JG_0068,6,삼성(무역센터),강남구,subway,0.7312,0.0,0.15,0.0,0.0,0.0,0.8812
JG_20260408_1755_서대문구_홍제천인공폭포_JG_0068,7,성수,성동구,subway,0.7287,0.0,0.15,0.0,0.0,0.0,0.8787
JG_20260408_1755_서대문구_홍제천인공폭포_JG_0068,8,선릉,강남구,subway,0.7238,0.0,0.15,0.0,0.0,0.0,0.8738
JG_20260408_1755_서대문구_홍제천인공폭포_JG_0068,9,용산,용산구,subway,0.7194,0.0,0.15,0.0,0.0,0.0,0.8694
JG_20260408_1755_서대문구_홍제천인공폭포_JG_0068,10,구로디지털단지,구로구,subway,0.6961,0.0,0.15,0.0,0.0,0.0,0.8461
JG_20260409_1500_중랑구_동원시장_JG_0071,1,우림골목시장,중랑구,market,0.4775,0.0,0.15,0.0,0.0,0.0,0.6275
JG_20260409_1500_중랑구_동원시장_JG_0071,2,동원전통종합시장,중랑구,market,0.4761,0.0,0.15,0.0,0.0,0.0,0.6261
JG_20260409_1500_중랑구_동원시장_JG_0071,3,상봉먹자 골목형상점가,중랑구,market,0.4738,0.0,0.15,0.0,0.0,0.0,0.6238
JG_20260409_1500_중랑구_동원시장_JG_0071,4,사가정시장,중랑구,market,0.4731,0.0,0.15,0.0,0.0,0.0,0.6231
JG_20260409_1500_중랑구_동원시장_JG_0071,5,면목시장(골목형),중랑구,market,0.4729,0.0,0.15,0.0,0.0,0.0,0.6229
JG_20260409_1500_중랑구_동원시장_JG_0071,6,신내구길 골목형상점가,중랑구,market,0.4722,0.0,0.15,0.0,0.0,0.0,0.6222
JG_20260409_1500_중랑구_동원시장_JG_0071,7,사가정51길 골목형상점가,중랑구,market,0.4706,0.0,0.15,0.0,0.0,0.0,0.6206
JG_20260409_1500_중랑구_동원시장_JG_0071,8,중랑동부시장,중랑구,market,0.4702,0.0,0.15,0.0,0.0,0.0,0.6202
JG_20260409_1500_중랑구_동원시장_JG_0071,9,묵동도깨비시장 골목형상점가,중랑구,market,0.4701,0.0,0.15,0.0,0.0,0.0,0.6201
JG_20260409_1500_중랑구_동원시장_JG_0071,10,태능 골목형상점가,중랑구,market,0.4699,0.0,0.15,0.0,0.0,0.0,0.6199
JG_20260409_1550_중랑구_우림시장_JG_0072,1,우림골목시장,중랑구,market,0.4775,0.0,0.15,0.0,0.0,0.0,0.6275
JG_20260409_1550_중랑구_우림시장_JG_0072,2,동원전통종합시장,중랑구,market,0.4761,0.0,0.15,0.0,0.0,0.0,0.6261
JG_20260409_1550_중랑구_우림시장_JG_0072,3,상봉먹자 골목형상점가,중랑구,market,0.4738,0.0,0.15,0.0,0.0,0.0,0.6238
JG_20260409_1550_중랑구_우림시장_JG_0072,4,사가정시장,중랑구,market,0.4731,0.0,0.15,0.0,0.0,0.0,0.6231
JG_20260409_1550_중랑구_우림시장_JG_0072,5,면목시장(골목형),중랑구,market,0.4729,0.0,0.15,0.0,0.0,0.0,0.6229
JG_20260409_1550_중랑구_우림시장_JG_0072,6,신내구길 골목형상점가,중랑구,market,0.4722,0.0,0.15,0.0,0.0,0.0,0.6222
JG_20260409_1550_중랑구_우림시장_JG_0072,7,사가정51길 골목형상점가,중랑구,market,0.4706,0.0,0.15,0.0,0.0,0.0,0.6206
JG_20260409_1550_중랑구_우림시장_JG_0072,8,중랑동부시장,중랑구,market,0.4702,0.0,0.15,0.0,0.0,0.0,0.6202
JG_20260409_1550_중랑구_우림시장_JG_0072,9,묵동도깨비시장 골목형상점가,중랑구,market,0.4701,0.0,0.15,0.0,0.0,0.0,0.6201
JG_20260409_1550_중랑구_우림시장_JG_0072,10,태능 골목형상점가,중랑구,market,0.4699,0.0,0.15,0.0,0.0,0.0,0.6199
JG_20260415_1055_종로구_북촌의봄_JG_0081,1,동대문종합시장,종로구,market,0.5837,0.0,0.15,0.0,0.0,0.0,0.7337
JG_20260415_1055_종로구_북촌의봄_JG_0081,2,광장전통시장,종로구,market,0.5242,0.0,0.15,0.0,0.0,0.0,0.6742
JG_20260415_1055_종로구_북촌의봄_JG_0081,3,광장시장,종로구,market,0.479,0.0,0.15,0.0,0.0,0.0,0.629
JG_20260415_1055_종로구_북촌의봄_JG_0081,4,동대문종합시장D동,종로구,market,0.4504,0.0,0.15,0.0,0.0,0.0,0.6004
JG_20260415_1055_종로구_북촌의봄_JG_0081,5,동대문문구?완구거리,종로구,market,0.4264,0.0,0.15,0.0,0.0,0.0,0.5764
JG_20260415_1055_종로구_북촌의봄_JG_0081,6,동묘시장,종로구,market,0.4255,0.0,0.15,0.0,0.0,0.0,0.5755
JG_20260415_1055_종로구_북촌의봄_JG_0081,7,창신골목시장,종로구,market,0.4248,0.0,0.15,0.0,0.0,0.0,0.5748
JG_20260415_1055_종로구_북촌의봄_JG_0081,8,세종마을음식문화거리,종로구,market,0.4242,0.0,0.15,0.0,0.0,0.0,0.5742
JG_20260415_1055_종로구_북촌의봄_JG_0081,9,북촌계동길 골목형상점가,종로구,market,0.4241,0.0,0.15,0.0,0.0,0.0,0.5741
JG_20260415_1055_종로구_북촌의봄_JG_0081,10,통인시장,종로구,market,0.4222,0.0,0.15,0.0,0.0,0.0,0.5722
JG_20260417_0730_송파구_가락몰농수산물시장_JG_0085,1,남대문시장,중구,market,0.6592,0.0,0.15,0.0,0.0,0.0,0.8092
JG_20260417_0730_송파구_가락몰농수산물시장_JG_0085,2,동대문종합시장,종로구,market,0.5837,0.0,0.15,0.0,0.0,0.0,0.7337
JG_20260417_0730_송파구_가락몰농수산물시장_JG_0085,3,장안 마실 골목형상점가,동대문구,market,0.5827,0.0,0.15,0.0,0.0,0.0,0.7327
JG_20260417_0730_송파구_가락몰농수산물시장_JG_0085,4,천호로데오거리상점가,강동구,market,0.5458,0.0,0.15,0.0,0.0,0.0,0.6958
JG_20260417_0730_송파구_가락몰농수산물시장_JG_0085,5,가락몰 골목형상점가,송파구,market,0.514,0.0,0.15,0.0,0.0,0.0,0.664
JG_20260417_0730_송파구_가락몰농수산물시장_JG_0085,6,방이시장,송파구,market,0.4351,0.0,0.15,0.0,0.0,0.0,0.5851
JG_20260417_0730_송파구_가락몰농수산물시장_JG_0085,7,풍납시장,송파구,market,0.4315,0.0,0.15,0.0,0.0,0.0,0.5815
JG_20260417_0730_송파구_가락몰농수산물시장_JG_0085,8,새마을시장,송파구,market,0.4291,0.0,0.15,0.0,0.0,0.0,0.5791
JG_20260417_0730_송파구_가락몰농수산물시장_JG_0085,9,마천중앙시장,송파구,market,0.4285,0.0,0.15,0.0,0.0,0.0,0.5785
JG_20260417_0730_송파구_가락몰농수산물시장_JG_0085,10,석촌시장,송파구,market,0.426,0.0,0.15,0.0,0.0,0.0,0.576
JG_20260417_1530_강동구_명일동싱크홀현장_JG_0089,1,서울역,중구,subway,0.9642,0.0,0.15,0.0,0.0,0.0,1.1142
JG_20260417_1530_강동구_명일동싱크홀현장_JG_0089,2,잠실(송파구청),송파구,subway,0.9611,0.0,0.15,0.0,0.0,0.0,1.1111
JG_20260417_1530_강동구_명일동싱크홀현장_JG_0089,3,강남,강남구,subway,0.9318,0.0,0.15,0.0,0.0,0.0,1.0818
JG_20260417_1530_강동구_명일동싱크홀현장_JG_0089,4,홍대입구,마포구,subway,0.8656,0.0,0.15,0.0,0.0,0.0,1.0156
JG_20260417_1530_강동구_명일동싱크홀현장_JG_0089,5,고속터미널,서초구,subway,0.8161,0.0,0.15,0.0,0.0,0.0,0.9661
JG_20260417_1530_강동구_명일동싱크홀현장_JG_0089,6,삼성(무역센터),강남구,subway,0.7312,0.0,0.15,0.0,0.0,0.0,0.8812
JG_20260417_1530_강동구_명일동싱크홀현장_JG_0089,7,성수,성동구,subway,0.7287,0.0,0.15,0.0,0.0,0.0,0.8787
JG_20260417_1530_강동구_명일동싱크홀현장_JG_0089,8,선릉,강남구,subway,0.7238,0.0,0.15,0.0,0.0,0.0,0.8738
JG_20260417_1530_강동구_명일동싱크홀현장_JG_0089,9,용산,용산구,subway,0.7194,0.0,0.15,0.0,0.0,0.0,0.8694
JG_20260417_1530_강동구_명일동싱크홀현장_JG_0089,10,구로디지털단지,구로구,subway,0.6961,0.0,0.15,0.0,0.0,0.0,0.8461
JG_20260417_1600_강동구_고덕비즈밸리_JG_0090,1,서울역,중구,subway,0.9642,0.0,0.15,0.0,0.0,0.0,1.1142
JG_20260417_1600_강동구_고덕비즈밸리_JG_0090,2,잠실(송파구청),송파구,subway,0.9611,0.0,0.15,0.0,0.0,0.0,1.1111
JG_20260417_1600_강동구_고덕비즈밸리_JG_0090,3,강남,강남구,subway,0.9318,0.0,0.15,0.0,0.0,0.0,1.0818
JG_20260417_1600_강동구_고덕비즈밸리_JG_0090,4,홍대입구,마포구,subway,0.8656,0.0,0.15,0.0,0.0,0.0,1.0156
JG_20260417_1600_강동구_고덕비즈밸리_JG_0090,5,고속터미널,서초구,subway,0.8161,0.0,0.15,0.0,0.0,0.0,0.9661
JG_20260417_1600_강동구_고덕비즈밸리_JG_0090,6,삼성(무역센터),강남구,subway,0.7312,0.0,0.15,0.0,0.0,0.0,0.8812
JG_20260417_1600_강동구_고덕비즈밸리_JG_0090,7,성수,성동구,subway,0.7287,0.0,0.15,0.0,0.0,0.0,0.8787
JG_20260417_1600_강동구_고덕비즈밸리_JG_0090,8,선릉,강남구,subway,0.7238,0.0,0.15,0.0,0.0,0.0,0.8738
JG_20260417_1600_강동구_고덕비즈밸리_JG_0090,9,용산,용산구,subway,0.7194,0.0,0.15,0.0,0.0,0.0,0.8694
JG_20260417_1600_강동구_고덕비즈밸리_JG_0090,10,구로디지털단지,구로구,subway,0.6961,0.0,0.15,0.0,0.0,0.0,0.8461
JG_20260417_1635_강동구_고덕비즈밸리역공사현장_JG_0091,1,서울역,중구,subway,0.9642,0.0,0.15,0.0,0.0,0.0,1.1142
JG_20260417_1635_강동구_고덕비즈밸리역공사현장_JG_0091,2,잠실(송파구청),송파구,subway,0.9611,0.0,0.15,0.0,0.0,0.0,1.1111
JG_20260417_1635_강동구_고덕비즈밸리역공사현장_JG_0091,3,강남,강남구,subway,0.9318,0.0,0.15,0.0,0.0,0.0,1.0818
JG_20260417_1635_강동구_고덕비즈밸리역공사현장_JG_0091,4,홍대입구,마포구,subway,0.8656,0.0,0.15,0.0,0.0,0.0,1.0156
JG_20260417_1635_강동구_고덕비즈밸리역공사현장_JG_0091,5,고속터미널,서초구,subway,0.8161,0.0,0.15,0.0,0.0,0.0,0.9661
JG_20260417_1635_강동구_고덕비즈밸리역공사현장_JG_0091,6,삼성(무역센터),강남구,subway,0.7312,0.0,0.15,0.0,0.0,0.0,0.8812
JG_20260417_1635_강동구_고덕비즈밸리역공사현장_JG_0091,7,성수,성동구,subway,0.7287,0.0,0.15,0.0,0.0,0.0,0.8787
JG_20260417_1635_강동구_고덕비즈밸리역공사현장_JG_0091,8,선릉,강남구,subway,0.7238,0.0,0.15,0.0,0.0,0.0,0.8738
JG_20260417_1635_강동구_고덕비즈밸리역공사현장_JG_0091,9,용산,용산구,subway,0.7194,0.0,0.15,0.0,0.0,0.0,0.8694
JG_20260417_1635_강동구_고덕비즈밸리역공사현장_JG_0091,10,구로디지털단지,구로구,subway,0.6961,0.0,0.15,0.0,0.0,0.0,0.8461
JG_20260419_1440_노원구_불암산철쭉동산_JG_0092,1,서울역,중구,subway,0.9642,0.0,0.15,0.0,0.0,0.0,1.1142
JG_20260419_1440_노원구_불암산철쭉동산_JG_0092,2,잠실(송파구청),송파구,subway,0.9611,0.0,0.15,0.0,0.0,0.0,1.1111
JG_20260419_1440_노원구_불암산철쭉동산_JG_0092,3,강남,강남구,subway,0.9318,0.0,0.15,0.0,0.0,0.0,1.0818
JG_20260419_1440_노원구_불암산철쭉동산_JG_0092,4,홍대입구,마포구,subway,0.8656,0.0,0.15,0.0,0.0,0.0,1.0156
JG_20260419_1440_노원구_불암산철쭉동산_JG_0092,5,고속터미널,서초구,subway,0.8161,0.0,0.15,0.0,0.0,0.0,0.9661
JG_20260419_1440_노원구_불암산철쭉동산_JG_0092,6,삼성(무역센터),강남구,subway,0.7312,0.0,0.15,0.0,0.0,0.0,0.8812
JG_20260419_1440_노원구_불암산철쭉동산_JG_0092,7,성수,성동구,subway,0.7287,0.0,0.15,0.0,0.0,0.0,0.8787
JG_20260419_1440_노원구_불암산철쭉동산_JG_0092,8,선릉,강남구,subway,0.7238,0.0,0.15,0.0,0.0,0.0,0.8738
JG_20260419_1440_노원구_불암산철쭉동산_JG_0092,9,용산,용산구,subway,0.7194,0.0,0.15,0.0,0.0,0.0,0.8694
JG_20260419_1440_노원구_불암산철쭉동산_JG_0092,10,노원,노원구,subway,0.4421,0.0,0.15,0.0,0.0,0.0,0.5921
JG_20260422_1800_은평구_불광천_JG_0100,1,서울역,중구,subway,0.9642,0.0,0.15,0.0,0.0,0.0,1.1142
JG_20260422_1800_은평구_불광천_JG_0100,2,잠실(송파구청),송파구,subway,0.9611,0.0,0.15,0.0,0.0,0.0,1.1111
JG_20260422_1800_은평구_불광천_JG_0100,3,강남,강남구,subway,0.9318,0.0,0.15,0.0,0.0,0.0,1.0818
JG_20260422_1800_은평구_불광천_JG_0100,4,홍대입구,마포구,subway,0.8656,0.0,0.15,0.0,0.0,0.0,1.0156
JG_20260422_1800_은평구_불광천_JG_0100,5,고속터미널,서초구,subway,0.8161,0.0,0.15,0.0,0.0,0.0,0.9661
JG_20260422_1800_은평구_불광천_JG_0100,6,삼성(무역센터),강남구,subway,0.7312,0.0,0.15,0.0,0.0,0.0,0.8812
JG_20260422_1800_은평구_불광천_JG_0100,7,성수,성동구,subway,0.7287,0.0,0.15,0.0,0.0,0.0,0.8787
JG_20260422_1800_은평구_불광천_JG_0100,8,선릉,강남구,subway,0.7238,0.0,0.15,0.0,0.0,0.0,0.8738
JG_20260422_1800_은평구_불광천_JG_0100,9,용산,용산구,subway,0.7194,0.0,0.15,0.0,0.0,0.0,0.8694
JG_20260422_1800_은평구_불광천_JG_0100,10,연신내,은평구,subway,0.5711,0.0,0.15,0.0,0.0,0.0,0.7211
JG_20260424_1445_성동구_아지오성수점_JG_0104,1,남대문시장,중구,market,0.7056,0.0,0.15,0.0,0.0,0.0,0.8556
JG_20260424_1445_성동구_아지오성수점_JG_0104,2,동대문종합시장,종로구,market,0.6301,0.0,0.15,0.0,0.0,0.0,0.7801
JG_20260424_1445_성동구_아지오성수점_JG_0104,3,장안 마실 골목형상점가,동대문구,market,0.6299,0.0,0.15,0.0,0.0,0.0,0.7799
JG_20260424_1445_성동구_아지오성수점_JG_0104,4,천호로데오거리상점가,강동구,market,0.5914,0.0,0.15,0.0,0.0,0.0,0.7414
JG_20260424_1445_성동구_아지오성수점_JG_0104,5,마장축산물시장,성동구,market,0.5116,0.0,0.15,0.0,0.0,0.0,0.6616
JG_20260424_1445_성동구_아지오성수점_JG_0104,6,성동용답상가시장,성동구,market,0.4816,0.0,0.15,0.0,0.0,0.0,0.6316
JG_20260424_1445_성동구_아지오성수점_JG_0104,7,송정벚꽃골목형상점가,성동구,market,0.4775,0.0,0.15,0.0,0.0,0.0,0.6275
JG_20260424_1445_성동구_아지오성수점_JG_0104,8,사근살곶이골목형상점가시장,성동구,market,0.474,0.0,0.15,0.0,0.0,0.0,0.624
JG_20260424_1445_성동구_아지오성수점_JG_0104,9,금남시장,성동구,market,0.4707,0.0,0.15,0.0,0.0,0.0,0.6207
JG_20260424_1445_성동구_아지오성수점_JG_0104,10,뚝도시장,성동구,market,0.4683,0.0,0.15,0.0,0.0,0.0,0.6183
JG_20260424_1650_성동구_금남시장_JG_0105,1,남대문시장,중구,market,0.7056,0.0,0.15,0.0,0.0,0.0,0.8556
JG_20260424_1650_성동구_금남시장_JG_0105,2,동대문종합시장,종로구,market,0.6301,0.0,0.15,0.0,0.0,0.0,0.7801
JG_20260424_1650_성동구_금남시장_JG_0105,3,장안 마실 골목형상점가,동대문구,market,0.6299,0.0,0.15,0.0,0.0,0.0,0.7799
JG_20260424_1650_성동구_금남시장_JG_0105,4,천호로데오거리상점가,강동구,market,0.5914,0.0,0.15,0.0,0.0,0.0,0.7414
JG_20260424_1650_성동구_금남시장_JG_0105,5,마장축산물시장,성동구,market,0.5116,0.0,0.15,0.0,0.0,0.0,0.6616
JG_20260424_1650_성동구_금남시장_JG_0105,6,성동용답상가시장,성동구,market,0.4816,0.0,0.15,0.0,0.0,0.0,0.6316
JG_20260424_1650_성동구_금남시장_JG_0105,7,송정벚꽃골목형상점가,성동구,market,0.4775,0.0,0.15,0.0,0.0,0.0,0.6275
JG_20260424_1650_성동구_금남시장_JG_0105,8,사근살곶이골목형상점가시장,성동구,market,0.474,0.0,0.15,0.0,0.0,0.0,0.624
JG_20260424_1650_성동구_금남시장_JG_0105,9,금남시장,성동구,market,0.4707,0.0,0.15,0.0,0.0,0.0,0.6207
JG_20260424_1650_성동구_금남시장_JG_0105,10,뚝도시장,성동구,market,0.4683,0.0,0.15,0.0,0.0,0.0,0.6183
JG_20260425_0900_서초구_잠수대교남단_JG_0106,1,신림,관악구,subway,0.9468,0.0,0.15,0.0,0.0,0.0,1.0968
JG_20260425_0900_서초구_잠수대교남단_JG_0106,2,잠실(송파구청),송파구,subway,0.8013,0.0,0.15,0.0,0.0,0.0,0.9513
JG_20260425_0900_서초구_잠수대교남단_JG_0106,3,서울역,중구,subway,0.7902,0.0,0.15,0.0,0.0,0.0,0.9402
JG_20260425_0900_서초구_잠수대교남단_JG_0106,4,구로디지털단지,구로구,subway,0.776,0.0,0.15,0.0,0.0,0.0,0.926
JG_20260425_0900_서초구_잠수대교남단_JG_0106,5,서울대입구(관악구청),관악구,subway,0.7382,0.0,0.15,0.0,0.0,0.0,0.8882
JG_20260425_0900_서초구_잠수대교남단_JG_0106,6,신도림,구로구,subway,0.7139,0.0,0.15,0.0,0.0,0.0,0.8639
JG_20260425_0900_서초구_잠수대교남단_JG_0106,7,연신내,은평구,subway,0.667,0.0,0.15,0.0,0.0,0.0,0.817
JG_20260425_0900_서초구_잠수대교남단_JG_0106,8,까치산,강서구,subway,0.6301,0.0,0.15,0.0,0.0,0.0,0.7801
JG_20260425_0900_서초구_잠수대교남단_JG_0106,9,고속터미널,서초구,subway,0.4976,0.0,0.15,0.0,0.0,0.0,0.6476
JG_20260425_0900_서초구_잠수대교남단_JG_0106,10,양재(서초구청),서초구,subway,0.4286,0.0,0.15,0.0,0.0,0.0,0.5786
JG_20260425_1140_중구_남대문시장_JG_0107,1,남대문시장,중구,market,0.6592,0.0,0.15,0.0,0.0,0.0,0.8092
JG_20260425_1140_중구_남대문시장_JG_0107,2,평화시장,중구,market,0.5064,0.0,0.15,0.0,0.0,0.0,0.6564
JG_20260425_1140_중구_남대문시장_JG_0107,3,삼익패션타운,중구,market,0.4758,0.0,0.15,0.0,0.0,0.0,0.6258
JG_20260425_1140_중구_남대문시장_JG_0107,4,동평화시장,중구,market,0.4662,0.0,0.15,0.0,0.0,0.0,0.6162
JG_20260425_1140_중구_남대문시장_JG_0107,5,청평화시장,중구,market,0.4559,0.0,0.15,0.0,0.0,0.0,0.6059
JG_20260425_1140_중구_남대문시장_JG_0107,6,방산시장,중구,market,0.4531,0.0,0.15,0.0,0.0,0.0,0.6031
JG_20260425_1140_중구_남대문시장_JG_0107,7,신평화패션타운,중구,market,0.4529,0.0,0.15,0.0,0.0,0.0,0.6029
JG_20260425_1140_중구_남대문시장_JG_0107,8,광희패션몰,중구,market,0.4509,0.0,0.15,0.0,0.0,0.0,0.6009
JG_20260425_1140_중구_남대문시장_JG_0107,9,통일상가,중구,market,0.4472,0.0,0.15,0.0,0.0,0.0,0.5972
JG_20260425_1140_중구_남대문시장_JG_0107,10,중부시장,중구,market,0.4423,0.0,0.15,0.0,0.0,0.0,0.5923
JG_20260426_1155_영등포구_광야홈리스복지센터_JG_0109,1,성수1가2동노인복지관 대현분소,성동구,senior_friendly,0.9585,0.0,0.15,0.0,0.0,0.0,1.1085
JG_20260426_1155_영등포구_광야홈리스복지센터_JG_0109,2,강남구립 도곡1노인복지관,강남구,senior_friendly,0.9536,0.0,0.15,0.0,0.0,0.0,1.1036
JG_20260426_1155_영등포구_광야홈리스복지센터_JG_0109,3,강동구립 해공노인복지관,강동구,senior_friendly,0.952,0.0,0.15,0.0,0.0,0.0,1.102
JG_20260426_1155_영등포구_광야홈리스복지센터_JG_0109,4,구립 자양노인복지관,광진구,senior_friendly,0.9487,0.0,0.15,0.0,0.0,0.0,1.0987
JG_20260426_1155_영등포구_광야홈리스복지센터_JG_0109,5,구립갈현노인복지관,은평구,senior_friendly,0.947,0.0,0.15,0.0,0.0,0.0,1.097
JG_20260426_1155_영등포구_광야홈리스복지센터_JG_0109,6,용강 노인복지관,마포구,senior_friendly,0.9454,0.0,0.15,0.0,0.0,0.0,1.0954
JG_20260426_1155_영등포구_광야홈리스복지센터_JG_0109,7,북가좌노인복지관,서대문구,senior_friendly,0.9454,0.0,0.15,0.0,0.0,0.0,1.0954
JG_20260426_1155_영등포구_광야홈리스복지센터_JG_0109,8,청파노인복지관,용산구,senior_friendly,0.9438,0.0,0.15,0.0,0.0,0.0,1.0938
JG_20260426_1155_영등포구_광야홈리스복지센터_JG_0109,9,약수노인복지관,중구,senior_friendly,0.9438,0.0,0.15,0.0,0.0,0.0,1.0938
JG_20260426_1155_영등포구_광야홈리스복지센터_JG_0109,10,구립영등포노인종합복지관,영등포구,senior_friendly,0.9248,0.0,0.15,0.0,0.0,0.0,1.0748
JG_20260427_1020_서초구_광수약국_JG_0110,1,신림,관악구,subway,0.9468,0.0,0.15,0.0,0.0,0.0,1.0968
JG_20260427_1020_서초구_광수약국_JG_0110,2,잠실(송파구청),송파구,subway,0.8013,0.0,0.15,0.0,0.0,0.0,0.9513
JG_20260427_1020_서초구_광수약국_JG_0110,3,서울역,중구,subway,0.7902,0.0,0.15,0.0,0.0,0.0,0.9402
JG_20260427_1020_서초구_광수약국_JG_0110,4,구로디지털단지,구로구,subway,0.776,0.0,0.15,0.0,0.0,0.0,0.926
JG_20260427_1020_서초구_광수약국_JG_0110,5,서울대입구(관악구청),관악구,subway,0.7382,0.0,0.15,0.0,0.0,0.0,0.8882
JG_20260427_1020_서초구_광수약국_JG_0110,6,신도림,구로구,subway,0.7139,0.0,0.15,0.0,0.0,0.0,0.8639
JG_20260427_1020_서초구_광수약국_JG_0110,7,연신내,은평구,subway,0.667,0.0,0.15,0.0,0.0,0.0,0.817
JG_20260427_1020_서초구_광수약국_JG_0110,8,까치산,강서구,subway,0.6301,0.0,0.15,0.0,0.0,0.0,0.7801
JG_20260427_1020_서초구_광수약국_JG_0110,9,고속터미널,서초구,subway,0.4976,0.0,0.15,0.0,0.0,0.0,0.6476
JG_20260427_1020_서초구_광수약국_JG_0110,10,양재(서초구청),서초구,subway,0.4286,0.0,0.15,0.0,0.0,0.0,0.5786
JG_20260427_1100_서초구_서울고속버스터미널지하상가_JG_0111,1,남대문시장,중구,market,0.6592,0.0,0.15,0.0,0.0,0.0,0.8092
JG_20260427_1100_서초구_서울고속버스터미널지하상가_JG_0111,2,동대문종합시장,종로구,market,0.5837,0.0,0.15,0.0,0.0,0.0,0.7337
JG_20260427_1100_서초구_서울고속버스터미널지하상가_JG_0111,3,장안 마실 골목형상점가,동대문구,market,0.5827,0.0,0.15,0.0,0.0,0.0,0.7327
JG_20260427_1100_서초구_서울고속버스터미널지하상가_JG_0111,4,천호로데오거리상점가,강동구,market,0.5458,0.0,0.15,0.0,0.0,0.0,0.6958
JG_20260427_1100_서초구_서울고속버스터미널지하상가_JG_0111,5,광장전통시장,종로구,market,0.5242,0.0,0.15,0.0,0.0,0.0,0.6742
JG_20260427_1100_서초구_서울고속버스터미널지하상가_JG_0111,6,가락몰 골목형상점가,송파구,market,0.514,0.0,0.15,0.0,0.0,0.0,0.664
JG_20260427_1100_서초구_서울고속버스터미널지하상가_JG_0111,7,평화시장,중구,market,0.5064,0.0,0.15,0.0,0.0,0.0,0.6564
JG_20260427_1100_서초구_서울고속버스터미널지하상가_JG_0111,8,서울약령시장,동대문구,market,0.5054,0.0,0.15,0.0,0.0,0.0,0.6554
JG_20260427_1100_서초구_서울고속버스터미널지하상가_JG_0111,9,영등포유통상가,영등포구,market,0.4917,0.0,0.15,0.0,0.0,0.0,0.6417
JG_20260427_1100_서초구_서울고속버스터미널지하상가_JG_0111,10,광장시장,종로구,market,0.479,0.0,0.15,0.0,0.0,0.0,0.629
JG_20260429_1050_성북구_장위14주택재개발구역_JG_0119,1,신림,관악구,subway,0.9468,0.0,0.15,0.0,0.0,0.0,1.0968
JG_20260429_1050_성북구_장위14주택재개발구역_JG_0119,2,잠실(송파구청),송파구,subway,0.8013,0.0,0.15,0.0,0.0,0.0,0.9513
JG_20260429_1050_성북구_장위14주택재개발구역_JG_0119,3,서울역,중구,subway,0.7902,0.0,0.15,0.0,0.0,0.0,0.9402
JG_20260429_1050_성북구_장위14주택재개발구역_JG_0119,4,구로디지털단지,구로구,subway,0.776,0.0,0.15,0.0,0.0,0.0,0.926
JG_20260429_1050_성북구_장위14주택재개발구역_JG_0119,5,서울대입구(관악구청),관악구,subway,0.7382,0.0,0.15,0.0,0.0,0.0,0.8882
JG_20260429_1050_성북구_장위14주택재개발구역_JG_0119,6,신도림,구로구,subway,0.7139,0.0,0.15,0.0,0.0,0.0,0.8639
JG_20260429_1050_성북구_장위14주택재개발구역_JG_0119,7,연신내,은평구,subway,0.667,0.0,0.15,0.0,0.0,0.0,0.817
JG_20260429_1050_성북구_장위14주택재개발구역_JG_0119,8,까치산,강서구,subway,0.6301,0.0,0.15,0.0,0.0,0.0,0.7801
JG_20260429_1050_성북구_장위14주택재개발구역_JG_0119,9,화곡,강서구,subway,0.6251,0.0,0.15,0.0,0.0,0.0,0.7751
JG_20260429_1050_성북구_장위14주택재개발구역_JG_0119,10,쌍문,도봉구,subway,0.623,0.0,0.15,0.0,0.0,0.0,0.773
JG_20260429_1200_성북구_정릉공영차고지_JG_0121,1,서울역,중구,subway,0.9642,0.0,0.15,0.0,0.0,0.0,1.1142
JG_20260429_1200_성북구_정릉공영차고지_JG_0121,2,잠실(송파구청),송파구,subway,0.9611,0.0,0.15,0.0,0.0,0.0,1.1111
JG_20260429_1200_성북구_정릉공영차고지_JG_0121,3,강남,강남구,subway,0.9318,0.0,0.15,0.0,0.0,0.0,1.0818
JG_20260429_1200_성북구_정릉공영차고지_JG_0121,4,홍대입구,마포구,subway,0.8656,0.0,0.15,0.0,0.0,0.0,1.0156
JG_20260429_1200_성북구_정릉공영차고지_JG_0121,5,고속터미널,서초구,subway,0.8161,0.0,0.15,0.0,0.0,0.0,0.9661
JG_20260429_1200_성북구_정릉공영차고지_JG_0121,6,삼성(무역센터),강남구,subway,0.7312,0.0,0.15,0.0,0.0,0.0,0.8812
JG_20260429_1200_성북구_정릉공영차고지_JG_0121,7,성수,성동구,subway,0.7287,0.0,0.15,0.0,0.0,0.0,0.8787
JG_20260429_1200_성북구_정릉공영차고지_JG_0121,8,선릉,강남구,subway,0.7238,0.0,0.15,0.0,0.0,0.0,0.8738
JG_20260429_1200_성북구_정릉공영차고지_JG_0121,9,용산,용산구,subway,0.7194,0.0,0.15,0.0,0.0,0.0,0.8694
JG_20260429_1200_성북구_정릉공영차고지_JG_0121,10,구로디지털단지,구로구,subway,0.6961,0.0,0.15,0.0,0.0,0.0,0.8461
JG_20260430_0500_양천구_신정차량사업소_JG_0123,1,신림,관악구,subway,0.9468,0.0,0.15,0.0,0.0,0.0,1.0968
JG_20260430_0500_양천구_신정차량사업소_JG_0123,2,잠실(송파구청),송파구,subway,0.8013,0.0,0.15,0.0,0.0,0.0,0.9513
JG_20260430_0500_양천구_신정차량사업소_JG_0123,3,서울역,중구,subway,0.7902,0.0,0.15,0.0,0.0,0.0,0.9402
JG_20260430_0500_양천구_신정차량사업소_JG_0123,4,구로디지털단지,구로구,subway,0.776,0.0,0.15,0.0,0.0,0.0,0.926
JG_20260430_0500_양천구_신정차량사업소_JG_0123,5,서울대입구(관악구청),관악구,subway,0.7382,0.0,0.15,0.0,0.0,0.0,0.8882
JG_20260430_0500_양천구_신정차량사업소_JG_0123,6,신도림,구로구,subway,0.7139,0.0,0.15,0.0,0.0,0.0,0.8639
JG_20260430_0500_양천구_신정차량사업소_JG_0123,7,연신내,은평구,subway,0.667,0.0,0.15,0.0,0.0,0.0,0.817
JG_20260430_0500_양천구_신정차량사업소_JG_0123,8,까치산,강서구,subway,0.6301,0.0,0.15,0.0,0.0,0.0,0.7801
JG_20260430_0500_양천구_신정차량사업소_JG_0123,9,화곡,강서구,subway,0.6251,0.0,0.15,0.0,0.0,0.0,0.7751
JG_20260430_0500_양천구_신정차량사업소_JG_0123,10,쌍문,도봉구,subway,0.623,0.0,0.15,0.0,0.0,0.0,0.773
JG_20260430_0540_양천구_양천공영차고지_JG_0124,1,양천어르신종합복지관,양천구,senior_friendly,0.746,0.0,0.0,0.0,0.0,0.0,0.746
JG_20260430_0540_양천구_양천공영차고지_JG_0124,2,계남근린공원,양천구,park,0.6437,0.0,0.0,0.0,0.0,0.0,0.6437
JG_20260430_0540_양천구_양천공영차고지_JG_0124,3,서서울호수공원,양천구,park,0.6335,0.0,0.0,0.0,0.0,0.0,0.6335
JG_20260430_0540_양천구_양천공영차고지_JG_0124,4,갈산근린공원,양천구,park,0.6227,0.0,0.0,0.0,0.0,0.0,0.6227
JG_20260430_0540_양천구_양천공영차고지_JG_0124,5,용왕산근린공원,양천구,park,0.612,0.0,0.0,0.0,0.0,0.0,0.612
JG_20260430_0540_양천구_양천공영차고지_JG_0124,6,파리근린공원,양천구,park,0.6047,0.0,0.0,0.0,0.0,0.0,0.6047
JG_20260430_0540_양천구_양천공영차고지_JG_0124,7,신정차량사업소,양천구,subway,0.4215,0.0,0.15,0.0,0.0,0.0,0.5715
JG_20260430_0540_양천구_양천공영차고지_JG_0124,8,양천공영차고지,양천구,subway,0.4215,0.0,0.15,0.0,0.0,0.0,0.5715
JG_20260430_0540_양천구_양천공영차고지_JG_0124,9,현대백화점 목동점,양천구,subway,0.4215,0.0,0.15,0.0,0.0,0.0,0.5715
JG_20260430_0540_양천구_양천공영차고지_JG_0124,10,불광,,subway,0.4201,0.0,0.15,0.0,0.0,0.0,0.5701
JG_20260430_1500_금천구_금천현대시장_JG_0130,1,남대문시장,중구,market,0.7056,0.0,0.15,0.0,0.0,0.0,0.8556
JG_20260430_1500_금천구_금천현대시장_JG_0130,2,동대문종합시장,종로구,market,0.6301,0.0,0.15,0.0,0.0,0.0,0.7801
JG_20260430_1500_금천구_금천현대시장_JG_0130,3,장안 마실 골목형상점가,동대문구,market,0.6299,0.0,0.15,0.0,0.0,0.0,0.7799
JG_20260430_1500_금천구_금천현대시장_JG_0130,4,천호로데오거리상점가,강동구,market,0.5914,0.0,0.15,0.0,0.0,0.0,0.7414
JG_20260430_1500_금천구_금천현대시장_JG_0130,5,광장전통시장,종로구,market,0.5714,0.0,0.15,0.0,0.0,0.0,0.7214
JG_20260430_1500_금천구_금천현대시장_JG_0130,6,대명여울빛거리시장,금천구,market,0.4824,0.0,0.15,0.0,0.0,0.0,0.6324
JG_20260430_1500_금천구_금천현대시장_JG_0130,7,비단길현대시장,금천구,market,0.4807,0.0,0.15,0.0,0.0,0.0,0.6307
JG_20260430_1500_금천구_금천현대시장_JG_0130,8,법원단지길 상점가,금천구,market,0.4739,0.0,0.15,0.0,0.0,0.0,0.6239
JG_20260430_1500_금천구_금천현대시장_JG_0130,9,별빛남문시장,금천구,market,0.4734,0.0,0.15,0.0,0.0,0.0,0.6234
JG_20260430_1500_금천구_금천현대시장_JG_0130,10,정훈한마음골목시장,금천구,market,0.4713,0.0,0.15,0.0,0.0,0.0,0.6213
JG_20260501_1400_마포구_여의도공원10번출구_JG_0132,1,홍대입구,마포구,subway,0.8656,0.0,0.0,0.0,0.0,0.0,0.8656
JG_20260501_1400_마포구_여의도공원10번출구_JG_0132,2,용강 노인복지관,마포구,senior_friendly,0.7839,0.0,0.0,0.0,0.0,0.0,0.7839
JG_20260501_1400_마포구_여의도공원10번출구_JG_0132,3,월드컵공원,마포구,park,0.7425,0.0,0.0,0.0,0.0,0.0,0.7425
JG_20260501_1400_마포구_여의도공원10번출구_JG_0132,4,문화비축기지,마포구,park,0.634,0.0,0.0,0.0,0.0,0.0,0.634
JG_20260501_1400_마포구_여의도공원10번출구_JG_0132,5,와우근린공원,마포구,park,0.6305,0.0,0.0,0.0,0.0,0.0,0.6305
JG_20260501_1400_마포구_여의도공원10번출구_JG_0132,6,상암근린공원,마포구,park,0.6243,0.0,0.0,0.0,0.0,0.0,0.6243
JG_20260501_1400_마포구_여의도공원10번출구_JG_0132,7,외국인묘지공원,마포구,park,0.5815,0.0,0.0,0.0,0.0,0.0,0.5815
JG_20260501_1400_마포구_여의도공원10번출구_JG_0132,8,합정,마포구,subway,0.4906,0.0,0.0,0.0,0.0,0.0,0.4906
JG_20260501_1400_마포구_여의도공원10번출구_JG_0132,9,아현시장,마포구,market,0.4776,0.0,0.0,0.0,0.0,0.0,0.4776
JG_20260501_1400_마포구_여의도공원10번출구_JG_0132,10,연남동골목형상점가,마포구,market,0.4764,0.0,0.0,0.0,0.0,0.0,0.4764
JG_20260502_0700_마포구_마포구월드컵로251_JG_0133,1,봉은공원,강남구,park,0.7275,0.0,0.15,0.0,0.0,0.0,0.8775
JG_20260502_0700_마포구_마포구월드컵로251_JG_0133,2,월드컵공원,마포구,park,0.7248,0.0,0.15,0.0,0.0,0.0,0.8748
JG_20260502_0700_마포구_마포구월드컵로251_JG_0133,3,중랑캠핑숲,중랑구,park,0.7213,0.0,0.15,0.0,0.0,0.0,0.8713
JG_20260502_0700_마포구_마포구월드컵로251_JG_0133,4,백련근린공원,서대문구,park,0.7077,0.0,0.15,0.0,0.0,0.0,0.8577
JG_20260502_0700_마포구_마포구월드컵로251_JG_0133,5,남산공원,중구,park,0.6998,0.0,0.15,0.0,0.0,0.0,0.8498
JG_20260502_0700_마포구_마포구월드컵로251_JG_0133,6,안산도시자연공원,서대문구,park,0.6971,0.0,0.15,0.0,0.0,0.0,0.8471
JG_20260502_0700_마포구_마포구월드컵로251_JG_0133,7,문화비축기지,마포구,park,0.6163,0.0,0.15,0.0,0.0,0.0,0.7663
JG_20260502_0700_마포구_마포구월드컵로251_JG_0133,8,와우근린공원,마포구,park,0.6129,0.0,0.15,0.0,0.0,0.0,0.7629
JG_20260502_0700_마포구_마포구월드컵로251_JG_0133,9,상암근린공원,마포구,park,0.6077,0.0,0.15,0.0,0.0,0.0,0.7577
JG_20260502_0700_마포구_마포구월드컵로251_JG_0133,10,외국인묘지공원,마포구,park,0.565,0.0,0.15,0.0,0.0,0.0,0.715
JG_20260502_1000_동대문구_밥퍼나눔운동본부_JG_0134,1,성수1가2동노인복지관 대현분소,성동구,senior_friendly,0.9585,0.0,0.15,0.0,0.0,0.0,1.1085
JG_20260502_1000_동대문구_밥퍼나눔운동본부_JG_0134,2,강남구립 도곡1노인복지관,강남구,senior_friendly,0.9536,0.0,0.15,0.0,0.0,0.0,1.1036
JG_20260502_1000_동대문구_밥퍼나눔운동본부_JG_0134,3,강동구립 해공노인복지관,강동구,senior_friendly,0.952,0.0,0.15,0.0,0.0,0.0,1.102
JG_20260502_1000_동대문구_밥퍼나눔운동본부_JG_0134,4,구립 자양노인복지관,광진구,senior_friendly,0.9487,0.0,0.15,0.0,0.0,0.0,1.0987
JG_20260502_1000_동대문구_밥퍼나눔운동본부_JG_0134,5,구립갈현노인복지관,은평구,senior_friendly,0.947,0.0,0.15,0.0,0.0,0.0,1.097
JG_20260502_1000_동대문구_밥퍼나눔운동본부_JG_0134,6,용강 노인복지관,마포구,senior_friendly,0.9454,0.0,0.15,0.0,0.0,0.0,1.0954
JG_20260502_1000_동대문구_밥퍼나눔운동본부_JG_0134,7,북가좌노인복지관,서대문구,senior_friendly,0.9454,0.0,0.15,0.0,0.0,0.0,1.0954
JG_20260502_1000_동대문구_밥퍼나눔운동본부_JG_0134,8,청파노인복지관,용산구,senior_friendly,0.9438,0.0,0.15,0.0,0.0,0.0,1.0938
JG_20260502_1000_동대문구_밥퍼나눔운동본부_JG_0134,9,약수노인복지관,중구,senior_friendly,0.9438,0.0,0.15,0.0,0.0,0.0,1.0938
JG_20260502_1000_동대문구_밥퍼나눔운동본부_JG_0134,10,서울시립동대문노인종합복지관,동대문구,senior_friendly,0.928,0.0,0.15,0.0,0.0,0.0,1.078
JG_20260503_0830_용산구_효창운동장_JG_0136,1,신림,관악구,subway,0.9468,0.0,0.15,0.0,0.0,0.0,1.0968
JG_20260503_0830_용산구_효창운동장_JG_0136,2,잠실(송파구청),송파구,subway,0.8013,0.0,0.15,0.0,0.0,0.0,0.9513
JG_20260503_0830_용산구_효창운동장_JG_0136,3,서울역,중구,subway,0.7902,0.0,0.15,0.0,0.0,0.0,0.9402
JG_20260503_0830_용산구_효창운동장_JG_0136,4,구로디지털단지,구로구,subway,0.776,0.0,0.15,0.0,0.0,0.0,0.926
JG_20260503_0830_용산구_효창운동장_JG_0136,5,서울대입구(관악구청),관악구,subway,0.7382,0.0,0.15,0.0,0.0,0.0,0.8882
JG_20260503_0830_용산구_효창운동장_JG_0136,6,신도림,구로구,subway,0.7139,0.0,0.15,0.0,0.0,0.0,0.8639
JG_20260503_0830_용산구_효창운동장_JG_0136,7,연신내,은평구,subway,0.667,0.0,0.15,0.0,0.0,0.0,0.817
JG_20260503_0830_용산구_효창운동장_JG_0136,8,까치산,강서구,subway,0.6301,0.0,0.15,0.0,0.0,0.0,0.7801
JG_20260503_0830_용산구_효창운동장_JG_0136,9,화곡,강서구,subway,0.6251,0.0,0.15,0.0,0.0,0.0,0.7751
JG_20260503_0830_용산구_효창운동장_JG_0136,10,용산,용산구,subway,0.4554,0.0,0.15,0.0,0.0,0.0,0.6054
JG_20260504_1430_영등포구_한국거래소_JG_0142,1,영등포,영등포구,subway,0.6567,0.0,0.15,0.0,0.0,0.0,0.8067
JG_20260504_1430_영등포구_한국거래소_JG_0142,2,구립영등포노인종합복지관,영등포구,senior_friendly,0.7632,0.0,0.0,0.0,0.0,0.0,0.7632
JG_20260504_1430_영등포구_한국거래소_JG_0142,3,여의도근린공원,영등포구,park,0.7046,0.0,0.0,0.0,0.0,0.0,0.7046
JG_20260504_1430_영등포구_한국거래소_JG_0142,4,여의도,영등포구,subway,0.5131,0.0,0.15,0.0,0.0,0.0,0.6631
JG_20260504_1430_영등포구_한국거래소_JG_0142,5,충무로,,subway,0.492,0.0,0.15,0.0,0.0,0.0,0.642
JG_20260504_1430_영등포구_한국거래소_JG_0142,6,합정,마포구,subway,0.4906,0.0,0.15,0.0,0.0,0.0,0.6406
JG_20260504_1430_영등포구_한국거래소_JG_0142,7,쌍문,도봉구,subway,0.4837,0.0,0.15,0.0,0.0,0.0,0.6337
JG_20260504_1430_영등포구_한국거래소_JG_0142,8,범계,,subway,0.4824,0.0,0.15,0.0,0.0,0.0,0.6324
JG_20260504_1430_영등포구_한국거래소_JG_0142,9,동대문,,subway,0.4821,0.0,0.15,0.0,0.0,0.0,0.6321
JG_20260504_1430_영등포구_한국거래소_JG_0142,10,시청,,subway,0.4795,0.0,0.15,0.0,0.0,0.0,0.6295
JG_20260505_1100_광진구_서울어린이대공원_JG_0143,1,봉은공원,강남구,park,0.7275,0.0,0.15,0.0,0.0,0.0,0.8775
JG_20260505_1100_광진구_서울어린이대공원_JG_0143,2,월드컵공원,마포구,park,0.7248,0.0,0.15,0.0,0.0,0.0,0.8748
JG_20260505_1100_광진구_서울어린이대공원_JG_0143,3,중랑캠핑숲,중랑구,park,0.7213,0.0,0.15,0.0,0.0,0.0,0.8713
JG_20260505_1100_광진구_서울어린이대공원_JG_0143,4,백련근린공원,서대문구,park,0.7077,0.0,0.15,0.0,0.0,0.0,0.8577
JG_20260505_1100_광진구_서울어린이대공원_JG_0143,5,남산공원,중구,park,0.6998,0.0,0.15,0.0,0.0,0.0,0.8498
JG_20260505_1100_광진구_서울어린이대공원_JG_0143,6,안산도시자연공원,서대문구,park,0.6971,0.0,0.15,0.0,0.0,0.0,0.8471
JG_20260505_1100_광진구_서울어린이대공원_JG_0143,7,여의도근린공원,영등포구,park,0.6858,0.0,0.15,0.0,0.0,0.0,0.8358
JG_20260505_1100_광진구_서울어린이대공원_JG_0143,8,초안산근린공원,도봉구,park,0.6845,0.0,0.15,0.0,0.0,0.0,0.8345
JG_20260505_1100_광진구_서울어린이대공원_JG_0143,9,어린이대공원,광진구,park,0.6201,0.0,0.15,0.0,0.0,0.0,0.7701
JG_20260505_1100_광진구_서울어린이대공원_JG_0143,10,아차산공원,광진구,park,0.5971,0.0,0.15,0.0,0.0,0.0,0.7471
JG_20260505_1300_송파구_잠실종합운동장_JG_0144,1,봉은공원,강남구,park,0.7451,0.0,0.15,0.0,0.0,0.0,0.8951
JG_20260505_1300_송파구_잠실종합운동장_JG_0144,2,월드컵공원,마포구,park,0.7425,0.0,0.15,0.0,0.0,0.0,0.8925
JG_20260505_1300_송파구_잠실종합운동장_JG_0144,3,중랑캠핑숲,중랑구,park,0.7412,0.0,0.15,0.0,0.0,0.0,0.8912
JG_20260505_1300_송파구_잠실종합운동장_JG_0144,4,장지근린공원,송파구,park,0.6518,0.0,0.15,0.0,0.0,0.0,0.8018
JG_20260505_1300_송파구_잠실종합운동장_JG_0144,5,아시아근린공원,송파구,park,0.6515,0.0,0.15,0.0,0.0,0.0,0.8015
JG_20260505_1300_송파구_잠실종합운동장_JG_0144,6,오금근린공원,송파구,park,0.6432,0.0,0.15,0.0,0.0,0.0,0.7932
JG_20260505_1300_송파구_잠실종합운동장_JG_0144,7,문정근린공원,송파구,park,0.6261,0.0,0.15,0.0,0.0,0.0,0.7761
JG_20260505_1300_송파구_잠실종합운동장_JG_0144,8,송파나루근린공원(석촌호수),송파구,park,0.6193,0.0,0.15,0.0,0.0,0.0,0.7693
JG_20260505_1300_송파구_잠실종합운동장_JG_0144,9,천마근린공원,송파구,park,0.6141,0.0,0.15,0.0,0.0,0.0,0.7641
JG_20260505_1300_송파구_잠실종합운동장_JG_0144,10,올림픽공원,송파구,park,0.4994,0.0,0.15,0.0,0.0,0.0,0.6494
JG_20260506_1040_중구_장충체육관_JG_0146,1,성수1가2동노인복지관 대현분소,성동구,senior_friendly,0.9585,0.0,0.15,0.0,0.0,0.0,1.1085
JG_20260506_1040_중구_장충체육관_JG_0146,2,강남구립 도곡1노인복지관,강남구,senior_friendly,0.9536,0.0,0.15,0.0,0.0,0.0,1.1036
JG_20260506_1040_중구_장충체육관_JG_0146,3,강동구립 해공노인복지관,강동구,senior_friendly,0.952,0.0,0.15,0.0,0.0,0.0,1.102
JG_20260506_1040_중구_장충체육관_JG_0146,4,구립 자양노인복지관,광진구,senior_friendly,0.9487,0.0,0.15,0.0,0.0,0.0,1.0987
JG_20260506_1040_중구_장충체육관_JG_0146,5,구립갈현노인복지관,은평구,senior_friendly,0.947,0.0,0.15,0.0,0.0,0.0,1.097
JG_20260506_1040_중구_장충체육관_JG_0146,6,용강 노인복지관,마포구,senior_friendly,0.9454,0.0,0.15,0.0,0.0,0.0,1.0954
JG_20260506_1040_중구_장충체육관_JG_0146,7,북가좌노인복지관,서대문구,senior_friendly,0.9454,0.0,0.15,0.0,0.0,0.0,1.0954
JG_20260506_1040_중구_장충체육관_JG_0146,8,청파노인복지관,용산구,senior_friendly,0.9438,0.0,0.15,0.0,0.0,0.0,1.0938
JG_20260506_1040_중구_장충체육관_JG_0146,9,약수노인복지관,중구,senior_friendly,0.9438,0.0,0.15,0.0,0.0,0.0,1.0938
JG_20260506_1040_중구_장충체육관_JG_0146,10,공릉노인복지관,노원구,senior_friendly,0.9438,0.0,0.15,0.0,0.0,0.0,1.0938
JG_20260507_1600_송파구_송파거여새마을지구공공재개발현장_JG_0154,1,서울역,중구,subway,0.9642,0.0,0.15,0.0,0.0,0.0,1.1142
JG_20260507_1600_송파구_송파거여새마을지구공공재개발현장_JG_0154,2,잠실(송파구청),송파구,subway,0.9611,0.0,0.15,0.0,0.0,0.0,1.1111
JG_20260507_1600_송파구_송파거여새마을지구공공재개발현장_JG_0154,3,강남,강남구,subway,0.9318,0.0,0.15,0.0,0.0,0.0,1.0818
JG_20260507_1600_송파구_송파거여새마을지구공공재개발현장_JG_0154,4,홍대입구,마포구,subway,0.8656,0.0,0.15,0.0,0.0,0.0,1.0156
JG_20260507_1600_송파구_송파거여새마을지구공공재개발현장_JG_0154,5,고속터미널,서초구,subway,0.8161,0.0,0.15,0.0,0.0,0.0,0.9661
JG_20260507_1600_송파구_송파거여새마을지구공공재개발현장_JG_0154,6,삼성(무역센터),강남구,subway,0.7312,0.0,0.15,0.0,0.0,0.0,0.8812
JG_20260507_1600_송파구_송파거여새마을지구공공재개발현장_JG_0154,7,성수,성동구,subway,0.7287,0.0,0.15,0.0,0.0,0.0,0.8787
JG_20260507_1600_송파구_송파거여새마을지구공공재개발현장_JG_0154,8,선릉,강남구,subway,0.7238,0.0,0.15,0.0,0.0,0.0,0.8738
JG_20260507_1600_송파구_송파거여새마을지구공공재개발현장_JG_0154,9,용산,용산구,subway,0.7194,0.0,0.15,0.0,0.0,0.0,0.8694
JG_20260507_1600_송파구_송파거여새마을지구공공재개발현장_JG_0154,10,구로디지털단지,구로구,subway,0.6961,0.0,0.15,0.0,0.0,0.0,0.8461
JG_20260507_1700_송파구_새마을전통시장_JG_0155,1,남대문시장,중구,market,0.7056,0.0,0.15,0.0,0.0,0.0,0.8556
JG_20260507_1700_송파구_새마을전통시장_JG_0155,2,동대문종합시장,종로구,market,0.6301,0.0,0.15,0.0,0.0,0.0,0.7801
JG_20260507_1700_송파구_새마을전통시장_JG_0155,3,장안 마실 골목형상점가,동대문구,market,0.6299,0.0,0.15,0.0,0.0,0.0,0.7799
JG_20260507_1700_송파구_새마을전통시장_JG_0155,4,천호로데오거리상점가,강동구,market,0.5914,0.0,0.15,0.0,0.0,0.0,0.7414
JG_20260507_1700_송파구_새마을전통시장_JG_0155,5,가락몰 골목형상점가,송파구,market,0.5612,0.0,0.15,0.0,0.0,0.0,0.7112
JG_20260507_1700_송파구_새마을전통시장_JG_0155,6,방이시장,송파구,market,0.4822,0.0,0.15,0.0,0.0,0.0,0.6322
JG_20260507_1700_송파구_새마을전통시장_JG_0155,7,풍납시장,송파구,market,0.4787,0.0,0.15,0.0,0.0,0.0,0.6287
JG_20260507_1700_송파구_새마을전통시장_JG_0155,8,새마을시장,송파구,market,0.4763,0.0,0.15,0.0,0.0,0.0,0.6263
JG_20260507_1700_송파구_새마을전통시장_JG_0155,9,마천중앙시장,송파구,market,0.4757,0.0,0.15,0.0,0.0,0.0,0.6257
JG_20260507_1700_송파구_새마을전통시장_JG_0155,10,석촌시장,송파구,market,0.4732,0.0,0.15,0.0,0.0,0.0,0.6232
JG_20260508_1500_강남구_개포우성7차아파트1015105_JG_0158,1,서울역,중구,subway,0.9642,0.0,0.15,0.0,0.0,0.0,1.1142
JG_20260508_1500_강남구_개포우성7차아파트1015105_JG_0158,2,잠실(송파구청),송파구,subway,0.9611,0.0,0.15,0.0,0.0,0.0,1.1111
JG_20260508_1500_강남구_개포우성7차아파트1015105_JG_0158,3,강남,강남구,subway,0.9318,0.0,0.15,0.0,0.0,0.0,1.0818
JG_20260508_1500_강남구_개포우성7차아파트1015105_JG_0158,4,홍대입구,마포구,subway,0.8656,0.0,0.15,0.0,0.0,0.0,1.0156
JG_20260508_1500_강남구_개포우성7차아파트1015105_JG_0158,5,고속터미널,서초구,subway,0.8161,0.0,0.15,0.0,0.0,0.0,0.9661
JG_20260508_1500_강남구_개포우성7차아파트1015105_JG_0158,6,삼성(무역센터),강남구,subway,0.7312,0.0,0.15,0.0,0.0,0.0,0.8812
JG_20260508_1500_강남구_개포우성7차아파트1015105_JG_0158,7,성수,성동구,subway,0.7287,0.0,0.15,0.0,0.0,0.0,0.8787
JG_20260508_1500_강남구_개포우성7차아파트1015105_JG_0158,8,선릉,강남구,subway,0.7238,0.0,0.15,0.0,0.0,0.0,0.8738
JG_20260508_1500_강남구_개포우성7차아파트1015105_JG_0158,9,역삼,강남구,subway,0.6459,0.0,0.15,0.0,0.0,0.0,0.7959
JG_20260508_1500_강남구_개포우성7차아파트1015105_JG_0158,10,강남구청,강남구,subway,0.364,0.0,0.15,0.0,0.0,0.0,0.514
JG_20260509_1145_영등포구_샛강생태공원_JG_0160,1,신림,관악구,subway,0.9468,0.0,0.15,0.0,0.0,0.0,1.0968
JG_20260509_1145_영등포구_샛강생태공원_JG_0160,2,잠실(송파구청),송파구,subway,0.8013,0.0,0.15,0.0,0.0,0.0,0.9513
JG_20260509_1145_영등포구_샛강생태공원_JG_0160,3,서울역,중구,subway,0.7902,0.0,0.15,0.0,0.0,0.0,0.9402
JG_20260509_1145_영등포구_샛강생태공원_JG_0160,4,구로디지털단지,구로구,subway,0.776,0.0,0.15,0.0,0.0,0.0,0.926
JG_20260509_1145_영등포구_샛강생태공원_JG_0160,5,서울대입구(관악구청),관악구,subway,0.7382,0.0,0.15,0.0,0.0,0.0,0.8882
JG_20260509_1145_영등포구_샛강생태공원_JG_0160,6,신도림,구로구,subway,0.7139,0.0,0.15,0.0,0.0,0.0,0.8639
JG_20260509_1145_영등포구_샛강생태공원_JG_0160,7,연신내,은평구,subway,0.667,0.0,0.15,0.0,0.0,0.0,0.817
JG_20260509_1145_영등포구_샛강생태공원_JG_0160,8,영등포,영등포구,subway,0.4735,0.0,0.15,0.0,0.0,0.0,0.6235
JG_20260509_1145_영등포구_샛강생태공원_JG_0160,9,당산,영등포구,subway,0.4319,0.0,0.15,0.0,0.0,0.0,0.5819
JG_20260509_1145_영등포구_샛강생태공원_JG_0160,10,영등포구청,영등포구,subway,0.4079,0.0,0.15,0.0,0.0,0.0,0.5579
JG_20260509_1330_영등포구_여의도공원3동무궁화화장실앞_JG_0161,1,봉은공원,강남구,park,0.7451,0.0,0.15,0.0,0.0,0.0,0.8951
JG_20260509_1330_영등포구_여의도공원3동무궁화화장실앞_JG_0161,2,월드컵공원,마포구,park,0.7425,0.0,0.15,0.0,0.0,0.0,0.8925
JG_20260509_1330_영등포구_여의도공원3동무궁화화장실앞_JG_0161,3,중랑캠핑숲,중랑구,park,0.7412,0.0,0.15,0.0,0.0,0.0,0.8912
JG_20260509_1330_영등포구_여의도공원3동무궁화화장실앞_JG_0161,4,백련근린공원,서대문구,park,0.7275,0.0,0.15,0.0,0.0,0.0,0.8775
JG_20260509_1330_영등포구_여의도공원3동무궁화화장실앞_JG_0161,5,남산공원,중구,park,0.7185,0.0,0.15,0.0,0.0,0.0,0.8685
JG_20260509_1330_영등포구_여의도공원3동무궁화화장실앞_JG_0161,6,여의도근린공원,영등포구,park,0.7046,0.0,0.15,0.0,0.0,0.0,0.8546
JG_20260509_1330_영등포구_여의도공원3동무궁화화장실앞_JG_0161,7,선유도근린공원,영등포구,park,0.6121,0.0,0.15,0.0,0.0,0.0,0.7621
JG_20260509_1330_영등포구_여의도공원3동무궁화화장실앞_JG_0161,8,영등포근린공원,영등포구,park,0.6119,0.0,0.15,0.0,0.0,0.0,0.7619
JG_20260509_1330_영등포구_여의도공원3동무궁화화장실앞_JG_0161,9,중마루근린공원,영등포구,park,0.6067,0.0,0.15,0.0,0.0,0.0,0.7567
JG_20260509_1330_영등포구_여의도공원3동무궁화화장실앞_JG_0161,10,자매근린공원,영등포구,park,0.5863,0.0,0.15,0.0,0.0,0.0,0.7363
JG_20260511_1000_강서구_마곡lg사이언스파크isc동_JG_0167,1,서울식물원,강서구,park,0.6609,0.0,0.15,0.0,0.0,0.0,0.8109
JG_20260511_1000_강서구_마곡lg사이언스파크isc동_JG_0167,2,방화근린공원,강서구,park,0.6584,0.0,0.15,0.0,0.0,0.0,0.8084
JG_20260511_1000_강서구_마곡lg사이언스파크isc동_JG_0167,3,우장산근린공원,강서구,park,0.6338,0.0,0.15,0.0,0.0,0.0,0.7838
JG_20260511_1000_강서구_마곡lg사이언스파크isc동_JG_0167,4,봉제산공원,강서구,park,0.6165,0.0,0.15,0.0,0.0,0.0,0.7665
JG_20260511_1000_강서구_마곡lg사이언스파크isc동_JG_0167,5,개화근린공원,강서구,park,0.6086,0.0,0.15,0.0,0.0,0.0,0.7586
JG_20260511_1000_강서구_마곡lg사이언스파크isc동_JG_0167,6,꿩고개근린공원,강서구,park,0.5968,0.0,0.15,0.0,0.0,0.0,0.7468
JG_20260511_1000_강서구_마곡lg사이언스파크isc동_JG_0167,7,궁산근린공원,강서구,park,0.5946,0.0,0.15,0.0,0.0,0.0,0.7446
JG_20260511_1000_강서구_마곡lg사이언스파크isc동_JG_0167,8,염창근린공원,강서구,park,0.5899,0.0,0.15,0.0,0.0,0.0,0.7399
JG_20260511_1000_강서구_마곡lg사이언스파크isc동_JG_0167,9,허준공원,강서구,park,0.5765,0.0,0.15,0.0,0.0,0.0,0.7265
JG_20260511_1000_강서구_마곡lg사이언스파크isc동_JG_0167,10,매화근린공원,강서구,park,0.5416,0.0,0.15,0.0,0.0,0.0,0.6916
JG_20260514_1400_중구_투썸플레이스정동길점_JG_0177,1,남대문시장,중구,market,0.7056,0.0,0.15,0.0,0.0,0.0,0.8556
JG_20260514_1400_중구_투썸플레이스정동길점_JG_0177,2,평화시장,중구,market,0.5528,0.0,0.15,0.0,0.0,0.0,0.7028
JG_20260514_1400_중구_투썸플레이스정동길점_JG_0177,3,삼익패션타운,중구,market,0.5222,0.0,0.15,0.0,0.0,0.0,0.6722
JG_20260514_1400_중구_투썸플레이스정동길점_JG_0177,4,동평화시장,중구,market,0.5126,0.0,0.15,0.0,0.0,0.0,0.6626
JG_20260514_1400_중구_투썸플레이스정동길점_JG_0177,5,청평화시장,중구,market,0.5024,0.0,0.15,0.0,0.0,0.0,0.6524
JG_20260514_1400_중구_투썸플레이스정동길점_JG_0177,6,신평화패션타운,중구,market,0.4993,0.0,0.15,0.0,0.0,0.0,0.6493
JG_20260514_1400_중구_투썸플레이스정동길점_JG_0177,7,방산시장,중구,market,0.4988,0.0,0.15,0.0,0.0,0.0,0.6488
JG_20260514_1400_중구_투썸플레이스정동길점_JG_0177,8,광희패션몰,중구,market,0.4973,0.0,0.15,0.0,0.0,0.0,0.6473
JG_20260514_1400_중구_투썸플레이스정동길점_JG_0177,9,통일상가,중구,market,0.4936,0.0,0.15,0.0,0.0,0.0,0.6436
JG_20260514_1400_중구_투썸플레이스정동길점_JG_0177,10,중부시장,중구,market,0.4895,0.0,0.15,0.0,0.0,0.0,0.6395
JG_20260515_1440_중랑구_먹골역7번출구앞_JG_0181,1,서울역,중구,subway,0.9642,0.0,0.15,0.0,0.0,0.0,1.1142
JG_20260515_1440_중랑구_먹골역7번출구앞_JG_0181,2,잠실(송파구청),송파구,subway,0.9611,0.0,0.15,0.0,0.0,0.0,1.1111
JG_20260515_1440_중랑구_먹골역7번출구앞_JG_0181,3,강남,강남구,subway,0.9318,0.0,0.15,0.0,0.0,0.0,1.0818
JG_20260515_1440_중랑구_먹골역7번출구앞_JG_0181,4,홍대입구,마포구,subway,0.8656,0.0,0.15,0.0,0.0,0.0,1.0156
JG_20260515_1440_중랑구_먹골역7번출구앞_JG_0181,5,고속터미널,서초구,subway,0.8161,0.0,0.15,0.0,0.0,0.0,0.9661
JG_20260515_1440_중랑구_먹골역7번출구앞_JG_0181,6,삼성(무역센터),강남구,subway,0.7312,0.0,0.15,0.0,0.0,0.0,0.8812
JG_20260515_1440_중랑구_먹골역7번출구앞_JG_0181,7,성수,성동구,subway,0.7287,0.0,0.15,0.0,0.0,0.0,0.8787
JG_20260515_1440_중랑구_먹골역7번출구앞_JG_0181,8,선릉,강남구,subway,0.7238,0.0,0.15,0.0,0.0,0.0,0.8738
JG_20260515_1440_중랑구_먹골역7번출구앞_JG_0181,9,용산,용산구,subway,0.7194,0.0,0.15,0.0,0.0,0.0,0.8694
JG_20260515_1440_중랑구_먹골역7번출구앞_JG_0181,10,구로디지털단지,구로구,subway,0.6961,0.0,0.15,0.0,0.0,0.0,0.8461
JG_20260516_1000_송파구_잠실실내체육관_JG_0184,1,봉은공원,강남구,park,0.7275,0.0,0.15,0.0,0.0,0.0,0.8775
JG_20260516_1000_송파구_잠실실내체육관_JG_0184,2,월드컵공원,마포구,park,0.7248,0.0,0.15,0.0,0.0,0.0,0.8748
JG_20260516_1000_송파구_잠실실내체육관_JG_0184,3,중랑캠핑숲,중랑구,park,0.7213,0.0,0.15,0.0,0.0,0.0,0.8713
JG_20260516_1000_송파구_잠실실내체육관_JG_0184,4,장지근린공원,송파구,park,0.6341,0.0,0.15,0.0,0.0,0.0,0.7841
JG_20260516_1000_송파구_잠실실내체육관_JG_0184,5,아시아근린공원,송파구,park,0.6327,0.0,0.15,0.0,0.0,0.0,0.7827
JG_20260516_1000_송파구_잠실실내체육관_JG_0184,6,오금근린공원,송파구,park,0.6255,0.0,0.15,0.0,0.0,0.0,0.7755
JG_20260516_1000_송파구_잠실실내체육관_JG_0184,7,문정근린공원,송파구,park,0.6084,0.0,0.15,0.0,0.0,0.0,0.7584
JG_20260516_1000_송파구_잠실실내체육관_JG_0184,8,송파나루근린공원(석촌호수),송파구,park,0.6028,0.0,0.15,0.0,0.0,0.0,0.7528
JG_20260516_1000_송파구_잠실실내체육관_JG_0184,9,천마근린공원,송파구,park,0.5976,0.0,0.15,0.0,0.0,0.0,0.7476
JG_20260516_1000_송파구_잠실실내체육관_JG_0184,10,올림픽공원,송파구,park,0.4817,0.0,0.15,0.0,0.0,0.0,0.6317
JG_20260516_1230_성동구_성수역3번출구앞_JG_0185,1,남대문시장,중구,market,0.7056,0.0,0.15,0.0,0.0,0.0,0.8556
JG_20260516_1230_성동구_성수역3번출구앞_JG_0185,2,동대문종합시장,종로구,market,0.6301,0.0,0.15,0.0,0.0,0.0,0.7801
JG_20260516_1230_성동구_성수역3번출구앞_JG_0185,3,장안 마실 골목형상점가,동대문구,market,0.6299,0.0,0.15,0.0,0.0,0.0,0.7799
JG_20260516_1230_성동구_성수역3번출구앞_JG_0185,4,천호로데오거리상점가,강동구,market,0.5914,0.0,0.15,0.0,0.0,0.0,0.7414
JG_20260516_1230_성동구_성수역3번출구앞_JG_0185,5,마장축산물시장,성동구,market,0.5116,0.0,0.15,0.0,0.0,0.0,0.6616
JG_20260516_1230_성동구_성수역3번출구앞_JG_0185,6,성동용답상가시장,성동구,market,0.4816,0.0,0.15,0.0,0.0,0.0,0.6316
JG_20260516_1230_성동구_성수역3번출구앞_JG_0185,7,송정벚꽃골목형상점가,성동구,market,0.4775,0.0,0.15,0.0,0.0,0.0,0.6275
JG_20260516_1230_성동구_성수역3번출구앞_JG_0185,8,사근살곶이골목형상점가시장,성동구,market,0.474,0.0,0.15,0.0,0.0,0.0,0.624
JG_20260516_1230_성동구_성수역3번출구앞_JG_0185,9,금남시장,성동구,market,0.4707,0.0,0.15,0.0,0.0,0.0,0.6207
JG_20260516_1230_성동구_성수역3번출구앞_JG_0185,10,뚝도시장,성동구,market,0.4683,0.0,0.15,0.0,0.0,0.0,0.6183
JG_20260516_1840_종로구_황인재문_JG_0186,1,종로노인종합복지관,종로구,senior_friendly,0.7583,0.0,0.0,0.0,0.0,0.0,0.7583
JG_20260516_1840_종로구_황인재문_JG_0186,2,낙산근린공원,종로구,park,0.6884,0.0,0.0,0.0,0.0,0.0,0.6884
JG_20260516_1840_종로구_황인재문_JG_0186,3,북악산도시자연공원,종로구,park,0.6739,0.0,0.0,0.0,0.0,0.0,0.6739
JG_20260516_1840_종로구_황인재문_JG_0186,4,인왕산도시자연공원,종로구,park,0.6425,0.0,0.0,0.0,0.0,0.0,0.6425
JG_20260516_1840_종로구_황인재문_JG_0186,5,세종로공원,종로구,park,0.6373,0.0,0.0,0.0,0.0,0.0,0.6373
JG_20260516_1840_종로구_황인재문_JG_0186,6,경희궁,종로구,park,0.6317,0.0,0.0,0.0,0.0,0.0,0.6317
JG_20260516_1840_종로구_황인재문_JG_0186,7,동대문종합시장,종로구,market,0.6301,0.0,0.0,0.0,0.0,0.0,0.6301
JG_20260516_1840_종로구_황인재문_JG_0186,8,삼청근린공원,종로구,park,0.6253,0.0,0.0,0.0,0.0,0.0,0.6253
JG_20260516_1840_종로구_황인재문_JG_0186,9,광화문시민열린마당,종로구,park,0.6202,0.0,0.0,0.0,0.0,0.0,0.6202
JG_20260516_1840_종로구_황인재문_JG_0186,10,와룡근린공원,종로구,park,0.6141,0.0,0.0,0.0,0.0,0.0,0.6141
JG_20260517_1000_강남구_gtxa삼성역부실공사현장_JG_0187,1,강남구립 도곡1노인복지관,강남구,senior_friendly,0.7782,0.0,0.0,0.0,0.0,0.0,0.7782
JG_20260517_1000_강남구_gtxa삼성역부실공사현장_JG_0187,2,봉은공원,강남구,park,0.7275,0.0,0.0,0.0,0.0,0.0,0.7275
JG_20260517_1000_강남구_gtxa삼성역부실공사현장_JG_0187,3,강남,강남구,subway,0.554,0.0,0.15,0.0,0.0,0.0,0.704
JG_20260517_1000_강남구_gtxa삼성역부실공사현장_JG_0187,4,대모산도시자연공원,강남구,park,0.6299,0.0,0.0,0.0,0.0,0.0,0.6299
JG_20260517_1000_강남구_gtxa삼성역부실공사현장_JG_0187,5,율현공원,강남구,park,0.6295,0.0,0.0,0.0,0.0,0.0,0.6295
JG_20260517_1000_강남구_gtxa삼성역부실공사현장_JG_0187,6,청담근린공원,강남구,park,0.6085,0.0,0.0,0.0,0.0,0.0,0.6085
JG_20260517_1000_강남구_gtxa삼성역부실공사현장_JG_0187,7,광평근린공원,강남구,park,0.6085,0.0,0.0,0.0,0.0,0.0,0.6085
JG_20260517_1000_강남구_gtxa삼성역부실공사현장_JG_0187,8,도곡근린공원,강남구,park,0.6017,0.0,0.0,0.0,0.0,0.0,0.6017
JG_20260517_1000_강남구_gtxa삼성역부실공사현장_JG_0187,9,선릉,강남구,subway,0.4454,0.0,0.15,0.0,0.0,0.0,0.5954
JG_20260517_1000_강남구_gtxa삼성역부실공사현장_JG_0187,10,GTX-A 삼성역 부실공사 현장,강남구,subway,0.4453,0.0,0.15,0.0,0.0,0.0,0.5953
JG_20260518_1330_종로구_청년서울살이현장_JG_0192,1,종로노인종합복지관,종로구,senior_friendly,0.7583,0.0,0.0,0.0,0.0,0.0,0.7583
JG_20260518_1330_종로구_청년서울살이현장_JG_0192,2,낙산근린공원,종로구,park,0.6884,0.0,0.0,0.0,0.0,0.0,0.6884
JG_20260518_1330_종로구_청년서울살이현장_JG_0192,3,북악산도시자연공원,종로구,park,0.6739,0.0,0.0,0.0,0.0,0.0,0.6739
JG_20260518_1330_종로구_청년서울살이현장_JG_0192,4,인왕산도시자연공원,종로구,park,0.6425,0.0,0.0,0.0,0.0,0.0,0.6425
JG_20260518_1330_종로구_청년서울살이현장_JG_0192,5,세종로공원,종로구,park,0.6373,0.0,0.0,0.0,0.0,0.0,0.6373
JG_20260518_1330_종로구_청년서울살이현장_JG_0192,6,경희궁,종로구,park,0.6317,0.0,0.0,0.0,0.0,0.0,0.6317
JG_20260518_1330_종로구_청년서울살이현장_JG_0192,7,동대문종합시장,종로구,market,0.6301,0.0,0.0,0.0,0.0,0.0,0.6301
JG_20260518_1330_종로구_청년서울살이현장_JG_0192,8,삼청근린공원,종로구,park,0.6253,0.0,0.0,0.0,0.0,0.0,0.6253
JG_20260518_1330_종로구_청년서울살이현장_JG_0192,9,광화문시민열린마당,종로구,park,0.6202,0.0,0.0,0.0,0.0,0.0,0.6202
JG_20260518_1330_종로구_청년서울살이현장_JG_0192,10,와룡근린공원,종로구,park,0.6141,0.0,0.0,0.0,0.0,0.0,0.6141
JG_20260518_1850_종로구_대학로마로니에공원_JG_0194,1,낙산근린공원,종로구,park,0.6884,0.0,0.15,0.0,0.0,0.0,0.8384
JG_20260518_1850_종로구_대학로마로니에공원_JG_0194,2,북악산도시자연공원,종로구,park,0.6739,0.0,0.15,0.0,0.0,0.0,0.8239
JG_20260518_1850_종로구_대학로마로니에공원_JG_0194,3,인왕산도시자연공원,종로구,park,0.6425,0.0,0.15,0.0,0.0,0.0,0.7925
JG_20260518_1850_종로구_대학로마로니에공원_JG_0194,4,세종로공원,종로구,park,0.6373,0.0,0.15,0.0,0.0,0.0,0.7873
JG_20260518_1850_종로구_대학로마로니에공원_JG_0194,5,경희궁,종로구,park,0.6317,0.0,0.15,0.0,0.0,0.0,0.7817
JG_20260518_1850_종로구_대학로마로니에공원_JG_0194,6,삼청근린공원,종로구,park,0.6253,0.0,0.15,0.0,0.0,0.0,0.7753
JG_20260518_1850_종로구_대학로마로니에공원_JG_0194,7,광화문시민열린마당,종로구,park,0.6202,0.0,0.15,0.0,0.0,0.0,0.7702
JG_20260518_1850_종로구_대학로마로니에공원_JG_0194,8,와룡근린공원,종로구,park,0.6141,0.0,0.15,0.0,0.0,0.0,0.7641
JG_20260518_1850_종로구_대학로마로니에공원_JG_0194,9,사직근린공원,종로구,park,0.614,0.0,0.15,0.0,0.0,0.0,0.764
JG_20260518_1850_종로구_대학로마로니에공원_JG_0194,10,마로니에공원,종로구,park,0.5949,0.0,0.15,0.0,0.0,0.0,0.7449
JG_20260519_1330_양천구_목동재건축현장_JG_0198,1,서울역,중구,subway,0.9642,0.0,0.15,0.0,0.0,0.0,1.1142
JG_20260519_1330_양천구_목동재건축현장_JG_0198,2,잠실(송파구청),송파구,subway,0.9611,0.0,0.15,0.0,0.0,0.0,1.1111
JG_20260519_1330_양천구_목동재건축현장_JG_0198,3,강남,강남구,subway,0.9318,0.0,0.15,0.0,0.0,0.0,1.0818
JG_20260519_1330_양천구_목동재건축현장_JG_0198,4,홍대입구,마포구,subway,0.8656,0.0,0.15,0.0,0.0,0.0,1.0156
JG_20260519_1330_양천구_목동재건축현장_JG_0198,5,고속터미널,서초구,subway,0.8161,0.0,0.15,0.0,0.0,0.0,0.9661
JG_20260519_1330_양천구_목동재건축현장_JG_0198,6,삼성(무역센터),강남구,subway,0.7312,0.0,0.15,0.0,0.0,0.0,0.8812
JG_20260519_1330_양천구_목동재건축현장_JG_0198,7,성수,성동구,subway,0.7287,0.0,0.15,0.0,0.0,0.0,0.8787
JG_20260519_1330_양천구_목동재건축현장_JG_0198,8,선릉,강남구,subway,0.7238,0.0,0.15,0.0,0.0,0.0,0.8738
JG_20260519_1330_양천구_목동재건축현장_JG_0198,9,용산,용산구,subway,0.7194,0.0,0.15,0.0,0.0,0.0,0.8694
JG_20260519_1330_양천구_목동재건축현장_JG_0198,10,구로디지털단지,구로구,subway,0.6961,0.0,0.15,0.0,0.0,0.0,0.8461
JG_20260521_0000_광진구_동서울우편집중국_JG_0202,1,구립 자양노인복지관,광진구,senior_friendly,0.7872,0.0,0.0,0.0,0.0,0.0,0.7872
JG_20260521_0000_광진구_동서울우편집중국_JG_0202,2,어린이대공원,광진구,park,0.6366,0.0,0.0,0.0,0.0,0.0,0.6366
JG_20260521_0000_광진구_동서울우편집중국_JG_0202,3,아차산공원,광진구,park,0.6147,0.0,0.0,0.0,0.0,0.0,0.6147
JG_20260521_0000_광진구_동서울우편집중국_JG_0202,4,건대입구,광진구,subway,0.5488,0.0,0.0,0.0,0.0,0.0,0.5488
JG_20260521_0000_광진구_동서울우편집중국_JG_0202,5,구의(광진구청),광진구,subway,0.4793,0.0,0.0,0.0,0.0,0.0,0.4793
JG_20260521_0000_광진구_동서울우편집중국_JG_0202,6,신성전통시장,광진구,market,0.477,0.0,0.0,0.0,0.0,0.0,0.477
JG_20260521_0000_광진구_동서울우편집중국_JG_0202,7,자양전통시장,광진구,market,0.4758,0.0,0.0,0.0,0.0,0.0,0.4758
JG_20260521_0000_광진구_동서울우편집중국_JG_0202,8,중곡제일골목시장,광진구,market,0.4754,0.0,0.0,0.0,0.0,0.0,0.4754
JG_20260521_0000_광진구_동서울우편집중국_JG_0202,9,건리단길골목형상점가,광진구,market,0.4751,0.0,0.0,0.0,0.0,0.0,0.4751
JG_20260521_0000_광진구_동서울우편집중국_JG_0202,10,자양15번가 골목형상점가,광진구,market,0.475,0.0,0.0,0.0,0.0,0.0,0.475
JG_20260521_1320_광진구_청년안심주택_JG_0205,1,구립 자양노인복지관,광진구,senior_friendly,0.7872,0.0,0.0,0.0,0.0,0.0,0.7872
JG_20260521_1320_광진구_청년안심주택_JG_0205,2,어린이대공원,광진구,park,0.6366,0.0,0.0,0.0,0.0,0.0,0.6366
JG_20260521_1320_광진구_청년안심주택_JG_0205,3,아차산공원,광진구,park,0.6147,0.0,0.0,0.0,0.0,0.0,0.6147
JG_20260521_1320_광진구_청년안심주택_JG_0205,4,건대입구,광진구,subway,0.5488,0.0,0.0,0.0,0.0,0.0,0.5488
JG_20260521_1320_광진구_청년안심주택_JG_0205,5,구의(광진구청),광진구,subway,0.4793,0.0,0.0,0.0,0.0,0.0,0.4793
JG_20260521_1320_광진구_청년안심주택_JG_0205,6,신성전통시장,광진구,market,0.477,0.0,0.0,0.0,0.0,0.0,0.477
JG_20260521_1320_광진구_청년안심주택_JG_0205,7,자양전통시장,광진구,market,0.4758,0.0,0.0,0.0,0.0,0.0,0.4758
JG_20260521_1320_광진구_청년안심주택_JG_0205,8,중곡제일골목시장,광진구,market,0.4754,0.0,0.0,0.0,0.0,0.0,0.4754
JG_20260521_1320_광진구_청년안심주택_JG_0205,9,건리단길골목형상점가,광진구,market,0.4751,0.0,0.0,0.0,0.0,0.0,0.4751
JG_20260521_1320_광진구_청년안심주택_JG_0205,10,자양15번가 골목형상점가,광진구,market,0.475,0.0,0.0,0.0,0.0,0.0,0.475
JG_20260521_1450_강남구_gtxa삼성역부실공사현장_JG_0207,1,강남,강남구,subway,0.9318,0.0,0.15,0.0,0.0,0.0,1.0818
JG_20260521_1450_강남구_gtxa삼성역부실공사현장_JG_0207,2,삼성(무역센터),강남구,subway,0.7312,0.0,0.15,0.0,0.0,0.0,0.8812
JG_20260521_1450_강남구_gtxa삼성역부실공사현장_JG_0207,3,선릉,강남구,subway,0.7238,0.0,0.15,0.0,0.0,0.0,0.8738
JG_20260521_1450_강남구_gtxa삼성역부실공사현장_JG_0207,4,역삼,강남구,subway,0.6459,0.0,0.15,0.0,0.0,0.0,0.7959
JG_20260521_1450_강남구_gtxa삼성역부실공사현장_JG_0207,5,강남구립 도곡1노인복지관,강남구,senior_friendly,0.7921,0.0,0.0,0.0,0.0,0.0,0.7921
JG_20260521_1450_강남구_gtxa삼성역부실공사현장_JG_0207,6,GTX-A 삼성역 부실공사 현장,강남구,subway,0.6249,0.0,0.15,0.0,0.0,0.0,0.7749
JG_20260521_1450_강남구_gtxa삼성역부실공사현장_JG_0207,7,수원,,subway,0.6164,0.0,0.15,0.0,0.0,0.0,0.7664
JG_20260521_1450_강남구_gtxa삼성역부실공사현장_JG_0207,8,봉은공원,강남구,park,0.7451,0.0,0.0,0.0,0.0,0.0,0.7451
JG_20260521_1450_강남구_gtxa삼성역부실공사현장_JG_0207,9,율현공원,강남구,park,0.6472,0.0,0.0,0.0,0.0,0.0,0.6472
JG_20260521_1450_강남구_gtxa삼성역부실공사현장_JG_0207,10,대모산도시자연공원,강남구,park,0.6464,0.0,0.0,0.0,0.0,0.0,0.6464
JG_20260521_1530_서초구_고속터미널_JG_0208,1,서울역,중구,subway,0.9642,0.0,0.15,0.0,0.0,0.0,1.1142
JG_20260521_1530_서초구_고속터미널_JG_0208,2,잠실(송파구청),송파구,subway,0.9611,0.0,0.15,0.0,0.0,0.0,1.1111
JG_20260521_1530_서초구_고속터미널_JG_0208,3,강남,강남구,subway,0.9318,0.0,0.15,0.0,0.0,0.0,1.0818
JG_20260521_1530_서초구_고속터미널_JG_0208,4,홍대입구,마포구,subway,0.8656,0.0,0.15,0.0,0.0,0.0,1.0156
JG_20260521_1530_서초구_고속터미널_JG_0208,5,고속터미널,서초구,subway,0.8161,0.0,0.15,0.0,0.0,0.0,0.9661
JG_20260521_1530_서초구_고속터미널_JG_0208,6,삼성(무역센터),강남구,subway,0.7312,0.0,0.15,0.0,0.0,0.0,0.8812
JG_20260521_1530_서초구_고속터미널_JG_0208,7,성수,성동구,subway,0.7287,0.0,0.15,0.0,0.0,0.0,0.8787
JG_20260521_1530_서초구_고속터미널_JG_0208,8,선릉,강남구,subway,0.7238,0.0,0.15,0.0,0.0,0.0,0.8738
JG_20260521_1530_서초구_고속터미널_JG_0208,9,용산,용산구,subway,0.7194,0.0,0.15,0.0,0.0,0.0,0.8694
JG_20260521_1530_서초구_고속터미널_JG_0208,10,양재(서초구청),서초구,subway,0.5482,0.0,0.15,0.0,0.0,0.0,0.6982
JG_20260521_1800_강남구_강남스퀘어_JG_0210,1,서울역,중구,subway,0.9642,0.0,0.15,0.0,0.0,0.0,1.1142
JG_20260521_1800_강남구_강남스퀘어_JG_0210,2,잠실(송파구청),송파구,subway,0.9611,0.0,0.15,0.0,0.0,0.0,1.1111
JG_20260521_1800_강남구_강남스퀘어_JG_0210,3,강남,강남구,subway,0.9318,0.0,0.15,0.0,0.0,0.0,1.0818
JG_20260521_1800_강남구_강남스퀘어_JG_0210,4,홍대입구,마포구,subway,0.8656,0.0,0.15,0.0,0.0,0.0,1.0156
JG_20260521_1800_강남구_강남스퀘어_JG_0210,5,고속터미널,서초구,subway,0.8161,0.0,0.15,0.0,0.0,0.0,0.9661
JG_20260521_1800_강남구_강남스퀘어_JG_0210,6,삼성(무역센터),강남구,subway,0.7312,0.0,0.15,0.0,0.0,0.0,0.8812
JG_20260521_1800_강남구_강남스퀘어_JG_0210,7,성수,성동구,subway,0.7287,0.0,0.15,0.0,0.0,0.0,0.8787
JG_20260521_1800_강남구_강남스퀘어_JG_0210,8,선릉,강남구,subway,0.7238,0.0,0.15,0.0,0.0,0.0,0.8738
JG_20260521_1800_강남구_강남스퀘어_JG_0210,9,역삼,강남구,subway,0.6459,0.0,0.15,0.0,0.0,0.0,0.7959
JG_20260521_1800_강남구_강남스퀘어_JG_0210,10,강남구청,강남구,subway,0.364,0.0,0.15,0.0,0.0,0.0,0.514
JG_20260522_1130_중랑구_면목역광장_JG_0212,1,신림,관악구,subway,0.9468,0.0,0.15,0.0,0.0,0.0,1.0968
JG_20260522_1130_중랑구_면목역광장_JG_0212,2,잠실(송파구청),송파구,subway,0.8013,0.0,0.15,0.0,0.0,0.0,0.9513
JG_20260522_1130_중랑구_면목역광장_JG_0212,3,서울역,중구,subway,0.7902,0.0,0.15,0.0,0.0,0.0,0.9402
JG_20260522_1130_중랑구_면목역광장_JG_0212,4,구로디지털단지,구로구,subway,0.776,0.0,0.15,0.0,0.0,0.0,0.926
JG_20260522_1130_중랑구_면목역광장_JG_0212,5,서울대입구(관악구청),관악구,subway,0.7382,0.0,0.15,0.0,0.0,0.0,0.8882
JG_20260522_1130_중랑구_면목역광장_JG_0212,6,신도림,구로구,subway,0.7139,0.0,0.15,0.0,0.0,0.0,0.8639
JG_20260522_1130_중랑구_면목역광장_JG_0212,7,연신내,은평구,subway,0.667,0.0,0.15,0.0,0.0,0.0,0.817
JG_20260522_1130_중랑구_면목역광장_JG_0212,8,까치산,강서구,subway,0.6301,0.0,0.15,0.0,0.0,0.0,0.7801
JG_20260522_1130_중랑구_면목역광장_JG_0212,9,화곡,강서구,subway,0.6251,0.0,0.15,0.0,0.0,0.0,0.7751
JG_20260522_1130_중랑구_면목역광장_JG_0212,10,쌍문,도봉구,subway,0.623,0.0,0.15,0.0,0.0,0.0,0.773
JG_20260522_1140_중랑구_동일시장_JG_0213,1,우림골목시장,중랑구,market,0.4303,0.0,0.15,0.0,0.0,0.0,0.5803
JG_20260522_1140_중랑구_동일시장_JG_0213,2,동원전통종합시장,중랑구,market,0.4289,0.0,0.15,0.0,0.0,0.0,0.5789
JG_20260522_1140_중랑구_동일시장_JG_0213,3,상봉먹자 골목형상점가,중랑구,market,0.4267,0.0,0.15,0.0,0.0,0.0,0.5767
JG_20260522_1140_중랑구_동일시장_JG_0213,4,사가정시장,중랑구,market,0.4259,0.0,0.15,0.0,0.0,0.0,0.5759
JG_20260522_1140_중랑구_동일시장_JG_0213,5,면목시장(골목형),중랑구,market,0.4257,0.0,0.15,0.0,0.0,0.0,0.5757
JG_20260522_1140_중랑구_동일시장_JG_0213,6,신내구길 골목형상점가,중랑구,market,0.4251,0.0,0.15,0.0,0.0,0.0,0.5751
JG_20260522_1140_중랑구_동일시장_JG_0213,7,사가정51길 골목형상점가,중랑구,market,0.4235,0.0,0.15,0.0,0.0,0.0,0.5735
JG_20260522_1140_중랑구_동일시장_JG_0213,8,중랑동부시장,중랑구,market,0.423,0.0,0.15,0.0,0.0,0.0,0.573
JG_20260522_1140_중랑구_동일시장_JG_0213,9,묵동도깨비시장 골목형상점가,중랑구,market,0.4229,0.0,0.15,0.0,0.0,0.0,0.5729
JG_20260522_1140_중랑구_동일시장_JG_0213,10,태능 골목형상점가,중랑구,market,0.4228,0.0,0.15,0.0,0.0,0.0,0.5728
JG_20260522_1330_노원구_롯데백화점앞_JG_0214,1,서울역,중구,subway,0.9642,0.0,0.15,0.0,0.0,0.0,1.1142
JG_20260522_1330_노원구_롯데백화점앞_JG_0214,2,잠실(송파구청),송파구,subway,0.9611,0.0,0.15,0.0,0.0,0.0,1.1111
JG_20260522_1330_노원구_롯데백화점앞_JG_0214,3,강남,강남구,subway,0.9318,0.0,0.15,0.0,0.0,0.0,1.0818
JG_20260522_1330_노원구_롯데백화점앞_JG_0214,4,홍대입구,마포구,subway,0.8656,0.0,0.15,0.0,0.0,0.0,1.0156
JG_20260522_1330_노원구_롯데백화점앞_JG_0214,5,고속터미널,서초구,subway,0.8161,0.0,0.15,0.0,0.0,0.0,0.9661
JG_20260522_1330_노원구_롯데백화점앞_JG_0214,6,삼성(무역센터),강남구,subway,0.7312,0.0,0.15,0.0,0.0,0.0,0.8812
JG_20260522_1330_노원구_롯데백화점앞_JG_0214,7,성수,성동구,subway,0.7287,0.0,0.15,0.0,0.0,0.0,0.8787
JG_20260522_1330_노원구_롯데백화점앞_JG_0214,8,선릉,강남구,subway,0.7238,0.0,0.15,0.0,0.0,0.0,0.8738
JG_20260522_1330_노원구_롯데백화점앞_JG_0214,9,용산,용산구,subway,0.7194,0.0,0.15,0.0,0.0,0.0,0.8694
JG_20260522_1330_노원구_롯데백화점앞_JG_0214,10,노원,노원구,subway,0.4421,0.0,0.15,0.0,0.0,0.0,0.5921
JG_20260522_1440_노원구_상계보람아파트_JG_0215,1,서울역,중구,subway,0.9642,0.0,0.15,0.0,0.0,0.0,1.1142
JG_20260522_1440_노원구_상계보람아파트_JG_0215,2,잠실(송파구청),송파구,subway,0.9611,0.0,0.15,0.0,0.0,0.0,1.1111
JG_20260522_1440_노원구_상계보람아파트_JG_0215,3,강남,강남구,subway,0.9318,0.0,0.15,0.0,0.0,0.0,1.0818
JG_20260522_1440_노원구_상계보람아파트_JG_0215,4,홍대입구,마포구,subway,0.8656,0.0,0.15,0.0,0.0,0.0,1.0156
JG_20260522_1440_노원구_상계보람아파트_JG_0215,5,고속터미널,서초구,subway,0.8161,0.0,0.15,0.0,0.0,0.0,0.9661
JG_20260522_1440_노원구_상계보람아파트_JG_0215,6,삼성(무역센터),강남구,subway,0.7312,0.0,0.15,0.0,0.0,0.0,0.8812
JG_20260522_1440_노원구_상계보람아파트_JG_0215,7,성수,성동구,subway,0.7287,0.0,0.15,0.0,0.0,0.0,0.8787
JG_20260522_1440_노원구_상계보람아파트_JG_0215,8,선릉,강남구,subway,0.7238,0.0,0.15,0.0,0.0,0.0,0.8738
JG_20260522_1440_노원구_상계보람아파트_JG_0215,9,용산,용산구,subway,0.7194,0.0,0.15,0.0,0.0,0.0,0.8694
JG_20260522_1440_노원구_상계보람아파트_JG_0215,10,노원,노원구,subway,0.4421,0.0,0.15,0.0,0.0,0.0,0.5921
JG_20260522_1700_도봉구_박영선지역유세장_JG_0217,1,서울역,중구,subway,0.9642,0.0,0.15,0.0,0.0,0.0,1.1142
JG_20260522_1700_도봉구_박영선지역유세장_JG_0217,2,잠실(송파구청),송파구,subway,0.9611,0.0,0.15,0.0,0.0,0.0,1.1111
JG_20260522_1700_도봉구_박영선지역유세장_JG_0217,3,강남,강남구,subway,0.9318,0.0,0.15,0.0,0.0,0.0,1.0818
JG_20260522_1700_도봉구_박영선지역유세장_JG_0217,4,홍대입구,마포구,subway,0.8656,0.0,0.15,0.0,0.0,0.0,1.0156
JG_20260522_1700_도봉구_박영선지역유세장_JG_0217,5,고속터미널,서초구,subway,0.8161,0.0,0.15,0.0,0.0,0.0,0.9661
JG_20260522_1700_도봉구_박영선지역유세장_JG_0217,6,삼성(무역센터),강남구,subway,0.7312,0.0,0.15,0.0,0.0,0.0,0.8812
JG_20260522_1700_도봉구_박영선지역유세장_JG_0217,7,성수,성동구,subway,0.7287,0.0,0.15,0.0,0.0,0.0,0.8787
JG_20260522_1700_도봉구_박영선지역유세장_JG_0217,8,선릉,강남구,subway,0.7238,0.0,0.15,0.0,0.0,0.0,0.8738
JG_20260522_1700_도봉구_박영선지역유세장_JG_0217,9,용산,용산구,subway,0.7194,0.0,0.15,0.0,0.0,0.0,0.8694
JG_20260522_1700_도봉구_박영선지역유세장_JG_0217,10,쌍문,도봉구,subway,0.4837,0.0,0.15,0.0,0.0,0.0,0.6337
JG_20260522_1710_도봉구_중앙시장_JG_0218,1,남대문시장,중구,market,0.7056,0.0,0.15,0.0,0.0,0.0,0.8556
JG_20260522_1710_도봉구_중앙시장_JG_0218,2,동대문종합시장,종로구,market,0.6301,0.0,0.15,0.0,0.0,0.0,0.7801
JG_20260522_1710_도봉구_중앙시장_JG_0218,3,장안 마실 골목형상점가,동대문구,market,0.6299,0.0,0.15,0.0,0.0,0.0,0.7799
JG_20260522_1710_도봉구_중앙시장_JG_0218,4,천호로데오거리상점가,강동구,market,0.5914,0.0,0.15,0.0,0.0,0.0,0.7414
JG_20260522_1710_도봉구_중앙시장_JG_0218,5,신도봉시장,도봉구,market,0.4765,0.0,0.15,0.0,0.0,0.0,0.6265
JG_20260522_1710_도봉구_중앙시장_JG_0218,6,방학동도깨비시장,도봉구,market,0.4733,0.0,0.15,0.0,0.0,0.0,0.6233
JG_20260522_1710_도봉구_중앙시장_JG_0218,7,쌍문시장,도봉구,market,0.4726,0.0,0.15,0.0,0.0,0.0,0.6226
JG_20260522_1710_도봉구_중앙시장_JG_0218,8,창동신창시장,도봉구,market,0.4716,0.0,0.15,0.0,0.0,0.0,0.6216
JG_20260522_1710_도봉구_중앙시장_JG_0218,9,백운시장,도봉구,market,0.4704,0.0,0.15,0.0,0.0,0.0,0.6204
JG_20260522_1710_도봉구_중앙시장_JG_0218,10,창동골목시장,도봉구,market,0.4694,0.0,0.15,0.0,0.0,0.0,0.6194
JG_20260522_1900_용산구_용산역_JG_0219,1,서울역,중구,subway,0.9642,0.0,0.15,0.0,0.0,0.0,1.1142
JG_20260522_1900_용산구_용산역_JG_0219,2,잠실(송파구청),송파구,subway,0.9611,0.0,0.15,0.0,0.0,0.0,1.1111
JG_20260522_1900_용산구_용산역_JG_0219,3,강남,강남구,subway,0.9318,0.0,0.15,0.0,0.0,0.0,1.0818
JG_20260522_1900_용산구_용산역_JG_0219,4,홍대입구,마포구,subway,0.8656,0.0,0.15,0.0,0.0,0.0,1.0156
JG_20260522_1900_용산구_용산역_JG_0219,5,고속터미널,서초구,subway,0.8161,0.0,0.15,0.0,0.0,0.0,0.9661
JG_20260522_1900_용산구_용산역_JG_0219,6,삼성(무역센터),강남구,subway,0.7312,0.0,0.15,0.0,0.0,0.0,0.8812
JG_20260522_1900_용산구_용산역_JG_0219,7,성수,성동구,subway,0.7287,0.0,0.15,0.0,0.0,0.0,0.8787
JG_20260522_1900_용산구_용산역_JG_0219,8,선릉,강남구,subway,0.7238,0.0,0.15,0.0,0.0,0.0,0.8738
JG_20260522_1900_용산구_용산역_JG_0219,9,용산,용산구,subway,0.7194,0.0,0.15,0.0,0.0,0.0,0.8694
JG_20260522_1900_용산구_용산역_JG_0219,10,구로디지털단지,구로구,subway,0.6961,0.0,0.15,0.0,0.0,0.0,0.8461
JG_20260523_0900_도봉구_도봉산입구_JG_0220,1,신림,관악구,subway,0.9468,0.0,0.15,0.0,0.0,0.0,1.0968
JG_20260523_0900_도봉구_도봉산입구_JG_0220,2,잠실(송파구청),송파구,subway,0.8013,0.0,0.15,0.0,0.0,0.0,0.9513
JG_20260523_0900_도봉구_도봉산입구_JG_0220,3,서울역,중구,subway,0.7902,0.0,0.15,0.0,0.0,0.0,0.9402
JG_20260523_0900_도봉구_도봉산입구_JG_0220,4,구로디지털단지,구로구,subway,0.776,0.0,0.15,0.0,0.0,0.0,0.926
JG_20260523_0900_도봉구_도봉산입구_JG_0220,5,서울대입구(관악구청),관악구,subway,0.7382,0.0,0.15,0.0,0.0,0.0,0.8882
JG_20260523_0900_도봉구_도봉산입구_JG_0220,6,신도림,구로구,subway,0.7139,0.0,0.15,0.0,0.0,0.0,0.8639
JG_20260523_0900_도봉구_도봉산입구_JG_0220,7,연신내,은평구,subway,0.667,0.0,0.15,0.0,0.0,0.0,0.817
JG_20260523_0900_도봉구_도봉산입구_JG_0220,8,까치산,강서구,subway,0.6301,0.0,0.15,0.0,0.0,0.0,0.7801
JG_20260523_0900_도봉구_도봉산입구_JG_0220,9,화곡,강서구,subway,0.6251,0.0,0.15,0.0,0.0,0.0,0.7751
JG_20260523_0900_도봉구_도봉산입구_JG_0220,10,쌍문,도봉구,subway,0.623,0.0,0.15,0.0,0.0,0.0,0.773
JG_20260523_0950_도봉구_도봉산길_JG_0221,1,봉은공원,강남구,park,0.7275,0.0,0.15,0.0,0.0,0.0,0.8775
JG_20260523_0950_도봉구_도봉산길_JG_0221,2,월드컵공원,마포구,park,0.7248,0.0,0.15,0.0,0.0,0.0,0.8748
JG_20260523_0950_도봉구_도봉산길_JG_0221,3,중랑캠핑숲,중랑구,park,0.7213,0.0,0.15,0.0,0.0,0.0,0.8713
JG_20260523_0950_도봉구_도봉산길_JG_0221,4,백련근린공원,서대문구,park,0.7077,0.0,0.15,0.0,0.0,0.0,0.8577
JG_20260523_0950_도봉구_도봉산길_JG_0221,5,초안산근린공원,도봉구,park,0.6845,0.0,0.15,0.0,0.0,0.0,0.8345
JG_20260523_0950_도봉구_도봉산길_JG_0221,6,초안산생태공원,도봉구,park,0.652,0.0,0.15,0.0,0.0,0.0,0.802
JG_20260523_0950_도봉구_도봉산길_JG_0221,7,쌍문근린공원,도봉구,park,0.6298,0.0,0.15,0.0,0.0,0.0,0.7798
JG_20260523_0950_도봉구_도봉산길_JG_0221,8,월천근린공원,도봉구,park,0.5986,0.0,0.15,0.0,0.0,0.0,0.7486
JG_20260523_0950_도봉구_도봉산길_JG_0221,9,발바닥공원,도봉구,park,0.5888,0.0,0.15,0.0,0.0,0.0,0.7388
JG_20260523_0950_도봉구_도봉산길_JG_0221,10,서울창포원,도봉구,park,0.5824,0.0,0.15,0.0,0.0,0.0,0.7324
JG_20260523_1100_은평구_연신내역_JG_0222,1,신림,관악구,subway,0.9468,0.0,0.15,0.0,0.0,0.0,1.0968
JG_20260523_1100_은평구_연신내역_JG_0222,2,잠실(송파구청),송파구,subway,0.8013,0.0,0.15,0.0,0.0,0.0,0.9513
JG_20260523_1100_은평구_연신내역_JG_0222,3,서울역,중구,subway,0.7902,0.0,0.15,0.0,0.0,0.0,0.9402
JG_20260523_1100_은평구_연신내역_JG_0222,4,구로디지털단지,구로구,subway,0.776,0.0,0.15,0.0,0.0,0.0,0.926
JG_20260523_1100_은평구_연신내역_JG_0222,5,서울대입구(관악구청),관악구,subway,0.7382,0.0,0.15,0.0,0.0,0.0,0.8882
JG_20260523_1100_은평구_연신내역_JG_0222,6,신도림,구로구,subway,0.7139,0.0,0.15,0.0,0.0,0.0,0.8639
JG_20260523_1100_은평구_연신내역_JG_0222,7,연신내,은평구,subway,0.667,0.0,0.15,0.0,0.0,0.0,0.817
JG_20260523_1100_은평구_연신내역_JG_0222,8,까치산,강서구,subway,0.6301,0.0,0.15,0.0,0.0,0.0,0.7801
JG_20260523_1100_은평구_연신내역_JG_0222,9,화곡,강서구,subway,0.6251,0.0,0.15,0.0,0.0,0.0,0.7751
JG_20260523_1100_은평구_연신내역_JG_0222,10,쌍문,도봉구,subway,0.623,0.0,0.15,0.0,0.0,0.0,0.773
JG_20260523_1140_은평구_연신내역_JG_0223,1,신림,관악구,subway,0.9468,0.0,0.15,0.0,0.0,0.0,1.0968
JG_20260523_1140_은평구_연신내역_JG_0223,2,잠실(송파구청),송파구,subway,0.8013,0.0,0.15,0.0,0.0,0.0,0.9513
JG_20260523_1140_은평구_연신내역_JG_0223,3,서울역,중구,subway,0.7902,0.0,0.15,0.0,0.0,0.0,0.9402
JG_20260523_1140_은평구_연신내역_JG_0223,4,구로디지털단지,구로구,subway,0.776,0.0,0.15,0.0,0.0,0.0,0.926
JG_20260523_1140_은평구_연신내역_JG_0223,5,서울대입구(관악구청),관악구,subway,0.7382,0.0,0.15,0.0,0.0,0.0,0.8882
JG_20260523_1140_은평구_연신내역_JG_0223,6,신도림,구로구,subway,0.7139,0.0,0.15,0.0,0.0,0.0,0.8639
JG_20260523_1140_은평구_연신내역_JG_0223,7,연신내,은평구,subway,0.667,0.0,0.15,0.0,0.0,0.0,0.817
JG_20260523_1140_은평구_연신내역_JG_0223,8,까치산,강서구,subway,0.6301,0.0,0.15,0.0,0.0,0.0,0.7801
JG_20260523_1140_은평구_연신내역_JG_0223,9,화곡,강서구,subway,0.6251,0.0,0.15,0.0,0.0,0.0,0.7751
JG_20260523_1140_은평구_연신내역_JG_0223,10,쌍문,도봉구,subway,0.623,0.0,0.15,0.0,0.0,0.0,0.773
JG_20260523_1500_서대문구_홍제역_JG_0225,1,서울역,중구,subway,0.9642,0.0,0.15,0.0,0.0,0.0,1.1142
JG_20260523_1500_서대문구_홍제역_JG_0225,2,잠실(송파구청),송파구,subway,0.9611,0.0,0.15,0.0,0.0,0.0,1.1111
JG_20260523_1500_서대문구_홍제역_JG_0225,3,강남,강남구,subway,0.9318,0.0,0.15,0.0,0.0,0.0,1.0818
JG_20260523_1500_서대문구_홍제역_JG_0225,4,홍대입구,마포구,subway,0.8656,0.0,0.15,0.0,0.0,0.0,1.0156
JG_20260523_1500_서대문구_홍제역_JG_0225,5,고속터미널,서초구,subway,0.8161,0.0,0.15,0.0,0.0,0.0,0.9661
JG_20260523_1500_서대문구_홍제역_JG_0225,6,삼성(무역센터),강남구,subway,0.7312,0.0,0.15,0.0,0.0,0.0,0.8812
JG_20260523_1500_서대문구_홍제역_JG_0225,7,성수,성동구,subway,0.7287,0.0,0.15,0.0,0.0,0.0,0.8787
JG_20260523_1500_서대문구_홍제역_JG_0225,8,선릉,강남구,subway,0.7238,0.0,0.15,0.0,0.0,0.0,0.8738
JG_20260523_1500_서대문구_홍제역_JG_0225,9,용산,용산구,subway,0.7194,0.0,0.15,0.0,0.0,0.0,0.8694
JG_20260523_1500_서대문구_홍제역_JG_0225,10,구로디지털단지,구로구,subway,0.6961,0.0,0.15,0.0,0.0,0.0,0.8461
JG_20260523_1550_서대문구_홍제역_JG_0226,1,서울역,중구,subway,0.9642,0.0,0.15,0.0,0.0,0.0,1.1142
JG_20260523_1550_서대문구_홍제역_JG_0226,2,잠실(송파구청),송파구,subway,0.9611,0.0,0.15,0.0,0.0,0.0,1.1111
JG_20260523_1550_서대문구_홍제역_JG_0226,3,강남,강남구,subway,0.9318,0.0,0.15,0.0,0.0,0.0,1.0818
JG_20260523_1550_서대문구_홍제역_JG_0226,4,홍대입구,마포구,subway,0.8656,0.0,0.15,0.0,0.0,0.0,1.0156
JG_20260523_1550_서대문구_홍제역_JG_0226,5,고속터미널,서초구,subway,0.8161,0.0,0.15,0.0,0.0,0.0,0.9661
JG_20260523_1550_서대문구_홍제역_JG_0226,6,삼성(무역센터),강남구,subway,0.7312,0.0,0.15,0.0,0.0,0.0,0.8812
JG_20260523_1550_서대문구_홍제역_JG_0226,7,성수,성동구,subway,0.7287,0.0,0.15,0.0,0.0,0.0,0.8787
JG_20260523_1550_서대문구_홍제역_JG_0226,8,선릉,강남구,subway,0.7238,0.0,0.15,0.0,0.0,0.0,0.8738
JG_20260523_1550_서대문구_홍제역_JG_0226,9,용산,용산구,subway,0.7194,0.0,0.15,0.0,0.0,0.0,0.8694
JG_20260523_1550_서대문구_홍제역_JG_0226,10,구로디지털단지,구로구,subway,0.6961,0.0,0.15,0.0,0.0,0.0,0.8461
JG_20260523_1800_마포구_상암_JG_0227,1,서울역,중구,subway,0.9642,0.0,0.15,0.0,0.0,0.0,1.1142
JG_20260523_1800_마포구_상암_JG_0227,2,잠실(송파구청),송파구,subway,0.9611,0.0,0.15,0.0,0.0,0.0,1.1111
JG_20260523_1800_마포구_상암_JG_0227,3,강남,강남구,subway,0.9318,0.0,0.15,0.0,0.0,0.0,1.0818
JG_20260523_1800_마포구_상암_JG_0227,4,홍대입구,마포구,subway,0.8656,0.0,0.15,0.0,0.0,0.0,1.0156
JG_20260523_1800_마포구_상암_JG_0227,5,고속터미널,서초구,subway,0.8161,0.0,0.15,0.0,0.0,0.0,0.9661
JG_20260523_1800_마포구_상암_JG_0227,6,삼성(무역센터),강남구,subway,0.7312,0.0,0.15,0.0,0.0,0.0,0.8812
JG_20260523_1800_마포구_상암_JG_0227,7,성수,성동구,subway,0.7287,0.0,0.15,0.0,0.0,0.0,0.8787
JG_20260523_1800_마포구_상암_JG_0227,8,선릉,강남구,subway,0.7238,0.0,0.15,0.0,0.0,0.0,0.8738
JG_20260523_1800_마포구_상암_JG_0227,9,합정,마포구,subway,0.4906,0.0,0.15,0.0,0.0,0.0,0.6406
JG_20260523_1800_마포구_상암_JG_0227,10,마포구청,마포구,subway,0.3615,0.0,0.15,0.0,0.0,0.0,0.5115
JG_20260523_1810_마포구_홍대거리_JG_0228,1,남대문시장,중구,market,0.7056,0.0,0.15,0.0,0.0,0.0,0.8556
JG_20260523_1810_마포구_홍대거리_JG_0228,2,동대문종합시장,종로구,market,0.6301,0.0,0.15,0.0,0.0,0.0,0.7801
JG_20260523_1810_마포구_홍대거리_JG_0228,3,장안 마실 골목형상점가,동대문구,market,0.6299,0.0,0.15,0.0,0.0,0.0,0.7799
JG_20260523_1810_마포구_홍대거리_JG_0228,4,천호로데오거리상점가,강동구,market,0.5914,0.0,0.15,0.0,0.0,0.0,0.7414
JG_20260523_1810_마포구_홍대거리_JG_0228,5,광장전통시장,종로구,market,0.5714,0.0,0.15,0.0,0.0,0.0,0.7214
JG_20260523_1810_마포구_홍대거리_JG_0228,6,아현시장,마포구,market,0.4776,0.0,0.15,0.0,0.0,0.0,0.6276
JG_20260523_1810_마포구_홍대거리_JG_0228,7,연남동골목형상점가,마포구,market,0.4764,0.0,0.15,0.0,0.0,0.0,0.6264
JG_20260523_1810_마포구_홍대거리_JG_0228,8,망원시장,마포구,market,0.4721,0.0,0.15,0.0,0.0,0.0,0.6221
JG_20260523_1810_마포구_홍대거리_JG_0228,9,홍대레드로드골목형상점가,마포구,market,0.4699,0.0,0.15,0.0,0.0,0.0,0.6199
JG_20260523_1810_마포구_홍대거리_JG_0228,10,망원동월드컵시장,마포구,market,0.4684,0.0,0.15,0.0,0.0,0.0,0.6184
JG_20260524_1400_광진구_어린이대공원_JG_0230,1,봉은공원,강남구,park,0.7451,0.0,0.15,0.0,0.0,0.0,0.8951
JG_20260524_1400_광진구_어린이대공원_JG_0230,2,월드컵공원,마포구,park,0.7425,0.0,0.15,0.0,0.0,0.0,0.8925
JG_20260524_1400_광진구_어린이대공원_JG_0230,3,중랑캠핑숲,중랑구,park,0.7412,0.0,0.15,0.0,0.0,0.0,0.8912
JG_20260524_1400_광진구_어린이대공원_JG_0230,4,백련근린공원,서대문구,park,0.7275,0.0,0.15,0.0,0.0,0.0,0.8775
JG_20260524_1400_광진구_어린이대공원_JG_0230,5,남산공원,중구,park,0.7185,0.0,0.15,0.0,0.0,0.0,0.8685
JG_20260524_1400_광진구_어린이대공원_JG_0230,6,안산도시자연공원,서대문구,park,0.7158,0.0,0.15,0.0,0.0,0.0,0.8658
JG_20260524_1400_광진구_어린이대공원_JG_0230,7,여의도근린공원,영등포구,park,0.7046,0.0,0.15,0.0,0.0,0.0,0.8546
JG_20260524_1400_광진구_어린이대공원_JG_0230,8,초안산근린공원,도봉구,park,0.7043,0.0,0.15,0.0,0.0,0.0,0.8543
JG_20260524_1400_광진구_어린이대공원_JG_0230,9,어린이대공원,광진구,park,0.6366,0.0,0.15,0.0,0.0,0.0,0.7866
JG_20260524_1400_광진구_어린이대공원_JG_0230,10,아차산공원,광진구,park,0.6147,0.0,0.15,0.0,0.0,0.0,0.7647
JG_20260524_1440_광진구_어린이대공원_JG_0231,1,봉은공원,강남구,park,0.7451,0.0,0.15,0.0,0.0,0.0,0.8951
JG_20260524_1440_광진구_어린이대공원_JG_0231,2,월드컵공원,마포구,park,0.7425,0.0,0.15,0.0,0.0,0.0,0.8925
JG_20260524_1440_광진구_어린이대공원_JG_0231,3,중랑캠핑숲,중랑구,park,0.7412,0.0,0.15,0.0,0.0,0.0,0.8912
JG_20260524_1440_광진구_어린이대공원_JG_0231,4,백련근린공원,서대문구,park,0.7275,0.0,0.15,0.0,0.0,0.0,0.8775
JG_20260524_1440_광진구_어린이대공원_JG_0231,5,남산공원,중구,park,0.7185,0.0,0.15,0.0,0.0,0.0,0.8685
JG_20260524_1440_광진구_어린이대공원_JG_0231,6,안산도시자연공원,서대문구,park,0.7158,0.0,0.15,0.0,0.0,0.0,0.8658
JG_20260524_1440_광진구_어린이대공원_JG_0231,7,여의도근린공원,영등포구,park,0.7046,0.0,0.15,0.0,0.0,0.0,0.8546
JG_20260524_1440_광진구_어린이대공원_JG_0231,8,초안산근린공원,도봉구,park,0.7043,0.0,0.15,0.0,0.0,0.0,0.8543
JG_20260524_1440_광진구_어린이대공원_JG_0231,9,어린이대공원,광진구,park,0.6366,0.0,0.15,0.0,0.0,0.0,0.7866
JG_20260524_1440_광진구_어린이대공원_JG_0231,10,아차산공원,광진구,park,0.6147,0.0,0.15,0.0,0.0,0.0,0.7647
JG_20260524_1500_광진구_재개발재건축현장_JG_0232,1,서울역,중구,subway,0.9642,0.0,0.15,0.0,0.0,0.0,1.1142
JG_20260524_1500_광진구_재개발재건축현장_JG_0232,2,잠실(송파구청),송파구,subway,0.9611,0.0,0.15,0.0,0.0,0.0,1.1111
JG_20260524_1500_광진구_재개발재건축현장_JG_0232,3,강남,강남구,subway,0.9318,0.0,0.15,0.0,0.0,0.0,1.0818
JG_20260524_1500_광진구_재개발재건축현장_JG_0232,4,홍대입구,마포구,subway,0.8656,0.0,0.15,0.0,0.0,0.0,1.0156
JG_20260524_1500_광진구_재개발재건축현장_JG_0232,5,고속터미널,서초구,subway,0.8161,0.0,0.15,0.0,0.0,0.0,0.9661
JG_20260524_1500_광진구_재개발재건축현장_JG_0232,6,삼성(무역센터),강남구,subway,0.7312,0.0,0.15,0.0,0.0,0.0,0.8812
JG_20260524_1500_광진구_재개발재건축현장_JG_0232,7,성수,성동구,subway,0.7287,0.0,0.15,0.0,0.0,0.0,0.8787
JG_20260524_1500_광진구_재개발재건축현장_JG_0232,8,선릉,강남구,subway,0.7238,0.0,0.15,0.0,0.0,0.0,0.8738
JG_20260524_1500_광진구_재개발재건축현장_JG_0232,9,건대입구,광진구,subway,0.5488,0.0,0.15,0.0,0.0,0.0,0.6988
JG_20260524_1500_광진구_재개발재건축현장_JG_0232,10,구의(광진구청),광진구,subway,0.4793,0.0,0.15,0.0,0.0,0.0,0.6293
JG_20260524_1530_강동구_천호공원_JG_0233,1,봉은공원,강남구,park,0.7451,0.0,0.15,0.0,0.0,0.0,0.8951
JG_20260524_1530_강동구_천호공원_JG_0233,2,월드컵공원,마포구,park,0.7425,0.0,0.15,0.0,0.0,0.0,0.8925
JG_20260524_1530_강동구_천호공원_JG_0233,3,중랑캠핑숲,중랑구,park,0.7412,0.0,0.15,0.0,0.0,0.0,0.8912
JG_20260524_1530_강동구_천호공원_JG_0233,4,일자산근린공원,강동구,park,0.694,0.0,0.15,0.0,0.0,0.0,0.844
JG_20260524_1530_강동구_천호공원_JG_0233,5,천호근린공원,강동구,park,0.6519,0.0,0.15,0.0,0.0,0.0,0.8019
JG_20260524_1530_강동구_천호공원_JG_0233,6,길동생태공원,강동구,park,0.6301,0.0,0.15,0.0,0.0,0.0,0.7801
JG_20260524_1530_강동구_천호공원_JG_0233,7,명일근린공원,강동구,park,0.6253,0.0,0.15,0.0,0.0,0.0,0.7753
JG_20260524_1530_강동구_천호공원_JG_0233,8,동명근린공원,강동구,park,0.6058,0.0,0.15,0.0,0.0,0.0,0.7558
JG_20260524_1530_강동구_천호공원_JG_0233,9,허브천문공원,강동구,park,0.5907,0.0,0.15,0.0,0.0,0.0,0.7407
JG_20260524_1530_강동구_천호공원_JG_0233,10,샛마을근린공원,강동구,park,0.5803,0.0,0.15,0.0,0.0,0.0,0.7303
JG_20260524_1640_강동구_재개발재건축현장_JG_0235,1,서울역,중구,subway,0.9642,0.0,0.15,0.0,0.0,0.0,1.1142
JG_20260524_1640_강동구_재개발재건축현장_JG_0235,2,잠실(송파구청),송파구,subway,0.9611,0.0,0.15,0.0,0.0,0.0,1.1111
JG_20260524_1640_강동구_재개발재건축현장_JG_0235,3,강남,강남구,subway,0.9318,0.0,0.15,0.0,0.0,0.0,1.0818
JG_20260524_1640_강동구_재개발재건축현장_JG_0235,4,홍대입구,마포구,subway,0.8656,0.0,0.15,0.0,0.0,0.0,1.0156
JG_20260524_1640_강동구_재개발재건축현장_JG_0235,5,고속터미널,서초구,subway,0.8161,0.0,0.15,0.0,0.0,0.0,0.9661
JG_20260524_1640_강동구_재개발재건축현장_JG_0235,6,삼성(무역센터),강남구,subway,0.7312,0.0,0.15,0.0,0.0,0.0,0.8812
JG_20260524_1640_강동구_재개발재건축현장_JG_0235,7,성수,성동구,subway,0.7287,0.0,0.15,0.0,0.0,0.0,0.8787
JG_20260524_1640_강동구_재개발재건축현장_JG_0235,8,선릉,강남구,subway,0.7238,0.0,0.15,0.0,0.0,0.0,0.8738
JG_20260524_1640_강동구_재개발재건축현장_JG_0235,9,용산,용산구,subway,0.7194,0.0,0.15,0.0,0.0,0.0,0.8694
JG_20260524_1640_강동구_재개발재건축현장_JG_0235,10,구로디지털단지,구로구,subway,0.6961,0.0,0.15,0.0,0.0,0.0,0.8461
JG_20260524_1740_송파구_재개발재건축현장_JG_0236,1,서울역,중구,subway,0.9642,0.0,0.15,0.0,0.0,0.0,1.1142
JG_20260524_1740_송파구_재개발재건축현장_JG_0236,2,잠실(송파구청),송파구,subway,0.9611,0.0,0.15,0.0,0.0,0.0,1.1111
JG_20260524_1740_송파구_재개발재건축현장_JG_0236,3,강남,강남구,subway,0.9318,0.0,0.15,0.0,0.0,0.0,1.0818
JG_20260524_1740_송파구_재개발재건축현장_JG_0236,4,홍대입구,마포구,subway,0.8656,0.0,0.15,0.0,0.0,0.0,1.0156
JG_20260524_1740_송파구_재개발재건축현장_JG_0236,5,고속터미널,서초구,subway,0.8161,0.0,0.15,0.0,0.0,0.0,0.9661
JG_20260524_1740_송파구_재개발재건축현장_JG_0236,6,삼성(무역센터),강남구,subway,0.7312,0.0,0.15,0.0,0.0,0.0,0.8812
JG_20260524_1740_송파구_재개발재건축현장_JG_0236,7,성수,성동구,subway,0.7287,0.0,0.15,0.0,0.0,0.0,0.8787
JG_20260524_1740_송파구_재개발재건축현장_JG_0236,8,선릉,강남구,subway,0.7238,0.0,0.15,0.0,0.0,0.0,0.8738
JG_20260524_1740_송파구_재개발재건축현장_JG_0236,9,용산,용산구,subway,0.7194,0.0,0.15,0.0,0.0,0.0,0.8694
JG_20260524_1740_송파구_재개발재건축현장_JG_0236,10,구로디지털단지,구로구,subway,0.6961,0.0,0.15,0.0,0.0,0.0,0.8461
JG_20260524_1800_강동구_성내전통시장_JG_0237,1,남대문시장,중구,market,0.7056,0.0,0.15,0.0,0.0,0.0,0.8556
JG_20260524_1800_강동구_성내전통시장_JG_0237,2,동대문종합시장,종로구,market,0.6301,0.0,0.15,0.0,0.0,0.0,0.7801
JG_20260524_1800_강동구_성내전통시장_JG_0237,3,장안 마실 골목형상점가,동대문구,market,0.6299,0.0,0.15,0.0,0.0,0.0,0.7799
JG_20260524_1800_강동구_성내전통시장_JG_0237,4,천호로데오거리상점가,강동구,market,0.5914,0.0,0.15,0.0,0.0,0.0,0.7414
JG_20260524_1800_강동구_성내전통시장_JG_0237,5,장신구거리,강동구,market,0.4813,0.0,0.15,0.0,0.0,0.0,0.6313
JG_20260524_1800_강동구_성내전통시장_JG_0237,6,길동복조리시장,강동구,market,0.4759,0.0,0.15,0.0,0.0,0.0,0.6259
JG_20260524_1800_강동구_성내전통시장_JG_0237,7,암사종합시장,강동구,market,0.4752,0.0,0.15,0.0,0.0,0.0,0.6252
JG_20260524_1800_강동구_성내전통시장_JG_0237,8,둔촌역전통시장,강동구,market,0.4698,0.0,0.15,0.0,0.0,0.0,0.6198
JG_20260524_1800_강동구_성내전통시장_JG_0237,9,성내전통시장,강동구,market,0.4688,0.0,0.15,0.0,0.0,0.0,0.6188
JG_20260524_1800_강동구_성내전통시장_JG_0237,10,고분다리전통시장,강동구,market,0.4682,0.0,0.15,0.0,0.0,0.0,0.6182
JG_20260525_1000_강서구_마곡나루역_JG_0238,1,신림,관악구,subway,0.9468,0.0,0.15,0.0,0.0,0.0,1.0968
JG_20260525_1000_강서구_마곡나루역_JG_0238,2,잠실(송파구청),송파구,subway,0.8013,0.0,0.15,0.0,0.0,0.0,0.9513
JG_20260525_1000_강서구_마곡나루역_JG_0238,3,서울역,중구,subway,0.7902,0.0,0.15,0.0,0.0,0.0,0.9402
JG_20260525_1000_강서구_마곡나루역_JG_0238,4,구로디지털단지,구로구,subway,0.776,0.0,0.15,0.0,0.0,0.0,0.926
JG_20260525_1000_강서구_마곡나루역_JG_0238,5,서울대입구(관악구청),관악구,subway,0.7382,0.0,0.15,0.0,0.0,0.0,0.8882
JG_20260525_1000_강서구_마곡나루역_JG_0238,6,신도림,구로구,subway,0.7139,0.0,0.15,0.0,0.0,0.0,0.8639
JG_20260525_1000_강서구_마곡나루역_JG_0238,7,연신내,은평구,subway,0.667,0.0,0.15,0.0,0.0,0.0,0.817
JG_20260525_1000_강서구_마곡나루역_JG_0238,8,까치산,강서구,subway,0.6301,0.0,0.15,0.0,0.0,0.0,0.7801
JG_20260525_1000_강서구_마곡나루역_JG_0238,9,화곡,강서구,subway,0.6251,0.0,0.15,0.0,0.0,0.0,0.7751
JG_20260525_1000_강서구_마곡나루역_JG_0238,10,쌍문,도봉구,subway,0.623,0.0,0.15,0.0,0.0,0.0,0.773
JG_20260525_1050_강서구_서울식물원_JG_0239,1,서울식물원,강서구,park,0.6609,0.0,0.15,0.0,0.0,0.0,0.8109
JG_20260525_1050_강서구_서울식물원_JG_0239,2,방화근린공원,강서구,park,0.6584,0.0,0.15,0.0,0.0,0.0,0.8084
JG_20260525_1050_강서구_서울식물원_JG_0239,3,우장산근린공원,강서구,park,0.6338,0.0,0.15,0.0,0.0,0.0,0.7838
JG_20260525_1050_강서구_서울식물원_JG_0239,4,봉제산공원,강서구,park,0.6165,0.0,0.15,0.0,0.0,0.0,0.7665
JG_20260525_1050_강서구_서울식물원_JG_0239,5,개화근린공원,강서구,park,0.6086,0.0,0.15,0.0,0.0,0.0,0.7586
JG_20260525_1050_강서구_서울식물원_JG_0239,6,꿩고개근린공원,강서구,park,0.5968,0.0,0.15,0.0,0.0,0.0,0.7468
JG_20260525_1050_강서구_서울식물원_JG_0239,7,궁산근린공원,강서구,park,0.5946,0.0,0.15,0.0,0.0,0.0,0.7446
JG_20260525_1050_강서구_서울식물원_JG_0239,8,염창근린공원,강서구,park,0.5899,0.0,0.15,0.0,0.0,0.0,0.7399
JG_20260525_1050_강서구_서울식물원_JG_0239,9,허준공원,강서구,park,0.5765,0.0,0.15,0.0,0.0,0.0,0.7265
JG_20260525_1050_강서구_서울식물원_JG_0239,10,매화근린공원,강서구,park,0.5416,0.0,0.15,0.0,0.0,0.0,0.6916
JG_20260525_1240_양천구_현대백화점목동점_JG_0240,1,서울역,중구,subway,0.9642,0.0,0.15,0.0,0.0,0.0,1.1142
JG_20260525_1240_양천구_현대백화점목동점_JG_0240,2,잠실(송파구청),송파구,subway,0.9611,0.0,0.15,0.0,0.0,0.0,1.1111
JG_20260525_1240_양천구_현대백화점목동점_JG_0240,3,강남,강남구,subway,0.9318,0.0,0.15,0.0,0.0,0.0,1.0818
JG_20260525_1240_양천구_현대백화점목동점_JG_0240,4,홍대입구,마포구,subway,0.8656,0.0,0.15,0.0,0.0,0.0,1.0156
JG_20260525_1240_양천구_현대백화점목동점_JG_0240,5,고속터미널,서초구,subway,0.8161,0.0,0.15,0.0,0.0,0.0,0.9661
JG_20260525_1240_양천구_현대백화점목동점_JG_0240,6,삼성(무역센터),강남구,subway,0.7312,0.0,0.15,0.0,0.0,0.0,0.8812
JG_20260525_1240_양천구_현대백화점목동점_JG_0240,7,성수,성동구,subway,0.7287,0.0,0.15,0.0,0.0,0.0,0.8787
JG_20260525_1240_양천구_현대백화점목동점_JG_0240,8,선릉,강남구,subway,0.7238,0.0,0.15,0.0,0.0,0.0,0.8738
JG_20260525_1240_양천구_현대백화점목동점_JG_0240,9,용산,용산구,subway,0.7194,0.0,0.15,0.0,0.0,0.0,0.8694
JG_20260525_1240_양천구_현대백화점목동점_JG_0240,10,구로디지털단지,구로구,subway,0.6961,0.0,0.15,0.0,0.0,0.0,0.8461
JG_20260525_1430_금천구_시티렉스앞_JG_0242,1,서울역,중구,subway,0.9642,0.0,0.15,0.0,0.0,0.0,1.1142
JG_20260525_1430_금천구_시티렉스앞_JG_0242,2,잠실(송파구청),송파구,subway,0.9611,0.0,0.15,0.0,0.0,0.0,1.1111
JG_20260525_1430_금천구_시티렉스앞_JG_0242,3,강남,강남구,subway,0.9318,0.0,0.15,0.0,0.0,0.0,1.0818
JG_20260525_1430_금천구_시티렉스앞_JG_0242,4,홍대입구,마포구,subway,0.8656,0.0,0.15,0.0,0.0,0.0,1.0156
JG_20260525_1430_금천구_시티렉스앞_JG_0242,5,고속터미널,서초구,subway,0.8161,0.0,0.15,0.0,0.0,0.0,0.9661
JG_20260525_1430_금천구_시티렉스앞_JG_0242,6,삼성(무역센터),강남구,subway,0.7312,0.0,0.15,0.0,0.0,0.0,0.8812
JG_20260525_1430_금천구_시티렉스앞_JG_0242,7,성수,성동구,subway,0.7287,0.0,0.15,0.0,0.0,0.0,0.8787
JG_20260525_1430_금천구_시티렉스앞_JG_0242,8,선릉,강남구,subway,0.7238,0.0,0.15,0.0,0.0,0.0,0.8738
JG_20260525_1430_금천구_시티렉스앞_JG_0242,9,용산,용산구,subway,0.7194,0.0,0.15,0.0,0.0,0.0,0.8694
JG_20260525_1430_금천구_시티렉스앞_JG_0242,10,가산디지털단지,금천구,subway,0.586,0.0,0.15,0.0,0.0,0.0,0.736
JG_20260525_1600_영등포구_영등포재개발재건축현장_JG_0243,1,서울역,중구,subway,0.9642,0.0,0.15,0.0,0.0,0.0,1.1142
JG_20260525_1600_영등포구_영등포재개발재건축현장_JG_0243,2,잠실(송파구청),송파구,subway,0.9611,0.0,0.15,0.0,0.0,0.0,1.1111
JG_20260525_1600_영등포구_영등포재개발재건축현장_JG_0243,3,강남,강남구,subway,0.9318,0.0,0.15,0.0,0.0,0.0,1.0818
JG_20260525_1600_영등포구_영등포재개발재건축현장_JG_0243,4,홍대입구,마포구,subway,0.8656,0.0,0.15,0.0,0.0,0.0,1.0156
JG_20260525_1600_영등포구_영등포재개발재건축현장_JG_0243,5,고속터미널,서초구,subway,0.8161,0.0,0.15,0.0,0.0,0.0,0.9661
JG_20260525_1600_영등포구_영등포재개발재건축현장_JG_0243,6,삼성(무역센터),강남구,subway,0.7312,0.0,0.15,0.0,0.0,0.0,0.8812
JG_20260525_1600_영등포구_영등포재개발재건축현장_JG_0243,7,영등포,영등포구,subway,0.6567,0.0,0.15,0.0,0.0,0.0,0.8067
JG_20260525_1600_영등포구_영등포재개발재건축현장_JG_0243,8,여의도,영등포구,subway,0.5131,0.0,0.15,0.0,0.0,0.0,0.6631
JG_20260525_1600_영등포구_영등포재개발재건축현장_JG_0243,9,영등포구청,영등포구,subway,0.427,0.0,0.15,0.0,0.0,0.0,0.577
JG_20260525_1600_영등포구_영등포재개발재건축현장_JG_0243,10,당산,영등포구,subway,0.3993,0.0,0.15,0.0,0.0,0.0,0.5493
JG_20260525_1630_영등포구_타임스퀘어_JG_0244,1,서울역,중구,subway,0.9642,0.0,0.15,0.0,0.0,0.0,1.1142
JG_20260525_1630_영등포구_타임스퀘어_JG_0244,2,잠실(송파구청),송파구,subway,0.9611,0.0,0.15,0.0,0.0,0.0,1.1111
JG_20260525_1630_영등포구_타임스퀘어_JG_0244,3,강남,강남구,subway,0.9318,0.0,0.15,0.0,0.0,0.0,1.0818
JG_20260525_1630_영등포구_타임스퀘어_JG_0244,4,홍대입구,마포구,subway,0.8656,0.0,0.15,0.0,0.0,0.0,1.0156
JG_20260525_1630_영등포구_타임스퀘어_JG_0244,5,고속터미널,서초구,subway,0.8161,0.0,0.15,0.0,0.0,0.0,0.9661
JG_20260525_1630_영등포구_타임스퀘어_JG_0244,6,삼성(무역센터),강남구,subway,0.7312,0.0,0.15,0.0,0.0,0.0,0.8812
JG_20260525_1630_영등포구_타임스퀘어_JG_0244,7,영등포,영등포구,subway,0.6567,0.0,0.15,0.0,0.0,0.0,0.8067
JG_20260525_1630_영등포구_타임스퀘어_JG_0244,8,여의도,영등포구,subway,0.5131,0.0,0.15,0.0,0.0,0.0,0.6631
JG_20260525_1630_영등포구_타임스퀘어_JG_0244,9,영등포구청,영등포구,subway,0.427,0.0,0.15,0.0,0.0,0.0,0.577
JG_20260525_1630_영등포구_타임스퀘어_JG_0244,10,당산,영등포구,subway,0.3993,0.0,0.15,0.0,0.0,0.0,0.5493
