query_id,rank,recommended_place_name,recommended_district,recommended_place_type,candidate_source,baseline_score,raw_rank,district_match_score,place_type_score,time_context_score,voter_target_score,floating_population_score,worker_population_score,transit_access_score,market_commercial_score,welfare_policy_score,campaign_context_score,candidate_style_score,novelty_diversity_score,rank_score,semantic_similarity,composite_similarity,final_score,score,exact_place_hit,explanation
2026-03-10_17:40_중구,1,남대문시장,중구,market,market,0.7056,1,1.0,1.0,0.85,0.9,0.81558,0.4,0.25,1.0,0.0,0.791667,0.158008,0.02,1.0,0.275899,0.86384,1.719647,1.719647,False,"이 장소는 중구 자치구 조건과 일치, market 유형이 일정 문맥과 유사, 입력 시간대의 유동·접촉 가능성이 높음, 목표 유권자 조건과 부합으로 평가되어 상위 추천에 배치되었다."
2026-03-10_17:40_중구,2,평화시장,중구,market,market,0.5528,2,1.0,1.0,0.85,0.9,0.73154,0.4,0.25,1.0,0.0,0.791667,0.158008,0.02,0.989899,0.275899,0.86384,1.562342,1.562342,False,"이 장소는 중구 자치구 조건과 일치, market 유형이 일정 문맥과 유사, 입력 시간대의 유동·접촉 가능성이 높음, 목표 유권자 조건과 부합으로 평가되어 상위 추천에 배치되었다."
2026-03-10_17:40_중구,3,삼익패션타운,중구,market,market,0.5222,3,1.0,1.0,0.85,0.9,0.71471,0.4,0.25,1.0,0.0,0.791667,0.158008,0.02,0.979798,0.275899,0.86384,1.530598,1.530598,False,"이 장소는 중구 자치구 조건과 일치, market 유형이 일정 문맥과 유사, 입력 시간대의 유동·접촉 가능성이 높음, 목표 유권자 조건과 부합으로 평가되어 상위 추천에 배치되었다."
2026-03-10_17:40_중구,4,동평화시장,중구,market,market,0.5126,4,1.0,1.0,0.85,0.9,0.70943,0.4,0.25,1.0,0.0,0.791667,0.158008,0.02,0.969697,0.275899,0.86384,1.520431,1.520431,False,"이 장소는 중구 자치구 조건과 일치, market 유형이 일정 문맥과 유사, 입력 시간대의 유동·접촉 가능성이 높음, 목표 유권자 조건과 부합으로 평가되어 상위 추천에 배치되었다."
2026-03-10_17:40_중구,5,청평화시장,중구,market,market,0.5024,5,1.0,1.0,0.85,0.9,0.70382,0.4,0.25,1.0,0.0,0.791667,0.158008,0.02,0.959596,0.275899,0.86384,1.509647,1.509647,False,"이 장소는 중구 자치구 조건과 일치, market 유형이 일정 문맥과 유사, 입력 시간대의 유동·접촉 가능성이 높음, 목표 유권자 조건과 부합으로 평가되어 상위 추천에 배치되었다."
2026-03-10_17:40_중구,6,신평화패션타운,중구,market,market,0.4993,6,1.0,1.0,0.85,0.9,0.702115,0.4,0.25,1.0,0.0,0.791667,0.158008,0.02,0.949495,0.275899,0.86384,1.506159,1.506159,False,"이 장소는 중구 자치구 조건과 일치, market 유형이 일정 문맥과 유사, 입력 시간대의 유동·접촉 가능성이 높음, 목표 유권자 조건과 부합으로 평가되어 상위 추천에 배치되었다."
2026-03-10_17:40_중구,7,방산시장,중구,market,market,0.4988,7,1.0,1.0,0.85,0.9,0.70184,0.4,0.25,1.0,0.0,0.791667,0.158008,0.02,0.939394,0.275899,0.86384,1.505342,1.505342,False,"이 장소는 중구 자치구 조건과 일치, market 유형이 일정 문맥과 유사, 입력 시간대의 유동·접촉 가능성이 높음, 목표 유권자 조건과 부합으로 평가되어 상위 추천에 배치되었다."
2026-03-10_17:40_중구,8,광희패션몰,중구,market,market,0.4973,8,1.0,1.0,0.85,0.9,0.701015,0.4,0.25,1.0,0.0,0.791667,0.158008,0.02,0.929293,0.275899,0.86384,1.503498,1.503498,False,"이 장소는 중구 자치구 조건과 일치, market 유형이 일정 문맥과 유사, 입력 시간대의 유동·접촉 가능성이 높음, 목표 유권자 조건과 부합으로 평가되어 상위 추천에 배치되었다."
2026-03-10_17:40_중구,9,통일상가,중구,market,market,0.4936,9,1.0,1.0,0.85,0.9,0.69898,0.4,0.25,1.0,0.0,0.791667,0.158008,0.02,0.919192,0.275899,0.86384,1.499393,1.499393,False,"이 장소는 중구 자치구 조건과 일치, market 유형이 일정 문맥과 유사, 입력 시간대의 유동·접촉 가능성이 높음, 목표 유권자 조건과 부합으로 평가되어 상위 추천에 배치되었다."
2026-03-10_17:40_중구,10,중부시장,중구,market,market,0.4895,10,1.0,1.0,0.85,0.9,0.696725,0.4,0.25,1.0,0.0,0.791667,0.158008,0.02,0.909091,0.275899,0.86384,1.494877,1.494877,False,"이 장소는 중구 자치구 조건과 일치, market 유형이 일정 문맥과 유사, 입력 시간대의 유동·접촉 가능성이 높음, 목표 유권자 조건과 부합으로 평가되어 상위 추천에 배치되었다."
2026-03-11_15:10_영등포구,1,영등포유통상가,영등포구,market,market,0.5381,4,1.0,1.0,0.8,0.9,0.673455,0.1,0.25,1.0,0.0,0.791667,0.196579,0.038462,0.969697,0.303079,0.859058,1.529346,1.529346,False,"이 장소는 영등포구 자치구 조건과 일치, market 유형이 일정 문맥과 유사, 입력 시간대의 유동·접촉 가능성이 높음, 목표 유권자 조건과 부합으로 평가되어 상위 추천에 배치되었다."
2026-03-11_15:10_영등포구,2,영등포시장기계공구상가,영등포구,market,market,0.4939,5,1.0,1.0,0.8,0.9,0.649145,0.1,0.25,1.0,0.0,0.791667,0.196579,0.038462,0.959596,0.303079,0.859058,1.483628,1.483628,False,"이 장소는 영등포구 자치구 조건과 일치, market 유형이 일정 문맥과 유사, 입력 시간대의 유동·접촉 가능성이 높음, 목표 유권자 조건과 부합으로 평가되어 상위 추천에 배치되었다."
2026-03-11_15:10_영등포구,3,영등포청과시장,영등포구,market,market,0.478,6,1.0,1.0,0.8,0.9,0.6404,0.1,0.25,1.0,0.0,0.791667,0.196579,0.038462,0.949495,0.303079,0.859058,1.466987,1.466987,False,"이 장소는 영등포구 자치구 조건과 일치, market 유형이 일정 문맥과 유사, 입력 시간대의 유동·접촉 가능성이 높음, 목표 유권자 조건과 부합으로 평가되어 상위 추천에 배치되었다."
2026-03-11_15:10_영등포구,4,영등포전통시장,영등포구,market,market,0.4708,7,1.0,1.0,0.8,0.9,0.63644,0.1,0.25,1.0,0.0,0.791667,0.196579,0.038462,0.939394,0.303079,0.859058,1.459286,1.459286,True,"이 장소는 영등포구 자치구 조건과 일치, market 유형이 일정 문맥과 유사, 입력 시간대의 유동·접촉 가능성이 높음, 목표 유권자 조건과 부합으로 평가되어 상위 추천에 배치되었다."
2026-03-11_15:10_영등포구,5,대림중앙시장,영등포구,market,market,0.4696,8,1.0,1.0,0.8,0.9,0.63578,0.1,0.25,1.0,0.0,0.791667,0.196579,0.038462,0.929293,0.303079,0.859058,1.45775,1.45775,False,"이 장소는 영등포구 자치구 조건과 일치, market 유형이 일정 문맥과 유사, 입력 시간대의 유동·접촉 가능성이 높음, 목표 유권자 조건과 부합으로 평가되어 상위 추천에 배치되었다."
2026-03-11_15:10_영등포구,6,우리시장,영등포구,market,market,0.4695,9,1.0,1.0,0.8,0.9,0.635725,0.1,0.25,1.0,0.0,0.791667,0.196579,0.038462,0.919192,0.303079,0.859058,1.457344,1.457344,False,"이 장소는 영등포구 자치구 조건과 일치, market 유형이 일정 문맥과 유사, 입력 시간대의 유동·접촉 가능성이 높음, 목표 유권자 조건과 부합으로 평가되어 상위 추천에 배치되었다."
2026-03-11_15:10_영등포구,7,선유로운골목형상점가,영등포구,market,market,0.4686,10,1.0,1.0,0.8,0.9,0.63523,0.1,0.25,1.0,0.0,0.791667,0.196579,0.038462,0.909091,0.303079,0.859058,1.456117,1.456117,False,"이 장소는 영등포구 자치구 조건과 일치, market 유형이 일정 문맥과 유사, 입력 시간대의 유동·접촉 가능성이 높음, 목표 유권자 조건과 부합으로 평가되어 상위 추천에 배치되었다."
2026-03-11_16:20_영등포구,1,영등포유통상가,영등포구,market,market,0.5381,4,1.0,1.0,0.8,0.9,0.673455,0.1,0.25,1.0,0.0,0.791667,0.196579,0.038462,0.969697,0.303079,0.859058,1.529346,1.529346,False,"이 장소는 영등포구 자치구 조건과 일치, market 유형이 일정 문맥과 유사, 입력 시간대의 유동·접촉 가능성이 높음, 목표 유권자 조건과 부합으로 평가되어 상위 추천에 배치되었다."
2026-03-11_16:20_영등포구,2,영등포시장기계공구상가,영등포구,market,market,0.4939,5,1.0,1.0,0.8,0.9,0.649145,0.1,0.25,1.0,0.0,0.791667,0.196579,0.038462,0.959596,0.303079,0.859058,1.483628,1.483628,False,"이 장소는 영등포구 자치구 조건과 일치, market 유형이 일정 문맥과 유사, 입력 시간대의 유동·접촉 가능성이 높음, 목표 유권자 조건과 부합으로 평가되어 상위 추천에 배치되었다."
2026-03-11_16:20_영등포구,3,영등포청과시장,영등포구,market,market,0.478,6,1.0,1.0,0.8,0.9,0.6404,0.1,0.25,1.0,0.0,0.791667,0.196579,0.038462,0.949495,0.303079,0.859058,1.466987,1.466987,False,"이 장소는 영등포구 자치구 조건과 일치, market 유형이 일정 문맥과 유사, 입력 시간대의 유동·접촉 가능성이 높음, 목표 유권자 조건과 부합으로 평가되어 상위 추천에 배치되었다."
2026-03-11_16:20_영등포구,4,영등포전통시장,영등포구,market,market,0.4708,7,1.0,1.0,0.8,0.9,0.63644,0.1,0.25,1.0,0.0,0.791667,0.196579,0.038462,0.939394,0.303079,0.859058,1.459286,1.459286,False,"이 장소는 영등포구 자치구 조건과 일치, market 유형이 일정 문맥과 유사, 입력 시간대의 유동·접촉 가능성이 높음, 목표 유권자 조건과 부합으로 평가되어 상위 추천에 배치되었다."
2026-03-11_16:20_영등포구,5,대림중앙시장,영등포구,market,market,0.4696,8,1.0,1.0,0.8,0.9,0.63578,0.1,0.25,1.0,0.0,0.791667,0.196579,0.038462,0.929293,0.303079,0.859058,1.45775,1.45775,True,"이 장소는 영등포구 자치구 조건과 일치, market 유형이 일정 문맥과 유사, 입력 시간대의 유동·접촉 가능성이 높음, 목표 유권자 조건과 부합으로 평가되어 상위 추천에 배치되었다."
2026-03-11_16:20_영등포구,6,우리시장,영등포구,market,market,0.4695,9,1.0,1.0,0.8,0.9,0.635725,0.1,0.25,1.0,0.0,0.791667,0.196579,0.038462,0.919192,0.303079,0.859058,1.457344,1.457344,False,"이 장소는 영등포구 자치구 조건과 일치, market 유형이 일정 문맥과 유사, 입력 시간대의 유동·접촉 가능성이 높음, 목표 유권자 조건과 부합으로 평가되어 상위 추천에 배치되었다."
2026-03-11_16:20_영등포구,7,선유로운골목형상점가,영등포구,market,market,0.4686,10,1.0,1.0,0.8,0.9,0.63523,0.1,0.25,1.0,0.0,0.791667,0.196579,0.038462,0.909091,0.303079,0.859058,1.456117,1.456117,False,"이 장소는 영등포구 자치구 조건과 일치, market 유형이 일정 문맥과 유사, 입력 시간대의 유동·접촉 가능성이 높음, 목표 유권자 조건과 부합으로 평가되어 상위 추천에 배치되었다."
2026-03-12_16:00_강서구,1,공항동 먹자골목 골목형상점가,강서구,market,market,0.494,1,1.0,1.0,0.8,0.9,0.6492,0.1,0.25,1.0,0.0,0.791667,0.19015,0.02,1.0,0.339729,0.862723,1.483657,1.483657,False,"이 장소는 강서구 자치구 조건과 일치, market 유형이 일정 문맥과 유사, 입력 시간대의 유동·접촉 가능성이 높음, 목표 유권자 조건과 부합으로 평가되어 상위 추천에 배치되었다."
2026-03-12_16:00_강서구,2,강서구청먹자골목 골목형상점가,강서구,market,market,0.4867,2,1.0,1.0,0.8,0.9,0.645185,0.1,0.25,1.0,0.0,0.791667,0.19015,0.02,0.989899,0.339729,0.862723,1.475853,1.475853,False,"이 장소는 강서구 자치구 조건과 일치, market 유형이 일정 문맥과 유사, 입력 시간대의 유동·접촉 가능성이 높음, 목표 유권자 조건과 부합으로 평가되어 상위 추천에 배치되었다."
2026-03-12_16:00_강서구,3,까치산시장,강서구,market,market,0.4792,3,1.0,1.0,0.8,0.9,0.64106,0.1,0.25,1.0,0.0,0.791667,0.19015,0.02,0.979798,0.339729,0.862723,1.467844,1.467844,False,"이 장소는 강서구 자치구 조건과 일치, market 유형이 일정 문맥과 유사, 입력 시간대의 유동·접촉 가능성이 높음, 목표 유권자 조건과 부합으로 평가되어 상위 추천에 배치되었다."
2026-03-12_16:00_강서구,4,가양역사거리 골목형상점가,강서구,market,market,0.4788,4,1.0,1.0,0.8,0.9,0.64084,0.1,0.65,1.0,0.0,0.791667,0.19015,0.02,0.969697,0.339729,0.862723,1.46713,1.46713,False,"이 장소는 강서구 자치구 조건과 일치, market 유형이 일정 문맥과 유사, 입력 시간대의 유동·접촉 가능성이 높음, 목표 유권자 조건과 부합으로 평가되어 상위 추천에 배치되었다."
2026-03-12_16:00_강서구,5,남부골목시장,강서구,market,market,0.4786,5,1.0,1.0,0.8,0.9,0.64073,0.1,0.25,1.0,0.0,0.791667,0.19015,0.02,0.959596,0.339729,0.862723,1.466621,1.466621,False,"이 장소는 강서구 자치구 조건과 일치, market 유형이 일정 문맥과 유사, 입력 시간대의 유동·접촉 가능성이 높음, 목표 유권자 조건과 부합으로 평가되어 상위 추천에 배치되었다."
2026-03-12_16:00_강서구,6,송화벽화시장,강서구,market,market,0.4759,6,1.0,1.0,0.8,0.9,0.639245,0.1,0.25,1.0,0.0,0.791667,0.19015,0.02,0.949495,0.339729,0.862723,1.463544,1.463544,False,"이 장소는 강서구 자치구 조건과 일치, market 유형이 일정 문맥과 유사, 입력 시간대의 유동·접촉 가능성이 높음, 목표 유권자 조건과 부합으로 평가되어 상위 추천에 배치되었다."
2026-03-12_16:00_강서구,7,송정역 카페거리 골목형상점가,강서구,market,market,0.4716,7,1.0,1.0,0.8,0.9,0.63688,0.1,0.65,1.0,0.0,0.791667,0.19015,0.02,0.939394,0.339729,0.862723,1.458823,1.458823,False,"이 장소는 강서구 자치구 조건과 일치, market 유형이 일정 문맥과 유사, 입력 시간대의 유동·접촉 가능성이 높음, 목표 유권자 조건과 부합으로 평가되어 상위 추천에 배치되었다."
2026-03-12_16:00_강서구,8,공항대로 골목형상점가,강서구,market,market,0.471,8,1.0,1.0,0.8,0.9,0.63655,0.1,0.25,1.0,0.0,0.791667,0.19015,0.02,0.929293,0.339729,0.862723,1.457903,1.457903,False,"이 장소는 강서구 자치구 조건과 일치, market 유형이 일정 문맥과 유사, 입력 시간대의 유동·접촉 가능성이 높음, 목표 유권자 조건과 부합으로 평가되어 상위 추천에 배치되었다."
2026-03-12_16:00_강서구,9,방신전통시장,강서구,market,market,0.4709,9,1.0,1.0,0.8,0.9,0.636495,0.1,0.25,1.0,0.0,0.791667,0.19015,0.02,0.919192,0.339729,0.862723,1.457497,1.457497,True,"이 장소는 강서구 자치구 조건과 일치, market 유형이 일정 문맥과 유사, 입력 시간대의 유동·접촉 가능성이 높음, 목표 유권자 조건과 부합으로 평가되어 상위 추천에 배치되었다."
2026-03-12_16:00_강서구,10,화곡중앙시장,강서구,market,market,0.4701,10,1.0,1.0,0.8,0.9,0.636055,0.1,0.25,1.0,0.0,0.791667,0.19015,0.02,0.909091,0.339729,0.862723,1.456372,1.456372,False,"이 장소는 강서구 자치구 조건과 일치, market 유형이 일정 문맥과 유사, 입력 시간대의 유동·접촉 가능성이 높음, 목표 유권자 조건과 부합으로 평가되어 상위 추천에 배치되었다."
2026-03-12_17:25_강서구,1,공항동 먹자골목 골목형상점가,강서구,market,market,0.494,1,1.0,1.0,0.85,0.9,0.6992,0.4,0.25,1.0,0.0,0.791667,0.155865,0.02,1.0,0.295918,0.865842,1.5018,1.5018,False,"이 장소는 강서구 자치구 조건과 일치, market 유형이 일정 문맥과 유사, 입력 시간대의 유동·접촉 가능성이 높음, 목표 유권자 조건과 부합으로 평가되어 상위 추천에 배치되었다."
2026-03-12_17:25_강서구,2,강서구청먹자골목 골목형상점가,강서구,market,market,0.4867,2,1.0,1.0,0.85,0.9,0.695185,0.4,0.25,1.0,0.0,0.791667,0.155865,0.02,0.989899,0.295918,0.865842,1.493996,1.493996,False,"이 장소는 강서구 자치구 조건과 일치, market 유형이 일정 문맥과 유사, 입력 시간대의 유동·접촉 가능성이 높음, 목표 유권자 조건과 부합으로 평가되어 상위 추천에 배치되었다."
2026-03-12_17:25_강서구,3,까치산시장,강서구,market,market,0.4792,3,1.0,1.0,0.85,0.9,0.69106,0.4,0.25,1.0,0.0,0.791667,0.155865,0.02,0.979798,0.295918,0.865842,1.485987,1.485987,False,"이 장소는 강서구 자치구 조건과 일치, market 유형이 일정 문맥과 유사, 입력 시간대의 유동·접촉 가능성이 높음, 목표 유권자 조건과 부합으로 평가되어 상위 추천에 배치되었다."
2026-03-12_17:25_강서구,4,가양역사거리 골목형상점가,강서구,market,market,0.4788,4,1.0,1.0,0.85,0.9,0.69084,0.4,0.65,1.0,0.0,0.791667,0.155865,0.02,0.969697,0.295918,0.865842,1.485273,1.485273,False,"이 장소는 강서구 자치구 조건과 일치, market 유형이 일정 문맥과 유사, 입력 시간대의 유동·접촉 가능성이 높음, 목표 유권자 조건과 부합으로 평가되어 상위 추천에 배치되었다."
2026-03-12_17:25_강서구,5,남부골목시장,강서구,market,market,0.4786,5,1.0,1.0,0.85,0.9,0.69073,0.4,0.25,1.0,0.0,0.791667,0.155865,0.02,0.959596,0.295918,0.865842,1.484764,1.484764,True,"이 장소는 강서구 자치구 조건과 일치, market 유형이 일정 문맥과 유사, 입력 시간대의 유동·접촉 가능성이 높음, 목표 유권자 조건과 부합으로 평가되어 상위 추천에 배치되었다."
2026-03-12_17:25_강서구,6,송화벽화시장,강서구,market,market,0.4759,6,1.0,1.0,0.85,0.9,0.689245,0.4,0.25,1.0,0.0,0.791667,0.155865,0.02,0.949495,0.295918,0.865842,1.481687,1.481687,False,"이 장소는 강서구 자치구 조건과 일치, market 유형이 일정 문맥과 유사, 입력 시간대의 유동·접촉 가능성이 높음, 목표 유권자 조건과 부합으로 평가되어 상위 추천에 배치되었다."
2026-03-12_17:25_강서구,7,송정역 카페거리 골목형상점가,강서구,market,market,0.4716,7,1.0,1.0,0.85,0.9,0.68688,0.4,0.65,1.0,0.0,0.791667,0.155865,0.02,0.939394,0.295918,0.865842,1.476965,1.476965,False,"이 장소는 강서구 자치구 조건과 일치, market 유형이 일정 문맥과 유사, 입력 시간대의 유동·접촉 가능성이 높음, 목표 유권자 조건과 부합으로 평가되어 상위 추천에 배치되었다."
2026-03-12_17:25_강서구,8,공항대로 골목형상점가,강서구,market,market,0.471,8,1.0,1.0,0.85,0.9,0.68655,0.4,0.25,1.0,0.0,0.791667,0.155865,0.02,0.929293,0.295918,0.865842,1.476046,1.476046,False,"이 장소는 강서구 자치구 조건과 일치, market 유형이 일정 문맥과 유사, 입력 시간대의 유동·접촉 가능성이 높음, 목표 유권자 조건과 부합으로 평가되어 상위 추천에 배치되었다."
2026-03-12_17:25_강서구,9,방신전통시장,강서구,market,market,0.4709,9,1.0,1.0,0.85,0.9,0.686495,0.4,0.25,1.0,0.0,0.791667,0.155865,0.02,0.919192,0.295918,0.865842,1.47564,1.47564,False,"이 장소는 강서구 자치구 조건과 일치, market 유형이 일정 문맥과 유사, 입력 시간대의 유동·접촉 가능성이 높음, 목표 유권자 조건과 부합으로 평가되어 상위 추천에 배치되었다."
2026-03-12_17:25_강서구,10,화곡중앙시장,강서구,market,market,0.4701,10,1.0,1.0,0.85,0.9,0.686055,0.4,0.25,1.0,0.0,0.791667,0.155865,0.02,0.909091,0.295918,0.865842,1.474515,1.474515,False,"이 장소는 강서구 자치구 조건과 일치, market 유형이 일정 문맥과 유사, 입력 시간대의 유동·접촉 가능성이 높음, 목표 유권자 조건과 부합으로 평가되어 상위 추천에 배치되었다."
2026-03-13_14:10_노원구,1,공릉동도깨비시장,노원구,market,market,0.4746,9,1.0,1.0,0.8,0.9,0.63853,0.1,0.25,1.0,0.0,0.791667,0.194436,0.02,0.919192,0.335953,0.862345,1.462156,1.462156,False,"이 장소는 노원구 자치구 조건과 일치, market 유형이 일정 문맥과 유사, 입력 시간대의 유동·접촉 가능성이 높음, 목표 유권자 조건과 부합으로 평가되어 상위 추천에 배치되었다."
2026-03-13_14:10_노원구,2,상계중앙시장,노원구,market,market,0.4739,10,1.0,1.0,0.8,0.9,0.638145,0.1,0.25,1.0,0.0,0.791667,0.194436,0.02,0.909091,0.335953,0.862345,1.461134,1.461134,True,"이 장소는 노원구 자치구 조건과 일치, market 유형이 일정 문맥과 유사, 입력 시간대의 유동·접촉 가능성이 높음, 목표 유권자 조건과 부합으로 평가되어 상위 추천에 배치되었다."
2026-03-13_14:50_노원구,1,공릉노인복지관,노원구,senior_friendly,senior_friendly,0.9591,10,1.0,1.0,0.6,1.0,0.780005,0.0,0.1,0.05,0.9,0.791667,0.121857,0.04,0.909091,0.143939,0.823144,1.848911,1.848911,False,"이 장소는 노원구 자치구 조건과 일치, senior_friendly 유형이 일정 문맥과 유사, 목표 유권자 조건과 부합, 복지·정책 현장 맥락과 연결으로 평가되어 상위 추천에 배치되었다."
2026-03-13_15:30_노원구,1,공릉동도깨비시장,노원구,market,market,0.4746,9,1.0,1.0,0.8,0.9,0.63853,0.1,0.25,1.0,0.0,0.791667,0.194436,0.02,0.919192,0.34163,0.862913,1.462156,1.462156,False,"이 장소는 노원구 자치구 조건과 일치, market 유형이 일정 문맥과 유사, 입력 시간대의 유동·접촉 가능성이 높음, 목표 유권자 조건과 부합으로 평가되어 상위 추천에 배치되었다."
2026-03-13_15:30_노원구,2,상계중앙시장,노원구,market,market,0.4739,10,1.0,1.0,0.8,0.9,0.638145,0.1,0.25,1.0,0.0,0.791667,0.194436,0.02,0.909091,0.34163,0.862913,1.461134,1.461134,False,"이 장소는 노원구 자치구 조건과 일치, market 유형이 일정 문맥과 유사, 입력 시간대의 유동·접촉 가능성이 높음, 목표 유권자 조건과 부합으로 평가되어 상위 추천에 배치되었다."
2026-03-16_13:00_구로구,1,오류버들시장 골목형상점가,구로구,market,market,0.4915,4,1.0,1.0,0.85,0.9,0.667825,0.1,0.25,1.0,0.0,0.791667,0.138722,0.076923,0.969697,0.351495,0.8714,1.478393,1.478393,False,"이 장소는 구로구 자치구 조건과 일치, market 유형이 일정 문맥과 유사, 입력 시간대의 유동·접촉 가능성이 높음, 목표 유권자 조건과 부합으로 평가되어 상위 추천에 배치되었다."
2026-03-16_13:00_구로구,2,남구로시장,구로구,market,market,0.4811,5,1.0,1.0,0.85,0.9,0.662105,0.1,0.25,1.0,0.0,0.791667,0.138722,0.076923,0.959596,0.351495,0.8714,1.467404,1.467404,True,"이 장소는 구로구 자치구 조건과 일치, market 유형이 일정 문맥과 유사, 입력 시간대의 유동·접촉 가능성이 높음, 목표 유권자 조건과 부합으로 평가되어 상위 추천에 배치되었다."
2026-03-16_13:00_구로구,3,그라운드고척 골목형상점가,구로구,market,market,0.4792,6,1.0,1.0,0.85,0.9,0.66106,0.1,0.25,1.0,0.0,0.791667,0.138722,0.076923,0.949495,0.351495,0.8714,1.465149,1.465149,False,"이 장소는 구로구 자치구 조건과 일치, market 유형이 일정 문맥과 유사, 입력 시간대의 유동·접촉 가능성이 높음, 목표 유권자 조건과 부합으로 평가되어 상위 추천에 배치되었다."
2026-03-16_13:00_구로구,4,구로시장,구로구,market,market,0.4737,7,1.0,1.0,0.85,0.9,0.658035,0.1,0.25,1.0,0.0,0.791667,0.138722,0.076923,0.939394,0.351495,0.8714,1.459195,1.459195,True,"이 장소는 구로구 자치구 조건과 일치, market 유형이 일정 문맥과 유사, 입력 시간대의 유동·접촉 가능성이 높음, 목표 유권자 조건과 부합으로 평가되어 상위 추천에 배치되었다."
2026-03-16_13:00_구로구,5,가리봉시장,구로구,market,market,0.4705,8,1.0,1.0,0.85,0.9,0.656275,0.1,0.25,1.0,0.0,0.791667,0.138722,0.076923,0.929293,0.351495,0.8714,1.455604,1.455604,False,"이 장소는 구로구 자치구 조건과 일치, market 유형이 일정 문맥과 유사, 입력 시간대의 유동·접촉 가능성이 높음, 목표 유권자 조건과 부합으로 평가되어 상위 추천에 배치되었다."
2026-03-16_13:00_구로구,6,고척근린시장,구로구,market,market,0.4696,9,1.0,1.0,0.85,0.9,0.65578,0.1,0.25,1.0,0.0,0.791667,0.138722,0.076923,0.919192,0.351495,0.8714,1.454376,1.454376,False,"이 장소는 구로구 자치구 조건과 일치, market 유형이 일정 문맥과 유사, 입력 시간대의 유동·접촉 가능성이 높음, 목표 유권자 조건과 부합으로 평가되어 상위 추천에 배치되었다."
2026-03-16_13:00_구로구,7,개봉중앙 골목형상점가,구로구,market,market,0.4681,10,1.0,1.0,0.85,0.9,0.654955,0.1,0.25,1.0,0.0,0.791667,0.138722,0.076923,0.909091,0.351495,0.8714,1.452532,1.452532,False,"이 장소는 구로구 자치구 조건과 일치, market 유형이 일정 문맥과 유사, 입력 시간대의 유동·접촉 가능성이 높음, 목표 유권자 조건과 부합으로 평가되어 상위 추천에 배치되었다."
2026-03-16_14:00_구로구,1,구로노인종합복지관,구로구,senior_friendly,senior_friendly,0.9351,10,1.0,1.0,0.6,1.0,0.766805,0.0,0.1,0.05,0.9,0.791667,0.115429,0.066667,0.909091,0.185319,0.827282,1.822965,1.822965,False,"이 장소는 구로구 자치구 조건과 일치, senior_friendly 유형이 일정 문맥과 유사, 목표 유권자 조건과 부합, 복지·정책 현장 맥락과 연결으로 평가되어 상위 추천에 배치되었다."
2026-03-17_14:00_마포구,1,아현시장,마포구,market,market,0.4776,6,1.0,1.0,0.8,0.9,0.64018,0.1,0.25,1.0,0.0,0.791667,0.19015,0.041667,0.949495,0.366314,0.865381,1.465291,1.465291,False,"이 장소는 마포구 자치구 조건과 일치, market 유형이 일정 문맥과 유사, 입력 시간대의 유동·접촉 가능성이 높음, 목표 유권자 조건과 부합으로 평가되어 상위 추천에 배치되었다."
2026-03-17_14:00_마포구,2,연남동골목형상점가,마포구,market,market,0.4764,7,1.0,1.0,0.8,0.9,0.63952,0.1,0.25,1.0,0.0,0.791667,0.19015,0.041667,0.939394,0.366314,0.865381,1.463755,1.463755,False,"이 장소는 마포구 자치구 조건과 일치, market 유형이 일정 문맥과 유사, 입력 시간대의 유동·접촉 가능성이 높음, 목표 유권자 조건과 부합으로 평가되어 상위 추천에 배치되었다."
2026-03-17_14:00_마포구,3,망원시장,마포구,market,market,0.4721,8,1.0,1.0,0.8,0.9,0.637155,0.1,0.25,1.0,0.0,0.791667,0.19015,0.041667,0.929293,0.366314,0.865381,1.459033,1.459033,True,"이 장소는 마포구 자치구 조건과 일치, market 유형이 일정 문맥과 유사, 입력 시간대의 유동·접촉 가능성이 높음, 목표 유권자 조건과 부합으로 평가되어 상위 추천에 배치되었다."
2026-03-17_14:00_마포구,4,홍대레드로드골목형상점가,마포구,market,market,0.4699,9,1.0,1.0,0.8,0.9,0.635945,0.1,0.25,1.0,0.0,0.791667,0.19015,0.041667,0.919192,0.366314,0.865381,1.45647,1.45647,False,"이 장소는 마포구 자치구 조건과 일치, market 유형이 일정 문맥과 유사, 입력 시간대의 유동·접촉 가능성이 높음, 목표 유권자 조건과 부합으로 평가되어 상위 추천에 배치되었다."
2026-03-17_14:00_마포구,5,망원동월드컵시장,마포구,market,market,0.4684,10,1.0,1.0,0.8,0.9,0.63512,0.1,0.25,1.0,0.0,0.791667,0.19015,0.041667,0.909091,0.366314,0.865381,1.454625,1.454625,False,"이 장소는 마포구 자치구 조건과 일치, market 유형이 일정 문맥과 유사, 입력 시간대의 유동·접촉 가능성이 높음, 목표 유권자 조건과 부합으로 평가되어 상위 추천에 배치되었다."
2026-03-19_10:00_송파구,1,잠실(송파구청),송파구,subway,subway,0.8013,2,1.0,1.0,0.3,0.85,0.788215,0.25,1.0,0.2,0.0,0.8125,0.275564,0.02,0.989899,0.246144,0.776489,1.608771,1.608771,False,"이 장소는 송파구 자치구 조건과 일치, subway 유형이 일정 문맥과 유사, 목표 유권자 조건과 부합, 후보 일정 profile과 유사한 장소 유형으로 평가되어 상위 추천에 배치되었다."
2026-03-24_17:00_광화문,1,서울역,중구,subway,subway,0.9642,1,0.0,1.0,1.0,0.85,0.95781,1.0,1.0,0.2,0.0,0.75,0.258421,0.02,1.0,0.0,0.5975,1.713275,1.713275,False,"이 장소는 subway 유형이 일정 문맥과 유사, 입력 시간대의 유동·접촉 가능성이 높음, 목표 유권자 조건과 부합, 후보 일정 profile과 유사한 장소 유형으로 평가되어 상위 추천에 배치되었다."
2026-03-24_17:00_광화문,2,잠실(송파구청),송파구,subway,subway,0.9611,2,0.0,1.0,1.0,0.85,0.956105,1.0,1.0,0.2,0.0,0.75,0.258421,0.02,0.989899,0.0,0.5975,1.709786,1.709786,False,"이 장소는 subway 유형이 일정 문맥과 유사, 입력 시간대의 유동·접촉 가능성이 높음, 목표 유권자 조건과 부합, 후보 일정 profile과 유사한 장소 유형으로 평가되어 상위 추천에 배치되었다."
2026-03-24_17:00_광화문,3,강남,강남구,subway,subway,0.9318,3,0.0,1.0,1.0,0.85,0.93999,1.0,1.0,0.2,0.0,0.75,0.258421,0.02,0.979798,0.0,0.5975,1.679378,1.679378,False,"이 장소는 subway 유형이 일정 문맥과 유사, 입력 시간대의 유동·접촉 가능성이 높음, 목표 유권자 조건과 부합, 후보 일정 profile과 유사한 장소 유형으로 평가되어 상위 추천에 배치되었다."
2026-03-24_17:00_광화문,4,홍대입구,마포구,subway,subway,0.8656,4,0.0,1.0,1.0,0.85,0.90358,1.0,1.0,0.2,0.0,0.75,0.258421,0.02,0.969697,0.0,0.5975,1.611054,1.611054,False,"이 장소는 subway 유형이 일정 문맥과 유사, 입력 시간대의 유동·접촉 가능성이 높음, 목표 유권자 조건과 부합, 후보 일정 profile과 유사한 장소 유형으로 평가되어 상위 추천에 배치되었다."
2026-03-24_17:00_광화문,5,고속터미널,서초구,subway,subway,0.8161,5,0.0,1.0,1.0,0.85,0.876355,1.0,1.0,0.2,0.0,0.75,0.258421,0.02,0.959596,0.0,0.5975,1.55989,1.55989,False,"이 장소는 subway 유형이 일정 문맥과 유사, 입력 시간대의 유동·접촉 가능성이 높음, 목표 유권자 조건과 부합, 후보 일정 profile과 유사한 장소 유형으로 평가되어 상위 추천에 배치되었다."
2026-03-24_17:00_광화문,6,삼성(무역센터),강남구,subway,subway,0.7312,6,0.0,1.0,1.0,0.85,0.82966,1.0,1.0,0.2,0.0,0.75,0.258421,0.02,0.949495,0.0,0.5975,1.472352,1.472352,False,"이 장소는 subway 유형이 일정 문맥과 유사, 입력 시간대의 유동·접촉 가능성이 높음, 목표 유권자 조건과 부합, 후보 일정 profile과 유사한 장소 유형으로 평가되어 상위 추천에 배치되었다."
2026-03-24_17:00_광화문,7,성수,성동구,subway,subway,0.7287,7,0.0,1.0,1.0,0.85,0.828285,1.0,1.0,0.2,0.0,0.75,0.258421,0.02,0.939394,0.0,0.5975,1.46948,1.46948,False,"이 장소는 subway 유형이 일정 문맥과 유사, 입력 시간대의 유동·접촉 가능성이 높음, 목표 유권자 조건과 부합, 후보 일정 profile과 유사한 장소 유형으로 평가되어 상위 추천에 배치되었다."
2026-03-24_17:00_광화문,8,선릉,강남구,subway,subway,0.7238,8,0.0,1.0,1.0,0.85,0.82559,1.0,1.0,0.2,0.0,0.75,0.258421,0.02,0.929293,0.0,0.5975,1.464142,1.464142,False,"이 장소는 subway 유형이 일정 문맥과 유사, 입력 시간대의 유동·접촉 가능성이 높음, 목표 유권자 조건과 부합, 후보 일정 profile과 유사한 장소 유형으로 평가되어 상위 추천에 배치되었다."
2026-03-24_17:00_광화문,9,용산,용산구,subway,subway,0.7194,9,0.0,1.0,1.0,0.85,0.82317,1.0,1.0,0.2,0.0,0.75,0.258421,0.02,0.919192,0.0,0.5975,1.459318,1.459318,False,"이 장소는 subway 유형이 일정 문맥과 유사, 입력 시간대의 유동·접촉 가능성이 높음, 목표 유권자 조건과 부합, 후보 일정 profile과 유사한 장소 유형으로 평가되어 상위 추천에 배치되었다."
2026-03-24_17:00_광화문,10,구로디지털단지,구로구,subway,subway,0.6961,10,0.0,1.0,1.0,0.85,0.810355,1.0,1.0,0.2,0.0,0.75,0.258421,0.02,0.909091,0.0,0.5975,1.435075,1.435075,False,"이 장소는 subway 유형이 일정 문맥과 유사, 입력 시간대의 유동·접촉 가능성이 높음, 목표 유권자 조건과 부합, 후보 일정 profile과 유사한 장소 유형으로 평가되어 상위 추천에 배치되었다."
2026-03-24_17:40_종로구,1,동대문종합시장,종로구,market,market,0.6301,1,1.0,1.0,0.85,0.9,0.774055,0.4,0.25,1.0,0.0,0.791667,0.155865,0.025,1.0,0.304455,0.866696,1.641642,1.641642,False,"이 장소는 종로구 자치구 조건과 일치, market 유형이 일정 문맥과 유사, 입력 시간대의 유동·접촉 가능성이 높음, 목표 유권자 조건과 부합으로 평가되어 상위 추천에 배치되었다."
2026-03-24_17:40_종로구,2,광장전통시장,종로구,market,market,0.5714,2,1.0,1.0,0.85,0.9,0.74177,0.4,0.25,1.0,0.0,0.791667,0.155865,0.025,0.989899,0.304455,0.866696,1.581025,1.581025,False,"이 장소는 종로구 자치구 조건과 일치, market 유형이 일정 문맥과 유사, 입력 시간대의 유동·접촉 가능성이 높음, 목표 유권자 조건과 부합으로 평가되어 상위 추천에 배치되었다."
2026-03-24_17:40_종로구,3,광장시장,종로구,market,market,0.5254,3,1.0,1.0,0.85,0.9,0.71647,0.4,0.25,1.0,0.0,0.791667,0.155865,0.025,0.979798,0.304455,0.866696,1.533457,1.533457,False,"이 장소는 종로구 자치구 조건과 일치, market 유형이 일정 문맥과 유사, 입력 시간대의 유동·접촉 가능성이 높음, 목표 유권자 조건과 부합으로 평가되어 상위 추천에 배치되었다."
2026-03-24_17:40_종로구,4,동대문종합시장D동,종로구,market,market,0.4968,4,1.0,1.0,0.85,0.9,0.70074,0.4,0.25,1.0,0.0,0.791667,0.155865,0.025,0.969697,0.304455,0.866696,1.503768,1.503768,False,"이 장소는 종로구 자치구 조건과 일치, market 유형이 일정 문맥과 유사, 입력 시간대의 유동·접촉 가능성이 높음, 목표 유권자 조건과 부합으로 평가되어 상위 추천에 배치되었다."
2026-03-24_17:40_종로구,5,동대문문구?완구거리,종로구,market,market,0.4736,5,1.0,1.0,0.85,0.9,0.68798,0.4,0.25,1.0,0.0,0.791667,0.155865,0.025,0.959596,0.304455,0.866696,1.479626,1.479626,False,"이 장소는 종로구 자치구 조건과 일치, market 유형이 일정 문맥과 유사, 입력 시간대의 유동·접촉 가능성이 높음, 목표 유권자 조건과 부합으로 평가되어 상위 추천에 배치되었다."
2026-03-24_17:40_종로구,6,동묘시장,종로구,market,market,0.4726,6,1.0,1.0,0.85,0.9,0.68743,0.4,0.25,1.0,0.0,0.791667,0.155865,0.025,0.949495,0.304455,0.866696,1.478296,1.478296,False,"이 장소는 종로구 자치구 조건과 일치, market 유형이 일정 문맥과 유사, 입력 시간대의 유동·접촉 가능성이 높음, 목표 유권자 조건과 부합으로 평가되어 상위 추천에 배치되었다."
2026-03-24_17:40_종로구,7,창신골목시장,종로구,market,market,0.472,7,1.0,1.0,0.85,0.9,0.6871,0.4,0.25,1.0,0.0,0.791667,0.155865,0.025,0.939394,0.304455,0.866696,1.477376,1.477376,False,"이 장소는 종로구 자치구 조건과 일치, market 유형이 일정 문맥과 유사, 입력 시간대의 유동·접촉 가능성이 높음, 목표 유권자 조건과 부합으로 평가되어 상위 추천에 배치되었다."
2026-03-24_17:40_종로구,8,세종마을음식문화거리,종로구,market,market,0.4714,8,1.0,1.0,0.85,0.9,0.68677,0.4,0.25,1.0,0.0,0.791667,0.155865,0.025,0.929293,0.304455,0.866696,1.476457,1.476457,True,"이 장소는 종로구 자치구 조건과 일치, market 유형이 일정 문맥과 유사, 입력 시간대의 유동·접촉 가능성이 높음, 목표 유권자 조건과 부합으로 평가되어 상위 추천에 배치되었다."
2026-03-24_17:40_종로구,9,북촌계동길 골목형상점가,종로구,market,market,0.4713,9,1.0,1.0,0.85,0.9,0.686715,0.4,0.25,1.0,0.0,0.791667,0.155865,0.025,0.919192,0.304455,0.866696,1.476051,1.476051,False,"이 장소는 종로구 자치구 조건과 일치, market 유형이 일정 문맥과 유사, 입력 시간대의 유동·접촉 가능성이 높음, 목표 유권자 조건과 부합으로 평가되어 상위 추천에 배치되었다."
2026-03-24_17:40_종로구,10,통인시장,종로구,market,market,0.4694,10,1.0,1.0,0.85,0.9,0.68567,0.4,0.25,1.0,0.0,0.791667,0.155865,0.025,0.909091,0.304455,0.866696,1.473796,1.473796,False,"이 장소는 종로구 자치구 조건과 일치, market 유형이 일정 문맥과 유사, 입력 시간대의 유동·접촉 가능성이 높음, 목표 유권자 조건과 부합으로 평가되어 상위 추천에 배치되었다."
2026-03-25_17:20_광진구,1,신성전통시장,광진구,market,market,0.477,3,1.0,1.0,0.85,0.9,0.68985,0.4,0.25,1.0,0.0,0.791667,0.155865,0.02,0.979798,0.314602,0.86771,1.483726,1.483726,False,"이 장소는 광진구 자치구 조건과 일치, market 유형이 일정 문맥과 유사, 입력 시간대의 유동·접촉 가능성이 높음, 목표 유권자 조건과 부합으로 평가되어 상위 추천에 배치되었다."
2026-03-25_17:20_광진구,2,자양전통시장,광진구,market,market,0.4758,4,1.0,1.0,0.85,0.9,0.68919,0.4,0.25,1.0,0.0,0.791667,0.155865,0.02,0.969697,0.314602,0.86771,1.48219,1.48219,False,"이 장소는 광진구 자치구 조건과 일치, market 유형이 일정 문맥과 유사, 입력 시간대의 유동·접촉 가능성이 높음, 목표 유권자 조건과 부합으로 평가되어 상위 추천에 배치되었다."
2026-03-25_17:20_광진구,3,중곡제일골목시장,광진구,market,market,0.4754,5,1.0,1.0,0.85,0.9,0.68897,0.4,0.25,1.0,0.0,0.791667,0.155865,0.02,0.959596,0.314602,0.86771,1.481476,1.481476,True,"이 장소는 광진구 자치구 조건과 일치, market 유형이 일정 문맥과 유사, 입력 시간대의 유동·접촉 가능성이 높음, 목표 유권자 조건과 부합으로 평가되어 상위 추천에 배치되었다."
2026-03-25_17:20_광진구,4,건리단길골목형상점가,광진구,market,market,0.4751,6,1.0,1.0,0.85,0.9,0.688805,0.4,0.25,1.0,0.0,0.791667,0.155865,0.02,0.949495,0.314602,0.86771,1.480865,1.480865,False,"이 장소는 광진구 자치구 조건과 일치, market 유형이 일정 문맥과 유사, 입력 시간대의 유동·접촉 가능성이 높음, 목표 유권자 조건과 부합으로 평가되어 상위 추천에 배치되었다."
2026-03-25_17:20_광진구,5,자양15번가 골목형상점가,광진구,market,market,0.475,7,1.0,1.0,0.85,0.9,0.68875,0.4,0.25,1.0,0.0,0.791667,0.155865,0.02,0.939394,0.314602,0.86771,1.480459,1.480459,False,"이 장소는 광진구 자치구 조건과 일치, market 유형이 일정 문맥과 유사, 입력 시간대의 유동·접촉 가능성이 높음, 목표 유권자 조건과 부합으로 평가되어 상위 추천에 배치되었다."
2026-03-25_17:20_광진구,6,화양제일골목시장,광진구,market,market,0.4717,8,1.0,1.0,0.85,0.9,0.686935,0.4,0.25,1.0,0.0,0.791667,0.155865,0.02,0.929293,0.314602,0.86771,1.476765,1.476765,False,"이 장소는 광진구 자치구 조건과 일치, market 유형이 일정 문맥과 유사, 입력 시간대의 유동·접촉 가능성이 높음, 목표 유권자 조건과 부합으로 평가되어 상위 추천에 배치되었다."
2026-03-25_17:20_광진구,7,자양한강전통시장,광진구,market,market,0.4712,9,1.0,1.0,0.85,0.9,0.68666,0.4,0.25,1.0,0.0,0.791667,0.155865,0.02,0.919192,0.314602,0.86771,1.475948,1.475948,False,"이 장소는 광진구 자치구 조건과 일치, market 유형이 일정 문맥과 유사, 입력 시간대의 유동·접촉 가능성이 높음, 목표 유권자 조건과 부합으로 평가되어 상위 추천에 배치되었다."
2026-03-25_17:20_광진구,8,영동교골목시장,광진구,market,market,0.4712,10,1.0,1.0,0.85,0.9,0.68666,0.4,0.25,1.0,0.0,0.791667,0.155865,0.02,0.909091,0.314602,0.86771,1.475645,1.475645,False,"이 장소는 광진구 자치구 조건과 일치, market 유형이 일정 문맥과 유사, 입력 시간대의 유동·접촉 가능성이 높음, 목표 유권자 조건과 부합으로 평가되어 상위 추천에 배치되었다."
2026-03-25_18:15_광진구,1,신성전통시장,광진구,market,market,0.477,3,1.0,1.0,0.85,0.9,0.68985,0.4,0.25,1.0,0.0,0.791667,0.155865,0.02,0.979798,0.314602,0.86771,1.483726,1.483726,False,"이 장소는 광진구 자치구 조건과 일치, market 유형이 일정 문맥과 유사, 입력 시간대의 유동·접촉 가능성이 높음, 목표 유권자 조건과 부합으로 평가되어 상위 추천에 배치되었다."
2026-03-25_18:15_광진구,2,자양전통시장,광진구,market,market,0.4758,4,1.0,1.0,0.85,0.9,0.68919,0.4,0.25,1.0,0.0,0.791667,0.155865,0.02,0.969697,0.314602,0.86771,1.48219,1.48219,False,"이 장소는 광진구 자치구 조건과 일치, market 유형이 일정 문맥과 유사, 입력 시간대의 유동·접촉 가능성이 높음, 목표 유권자 조건과 부합으로 평가되어 상위 추천에 배치되었다."
2026-03-25_18:15_광진구,3,중곡제일골목시장,광진구,market,market,0.4754,5,1.0,1.0,0.85,0.9,0.68897,0.4,0.25,1.0,0.0,0.791667,0.155865,0.02,0.959596,0.314602,0.86771,1.481476,1.481476,False,"이 장소는 광진구 자치구 조건과 일치, market 유형이 일정 문맥과 유사, 입력 시간대의 유동·접촉 가능성이 높음, 목표 유권자 조건과 부합으로 평가되어 상위 추천에 배치되었다."
2026-03-25_18:15_광진구,4,건리단길골목형상점가,광진구,market,market,0.4751,6,1.0,1.0,0.85,0.9,0.688805,0.4,0.25,1.0,0.0,0.791667,0.155865,0.02,0.949495,0.314602,0.86771,1.480865,1.480865,False,"이 장소는 광진구 자치구 조건과 일치, market 유형이 일정 문맥과 유사, 입력 시간대의 유동·접촉 가능성이 높음, 목표 유권자 조건과 부합으로 평가되어 상위 추천에 배치되었다."
2026-03-25_18:15_광진구,5,자양15번가 골목형상점가,광진구,market,market,0.475,7,1.0,1.0,0.85,0.9,0.68875,0.4,0.25,1.0,0.0,0.791667,0.155865,0.02,0.939394,0.314602,0.86771,1.480459,1.480459,False,"이 장소는 광진구 자치구 조건과 일치, market 유형이 일정 문맥과 유사, 입력 시간대의 유동·접촉 가능성이 높음, 목표 유권자 조건과 부합으로 평가되어 상위 추천에 배치되었다."
2026-03-25_18:15_광진구,6,화양제일골목시장,광진구,market,market,0.4717,8,1.0,1.0,0.85,0.9,0.686935,0.4,0.25,1.0,0.0,0.791667,0.155865,0.02,0.929293,0.314602,0.86771,1.476765,1.476765,False,"이 장소는 광진구 자치구 조건과 일치, market 유형이 일정 문맥과 유사, 입력 시간대의 유동·접촉 가능성이 높음, 목표 유권자 조건과 부합으로 평가되어 상위 추천에 배치되었다."
2026-03-25_18:15_광진구,7,자양한강전통시장,광진구,market,market,0.4712,9,1.0,1.0,0.85,0.9,0.68666,0.4,0.25,1.0,0.0,0.791667,0.155865,0.02,0.919192,0.314602,0.86771,1.475948,1.475948,False,"이 장소는 광진구 자치구 조건과 일치, market 유형이 일정 문맥과 유사, 입력 시간대의 유동·접촉 가능성이 높음, 목표 유권자 조건과 부합으로 평가되어 상위 추천에 배치되었다."
2026-03-25_18:15_광진구,8,영동교골목시장,광진구,market,market,0.4712,10,1.0,1.0,0.85,0.9,0.68666,0.4,0.25,1.0,0.0,0.791667,0.155865,0.02,0.909091,0.314602,0.86771,1.475645,1.475645,False,"이 장소는 광진구 자치구 조건과 일치, market 유형이 일정 문맥과 유사, 입력 시간대의 유동·접촉 가능성이 높음, 목표 유권자 조건과 부합으로 평가되어 상위 추천에 배치되었다."
2026-03-26_16:00_관악구,1,신림,관악구,subway,subway,0.6921,7,1.0,1.0,0.25,0.85,0.758155,0.25,1.0,0.2,0.0,0.8125,0.29485,0.02,0.939394,0.350687,0.779444,1.492909,1.492909,False,"이 장소는 관악구 자치구 조건과 일치, subway 유형이 일정 문맥과 유사, 목표 유권자 조건과 부합, 후보 일정 profile과 유사한 장소 유형으로 평가되어 상위 추천에 배치되었다."
2026-03-26_16:00_관악구,2,서울대입구(관악구청),관악구,subway,subway,0.628,8,1.0,1.0,0.25,0.85,0.7229,0.25,1.0,0.2,0.0,0.8125,0.29485,0.02,0.929293,0.350687,0.779444,1.426744,1.426744,False,"이 장소는 관악구 자치구 조건과 일치, subway 유형이 일정 문맥과 유사, 목표 유권자 조건과 부합, 후보 일정 profile과 유사한 장소 유형으로 평가되어 상위 추천에 배치되었다."
2026-03-26_16:00_관악구,3,낙성대(강감찬),관악구,subway,subway,0.4696,9,1.0,1.0,0.25,0.85,0.63578,0.25,1.0,0.2,0.0,0.8125,0.29485,0.02,0.919192,0.350687,0.779444,1.263685,1.263685,False,"이 장소는 관악구 자치구 조건과 일치, subway 유형이 일정 문맥과 유사, 목표 유권자 조건과 부합, 후보 일정 profile과 유사한 장소 유형으로 평가되어 상위 추천에 배치되었다."
2026-03-26_16:00_관악구,4,봉천,관악구,subway,subway,0.4399,10,1.0,1.0,0.25,0.85,0.619445,0.25,1.0,0.2,0.0,0.8125,0.29485,0.02,0.909091,0.350687,0.779444,1.232865,1.232865,False,"이 장소는 관악구 자치구 조건과 일치, subway 유형이 일정 문맥과 유사, 목표 유권자 조건과 부합, 후보 일정 profile과 유사한 장소 유형으로 평가되어 상위 추천에 배치되었다."
2026-03-26_16:15_관악구,1,신림별빛거리 골목형상점가,관악구,market,market,0.4918,2,1.0,1.0,0.8,0.9,0.64799,0.1,0.25,1.0,0.0,0.791667,0.188008,0.02,0.989899,0.352602,0.86401,1.480665,1.480665,False,"이 장소는 관악구 자치구 조건과 일치, market 유형이 일정 문맥과 유사, 입력 시간대의 유동·접촉 가능성이 높음, 목표 유권자 조건과 부합으로 평가되어 상위 추천에 배치되었다."
2026-03-26_16:15_관악구,2,녹두S밸리 골목형상점가,관악구,market,market,0.4746,3,1.0,1.0,0.8,0.9,0.63853,0.1,0.25,1.0,0.0,0.791667,0.188008,0.02,0.979798,0.352602,0.86401,1.462689,1.462689,False,"이 장소는 관악구 자치구 조건과 일치, market 유형이 일정 문맥과 유사, 입력 시간대의 유동·접촉 가능성이 높음, 목표 유권자 조건과 부합으로 평가되어 상위 추천에 배치되었다."
2026-03-26_16:15_관악구,3,행운담길 골목형상점가,관악구,market,market,0.4739,4,1.0,1.0,0.8,0.9,0.638145,0.1,0.25,1.0,0.0,0.791667,0.188008,0.02,0.969697,0.352602,0.86401,1.461666,1.461666,False,"이 장소는 관악구 자치구 조건과 일치, market 유형이 일정 문맥과 유사, 입력 시간대의 유동·접촉 가능성이 높음, 목표 유권자 조건과 부합으로 평가되어 상위 추천에 배치되었다."
2026-03-26_16:15_관악구,4,녹두 골목형상점가,관악구,market,market,0.4733,5,1.0,1.0,0.8,0.9,0.637815,0.1,0.25,1.0,0.0,0.791667,0.188008,0.02,0.959596,0.352602,0.86401,1.460747,1.460747,False,"이 장소는 관악구 자치구 조건과 일치, market 유형이 일정 문맥과 유사, 입력 시간대의 유동·접촉 가능성이 높음, 목표 유권자 조건과 부합으로 평가되어 상위 추천에 배치되었다."
2026-03-26_16:15_관악구,5,삼성동시장,관악구,market,market,0.4717,6,1.0,1.0,0.8,0.9,0.636935,0.1,0.25,1.0,0.0,0.791667,0.188008,0.02,0.949495,0.352602,0.86401,1.4588,1.4588,False,"이 장소는 관악구 자치구 조건과 일치, market 유형이 일정 문맥과 유사, 입력 시간대의 유동·접촉 가능성이 높음, 목표 유권자 조건과 부합으로 평가되어 상위 추천에 배치되었다."
2026-03-26_16:15_관악구,6,신원시장,관악구,market,market,0.4713,7,1.0,1.0,0.8,0.9,0.636715,0.1,0.25,1.0,0.0,0.791667,0.188008,0.02,0.939394,0.352602,0.86401,1.458086,1.458086,True,"이 장소는 관악구 자치구 조건과 일치, market 유형이 일정 문맥과 유사, 입력 시간대의 유동·접촉 가능성이 높음, 목표 유권자 조건과 부합으로 평가되어 상위 추천에 배치되었다."
2026-03-26_16:15_관악구,7,조원동펭귄시장,관악구,market,market,0.471,8,1.0,1.0,0.8,0.9,0.63655,0.1,0.25,1.0,0.0,0.791667,0.188008,0.02,0.929293,0.352602,0.86401,1.457474,1.457474,False,"이 장소는 관악구 자치구 조건과 일치, market 유형이 일정 문맥과 유사, 입력 시간대의 유동·접촉 가능성이 높음, 목표 유권자 조건과 부합으로 평가되어 상위 추천에 배치되었다."
2026-03-26_16:15_관악구,8,관악신사시장,관악구,market,market,0.4703,9,1.0,1.0,0.8,0.9,0.636165,0.1,0.25,1.0,0.0,0.791667,0.188008,0.02,0.919192,0.352602,0.86401,1.456452,1.456452,False,"이 장소는 관악구 자치구 조건과 일치, market 유형이 일정 문맥과 유사, 입력 시간대의 유동·접촉 가능성이 높음, 목표 유권자 조건과 부합으로 평가되어 상위 추천에 배치되었다."
2026-03-26_16:15_관악구,9,인헌시장,관악구,market,market,0.4699,10,1.0,1.0,0.8,0.9,0.635945,0.1,0.25,1.0,0.0,0.791667,0.188008,0.02,0.909091,0.352602,0.86401,1.455738,1.455738,False,"이 장소는 관악구 자치구 조건과 일치, market 유형이 일정 문맥과 유사, 입력 시간대의 유동·접촉 가능성이 높음, 목표 유권자 조건과 부합으로 평가되어 상위 추천에 배치되었다."
2026-03-28_12:50_성동구,1,성수,성동구,subway,subway,0.7287,7,1.0,1.0,0.2,0.85,0.798285,0.25,1.0,0.2,0.0,0.8125,0.24985,0.02,0.939394,0.310423,0.767917,1.515016,1.515016,False,"이 장소는 성동구 자치구 조건과 일치, subway 유형이 일정 문맥과 유사, 목표 유권자 조건과 부합, 후보 일정 profile과 유사한 장소 유형으로 평가되어 상위 추천에 배치되었다."
2026-03-28_12:50_성동구,2,왕십리(성동구청),성동구,subway,subway,0.3918,10,1.0,1.0,0.2,0.85,0.61299,0.25,1.0,0.2,0.0,0.8125,0.24985,0.02,0.909091,0.310423,0.767917,1.167942,1.167942,False,"이 장소는 성동구 자치구 조건과 일치, subway 유형이 일정 문맥과 유사, 목표 유권자 조건과 부합, 후보 일정 profile과 유사한 장소 유형으로 평가되어 상위 추천에 배치되었다."
2026-03-30_11:00_동작구,1,노량진수산시장골목형상점가,동작구,market,market,0.4672,1,1.0,1.0,0.7,0.9,0.60446,0.1,0.25,1.0,0.0,0.791667,0.162293,0.02,1.0,0.32099,0.845849,1.434048,1.434048,True,"이 장소는 동작구 자치구 조건과 일치, market 유형이 일정 문맥과 유사, 입력 시간대의 유동·접촉 가능성이 높음, 목표 유권자 조건과 부합으로 평가되어 상위 추천에 배치되었다."
2026-03-30_11:00_동작구,2,이수미로 골목형상점가,동작구,market,market,0.4371,2,1.0,1.0,0.7,0.9,0.587905,0.1,0.25,1.0,0.0,0.791667,0.162293,0.02,0.989899,0.32099,0.845849,1.402818,1.402818,False,"이 장소는 동작구 자치구 조건과 일치, market 유형이 일정 문맥과 유사, 입력 시간대의 유동·접촉 가능성이 높음, 목표 유권자 조건과 부합으로 평가되어 상위 추천에 배치되었다."
2026-03-30_11:00_동작구,3,숭실마루길 골목형상점가,동작구,market,market,0.4293,3,1.0,1.0,0.7,0.9,0.583615,0.1,0.25,1.0,0.0,0.791667,0.162293,0.02,0.979798,0.32099,0.845849,1.3945,1.3945,False,"이 장소는 동작구 자치구 조건과 일치, market 유형이 일정 문맥과 유사, 입력 시간대의 유동·접촉 가능성이 높음, 목표 유권자 조건과 부합으로 평가되어 상위 추천에 배치되었다."
2026-03-30_11:00_동작구,4,성대전통시장,동작구,market,market,0.4285,4,1.0,1.0,0.7,0.9,0.583175,0.1,0.25,1.0,0.0,0.791667,0.162293,0.02,0.969697,0.32099,0.845849,1.393375,1.393375,False,"이 장소는 동작구 자치구 조건과 일치, market 유형이 일정 문맥과 유사, 입력 시간대의 유동·접촉 가능성이 높음, 목표 유권자 조건과 부합으로 평가되어 상위 추천에 배치되었다."
2026-03-30_11:00_동작구,5,남성사계시장(남성시장),동작구,market,market,0.4273,5,1.0,1.0,0.7,0.9,0.582515,0.1,0.25,1.0,0.0,0.791667,0.162293,0.02,0.959596,0.32099,0.845849,1.391839,1.391839,False,"이 장소는 동작구 자치구 조건과 일치, market 유형이 일정 문맥과 유사, 입력 시간대의 유동·접촉 가능성이 높음, 목표 유권자 조건과 부합으로 평가되어 상위 추천에 배치되었다."
2026-03-30_11:00_동작구,6,흑석시장 골목형상점가,동작구,market,market,0.4267,6,1.0,1.0,0.7,0.9,0.582185,0.1,0.25,1.0,0.0,0.791667,0.162293,0.02,0.949495,0.32099,0.845849,1.390919,1.390919,False,"이 장소는 동작구 자치구 조건과 일치, market 유형이 일정 문맥과 유사, 입력 시간대의 유동·접촉 가능성이 높음, 목표 유권자 조건과 부합으로 평가되어 상위 추천에 배치되었다."
2026-03-30_11:00_동작구,7,상도전통시장,동작구,market,market,0.4259,7,1.0,1.0,0.7,0.9,0.581745,0.1,0.25,1.0,0.0,0.791667,0.162293,0.02,0.939394,0.32099,0.845849,1.389794,1.389794,False,"이 장소는 동작구 자치구 조건과 일치, market 유형이 일정 문맥과 유사, 입력 시간대의 유동·접촉 가능성이 높음, 목표 유권자 조건과 부합으로 평가되어 상위 추천에 배치되었다."
2026-03-30_11:00_동작구,8,본동인정시장,동작구,market,market,0.4254,8,1.0,1.0,0.7,0.9,0.58147,0.1,0.25,1.0,0.0,0.791667,0.162293,0.02,0.929293,0.32099,0.845849,1.388978,1.388978,False,"이 장소는 동작구 자치구 조건과 일치, market 유형이 일정 문맥과 유사, 입력 시간대의 유동·접촉 가능성이 높음, 목표 유권자 조건과 부합으로 평가되어 상위 추천에 배치되었다."
2026-03-30_11:00_동작구,9,보라매다올길골목형상점가,동작구,market,market,0.4252,9,1.0,1.0,0.7,0.9,0.58136,0.1,0.25,1.0,0.0,0.791667,0.162293,0.02,0.919192,0.32099,0.845849,1.388469,1.388469,False,"이 장소는 동작구 자치구 조건과 일치, market 유형이 일정 문맥과 유사, 입력 시간대의 유동·접촉 가능성이 높음, 목표 유권자 조건과 부합으로 평가되어 상위 추천에 배치되었다."
2026-03-30_11:00_동작구,10,신대방1동 온누리길 골목형상점가,동작구,market,market,0.4236,10,1.0,1.0,0.7,0.9,0.58048,0.1,0.25,1.0,0.0,0.791667,0.162293,0.02,0.909091,0.32099,0.845849,1.386522,1.386522,False,"이 장소는 동작구 자치구 조건과 일치, market 유형이 일정 문맥과 유사, 입력 시간대의 유동·접촉 가능성이 높음, 목표 유권자 조건과 부합으로 평가되어 상위 추천에 배치되었다."
2026-03-31_11:30_동대문구,1,신림,관악구,subway,subway,0.9468,1,0.0,1.0,0.3,0.85,0.86824,0.25,1.0,0.2,0.0,0.75,0.266992,0.02,1.0,0.0,0.4925,1.55061,1.55061,False,"이 장소는 subway 유형이 일정 문맥과 유사, 목표 유권자 조건과 부합, 후보 일정 profile과 유사한 장소 유형, 교통 접근성이 높은 후보지으로 평가되어 상위 추천에 배치되었다."
2026-03-31_11:30_동대문구,2,잠실(송파구청),송파구,subway,subway,0.8013,2,0.0,1.0,0.3,0.85,0.788215,0.25,1.0,0.2,0.0,0.75,0.266992,0.02,0.989899,0.0,0.4925,1.400806,1.400806,False,"이 장소는 subway 유형이 일정 문맥과 유사, 목표 유권자 조건과 부합, 후보 일정 profile과 유사한 장소 유형, 교통 접근성이 높은 후보지으로 평가되어 상위 추천에 배치되었다."
2026-03-31_11:30_동대문구,3,서울역,중구,subway,subway,0.7902,3,0.0,1.0,0.3,0.85,0.78211,0.25,1.0,0.2,0.0,0.75,0.266992,0.02,0.979798,0.0,0.4925,1.389098,1.389098,False,"이 장소는 subway 유형이 일정 문맥과 유사, 목표 유권자 조건과 부합, 후보 일정 profile과 유사한 장소 유형, 교통 접근성이 높은 후보지으로 평가되어 상위 추천에 배치되었다."
2026-03-31_11:30_동대문구,4,구로디지털단지,구로구,subway,subway,0.776,4,0.0,1.0,0.3,0.85,0.7743,0.25,1.0,0.2,0.0,0.75,0.266992,0.02,0.969697,0.0,0.4925,1.374204,1.374204,False,"이 장소는 subway 유형이 일정 문맥과 유사, 목표 유권자 조건과 부합, 후보 일정 profile과 유사한 장소 유형, 교통 접근성이 높은 후보지으로 평가되어 상위 추천에 배치되었다."
2026-03-31_11:30_동대문구,5,서울대입구(관악구청),관악구,subway,subway,0.7382,5,0.0,1.0,0.3,0.85,0.75351,0.25,1.0,0.2,0.0,0.75,0.266992,0.02,0.959596,0.0,0.4925,1.335062,1.335062,False,"이 장소는 subway 유형이 일정 문맥과 유사, 목표 유권자 조건과 부합, 후보 일정 profile과 유사한 장소 유형, 교통 접근성이 높은 후보지으로 평가되어 상위 추천에 배치되었다."
2026-03-31_11:30_동대문구,6,신도림,구로구,subway,subway,0.7139,6,0.0,1.0,0.3,0.85,0.740145,0.25,1.0,0.2,0.0,0.75,0.266992,0.02,0.949495,0.0,0.4925,1.309791,1.309791,False,"이 장소는 subway 유형이 일정 문맥과 유사, 목표 유권자 조건과 부합, 후보 일정 profile과 유사한 장소 유형, 교통 접근성이 높은 후보지으로 평가되어 상위 추천에 배치되었다."
2026-03-31_11:30_동대문구,7,연신내,은평구,subway,subway,0.667,7,0.0,1.0,0.3,0.85,0.71435,0.25,1.0,0.2,0.0,0.75,0.266992,0.02,0.939394,0.0,0.4925,1.261298,1.261298,False,"이 장소는 subway 유형이 일정 문맥과 유사, 목표 유권자 조건과 부합, 후보 일정 profile과 유사한 장소 유형, 교통 접근성이 높은 후보지으로 평가되어 상위 추천에 배치되었다."
2026-03-31_11:30_동대문구,8,까치산,강서구,subway,subway,0.6301,8,0.0,1.0,0.3,0.85,0.694055,0.25,1.0,0.2,0.0,0.75,0.266992,0.02,0.929293,0.0,0.4925,1.22308,1.22308,False,"이 장소는 subway 유형이 일정 문맥과 유사, 목표 유권자 조건과 부합, 후보 일정 profile과 유사한 장소 유형, 교통 접근성이 높은 후보지으로 평가되어 상위 추천에 배치되었다."
2026-03-31_11:30_동대문구,9,화곡,강서구,subway,subway,0.6251,9,0.0,1.0,0.3,0.85,0.691305,0.25,1.0,0.2,0.0,0.75,0.266992,0.02,0.919192,0.0,0.4925,1.21764,1.21764,False,"이 장소는 subway 유형이 일정 문맥과 유사, 목표 유권자 조건과 부합, 후보 일정 profile과 유사한 장소 유형, 교통 접근성이 높은 후보지으로 평가되어 상위 추천에 배치되었다."
2026-03-31_11:30_동대문구,10,쌍문,도봉구,subway,subway,0.623,10,0.0,1.0,0.3,0.85,0.69015,0.25,1.0,0.2,0.0,0.75,0.266992,0.02,0.909091,0.0,0.4925,1.215179,1.215179,False,"이 장소는 subway 유형이 일정 문맥과 유사, 목표 유권자 조건과 부합, 후보 일정 profile과 유사한 장소 유형, 교통 접근성이 높은 후보지으로 평가되어 상위 추천에 배치되었다."
2026-04-02_16:00_양천구,1,서울역,중구,subway,subway,0.9642,1,0.0,1.0,0.25,0.85,0.90781,0.25,1.0,0.2,0.0,0.75,0.299135,0.02,1.0,0.0,0.485,1.568918,1.568918,False,"이 장소는 subway 유형이 일정 문맥과 유사, 목표 유권자 조건과 부합, 후보 일정 profile과 유사한 장소 유형, 교통 접근성이 높은 후보지으로 평가되어 상위 추천에 배치되었다."
2026-04-02_16:00_양천구,2,잠실(송파구청),송파구,subway,subway,0.9611,2,0.0,1.0,0.25,0.85,0.906105,0.25,1.0,0.2,0.0,0.75,0.299135,0.02,0.989899,0.0,0.485,1.565429,1.565429,False,"이 장소는 subway 유형이 일정 문맥과 유사, 목표 유권자 조건과 부합, 후보 일정 profile과 유사한 장소 유형, 교통 접근성이 높은 후보지으로 평가되어 상위 추천에 배치되었다."
2026-04-02_16:00_양천구,3,강남,강남구,subway,subway,0.9318,3,0.0,1.0,0.25,0.85,0.88999,0.25,1.0,0.2,0.0,0.75,0.299135,0.02,0.979798,0.0,0.485,1.535021,1.535021,False,"이 장소는 subway 유형이 일정 문맥과 유사, 목표 유권자 조건과 부합, 후보 일정 profile과 유사한 장소 유형, 교통 접근성이 높은 후보지으로 평가되어 상위 추천에 배치되었다."
2026-04-02_16:00_양천구,4,홍대입구,마포구,subway,subway,0.8656,4,0.0,1.0,0.25,0.85,0.85358,0.25,1.0,0.2,0.0,0.75,0.299135,0.02,0.969697,0.0,0.485,1.466697,1.466697,False,"이 장소는 subway 유형이 일정 문맥과 유사, 목표 유권자 조건과 부합, 후보 일정 profile과 유사한 장소 유형, 교통 접근성이 높은 후보지으로 평가되어 상위 추천에 배치되었다."
2026-04-02_16:00_양천구,5,고속터미널,서초구,subway,subway,0.8161,5,0.0,1.0,0.25,0.85,0.826355,0.25,1.0,0.2,0.0,0.75,0.299135,0.02,0.959596,0.0,0.485,1.415533,1.415533,False,"이 장소는 subway 유형이 일정 문맥과 유사, 목표 유권자 조건과 부합, 후보 일정 profile과 유사한 장소 유형, 교통 접근성이 높은 후보지으로 평가되어 상위 추천에 배치되었다."
2026-04-02_16:00_양천구,6,삼성(무역센터),강남구,subway,subway,0.7312,6,0.0,1.0,0.25,0.85,0.77966,0.25,1.0,0.2,0.0,0.75,0.299135,0.02,0.949495,0.0,0.485,1.327995,1.327995,False,"이 장소는 subway 유형이 일정 문맥과 유사, 목표 유권자 조건과 부합, 후보 일정 profile과 유사한 장소 유형, 교통 접근성이 높은 후보지으로 평가되어 상위 추천에 배치되었다."
2026-04-02_16:00_양천구,7,성수,성동구,subway,subway,0.7287,7,0.0,1.0,0.25,0.85,0.778285,0.25,1.0,0.2,0.0,0.75,0.299135,0.02,0.939394,0.0,0.485,1.325123,1.325123,False,"이 장소는 subway 유형이 일정 문맥과 유사, 목표 유권자 조건과 부합, 후보 일정 profile과 유사한 장소 유형, 교통 접근성이 높은 후보지으로 평가되어 상위 추천에 배치되었다."
2026-04-02_16:00_양천구,8,선릉,강남구,subway,subway,0.7238,8,0.0,1.0,0.25,0.85,0.77559,0.25,1.0,0.2,0.0,0.75,0.299135,0.02,0.929293,0.0,0.485,1.319785,1.319785,False,"이 장소는 subway 유형이 일정 문맥과 유사, 목표 유권자 조건과 부합, 후보 일정 profile과 유사한 장소 유형, 교통 접근성이 높은 후보지으로 평가되어 상위 추천에 배치되었다."
2026-04-02_16:00_양천구,9,용산,용산구,subway,subway,0.7194,9,0.0,1.0,0.25,0.85,0.77317,0.25,1.0,0.2,0.0,0.75,0.299135,0.02,0.919192,0.0,0.485,1.314961,1.314961,False,"이 장소는 subway 유형이 일정 문맥과 유사, 목표 유권자 조건과 부합, 후보 일정 profile과 유사한 장소 유형, 교통 접근성이 높은 후보지으로 평가되어 상위 추천에 배치되었다."
2026-04-02_16:00_양천구,10,구로디지털단지,구로구,subway,subway,0.6961,10,0.0,1.0,0.25,0.85,0.760355,0.25,1.0,0.2,0.0,0.75,0.299135,0.02,0.909091,0.0,0.485,1.290718,1.290718,False,"이 장소는 subway 유형이 일정 문맥과 유사, 목표 유권자 조건과 부합, 후보 일정 profile과 유사한 장소 유형, 교통 접근성이 높은 후보지으로 평가되어 상위 추천에 배치되었다."
2026-04-04_10:00_노원구,1,노원,노원구,subway,subway,0.4295,10,1.0,1.0,0.3,0.85,0.583725,0.25,1.0,0.2,0.0,0.8125,0.273421,0.02,0.909091,0.270461,0.778921,1.223893,1.223893,False,"이 장소는 노원구 자치구 조건과 일치, subway 유형이 일정 문맥과 유사, 목표 유권자 조건과 부합, 후보 일정 profile과 유사한 장소 유형으로 평가되어 상위 추천에 배치되었다."
2026-04-05_17:40_양천구,1,서울역,중구,subway,subway,0.9642,1,0.0,1.0,1.0,0.85,0.95781,0.55,1.0,0.2,0.0,0.75,0.26485,0.02,1.0,0.0,0.5975,1.69206,1.69206,False,"이 장소는 subway 유형이 일정 문맥과 유사, 입력 시간대의 유동·접촉 가능성이 높음, 목표 유권자 조건과 부합, 후보 일정 profile과 유사한 장소 유형으로 평가되어 상위 추천에 배치되었다."
2026-04-05_17:40_양천구,2,잠실(송파구청),송파구,subway,subway,0.9611,2,0.0,1.0,1.0,0.85,0.956105,0.55,1.0,0.2,0.0,0.75,0.26485,0.02,0.989899,0.0,0.5975,1.688572,1.688572,False,"이 장소는 subway 유형이 일정 문맥과 유사, 입력 시간대의 유동·접촉 가능성이 높음, 목표 유권자 조건과 부합, 후보 일정 profile과 유사한 장소 유형으로 평가되어 상위 추천에 배치되었다."
2026-04-05_17:40_양천구,3,강남,강남구,subway,subway,0.9318,3,0.0,1.0,1.0,0.85,0.93999,0.55,1.0,0.2,0.0,0.75,0.26485,0.02,0.979798,0.0,0.5975,1.658163,1.658163,False,"이 장소는 subway 유형이 일정 문맥과 유사, 입력 시간대의 유동·접촉 가능성이 높음, 목표 유권자 조건과 부합, 후보 일정 profile과 유사한 장소 유형으로 평가되어 상위 추천에 배치되었다."
2026-04-05_17:40_양천구,4,홍대입구,마포구,subway,subway,0.8656,4,0.0,1.0,1.0,0.85,0.90358,0.55,1.0,0.2,0.0,0.75,0.26485,0.02,0.969697,0.0,0.5975,1.58984,1.58984,False,"이 장소는 subway 유형이 일정 문맥과 유사, 입력 시간대의 유동·접촉 가능성이 높음, 목표 유권자 조건과 부합, 후보 일정 profile과 유사한 장소 유형으로 평가되어 상위 추천에 배치되었다."
2026-04-05_17:40_양천구,5,고속터미널,서초구,subway,subway,0.8161,5,0.0,1.0,1.0,0.85,0.876355,0.55,1.0,0.2,0.0,0.75,0.26485,0.02,0.959596,0.0,0.5975,1.538676,1.538676,False,"이 장소는 subway 유형이 일정 문맥과 유사, 입력 시간대의 유동·접촉 가능성이 높음, 목표 유권자 조건과 부합, 후보 일정 profile과 유사한 장소 유형으로 평가되어 상위 추천에 배치되었다."
2026-04-05_17:40_양천구,6,삼성(무역센터),강남구,subway,subway,0.7312,6,0.0,1.0,1.0,0.85,0.82966,0.55,1.0,0.2,0.0,0.75,0.26485,0.02,0.949495,0.0,0.5975,1.451138,1.451138,False,"이 장소는 subway 유형이 일정 문맥과 유사, 입력 시간대의 유동·접촉 가능성이 높음, 목표 유권자 조건과 부합, 후보 일정 profile과 유사한 장소 유형으로 평가되어 상위 추천에 배치되었다."
2026-04-05_17:40_양천구,7,성수,성동구,subway,subway,0.7287,7,0.0,1.0,1.0,0.85,0.828285,0.55,1.0,0.2,0.0,0.75,0.26485,0.02,0.939394,0.0,0.5975,1.448266,1.448266,False,"이 장소는 subway 유형이 일정 문맥과 유사, 입력 시간대의 유동·접촉 가능성이 높음, 목표 유권자 조건과 부합, 후보 일정 profile과 유사한 장소 유형으로 평가되어 상위 추천에 배치되었다."
2026-04-05_17:40_양천구,8,선릉,강남구,subway,subway,0.7238,8,0.0,1.0,1.0,0.85,0.82559,0.55,1.0,0.2,0.0,0.75,0.26485,0.02,0.929293,0.0,0.5975,1.442928,1.442928,False,"이 장소는 subway 유형이 일정 문맥과 유사, 입력 시간대의 유동·접촉 가능성이 높음, 목표 유권자 조건과 부합, 후보 일정 profile과 유사한 장소 유형으로 평가되어 상위 추천에 배치되었다."
2026-04-05_17:40_양천구,9,용산,용산구,subway,subway,0.7194,9,0.0,1.0,1.0,0.85,0.82317,0.55,1.0,0.2,0.0,0.75,0.26485,0.02,0.919192,0.0,0.5975,1.438104,1.438104,False,"이 장소는 subway 유형이 일정 문맥과 유사, 입력 시간대의 유동·접촉 가능성이 높음, 목표 유권자 조건과 부합, 후보 일정 profile과 유사한 장소 유형으로 평가되어 상위 추천에 배치되었다."
2026-04-05_17:40_양천구,10,구로디지털단지,구로구,subway,subway,0.6961,10,0.0,1.0,1.0,0.85,0.810355,0.55,1.0,0.2,0.0,0.75,0.26485,0.02,0.909091,0.0,0.5975,1.41386,1.41386,False,"이 장소는 subway 유형이 일정 문맥과 유사, 입력 시간대의 유동·접촉 가능성이 높음, 목표 유권자 조건과 부합, 후보 일정 profile과 유사한 장소 유형으로 평가되어 상위 추천에 배치되었다."
2026-04-06_16:30_강북구,1,강북북부골목시장,강북구,market,market,0.4721,2,1.0,1.0,0.8,0.9,0.637155,0.1,0.25,1.0,0.0,0.75,0.185865,0.076923,0.989899,0.244629,0.846963,1.455828,1.455828,False,"이 장소는 강북구 자치구 조건과 일치, market 유형이 일정 문맥과 유사, 입력 시간대의 유동·접촉 가능성이 높음, 목표 유권자 조건과 부합으로 평가되어 상위 추천에 배치되었다."
2026-04-06_16:30_강북구,2,미소상인회 골목형상점가,강북구,market,market,0.4717,3,1.0,1.0,0.8,0.9,0.636935,0.1,0.25,1.0,0.0,0.75,0.185865,0.076923,0.979798,0.244629,0.846963,1.455114,1.455114,False,"이 장소는 강북구 자치구 조건과 일치, market 유형이 일정 문맥과 유사, 입력 시간대의 유동·접촉 가능성이 높음, 목표 유권자 조건과 부합으로 평가되어 상위 추천에 배치되었다."
2026-04-06_16:30_강북구,3,오패산로 골목형상점가,강북구,market,market,0.4713,4,1.0,1.0,0.8,0.9,0.636715,0.1,0.25,1.0,0.0,0.75,0.185865,0.076923,0.969697,0.244629,0.846963,1.4544,1.4544,False,"이 장소는 강북구 자치구 조건과 일치, market 유형이 일정 문맥과 유사, 입력 시간대의 유동·접촉 가능성이 높음, 목표 유권자 조건과 부합으로 평가되어 상위 추천에 배치되었다."
2026-04-06_16:30_강북구,4,우이골목시장골목형상점가,강북구,market,market,0.471,5,1.0,1.0,0.8,0.9,0.63655,0.1,0.25,1.0,0.0,0.75,0.185865,0.076923,0.959596,0.244629,0.846963,1.453788,1.453788,False,"이 장소는 강북구 자치구 조건과 일치, market 유형이 일정 문맥과 유사, 입력 시간대의 유동·접촉 가능성이 높음, 목표 유권자 조건과 부합으로 평가되어 상위 추천에 배치되었다."
2026-04-06_16:30_강북구,5,인수로골목형상점가,강북구,market,market,0.4709,6,1.0,1.0,0.8,0.9,0.636495,0.1,0.25,1.0,0.0,0.75,0.185865,0.076923,0.949495,0.244629,0.846963,1.453383,1.453383,False,"이 장소는 강북구 자치구 조건과 일치, market 유형이 일정 문맥과 유사, 입력 시간대의 유동·접촉 가능성이 높음, 목표 유권자 조건과 부합으로 평가되어 상위 추천에 배치되었다."
2026-04-06_16:30_강북구,6,수유재래시장,강북구,market,market,0.4702,7,1.0,1.0,0.8,0.9,0.63611,0.1,0.25,1.0,0.0,0.75,0.185865,0.076923,0.939394,0.244629,0.846963,1.45236,1.45236,True,"이 장소는 강북구 자치구 조건과 일치, market 유형이 일정 문맥과 유사, 입력 시간대의 유동·접촉 가능성이 높음, 목표 유권자 조건과 부합으로 평가되어 상위 추천에 배치되었다."
2026-04-06_16:30_강북구,7,솔샘시장 골목형상점가,강북구,market,market,0.4701,8,1.0,1.0,0.8,0.9,0.636055,0.1,0.25,1.0,0.0,0.75,0.185865,0.076923,0.929293,0.244629,0.846963,1.451954,1.451954,False,"이 장소는 강북구 자치구 조건과 일치, market 유형이 일정 문맥과 유사, 입력 시간대의 유동·접촉 가능성이 높음, 목표 유권자 조건과 부합으로 평가되어 상위 추천에 배치되었다."
2026-04-06_16:30_강북구,8,장미원골목시장,강북구,market,market,0.4688,9,1.0,1.0,0.8,0.9,0.63534,0.1,0.25,1.0,0.0,0.75,0.185865,0.076923,0.919192,0.244629,0.846963,1.450316,1.450316,False,"이 장소는 강북구 자치구 조건과 일치, market 유형이 일정 문맥과 유사, 입력 시간대의 유동·접촉 가능성이 높음, 목표 유권자 조건과 부합으로 평가되어 상위 추천에 배치되었다."
2026-04-06_16:30_강북구,9,수유전통시장,강북구,market,market,0.4681,10,1.0,1.0,0.8,0.9,0.634955,0.1,0.25,1.0,0.0,0.75,0.185865,0.076923,0.909091,0.244629,0.846963,1.449293,1.449293,True,"이 장소는 강북구 자치구 조건과 일치, market 유형이 일정 문맥과 유사, 입력 시간대의 유동·접촉 가능성이 높음, 목표 유권자 조건과 부합으로 평가되어 상위 추천에 배치되었다."
2026-04-06_18:00_성북구,1,월곡달빛오거리골목형상점가,성북구,market,market,0.4759,1,1.0,1.0,0.85,0.9,0.689245,0.85,0.25,1.0,0.0,0.75,0.155865,0.041667,1.0,0.179259,0.847926,1.501535,1.501535,False,"이 장소는 성북구 자치구 조건과 일치, market 유형이 일정 문맥과 유사, 입력 시간대의 유동·접촉 가능성이 높음, 목표 유권자 조건과 부합으로 평가되어 상위 추천에 배치되었다."
2026-04-06_18:00_성북구,2,석계음식문화거리,성북구,market,market,0.4756,2,1.0,1.0,0.85,0.9,0.68908,0.85,0.25,1.0,0.0,0.75,0.155865,0.041667,0.989899,0.179259,0.847926,1.500924,1.500924,False,"이 장소는 성북구 자치구 조건과 일치, market 유형이 일정 문맥과 유사, 입력 시간대의 유동·접촉 가능성이 높음, 목표 유권자 조건과 부합으로 평가되어 상위 추천에 배치되었다."
2026-04-06_18:00_성북구,3,종암북바위길골목형상점가,성북구,market,market,0.4748,3,1.0,1.0,0.85,0.9,0.68864,0.85,0.25,1.0,0.0,0.75,0.155865,0.041667,0.979798,0.179259,0.847926,1.499799,1.499799,False,"이 장소는 성북구 자치구 조건과 일치, market 유형이 일정 문맥과 유사, 입력 시간대의 유동·접촉 가능성이 높음, 목표 유권자 조건과 부합으로 평가되어 상위 추천에 배치되었다."
2026-04-06_18:00_성북구,4,돈암시장,성북구,market,market,0.4738,4,1.0,1.0,0.85,0.9,0.68809,0.85,0.25,1.0,0.0,0.75,0.155865,0.041667,0.969697,0.179259,0.847926,1.498468,1.498468,False,"이 장소는 성북구 자치구 조건과 일치, market 유형이 일정 문맥과 유사, 입력 시간대의 유동·접촉 가능성이 높음, 목표 유권자 조건과 부합으로 평가되어 상위 추천에 배치되었다."
2026-04-06_18:00_성북구,5,정릉시장,성북구,market,market,0.473,5,1.0,1.0,0.85,0.9,0.68765,0.85,0.25,1.0,0.0,0.75,0.155865,0.041667,0.959596,0.179259,0.847926,1.497343,1.497343,False,"이 장소는 성북구 자치구 조건과 일치, market 유형이 일정 문맥과 유사, 입력 시간대의 유동·접촉 가능성이 높음, 목표 유권자 조건과 부합으로 평가되어 상위 추천에 배치되었다."
2026-04-06_18:00_성북구,6,성북천골목형상점가,성북구,market,market,0.4707,6,1.0,1.0,0.85,0.9,0.686385,0.85,0.25,1.0,0.0,0.75,0.155865,0.041667,0.949495,0.179259,0.847926,1.494677,1.494677,False,"이 장소는 성북구 자치구 조건과 일치, market 유형이 일정 문맥과 유사, 입력 시간대의 유동·접촉 가능성이 높음, 목표 유권자 조건과 부합으로 평가되어 상위 추천에 배치되었다."
2026-04-06_18:00_성북구,7,돌곶이시장,성북구,market,market,0.4704,7,1.0,1.0,0.85,0.9,0.68622,0.85,0.25,1.0,0.0,0.75,0.155865,0.041667,0.939394,0.179259,0.847926,1.494066,1.494066,False,"이 장소는 성북구 자치구 조건과 일치, market 유형이 일정 문맥과 유사, 입력 시간대의 유동·접촉 가능성이 높음, 목표 유권자 조건과 부합으로 평가되어 상위 추천에 배치되었다."
2026-04-06_18:00_성북구,8,정릉서경대길골목형상점가,성북구,market,market,0.4695,8,1.0,1.0,0.85,0.9,0.685725,0.85,0.25,1.0,0.0,0.75,0.155865,0.041667,0.929293,0.179259,0.847926,1.492838,1.492838,False,"이 장소는 성북구 자치구 조건과 일치, market 유형이 일정 문맥과 유사, 입력 시간대의 유동·접촉 가능성이 높음, 목표 유권자 조건과 부합으로 평가되어 상위 추천에 배치되었다."
2026-04-06_18:00_성북구,9,장위전통시장,성북구,market,market,0.4689,9,1.0,1.0,0.85,0.9,0.685395,0.85,0.25,1.0,0.0,0.75,0.155865,0.041667,0.919192,0.179259,0.847926,1.491918,1.491918,False,"이 장소는 성북구 자치구 조건과 일치, market 유형이 일정 문맥과 유사, 입력 시간대의 유동·접촉 가능성이 높음, 목표 유권자 조건과 부합으로 평가되어 상위 추천에 배치되었다."
2026-04-06_18:00_성북구,10,꿈의숲장곡골목형상점가,성북구,market,market,0.4684,10,1.0,1.0,0.85,0.9,0.68512,0.85,0.25,1.0,0.0,0.75,0.155865,0.041667,0.909091,0.179259,0.847926,1.491102,1.491102,False,"이 장소는 성북구 자치구 조건과 일치, market 유형이 일정 문맥과 유사, 입력 시간대의 유동·접촉 가능성이 높음, 목표 유권자 조건과 부합으로 평가되어 상위 추천에 배치되었다."
2026-04-07_15:40_동작구,1,노량진수산시장골목형상점가,동작구,market,market,0.5136,1,1.0,1.0,0.8,0.9,0.65998,0.1,0.25,1.0,0.0,0.75,0.19015,0.02,1.0,0.225635,0.845064,1.499629,1.499629,False,"이 장소는 동작구 자치구 조건과 일치, market 유형이 일정 문맥과 유사, 입력 시간대의 유동·접촉 가능성이 높음, 목표 유권자 조건과 부합으로 평가되어 상위 추천에 배치되었다."
2026-04-07_15:40_동작구,2,이수미로 골목형상점가,동작구,market,market,0.4843,2,1.0,1.0,0.8,0.9,0.643865,0.1,0.25,1.0,0.0,0.75,0.19015,0.02,0.989899,0.225635,0.845064,1.46922,1.46922,False,"이 장소는 동작구 자치구 조건과 일치, market 유형이 일정 문맥과 유사, 입력 시간대의 유동·접촉 가능성이 높음, 목표 유권자 조건과 부합으로 평가되어 상위 추천에 배치되었다."
2026-04-07_15:40_동작구,3,숭실마루길 골목형상점가,동작구,market,market,0.4765,3,1.0,1.0,0.8,0.9,0.639575,0.1,0.25,1.0,0.0,0.75,0.19015,0.02,0.979798,0.225635,0.845064,1.460903,1.460903,False,"이 장소는 동작구 자치구 조건과 일치, market 유형이 일정 문맥과 유사, 입력 시간대의 유동·접촉 가능성이 높음, 목표 유권자 조건과 부합으로 평가되어 상위 추천에 배치되었다."
2026-04-07_15:40_동작구,4,성대전통시장,동작구,market,market,0.4756,4,1.0,1.0,0.8,0.9,0.63908,0.1,0.25,1.0,0.0,0.75,0.19015,0.02,0.969697,0.225635,0.845064,1.459675,1.459675,False,"이 장소는 동작구 자치구 조건과 일치, market 유형이 일정 문맥과 유사, 입력 시간대의 유동·접촉 가능성이 높음, 목표 유권자 조건과 부합으로 평가되어 상위 추천에 배치되었다."
2026-04-07_15:40_동작구,5,남성사계시장(남성시장),동작구,market,market,0.4745,5,1.0,1.0,0.8,0.9,0.638475,0.1,0.25,1.0,0.0,0.75,0.19015,0.02,0.959596,0.225635,0.845064,1.458242,1.458242,True,"이 장소는 동작구 자치구 조건과 일치, market 유형이 일정 문맥과 유사, 입력 시간대의 유동·접촉 가능성이 높음, 목표 유권자 조건과 부합으로 평가되어 상위 추천에 배치되었다."
2026-04-07_15:40_동작구,6,흑석시장 골목형상점가,동작구,market,market,0.4738,6,1.0,1.0,0.8,0.9,0.63809,0.1,0.25,1.0,0.0,0.75,0.19015,0.02,0.949495,0.225635,0.845064,1.457219,1.457219,False,"이 장소는 동작구 자치구 조건과 일치, market 유형이 일정 문맥과 유사, 입력 시간대의 유동·접촉 가능성이 높음, 목표 유권자 조건과 부합으로 평가되어 상위 추천에 배치되었다."
2026-04-07_15:40_동작구,7,상도전통시장,동작구,market,market,0.4731,7,1.0,1.0,0.8,0.9,0.637705,0.1,0.25,1.0,0.0,0.75,0.19015,0.02,0.939394,0.225635,0.845064,1.456197,1.456197,False,"이 장소는 동작구 자치구 조건과 일치, market 유형이 일정 문맥과 유사, 입력 시간대의 유동·접촉 가능성이 높음, 목표 유권자 조건과 부합으로 평가되어 상위 추천에 배치되었다."
2026-04-07_15:40_동작구,8,본동인정시장,동작구,market,market,0.4726,8,1.0,1.0,0.8,0.9,0.63743,0.1,0.25,1.0,0.0,0.75,0.19015,0.02,0.929293,0.225635,0.845064,1.45538,1.45538,False,"이 장소는 동작구 자치구 조건과 일치, market 유형이 일정 문맥과 유사, 입력 시간대의 유동·접촉 가능성이 높음, 목표 유권자 조건과 부합으로 평가되어 상위 추천에 배치되었다."
2026-04-07_15:40_동작구,9,보라매다올길골목형상점가,동작구,market,market,0.4724,9,1.0,1.0,0.8,0.9,0.63732,0.1,0.25,1.0,0.0,0.75,0.19015,0.02,0.919192,0.225635,0.845064,1.454872,1.454872,False,"이 장소는 동작구 자치구 조건과 일치, market 유형이 일정 문맥과 유사, 입력 시간대의 유동·접촉 가능성이 높음, 목표 유권자 조건과 부합으로 평가되어 상위 추천에 배치되었다."
2026-04-07_15:40_동작구,10,신대방1동 온누리길 골목형상점가,동작구,market,market,0.4707,10,1.0,1.0,0.8,0.9,0.636385,0.1,0.25,1.0,0.0,0.75,0.19015,0.02,0.909091,0.225635,0.845064,1.452822,1.452822,False,"이 장소는 동작구 자치구 조건과 일치, market 유형이 일정 문맥과 유사, 입력 시간대의 유동·접촉 가능성이 높음, 목표 유권자 조건과 부합으로 평가되어 상위 추천에 배치되었다."
2026-04-07_16:40_동작구,1,노량진수산시장골목형상점가,동작구,market,market,0.5136,1,1.0,1.0,0.8,0.9,0.65998,0.1,0.25,1.0,0.0,0.75,0.19015,0.02,1.0,0.225635,0.845064,1.499629,1.499629,False,"이 장소는 동작구 자치구 조건과 일치, market 유형이 일정 문맥과 유사, 입력 시간대의 유동·접촉 가능성이 높음, 목표 유권자 조건과 부합으로 평가되어 상위 추천에 배치되었다."
2026-04-07_16:40_동작구,2,이수미로 골목형상점가,동작구,market,market,0.4843,2,1.0,1.0,0.8,0.9,0.643865,0.1,0.25,1.0,0.0,0.75,0.19015,0.02,0.989899,0.225635,0.845064,1.46922,1.46922,False,"이 장소는 동작구 자치구 조건과 일치, market 유형이 일정 문맥과 유사, 입력 시간대의 유동·접촉 가능성이 높음, 목표 유권자 조건과 부합으로 평가되어 상위 추천에 배치되었다."
2026-04-07_16:40_동작구,3,숭실마루길 골목형상점가,동작구,market,market,0.4765,3,1.0,1.0,0.8,0.9,0.639575,0.1,0.25,1.0,0.0,0.75,0.19015,0.02,0.979798,0.225635,0.845064,1.460903,1.460903,False,"이 장소는 동작구 자치구 조건과 일치, market 유형이 일정 문맥과 유사, 입력 시간대의 유동·접촉 가능성이 높음, 목표 유권자 조건과 부합으로 평가되어 상위 추천에 배치되었다."
2026-04-07_16:40_동작구,4,성대전통시장,동작구,market,market,0.4756,4,1.0,1.0,0.8,0.9,0.63908,0.1,0.25,1.0,0.0,0.75,0.19015,0.02,0.969697,0.225635,0.845064,1.459675,1.459675,True,"이 장소는 동작구 자치구 조건과 일치, market 유형이 일정 문맥과 유사, 입력 시간대의 유동·접촉 가능성이 높음, 목표 유권자 조건과 부합으로 평가되어 상위 추천에 배치되었다."
2026-04-07_16:40_동작구,5,남성사계시장(남성시장),동작구,market,market,0.4745,5,1.0,1.0,0.8,0.9,0.638475,0.1,0.25,1.0,0.0,0.75,0.19015,0.02,0.959596,0.225635,0.845064,1.458242,1.458242,False,"이 장소는 동작구 자치구 조건과 일치, market 유형이 일정 문맥과 유사, 입력 시간대의 유동·접촉 가능성이 높음, 목표 유권자 조건과 부합으로 평가되어 상위 추천에 배치되었다."
2026-04-07_16:40_동작구,6,흑석시장 골목형상점가,동작구,market,market,0.4738,6,1.0,1.0,0.8,0.9,0.63809,0.1,0.25,1.0,0.0,0.75,0.19015,0.02,0.949495,0.225635,0.845064,1.457219,1.457219,False,"이 장소는 동작구 자치구 조건과 일치, market 유형이 일정 문맥과 유사, 입력 시간대의 유동·접촉 가능성이 높음, 목표 유권자 조건과 부합으로 평가되어 상위 추천에 배치되었다."
2026-04-07_16:40_동작구,7,상도전통시장,동작구,market,market,0.4731,7,1.0,1.0,0.8,0.9,0.637705,0.1,0.25,1.0,0.0,0.75,0.19015,0.02,0.939394,0.225635,0.845064,1.456197,1.456197,False,"이 장소는 동작구 자치구 조건과 일치, market 유형이 일정 문맥과 유사, 입력 시간대의 유동·접촉 가능성이 높음, 목표 유권자 조건과 부합으로 평가되어 상위 추천에 배치되었다."
2026-04-07_16:40_동작구,8,본동인정시장,동작구,market,market,0.4726,8,1.0,1.0,0.8,0.9,0.63743,0.1,0.25,1.0,0.0,0.75,0.19015,0.02,0.929293,0.225635,0.845064,1.45538,1.45538,False,"이 장소는 동작구 자치구 조건과 일치, market 유형이 일정 문맥과 유사, 입력 시간대의 유동·접촉 가능성이 높음, 목표 유권자 조건과 부합으로 평가되어 상위 추천에 배치되었다."
2026-04-07_16:40_동작구,9,보라매다올길골목형상점가,동작구,market,market,0.4724,9,1.0,1.0,0.8,0.9,0.63732,0.1,0.25,1.0,0.0,0.75,0.19015,0.02,0.919192,0.225635,0.845064,1.454872,1.454872,False,"이 장소는 동작구 자치구 조건과 일치, market 유형이 일정 문맥과 유사, 입력 시간대의 유동·접촉 가능성이 높음, 목표 유권자 조건과 부합으로 평가되어 상위 추천에 배치되었다."
2026-04-07_16:40_동작구,10,신대방1동 온누리길 골목형상점가,동작구,market,market,0.4707,10,1.0,1.0,0.8,0.9,0.636385,0.1,0.25,1.0,0.0,0.75,0.19015,0.02,0.909091,0.225635,0.845064,1.452822,1.452822,False,"이 장소는 동작구 자치구 조건과 일치, market 유형이 일정 문맥과 유사, 입력 시간대의 유동·접촉 가능성이 높음, 목표 유권자 조건과 부합으로 평가되어 상위 추천에 배치되었다."
2026-04-08_17:00_서대문구,1,포방터시장,서대문구,market,market,0.4698,8,1.0,1.0,0.85,0.9,0.68589,0.85,0.25,1.0,0.0,0.75,0.153722,0.043478,0.929293,0.262731,0.856273,1.492718,1.492718,False,"이 장소는 서대문구 자치구 조건과 일치, market 유형이 일정 문맥과 유사, 입력 시간대의 유동·접촉 가능성이 높음, 목표 유권자 조건과 부합으로 평가되어 상위 추천에 배치되었다."
2026-04-08_17:00_서대문구,2,영천시장,서대문구,market,market,0.4684,9,1.0,1.0,0.85,0.9,0.68512,0.85,0.25,1.0,0.0,0.75,0.153722,0.043478,0.919192,0.262731,0.856273,1.490976,1.490976,True,"이 장소는 서대문구 자치구 조건과 일치, market 유형이 일정 문맥과 유사, 입력 시간대의 유동·접촉 가능성이 높음, 목표 유권자 조건과 부합으로 평가되어 상위 추천에 배치되었다."
2026-04-08_17:00_서대문구,3,남이동길골목형상점가,서대문구,market,market,0.4684,10,1.0,1.0,0.85,0.9,0.68512,0.85,0.25,1.0,0.0,0.75,0.153722,0.043478,0.909091,0.262731,0.856273,1.490673,1.490673,False,"이 장소는 서대문구 자치구 조건과 일치, market 유형이 일정 문맥과 유사, 입력 시간대의 유동·접촉 가능성이 높음, 목표 유권자 조건과 부합으로 평가되어 상위 추천에 배치되었다."
2026-04-08_17:55_서대문구,1,서울역,중구,subway,subway,0.9642,1,0.0,1.0,1.0,0.85,0.95781,1.0,1.0,0.2,0.0,0.75,0.260564,0.02,1.0,0.0,0.5975,1.713703,1.713703,False,"이 장소는 subway 유형이 일정 문맥과 유사, 입력 시간대의 유동·접촉 가능성이 높음, 목표 유권자 조건과 부합, 후보 일정 profile과 유사한 장소 유형으로 평가되어 상위 추천에 배치되었다."
2026-04-08_17:55_서대문구,2,잠실(송파구청),송파구,subway,subway,0.9611,2,0.0,1.0,1.0,0.85,0.956105,1.0,1.0,0.2,0.0,0.75,0.260564,0.02,0.989899,0.0,0.5975,1.710215,1.710215,False,"이 장소는 subway 유형이 일정 문맥과 유사, 입력 시간대의 유동·접촉 가능성이 높음, 목표 유권자 조건과 부합, 후보 일정 profile과 유사한 장소 유형으로 평가되어 상위 추천에 배치되었다."
2026-04-08_17:55_서대문구,3,강남,강남구,subway,subway,0.9318,3,0.0,1.0,1.0,0.85,0.93999,1.0,1.0,0.2,0.0,0.75,0.260564,0.02,0.979798,0.0,0.5975,1.679806,1.679806,False,"이 장소는 subway 유형이 일정 문맥과 유사, 입력 시간대의 유동·접촉 가능성이 높음, 목표 유권자 조건과 부합, 후보 일정 profile과 유사한 장소 유형으로 평가되어 상위 추천에 배치되었다."
2026-04-08_17:55_서대문구,4,홍대입구,마포구,subway,subway,0.8656,4,0.0,1.0,1.0,0.85,0.90358,1.0,1.0,0.2,0.0,0.75,0.260564,0.02,0.969697,0.0,0.5975,1.611483,1.611483,False,"이 장소는 subway 유형이 일정 문맥과 유사, 입력 시간대의 유동·접촉 가능성이 높음, 목표 유권자 조건과 부합, 후보 일정 profile과 유사한 장소 유형으로 평가되어 상위 추천에 배치되었다."
2026-04-08_17:55_서대문구,5,고속터미널,서초구,subway,subway,0.8161,5,0.0,1.0,1.0,0.85,0.876355,1.0,1.0,0.2,0.0,0.75,0.260564,0.02,0.959596,0.0,0.5975,1.560318,1.560318,False,"이 장소는 subway 유형이 일정 문맥과 유사, 입력 시간대의 유동·접촉 가능성이 높음, 목표 유권자 조건과 부합, 후보 일정 profile과 유사한 장소 유형으로 평가되어 상위 추천에 배치되었다."
2026-04-08_17:55_서대문구,6,삼성(무역센터),강남구,subway,subway,0.7312,6,0.0,1.0,1.0,0.85,0.82966,1.0,1.0,0.2,0.0,0.75,0.260564,0.02,0.949495,0.0,0.5975,1.472781,1.472781,False,"이 장소는 subway 유형이 일정 문맥과 유사, 입력 시간대의 유동·접촉 가능성이 높음, 목표 유권자 조건과 부합, 후보 일정 profile과 유사한 장소 유형으로 평가되어 상위 추천에 배치되었다."
2026-04-08_17:55_서대문구,7,성수,성동구,subway,subway,0.7287,7,0.0,1.0,1.0,0.85,0.828285,1.0,1.0,0.2,0.0,0.75,0.260564,0.02,0.939394,0.0,0.5975,1.469909,1.469909,False,"이 장소는 subway 유형이 일정 문맥과 유사, 입력 시간대의 유동·접촉 가능성이 높음, 목표 유권자 조건과 부합, 후보 일정 profile과 유사한 장소 유형으로 평가되어 상위 추천에 배치되었다."
2026-04-08_17:55_서대문구,8,선릉,강남구,subway,subway,0.7238,8,0.0,1.0,1.0,0.85,0.82559,1.0,1.0,0.2,0.0,0.75,0.260564,0.02,0.929293,0.0,0.5975,1.464571,1.464571,False,"이 장소는 subway 유형이 일정 문맥과 유사, 입력 시간대의 유동·접촉 가능성이 높음, 목표 유권자 조건과 부합, 후보 일정 profile과 유사한 장소 유형으로 평가되어 상위 추천에 배치되었다."
2026-04-08_17:55_서대문구,9,용산,용산구,subway,subway,0.7194,9,0.0,1.0,1.0,0.85,0.82317,1.0,1.0,0.2,0.0,0.75,0.260564,0.02,0.919192,0.0,0.5975,1.459747,1.459747,False,"이 장소는 subway 유형이 일정 문맥과 유사, 입력 시간대의 유동·접촉 가능성이 높음, 목표 유권자 조건과 부합, 후보 일정 profile과 유사한 장소 유형으로 평가되어 상위 추천에 배치되었다."
2026-04-08_17:55_서대문구,10,구로디지털단지,구로구,subway,subway,0.6961,10,0.0,1.0,1.0,0.85,0.810355,1.0,1.0,0.2,0.0,0.75,0.260564,0.02,0.909091,0.0,0.5975,1.435503,1.435503,False,"이 장소는 subway 유형이 일정 문맥과 유사, 입력 시간대의 유동·접촉 가능성이 높음, 목표 유권자 조건과 부합, 후보 일정 profile과 유사한 장소 유형으로 평가되어 상위 추천에 배치되었다."
2026-04-09_15:00_중랑구,1,우림골목시장,중랑구,market,market,0.4775,1,1.0,1.0,0.8,0.9,0.640125,0.1,0.25,1.0,0.0,0.75,0.19015,0.02,1.0,0.236731,0.846173,1.462536,1.462536,False,"이 장소는 중랑구 자치구 조건과 일치, market 유형이 일정 문맥과 유사, 입력 시간대의 유동·접촉 가능성이 높음, 목표 유권자 조건과 부합으로 평가되어 상위 추천에 배치되었다."
2026-04-09_15:00_중랑구,2,동원전통종합시장,중랑구,market,market,0.4761,2,1.0,1.0,0.8,0.9,0.639355,0.1,0.25,1.0,0.0,0.75,0.19015,0.02,0.989899,0.236731,0.846173,1.460795,1.460795,False,"이 장소는 중랑구 자치구 조건과 일치, market 유형이 일정 문맥과 유사, 입력 시간대의 유동·접촉 가능성이 높음, 목표 유권자 조건과 부합으로 평가되어 상위 추천에 배치되었다."
2026-04-09_15:00_중랑구,3,상봉먹자 골목형상점가,중랑구,market,market,0.4738,3,1.0,1.0,0.8,0.9,0.63809,0.1,0.25,1.0,0.0,0.75,0.19015,0.02,0.979798,0.236731,0.846173,1.458129,1.458129,False,"이 장소는 중랑구 자치구 조건과 일치, market 유형이 일정 문맥과 유사, 입력 시간대의 유동·접촉 가능성이 높음, 목표 유권자 조건과 부합으로 평가되어 상위 추천에 배치되었다."
2026-04-09_15:00_중랑구,4,사가정시장,중랑구,market,market,0.4731,4,1.0,1.0,0.8,0.9,0.637705,0.1,0.25,1.0,0.0,0.75,0.19015,0.02,0.969697,0.236731,0.846173,1.457106,1.457106,False,"이 장소는 중랑구 자치구 조건과 일치, market 유형이 일정 문맥과 유사, 입력 시간대의 유동·접촉 가능성이 높음, 목표 유권자 조건과 부합으로 평가되어 상위 추천에 배치되었다."
2026-04-09_15:00_중랑구,5,면목시장(골목형),중랑구,market,market,0.4729,5,1.0,1.0,0.8,0.9,0.637595,0.1,0.25,1.0,0.0,0.75,0.19015,0.02,0.959596,0.236731,0.846173,1.456598,1.456598,False,"이 장소는 중랑구 자치구 조건과 일치, market 유형이 일정 문맥과 유사, 입력 시간대의 유동·접촉 가능성이 높음, 목표 유권자 조건과 부합으로 평가되어 상위 추천에 배치되었다."
2026-04-09_15:00_중랑구,6,신내구길 골목형상점가,중랑구,market,market,0.4722,6,1.0,1.0,0.8,0.9,0.63721,0.1,0.25,1.0,0.0,0.75,0.19015,0.02,0.949495,0.236731,0.846173,1.455575,1.455575,False,"이 장소는 중랑구 자치구 조건과 일치, market 유형이 일정 문맥과 유사, 입력 시간대의 유동·접촉 가능성이 높음, 목표 유권자 조건과 부합으로 평가되어 상위 추천에 배치되었다."
2026-04-09_15:00_중랑구,7,사가정51길 골목형상점가,중랑구,market,market,0.4706,7,1.0,1.0,0.8,0.9,0.63633,0.1,0.25,1.0,0.0,0.75,0.19015,0.02,0.939394,0.236731,0.846173,1.453628,1.453628,False,"이 장소는 중랑구 자치구 조건과 일치, market 유형이 일정 문맥과 유사, 입력 시간대의 유동·접촉 가능성이 높음, 목표 유권자 조건과 부합으로 평가되어 상위 추천에 배치되었다."
2026-04-09_15:00_중랑구,8,중랑동부시장,중랑구,market,market,0.4702,8,1.0,1.0,0.8,0.9,0.63611,0.1,0.25,1.0,0.0,0.75,0.19015,0.02,0.929293,0.236731,0.846173,1.452914,1.452914,False,"이 장소는 중랑구 자치구 조건과 일치, market 유형이 일정 문맥과 유사, 입력 시간대의 유동·접촉 가능성이 높음, 목표 유권자 조건과 부합으로 평가되어 상위 추천에 배치되었다."
2026-04-09_15:00_중랑구,9,묵동도깨비시장 골목형상점가,중랑구,market,market,0.4701,9,1.0,1.0,0.8,0.9,0.636055,0.1,0.25,1.0,0.0,0.75,0.19015,0.02,0.919192,0.236731,0.846173,1.452509,1.452509,False,"이 장소는 중랑구 자치구 조건과 일치, market 유형이 일정 문맥과 유사, 입력 시간대의 유동·접촉 가능성이 높음, 목표 유권자 조건과 부합으로 평가되어 상위 추천에 배치되었다."
2026-04-09_15:00_중랑구,10,태능 골목형상점가,중랑구,market,market,0.4699,10,1.0,1.0,0.8,0.9,0.635945,0.1,0.25,1.0,0.0,0.75,0.19015,0.02,0.909091,0.236731,0.846173,1.452,1.452,False,"이 장소는 중랑구 자치구 조건과 일치, market 유형이 일정 문맥과 유사, 입력 시간대의 유동·접촉 가능성이 높음, 목표 유권자 조건과 부합으로 평가되어 상위 추천에 배치되었다."
2026-04-09_15:50_중랑구,1,우림골목시장,중랑구,market,market,0.4775,1,1.0,1.0,0.8,0.9,0.640125,0.1,0.25,1.0,0.0,0.75,0.19015,0.02,1.0,0.225001,0.845,1.462536,1.462536,False,"이 장소는 중랑구 자치구 조건과 일치, market 유형이 일정 문맥과 유사, 입력 시간대의 유동·접촉 가능성이 높음, 목표 유권자 조건과 부합으로 평가되어 상위 추천에 배치되었다."
2026-04-09_15:50_중랑구,2,동원전통종합시장,중랑구,market,market,0.4761,2,1.0,1.0,0.8,0.9,0.639355,0.1,0.25,1.0,0.0,0.75,0.19015,0.02,0.989899,0.225001,0.845,1.460795,1.460795,False,"이 장소는 중랑구 자치구 조건과 일치, market 유형이 일정 문맥과 유사, 입력 시간대의 유동·접촉 가능성이 높음, 목표 유권자 조건과 부합으로 평가되어 상위 추천에 배치되었다."
2026-04-09_15:50_중랑구,3,상봉먹자 골목형상점가,중랑구,market,market,0.4738,3,1.0,1.0,0.8,0.9,0.63809,0.1,0.25,1.0,0.0,0.75,0.19015,0.02,0.979798,0.225001,0.845,1.458129,1.458129,False,"이 장소는 중랑구 자치구 조건과 일치, market 유형이 일정 문맥과 유사, 입력 시간대의 유동·접촉 가능성이 높음, 목표 유권자 조건과 부합으로 평가되어 상위 추천에 배치되었다."
2026-04-09_15:50_중랑구,4,사가정시장,중랑구,market,market,0.4731,4,1.0,1.0,0.8,0.9,0.637705,0.1,0.25,1.0,0.0,0.75,0.19015,0.02,0.969697,0.225001,0.845,1.457106,1.457106,False,"이 장소는 중랑구 자치구 조건과 일치, market 유형이 일정 문맥과 유사, 입력 시간대의 유동·접촉 가능성이 높음, 목표 유권자 조건과 부합으로 평가되어 상위 추천에 배치되었다."
2026-04-09_15:50_중랑구,5,면목시장(골목형),중랑구,market,market,0.4729,5,1.0,1.0,0.8,0.9,0.637595,0.1,0.25,1.0,0.0,0.75,0.19015,0.02,0.959596,0.225001,0.845,1.456598,1.456598,False,"이 장소는 중랑구 자치구 조건과 일치, market 유형이 일정 문맥과 유사, 입력 시간대의 유동·접촉 가능성이 높음, 목표 유권자 조건과 부합으로 평가되어 상위 추천에 배치되었다."
2026-04-09_15:50_중랑구,6,신내구길 골목형상점가,중랑구,market,market,0.4722,6,1.0,1.0,0.8,0.9,0.63721,0.1,0.25,1.0,0.0,0.75,0.19015,0.02,0.949495,0.225001,0.845,1.455575,1.455575,False,"이 장소는 중랑구 자치구 조건과 일치, market 유형이 일정 문맥과 유사, 입력 시간대의 유동·접촉 가능성이 높음, 목표 유권자 조건과 부합으로 평가되어 상위 추천에 배치되었다."
2026-04-09_15:50_중랑구,7,사가정51길 골목형상점가,중랑구,market,market,0.4706,7,1.0,1.0,0.8,0.9,0.63633,0.1,0.25,1.0,0.0,0.75,0.19015,0.02,0.939394,0.225001,0.845,1.453628,1.453628,False,"이 장소는 중랑구 자치구 조건과 일치, market 유형이 일정 문맥과 유사, 입력 시간대의 유동·접촉 가능성이 높음, 목표 유권자 조건과 부합으로 평가되어 상위 추천에 배치되었다."
2026-04-09_15:50_중랑구,8,중랑동부시장,중랑구,market,market,0.4702,8,1.0,1.0,0.8,0.9,0.63611,0.1,0.25,1.0,0.0,0.75,0.19015,0.02,0.929293,0.225001,0.845,1.452914,1.452914,False,"이 장소는 중랑구 자치구 조건과 일치, market 유형이 일정 문맥과 유사, 입력 시간대의 유동·접촉 가능성이 높음, 목표 유권자 조건과 부합으로 평가되어 상위 추천에 배치되었다."
2026-04-09_15:50_중랑구,9,묵동도깨비시장 골목형상점가,중랑구,market,market,0.4701,9,1.0,1.0,0.8,0.9,0.636055,0.1,0.25,1.0,0.0,0.75,0.19015,0.02,0.919192,0.225001,0.845,1.452509,1.452509,False,"이 장소는 중랑구 자치구 조건과 일치, market 유형이 일정 문맥과 유사, 입력 시간대의 유동·접촉 가능성이 높음, 목표 유권자 조건과 부합으로 평가되어 상위 추천에 배치되었다."
2026-04-09_15:50_중랑구,10,태능 골목형상점가,중랑구,market,market,0.4699,10,1.0,1.0,0.8,0.9,0.635945,0.1,0.25,1.0,0.0,0.75,0.19015,0.02,0.909091,0.225001,0.845,1.452,1.452,False,"이 장소는 중랑구 자치구 조건과 일치, market 유형이 일정 문맥과 유사, 입력 시간대의 유동·접촉 가능성이 높음, 목표 유권자 조건과 부합으로 평가되어 상위 추천에 배치되었다."
2026-04-15_10:55_종로구,1,동대문종합시장,종로구,market,market,0.5837,1,1.0,1.0,0.7,0.9,0.668535,0.1,0.25,1.0,0.0,0.75,0.162293,0.025641,1.0,0.185054,0.826005,1.549585,1.549585,False,"이 장소는 종로구 자치구 조건과 일치, market 유형이 일정 문맥과 유사, 입력 시간대의 유동·접촉 가능성이 높음, 목표 유권자 조건과 부합으로 평가되어 상위 추천에 배치되었다."
2026-04-15_10:55_종로구,2,광장전통시장,종로구,market,market,0.5242,2,1.0,1.0,0.7,0.9,0.63581,0.1,0.25,1.0,0.0,0.75,0.162293,0.025641,0.989899,0.185054,0.826005,1.488146,1.488146,False,"이 장소는 종로구 자치구 조건과 일치, market 유형이 일정 문맥과 유사, 입력 시간대의 유동·접촉 가능성이 높음, 목표 유권자 조건과 부합으로 평가되어 상위 추천에 배치되었다."
2026-04-15_10:55_종로구,3,광장시장,종로구,market,market,0.479,3,1.0,1.0,0.7,0.9,0.61095,0.1,0.25,1.0,0.0,0.75,0.162293,0.025641,0.979798,0.185054,0.826005,1.4414,1.4414,False,"이 장소는 종로구 자치구 조건과 일치, market 유형이 일정 문맥과 유사, 입력 시간대의 유동·접촉 가능성이 높음, 목표 유권자 조건과 부합으로 평가되어 상위 추천에 배치되었다."
2026-04-15_10:55_종로구,4,동대문종합시장D동,종로구,market,market,0.4504,4,1.0,1.0,0.7,0.9,0.59522,0.1,0.25,1.0,0.0,0.75,0.162293,0.025641,0.969697,0.185054,0.826005,1.411711,1.411711,False,"이 장소는 종로구 자치구 조건과 일치, market 유형이 일정 문맥과 유사, 입력 시간대의 유동·접촉 가능성이 높음, 목표 유권자 조건과 부합으로 평가되어 상위 추천에 배치되었다."
2026-04-15_10:55_종로구,5,동대문문구?완구거리,종로구,market,market,0.4264,5,1.0,1.0,0.7,0.9,0.58202,0.1,0.25,1.0,0.0,0.75,0.162293,0.025641,0.959596,0.185054,0.826005,1.386748,1.386748,False,"이 장소는 종로구 자치구 조건과 일치, market 유형이 일정 문맥과 유사, 입력 시간대의 유동·접촉 가능성이 높음, 목표 유권자 조건과 부합으로 평가되어 상위 추천에 배치되었다."
2026-04-15_10:55_종로구,6,동묘시장,종로구,market,market,0.4255,6,1.0,1.0,0.7,0.9,0.581525,0.1,0.25,1.0,0.0,0.75,0.162293,0.025641,0.949495,0.185054,0.826005,1.38552,1.38552,False,"이 장소는 종로구 자치구 조건과 일치, market 유형이 일정 문맥과 유사, 입력 시간대의 유동·접촉 가능성이 높음, 목표 유권자 조건과 부합으로 평가되어 상위 추천에 배치되었다."
2026-04-15_10:55_종로구,7,창신골목시장,종로구,market,market,0.4248,7,1.0,1.0,0.7,0.9,0.58114,0.1,0.25,1.0,0.0,0.75,0.162293,0.025641,0.939394,0.185054,0.826005,1.384497,1.384497,False,"이 장소는 종로구 자치구 조건과 일치, market 유형이 일정 문맥과 유사, 입력 시간대의 유동·접촉 가능성이 높음, 목표 유권자 조건과 부합으로 평가되어 상위 추천에 배치되었다."
2026-04-15_10:55_종로구,8,세종마을음식문화거리,종로구,market,market,0.4242,8,1.0,1.0,0.7,0.9,0.58081,0.1,0.25,1.0,0.0,0.75,0.162293,0.025641,0.929293,0.185054,0.826005,1.383578,1.383578,False,"이 장소는 종로구 자치구 조건과 일치, market 유형이 일정 문맥과 유사, 입력 시간대의 유동·접촉 가능성이 높음, 목표 유권자 조건과 부합으로 평가되어 상위 추천에 배치되었다."
2026-04-15_10:55_종로구,9,북촌계동길 골목형상점가,종로구,market,market,0.4241,9,1.0,1.0,0.7,0.9,0.580755,0.1,0.25,1.0,0.0,0.75,0.162293,0.025641,0.919192,0.185054,0.826005,1.383172,1.383172,False,"이 장소는 종로구 자치구 조건과 일치, market 유형이 일정 문맥과 유사, 입력 시간대의 유동·접촉 가능성이 높음, 목표 유권자 조건과 부합으로 평가되어 상위 추천에 배치되었다."
2026-04-15_10:55_종로구,10,통인시장,종로구,market,market,0.4222,10,1.0,1.0,0.7,0.9,0.57971,0.1,0.25,1.0,0.0,0.75,0.162293,0.025641,0.909091,0.185054,0.826005,1.380917,1.380917,False,"이 장소는 종로구 자치구 조건과 일치, market 유형이 일정 문맥과 유사, 입력 시간대의 유동·접촉 가능성이 높음, 목표 유권자 조건과 부합으로 평가되어 상위 추천에 배치되었다."
2026-04-17_07:30_송파구,1,가락몰 골목형상점가,송파구,market,market,0.514,5,1.0,1.0,0.4,0.9,0.7002,0.4,0.25,1.0,0.0,0.75,0.143008,0.02,0.959596,0.154072,0.777907,1.446399,1.446399,False,"이 장소는 송파구 자치구 조건과 일치, market 유형이 일정 문맥과 유사, 목표 유권자 조건과 부합, 시장·상권 접촉에 적합으로 평가되어 상위 추천에 배치되었다."
2026-04-17_07:30_송파구,2,방이시장,송파구,market,market,0.4351,6,1.0,1.0,0.4,0.9,0.656805,0.4,0.25,1.0,0.0,0.75,0.143008,0.02,0.949495,0.154072,0.777907,1.365027,1.365027,False,"이 장소는 송파구 자치구 조건과 일치, market 유형이 일정 문맥과 유사, 목표 유권자 조건과 부합, 시장·상권 접촉에 적합으로 평가되어 상위 추천에 배치되었다."
2026-04-17_07:30_송파구,3,풍납시장,송파구,market,market,0.4315,7,1.0,1.0,0.4,0.9,0.654825,0.4,0.25,1.0,0.0,0.75,0.143008,0.02,0.939394,0.154072,0.777907,1.361025,1.361025,False,"이 장소는 송파구 자치구 조건과 일치, market 유형이 일정 문맥과 유사, 목표 유권자 조건과 부합, 시장·상권 접촉에 적합으로 평가되어 상위 추천에 배치되었다."
2026-04-17_07:30_송파구,4,새마을시장,송파구,market,market,0.4291,8,1.0,1.0,0.4,0.9,0.653505,0.4,0.25,1.0,0.0,0.75,0.143008,0.02,0.929293,0.154072,0.777907,1.358256,1.358256,False,"이 장소는 송파구 자치구 조건과 일치, market 유형이 일정 문맥과 유사, 목표 유권자 조건과 부합, 시장·상권 접촉에 적합으로 평가되어 상위 추천에 배치되었다."
2026-04-17_07:30_송파구,5,마천중앙시장,송파구,market,market,0.4285,9,1.0,1.0,0.4,0.9,0.653175,0.4,0.25,1.0,0.0,0.75,0.143008,0.02,0.919192,0.154072,0.777907,1.357336,1.357336,False,"이 장소는 송파구 자치구 조건과 일치, market 유형이 일정 문맥과 유사, 목표 유권자 조건과 부합, 시장·상권 접촉에 적합으로 평가되어 상위 추천에 배치되었다."
2026-04-17_07:30_송파구,6,석촌시장,송파구,market,market,0.426,10,1.0,1.0,0.4,0.9,0.6518,0.4,0.25,1.0,0.0,0.75,0.143008,0.02,0.909091,0.154072,0.777907,1.354464,1.354464,False,"이 장소는 송파구 자치구 조건과 일치, market 유형이 일정 문맥과 유사, 목표 유권자 조건과 부합, 시장·상권 접촉에 적합으로 평가되어 상위 추천에 배치되었다."
2026-04-17_15:30_강동구,1,서울역,중구,subway,subway,0.9642,1,0.0,1.0,0.25,0.85,0.90781,0.25,1.0,0.2,0.45,0.75,0.296992,0.02,1.0,0.0,0.485,1.604489,1.604489,False,"이 장소는 subway 유형이 일정 문맥과 유사, 목표 유권자 조건과 부합, 후보 일정 profile과 유사한 장소 유형, 교통 접근성이 높은 후보지으로 평가되어 상위 추천에 배치되었다."
2026-04-17_15:30_강동구,2,잠실(송파구청),송파구,subway,subway,0.9611,2,0.0,1.0,0.25,0.85,0.906105,0.25,1.0,0.2,0.45,0.75,0.296992,0.02,0.989899,0.0,0.485,1.601001,1.601001,False,"이 장소는 subway 유형이 일정 문맥과 유사, 목표 유권자 조건과 부합, 후보 일정 profile과 유사한 장소 유형, 교통 접근성이 높은 후보지으로 평가되어 상위 추천에 배치되었다."
2026-04-17_15:30_강동구,3,강남,강남구,subway,subway,0.9318,3,0.0,1.0,0.25,0.85,0.88999,0.25,1.0,0.2,0.45,0.75,0.296992,0.02,0.979798,0.0,0.485,1.570592,1.570592,False,"이 장소는 subway 유형이 일정 문맥과 유사, 목표 유권자 조건과 부합, 후보 일정 profile과 유사한 장소 유형, 교통 접근성이 높은 후보지으로 평가되어 상위 추천에 배치되었다."
2026-04-17_15:30_강동구,4,홍대입구,마포구,subway,subway,0.8656,4,0.0,1.0,0.25,0.85,0.85358,0.25,1.0,0.2,0.45,0.75,0.296992,0.02,0.969697,0.0,0.485,1.502268,1.502268,False,"이 장소는 subway 유형이 일정 문맥과 유사, 목표 유권자 조건과 부합, 후보 일정 profile과 유사한 장소 유형, 교통 접근성이 높은 후보지으로 평가되어 상위 추천에 배치되었다."
2026-04-17_15:30_강동구,5,고속터미널,서초구,subway,subway,0.8161,5,0.0,1.0,0.25,0.85,0.826355,0.25,1.0,0.2,0.45,0.75,0.296992,0.02,0.959596,0.0,0.485,1.451104,1.451104,False,"이 장소는 subway 유형이 일정 문맥과 유사, 목표 유권자 조건과 부합, 후보 일정 profile과 유사한 장소 유형, 교통 접근성이 높은 후보지으로 평가되어 상위 추천에 배치되었다."
2026-04-17_15:30_강동구,6,삼성(무역센터),강남구,subway,subway,0.7312,6,0.0,1.0,0.25,0.85,0.77966,0.25,1.0,0.2,0.45,0.75,0.296992,0.02,0.949495,0.0,0.485,1.363566,1.363566,False,"이 장소는 subway 유형이 일정 문맥과 유사, 목표 유권자 조건과 부합, 후보 일정 profile과 유사한 장소 유형, 교통 접근성이 높은 후보지으로 평가되어 상위 추천에 배치되었다."
2026-04-17_15:30_강동구,7,성수,성동구,subway,subway,0.7287,7,0.0,1.0,0.25,0.85,0.778285,0.25,1.0,0.2,0.45,0.75,0.296992,0.02,0.939394,0.0,0.485,1.360695,1.360695,False,"이 장소는 subway 유형이 일정 문맥과 유사, 목표 유권자 조건과 부합, 후보 일정 profile과 유사한 장소 유형, 교통 접근성이 높은 후보지으로 평가되어 상위 추천에 배치되었다."
2026-04-17_15:30_강동구,8,선릉,강남구,subway,subway,0.7238,8,0.0,1.0,0.25,0.85,0.77559,0.25,1.0,0.2,0.45,0.75,0.296992,0.02,0.929293,0.0,0.485,1.355357,1.355357,False,"이 장소는 subway 유형이 일정 문맥과 유사, 목표 유권자 조건과 부합, 후보 일정 profile과 유사한 장소 유형, 교통 접근성이 높은 후보지으로 평가되어 상위 추천에 배치되었다."
2026-04-17_15:30_강동구,9,용산,용산구,subway,subway,0.7194,9,0.0,1.0,0.25,0.85,0.77317,0.25,1.0,0.2,0.45,0.75,0.296992,0.02,0.919192,0.0,0.485,1.350533,1.350533,False,"이 장소는 subway 유형이 일정 문맥과 유사, 목표 유권자 조건과 부합, 후보 일정 profile과 유사한 장소 유형, 교통 접근성이 높은 후보지으로 평가되어 상위 추천에 배치되었다."
2026-04-17_15:30_강동구,10,구로디지털단지,구로구,subway,subway,0.6961,10,0.0,1.0,0.25,0.85,0.760355,0.25,1.0,0.2,0.45,0.75,0.296992,0.02,0.909091,0.0,0.485,1.326289,1.326289,False,"이 장소는 subway 유형이 일정 문맥과 유사, 목표 유권자 조건과 부합, 후보 일정 profile과 유사한 장소 유형, 교통 접근성이 높은 후보지으로 평가되어 상위 추천에 배치되었다."
2026-04-17_16:00_강동구,1,서울역,중구,subway,subway,0.9642,1,0.0,1.0,0.25,0.85,0.90781,0.7,1.0,0.2,0.45,0.75,0.296992,0.02,1.0,0.0,0.485,1.626989,1.626989,False,"이 장소는 subway 유형이 일정 문맥과 유사, 목표 유권자 조건과 부합, 후보 일정 profile과 유사한 장소 유형, 교통 접근성이 높은 후보지으로 평가되어 상위 추천에 배치되었다."
2026-04-17_16:00_강동구,2,잠실(송파구청),송파구,subway,subway,0.9611,2,0.0,1.0,0.25,0.85,0.906105,0.7,1.0,0.2,0.45,0.75,0.296992,0.02,0.989899,0.0,0.485,1.623501,1.623501,False,"이 장소는 subway 유형이 일정 문맥과 유사, 목표 유권자 조건과 부합, 후보 일정 profile과 유사한 장소 유형, 교통 접근성이 높은 후보지으로 평가되어 상위 추천에 배치되었다."
2026-04-17_16:00_강동구,3,강남,강남구,subway,subway,0.9318,3,0.0,1.0,0.25,0.85,0.88999,0.7,1.0,0.2,0.45,0.75,0.296992,0.02,0.979798,0.0,0.485,1.593092,1.593092,False,"이 장소는 subway 유형이 일정 문맥과 유사, 목표 유권자 조건과 부합, 후보 일정 profile과 유사한 장소 유형, 교통 접근성이 높은 후보지으로 평가되어 상위 추천에 배치되었다."
2026-04-17_16:00_강동구,4,홍대입구,마포구,subway,subway,0.8656,4,0.0,1.0,0.25,0.85,0.85358,0.7,1.0,0.2,0.45,0.75,0.296992,0.02,0.969697,0.0,0.485,1.524768,1.524768,False,"이 장소는 subway 유형이 일정 문맥과 유사, 목표 유권자 조건과 부합, 후보 일정 profile과 유사한 장소 유형, 교통 접근성이 높은 후보지으로 평가되어 상위 추천에 배치되었다."
2026-04-17_16:00_강동구,5,고속터미널,서초구,subway,subway,0.8161,5,0.0,1.0,0.25,0.85,0.826355,0.7,1.0,0.2,0.45,0.75,0.296992,0.02,0.959596,0.0,0.485,1.473604,1.473604,False,"이 장소는 subway 유형이 일정 문맥과 유사, 목표 유권자 조건과 부합, 후보 일정 profile과 유사한 장소 유형, 교통 접근성이 높은 후보지으로 평가되어 상위 추천에 배치되었다."
2026-04-17_16:00_강동구,6,삼성(무역센터),강남구,subway,subway,0.7312,6,0.0,1.0,0.25,0.85,0.77966,0.7,1.0,0.2,0.45,0.75,0.296992,0.02,0.949495,0.0,0.485,1.386066,1.386066,False,"이 장소는 subway 유형이 일정 문맥과 유사, 목표 유권자 조건과 부합, 후보 일정 profile과 유사한 장소 유형, 교통 접근성이 높은 후보지으로 평가되어 상위 추천에 배치되었다."
2026-04-17_16:00_강동구,7,성수,성동구,subway,subway,0.7287,7,0.0,1.0,0.25,0.85,0.778285,0.7,1.0,0.2,0.45,0.75,0.296992,0.02,0.939394,0.0,0.485,1.383195,1.383195,False,"이 장소는 subway 유형이 일정 문맥과 유사, 목표 유권자 조건과 부합, 후보 일정 profile과 유사한 장소 유형, 교통 접근성이 높은 후보지으로 평가되어 상위 추천에 배치되었다."
2026-04-17_16:00_강동구,8,선릉,강남구,subway,subway,0.7238,8,0.0,1.0,0.25,0.85,0.77559,0.7,1.0,0.2,0.45,0.75,0.296992,0.02,0.929293,0.0,0.485,1.377857,1.377857,False,"이 장소는 subway 유형이 일정 문맥과 유사, 목표 유권자 조건과 부합, 후보 일정 profile과 유사한 장소 유형, 교통 접근성이 높은 후보지으로 평가되어 상위 추천에 배치되었다."
2026-04-17_16:00_강동구,9,용산,용산구,subway,subway,0.7194,9,0.0,1.0,0.25,0.85,0.77317,0.7,1.0,0.2,0.45,0.75,0.296992,0.02,0.919192,0.0,0.485,1.373033,1.373033,False,"이 장소는 subway 유형이 일정 문맥과 유사, 목표 유권자 조건과 부합, 후보 일정 profile과 유사한 장소 유형, 교통 접근성이 높은 후보지으로 평가되어 상위 추천에 배치되었다."
2026-04-17_16:00_강동구,10,구로디지털단지,구로구,subway,subway,0.6961,10,0.0,1.0,0.25,0.85,0.760355,0.7,1.0,0.2,0.45,0.75,0.296992,0.02,0.909091,0.0,0.485,1.348789,1.348789,False,"이 장소는 subway 유형이 일정 문맥과 유사, 목표 유권자 조건과 부합, 후보 일정 profile과 유사한 장소 유형, 교통 접근성이 높은 후보지으로 평가되어 상위 추천에 배치되었다."
2026-04-17_16:35_강동구,1,서울역,중구,subway,subway,0.9642,1,0.0,1.0,0.25,0.85,0.90781,0.7,1.0,0.2,0.0,0.75,0.296992,0.02,1.0,0.0,0.485,1.590989,1.590989,False,"이 장소는 subway 유형이 일정 문맥과 유사, 목표 유권자 조건과 부합, 후보 일정 profile과 유사한 장소 유형, 교통 접근성이 높은 후보지으로 평가되어 상위 추천에 배치되었다."
2026-04-17_16:35_강동구,2,잠실(송파구청),송파구,subway,subway,0.9611,2,0.0,1.0,0.25,0.85,0.906105,0.7,1.0,0.2,0.0,0.75,0.296992,0.02,0.989899,0.0,0.485,1.587501,1.587501,False,"이 장소는 subway 유형이 일정 문맥과 유사, 목표 유권자 조건과 부합, 후보 일정 profile과 유사한 장소 유형, 교통 접근성이 높은 후보지으로 평가되어 상위 추천에 배치되었다."
2026-04-17_16:35_강동구,3,강남,강남구,subway,subway,0.9318,3,0.0,1.0,0.25,0.85,0.88999,0.7,1.0,0.2,0.0,0.75,0.296992,0.02,0.979798,0.0,0.485,1.557092,1.557092,False,"이 장소는 subway 유형이 일정 문맥과 유사, 목표 유권자 조건과 부합, 후보 일정 profile과 유사한 장소 유형, 교통 접근성이 높은 후보지으로 평가되어 상위 추천에 배치되었다."
2026-04-17_16:35_강동구,4,홍대입구,마포구,subway,subway,0.8656,4,0.0,1.0,0.25,0.85,0.85358,0.7,1.0,0.2,0.0,0.75,0.296992,0.02,0.969697,0.0,0.485,1.488768,1.488768,False,"이 장소는 subway 유형이 일정 문맥과 유사, 목표 유권자 조건과 부합, 후보 일정 profile과 유사한 장소 유형, 교통 접근성이 높은 후보지으로 평가되어 상위 추천에 배치되었다."
2026-04-17_16:35_강동구,5,고속터미널,서초구,subway,subway,0.8161,5,0.0,1.0,0.25,0.85,0.826355,0.7,1.0,0.2,0.0,0.75,0.296992,0.02,0.959596,0.0,0.485,1.437604,1.437604,False,"이 장소는 subway 유형이 일정 문맥과 유사, 목표 유권자 조건과 부합, 후보 일정 profile과 유사한 장소 유형, 교통 접근성이 높은 후보지으로 평가되어 상위 추천에 배치되었다."
2026-04-17_16:35_강동구,6,삼성(무역센터),강남구,subway,subway,0.7312,6,0.0,1.0,0.25,0.85,0.77966,0.7,1.0,0.2,0.0,0.75,0.296992,0.02,0.949495,0.0,0.485,1.350066,1.350066,False,"이 장소는 subway 유형이 일정 문맥과 유사, 목표 유권자 조건과 부합, 후보 일정 profile과 유사한 장소 유형, 교통 접근성이 높은 후보지으로 평가되어 상위 추천에 배치되었다."
2026-04-17_16:35_강동구,7,성수,성동구,subway,subway,0.7287,7,0.0,1.0,0.25,0.85,0.778285,0.7,1.0,0.2,0.0,0.75,0.296992,0.02,0.939394,0.0,0.485,1.347195,1.347195,False,"이 장소는 subway 유형이 일정 문맥과 유사, 목표 유권자 조건과 부합, 후보 일정 profile과 유사한 장소 유형, 교통 접근성이 높은 후보지으로 평가되어 상위 추천에 배치되었다."
2026-04-17_16:35_강동구,8,선릉,강남구,subway,subway,0.7238,8,0.0,1.0,0.25,0.85,0.77559,0.7,1.0,0.2,0.0,0.75,0.296992,0.02,0.929293,0.0,0.485,1.341857,1.341857,False,"이 장소는 subway 유형이 일정 문맥과 유사, 목표 유권자 조건과 부합, 후보 일정 profile과 유사한 장소 유형, 교통 접근성이 높은 후보지으로 평가되어 상위 추천에 배치되었다."
2026-04-17_16:35_강동구,9,용산,용산구,subway,subway,0.7194,9,0.0,1.0,0.25,0.85,0.77317,0.7,1.0,0.2,0.0,0.75,0.296992,0.02,0.919192,0.0,0.485,1.337033,1.337033,False,"이 장소는 subway 유형이 일정 문맥과 유사, 목표 유권자 조건과 부합, 후보 일정 profile과 유사한 장소 유형, 교통 접근성이 높은 후보지으로 평가되어 상위 추천에 배치되었다."
2026-04-17_16:35_강동구,10,구로디지털단지,구로구,subway,subway,0.6961,10,0.0,1.0,0.25,0.85,0.760355,0.7,1.0,0.2,0.0,0.75,0.296992,0.02,0.909091,0.0,0.485,1.312789,1.312789,False,"이 장소는 subway 유형이 일정 문맥과 유사, 목표 유권자 조건과 부합, 후보 일정 profile과 유사한 장소 유형, 교통 접근성이 높은 후보지으로 평가되어 상위 추천에 배치되었다."
2026-04-19_14:40_노원구,1,노원,노원구,subway,subway,0.4421,10,1.0,1.0,0.25,0.85,0.620655,0.25,1.0,0.2,0.0,0.75,0.301278,0.02,0.909091,0.196232,0.754623,1.230161,1.230161,False,"이 장소는 노원구 자치구 조건과 일치, subway 유형이 일정 문맥과 유사, 목표 유권자 조건과 부합, 후보 일정 profile과 유사한 장소 유형으로 평가되어 상위 추천에 배치되었다."
2026-04-22_18:00_은평구,1,연신내,은평구,subway,subway,0.5711,10,1.0,1.0,1.0,0.85,0.741605,1.0,1.0,0.2,0.0,0.75,0.258421,0.02,0.909091,0.195416,0.867042,1.506637,1.506637,False,"이 장소는 은평구 자치구 조건과 일치, subway 유형이 일정 문맥과 유사, 입력 시간대의 유동·접촉 가능성이 높음, 목표 유권자 조건과 부합으로 평가되어 상위 추천에 배치되었다."
2026-04-24_14:45_성동구,1,마장축산물시장,성동구,market,market,0.5116,5,1.0,1.0,0.8,0.9,0.65888,0.1,0.25,1.0,0.0,0.75,0.192293,0.052632,0.959596,0.16484,0.838984,1.496791,1.496791,False,"이 장소는 성동구 자치구 조건과 일치, market 유형이 일정 문맥과 유사, 입력 시간대의 유동·접촉 가능성이 높음, 목표 유권자 조건과 부합으로 평가되어 상위 추천에 배치되었다."
2026-04-24_14:45_성동구,2,성동용답상가시장,성동구,market,market,0.4816,6,1.0,1.0,0.8,0.9,0.64238,0.1,0.25,1.0,0.0,0.75,0.192293,0.052632,0.949495,0.16484,0.838984,1.465662,1.465662,False,"이 장소는 성동구 자치구 조건과 일치, market 유형이 일정 문맥과 유사, 입력 시간대의 유동·접촉 가능성이 높음, 목표 유권자 조건과 부합으로 평가되어 상위 추천에 배치되었다."
2026-04-24_14:45_성동구,3,송정벚꽃골목형상점가,성동구,market,market,0.4775,7,1.0,1.0,0.8,0.9,0.640125,0.1,0.25,1.0,0.0,0.75,0.192293,0.052632,0.939394,0.16484,0.838984,1.461147,1.461147,False,"이 장소는 성동구 자치구 조건과 일치, market 유형이 일정 문맥과 유사, 입력 시간대의 유동·접촉 가능성이 높음, 목표 유권자 조건과 부합으로 평가되어 상위 추천에 배치되었다."
2026-04-24_14:45_성동구,4,사근살곶이골목형상점가시장,성동구,market,market,0.474,8,1.0,1.0,0.8,0.9,0.6382,0.1,0.25,1.0,0.0,0.75,0.192293,0.052632,0.929293,0.16484,0.838984,1.457247,1.457247,False,"이 장소는 성동구 자치구 조건과 일치, market 유형이 일정 문맥과 유사, 입력 시간대의 유동·접촉 가능성이 높음, 목표 유권자 조건과 부합으로 평가되어 상위 추천에 배치되었다."
2026-04-24_14:45_성동구,5,금남시장,성동구,market,market,0.4707,9,1.0,1.0,0.8,0.9,0.636385,0.1,0.25,1.0,0.0,0.75,0.192293,0.052632,0.919192,0.16484,0.838984,1.453554,1.453554,False,"이 장소는 성동구 자치구 조건과 일치, market 유형이 일정 문맥과 유사, 입력 시간대의 유동·접촉 가능성이 높음, 목표 유권자 조건과 부합으로 평가되어 상위 추천에 배치되었다."
2026-04-24_14:45_성동구,6,뚝도시장,성동구,market,market,0.4683,10,1.0,1.0,0.8,0.9,0.635065,0.1,0.25,1.0,0.0,0.75,0.192293,0.052632,0.909091,0.16484,0.838984,1.450785,1.450785,False,"이 장소는 성동구 자치구 조건과 일치, market 유형이 일정 문맥과 유사, 입력 시간대의 유동·접촉 가능성이 높음, 목표 유권자 조건과 부합으로 평가되어 상위 추천에 배치되었다."
2026-04-24_16:50_성동구,1,마장축산물시장,성동구,market,market,0.5116,5,1.0,1.0,0.8,0.9,0.65888,0.1,0.25,1.0,0.0,0.75,0.192293,0.052632,0.959596,0.242312,0.846731,1.496791,1.496791,False,"이 장소는 성동구 자치구 조건과 일치, market 유형이 일정 문맥과 유사, 입력 시간대의 유동·접촉 가능성이 높음, 목표 유권자 조건과 부합으로 평가되어 상위 추천에 배치되었다."
2026-04-24_16:50_성동구,2,성동용답상가시장,성동구,market,market,0.4816,6,1.0,1.0,0.8,0.9,0.64238,0.1,0.25,1.0,0.0,0.75,0.192293,0.052632,0.949495,0.242312,0.846731,1.465662,1.465662,False,"이 장소는 성동구 자치구 조건과 일치, market 유형이 일정 문맥과 유사, 입력 시간대의 유동·접촉 가능성이 높음, 목표 유권자 조건과 부합으로 평가되어 상위 추천에 배치되었다."
2026-04-24_16:50_성동구,3,송정벚꽃골목형상점가,성동구,market,market,0.4775,7,1.0,1.0,0.8,0.9,0.640125,0.1,0.25,1.0,0.0,0.75,0.192293,0.052632,0.939394,0.242312,0.846731,1.461147,1.461147,False,"이 장소는 성동구 자치구 조건과 일치, market 유형이 일정 문맥과 유사, 입력 시간대의 유동·접촉 가능성이 높음, 목표 유권자 조건과 부합으로 평가되어 상위 추천에 배치되었다."
2026-04-24_16:50_성동구,4,사근살곶이골목형상점가시장,성동구,market,market,0.474,8,1.0,1.0,0.8,0.9,0.6382,0.1,0.25,1.0,0.0,0.75,0.192293,0.052632,0.929293,0.242312,0.846731,1.457247,1.457247,False,"이 장소는 성동구 자치구 조건과 일치, market 유형이 일정 문맥과 유사, 입력 시간대의 유동·접촉 가능성이 높음, 목표 유권자 조건과 부합으로 평가되어 상위 추천에 배치되었다."
2026-04-24_16:50_성동구,5,금남시장,성동구,market,market,0.4707,9,1.0,1.0,0.8,0.9,0.636385,0.1,0.25,1.0,0.0,0.75,0.192293,0.052632,0.919192,0.242312,0.846731,1.453554,1.453554,True,"이 장소는 성동구 자치구 조건과 일치, market 유형이 일정 문맥과 유사, 입력 시간대의 유동·접촉 가능성이 높음, 목표 유권자 조건과 부합으로 평가되어 상위 추천에 배치되었다."
2026-04-24_16:50_성동구,6,뚝도시장,성동구,market,market,0.4683,10,1.0,1.0,0.8,0.9,0.635065,0.1,0.25,1.0,0.0,0.75,0.192293,0.052632,0.909091,0.242312,0.846731,1.450785,1.450785,False,"이 장소는 성동구 자치구 조건과 일치, market 유형이 일정 문맥과 유사, 입력 시간대의 유동·접촉 가능성이 높음, 목표 유권자 조건과 부합으로 평가되어 상위 추천에 배치되었다."
2026-04-25_09:00_서초구,1,고속터미널,서초구,subway,subway,0.4976,9,1.0,1.0,1.0,0.85,0.69118,0.55,1.0,0.2,0.0,0.75,0.243421,0.02,0.919192,0.155315,0.863031,1.405419,1.405419,False,"이 장소는 서초구 자치구 조건과 일치, subway 유형이 일정 문맥과 유사, 입력 시간대의 유동·접촉 가능성이 높음, 목표 유권자 조건과 부합으로 평가되어 상위 추천에 배치되었다."
2026-04-25_09:00_서초구,2,양재(서초구청),서초구,subway,subway,0.4286,10,1.0,1.0,1.0,0.85,0.65323,0.55,1.0,0.2,0.0,0.75,0.243421,0.02,0.909091,0.155315,0.863031,1.334218,1.334218,False,"이 장소는 서초구 자치구 조건과 일치, subway 유형이 일정 문맥과 유사, 입력 시간대의 유동·접촉 가능성이 높음, 목표 유권자 조건과 부합으로 평가되어 상위 추천에 배치되었다."
2026-04-25_11:40_중구,1,남대문시장,중구,market,market,0.6592,1,1.0,1.0,0.7,0.9,0.71006,0.1,0.25,1.0,0.0,0.75,0.164436,0.02,1.0,0.15382,0.822882,1.62759,1.62759,True,"이 장소는 중구 자치구 조건과 일치, market 유형이 일정 문맥과 유사, 입력 시간대의 유동·접촉 가능성이 높음, 목표 유권자 조건과 부합으로 평가되어 상위 추천에 배치되었다."
2026-04-25_11:40_중구,2,평화시장,중구,market,market,0.5064,2,1.0,1.0,0.7,0.9,0.62602,0.1,0.25,1.0,0.0,0.75,0.164436,0.02,0.989899,0.15382,0.822882,1.470285,1.470285,False,"이 장소는 중구 자치구 조건과 일치, market 유형이 일정 문맥과 유사, 입력 시간대의 유동·접촉 가능성이 높음, 목표 유권자 조건과 부합으로 평가되어 상위 추천에 배치되었다."
2026-04-25_11:40_중구,3,삼익패션타운,중구,market,market,0.4758,3,1.0,1.0,0.7,0.9,0.60919,0.1,0.25,1.0,0.0,0.75,0.164436,0.02,0.979798,0.15382,0.822882,1.438541,1.438541,False,"이 장소는 중구 자치구 조건과 일치, market 유형이 일정 문맥과 유사, 입력 시간대의 유동·접촉 가능성이 높음, 목표 유권자 조건과 부합으로 평가되어 상위 추천에 배치되었다."
2026-04-25_11:40_중구,4,동평화시장,중구,market,market,0.4662,4,1.0,1.0,0.7,0.9,0.60391,0.1,0.25,1.0,0.0,0.75,0.164436,0.02,0.969697,0.15382,0.822882,1.428374,1.428374,False,"이 장소는 중구 자치구 조건과 일치, market 유형이 일정 문맥과 유사, 입력 시간대의 유동·접촉 가능성이 높음, 목표 유권자 조건과 부합으로 평가되어 상위 추천에 배치되었다."
2026-04-25_11:40_중구,5,청평화시장,중구,market,market,0.4559,5,1.0,1.0,0.7,0.9,0.598245,0.1,0.25,1.0,0.0,0.75,0.164436,0.02,0.959596,0.15382,0.822882,1.417487,1.417487,False,"이 장소는 중구 자치구 조건과 일치, market 유형이 일정 문맥과 유사, 입력 시간대의 유동·접촉 가능성이 높음, 목표 유권자 조건과 부합으로 평가되어 상위 추천에 배치되었다."
2026-04-25_11:40_중구,6,방산시장,중구,market,market,0.4531,6,1.0,1.0,0.7,0.9,0.596705,0.1,0.25,1.0,0.0,0.75,0.164436,0.02,0.949495,0.15382,0.822882,1.414307,1.414307,False,"이 장소는 중구 자치구 조건과 일치, market 유형이 일정 문맥과 유사, 입력 시간대의 유동·접촉 가능성이 높음, 목표 유권자 조건과 부합으로 평가되어 상위 추천에 배치되었다."
2026-04-25_11:40_중구,7,신평화패션타운,중구,market,market,0.4529,7,1.0,1.0,0.7,0.9,0.596595,0.1,0.25,1.0,0.0,0.75,0.164436,0.02,0.939394,0.15382,0.822882,1.413799,1.413799,False,"이 장소는 중구 자치구 조건과 일치, market 유형이 일정 문맥과 유사, 입력 시간대의 유동·접촉 가능성이 높음, 목표 유권자 조건과 부합으로 평가되어 상위 추천에 배치되었다."
2026-04-25_11:40_중구,8,광희패션몰,중구,market,market,0.4509,8,1.0,1.0,0.7,0.9,0.595495,0.1,0.25,1.0,0.0,0.75,0.164436,0.02,0.929293,0.15382,0.822882,1.411441,1.411441,False,"이 장소는 중구 자치구 조건과 일치, market 유형이 일정 문맥과 유사, 입력 시간대의 유동·접촉 가능성이 높음, 목표 유권자 조건과 부합으로 평가되어 상위 추천에 배치되었다."
2026-04-25_11:40_중구,9,통일상가,중구,market,market,0.4472,9,1.0,1.0,0.7,0.9,0.59346,0.1,0.25,1.0,0.0,0.75,0.164436,0.02,0.919192,0.15382,0.822882,1.407336,1.407336,False,"이 장소는 중구 자치구 조건과 일치, market 유형이 일정 문맥과 유사, 입력 시간대의 유동·접촉 가능성이 높음, 목표 유권자 조건과 부합으로 평가되어 상위 추천에 배치되었다."
2026-04-25_11:40_중구,10,중부시장,중구,market,market,0.4423,10,1.0,1.0,0.7,0.9,0.590765,0.1,0.25,1.0,0.0,0.75,0.164436,0.02,0.909091,0.15382,0.822882,1.401998,1.401998,False,"이 장소는 중구 자치구 조건과 일치, market 유형이 일정 문맥과 유사, 입력 시간대의 유동·접촉 가능성이 높음, 목표 유권자 조건과 부합으로 평가되어 상위 추천에 배치되었다."
2026-04-26_11:55_영등포구,1,구립영등포노인종합복지관,영등포구,senior_friendly,senior_friendly,0.9248,10,1.0,1.0,0.8,1.0,0.73114,0.0,0.1,0.05,0.9,0.75,0.096143,0.047619,0.909091,0.080198,0.84052,1.832858,1.832858,False,"이 장소는 영등포구 자치구 조건과 일치, senior_friendly 유형이 일정 문맥과 유사, 입력 시간대의 유동·접촉 가능성이 높음, 목표 유권자 조건과 부합으로 평가되어 상위 추천에 배치되었다."
2026-04-27_10:20_서초구,1,고속터미널,서초구,subway,subway,0.4976,9,1.0,1.0,0.3,0.85,0.62118,0.25,1.0,0.2,0.45,0.75,0.269135,0.02,0.919192,0.187687,0.761269,1.323062,1.323062,False,"이 장소는 서초구 자치구 조건과 일치, subway 유형이 일정 문맥과 유사, 목표 유권자 조건과 부합, 후보 일정 profile과 유사한 장소 유형으로 평가되어 상위 추천에 배치되었다."
2026-04-27_10:20_서초구,2,양재(서초구청),서초구,subway,subway,0.4286,10,1.0,1.0,0.3,0.85,0.58323,0.25,1.0,0.2,0.45,0.75,0.269135,0.02,0.909091,0.187687,0.761269,1.251861,1.251861,False,"이 장소는 서초구 자치구 조건과 일치, subway 유형이 일정 문맥과 유사, 목표 유권자 조건과 부합, 후보 일정 profile과 유사한 장소 유형으로 평가되어 상위 추천에 배치되었다."
2026-04-27_11:00_서초구,1,남대문시장,중구,market,market,0.6592,1,0.0,1.0,0.7,0.9,0.71006,0.1,0.25,1.0,0.0,0.75,0.162293,0.02,1.0,0.0,0.5575,1.427162,1.427162,False,"이 장소는 market 유형이 일정 문맥과 유사, 입력 시간대의 유동·접촉 가능성이 높음, 목표 유권자 조건과 부합, 시장·상권 접촉에 적합으로 평가되어 상위 추천에 배치되었다."
2026-04-27_11:00_서초구,2,동대문종합시장,종로구,market,market,0.5837,2,0.0,1.0,0.7,0.9,0.668535,0.1,0.25,1.0,0.0,0.75,0.162293,0.02,0.989899,0.0,0.5575,1.349282,1.349282,False,"이 장소는 market 유형이 일정 문맥과 유사, 입력 시간대의 유동·접촉 가능성이 높음, 목표 유권자 조건과 부합, 시장·상권 접촉에 적합으로 평가되어 상위 추천에 배치되었다."
2026-04-27_11:00_서초구,3,장안 마실 골목형상점가,동대문구,market,market,0.5827,3,0.0,1.0,0.7,0.9,0.667985,0.1,0.25,1.0,0.0,0.75,0.162293,0.02,0.979798,0.0,0.5575,1.347952,1.347952,False,"이 장소는 market 유형이 일정 문맥과 유사, 입력 시간대의 유동·접촉 가능성이 높음, 목표 유권자 조건과 부합, 시장·상권 접촉에 적합으로 평가되어 상위 추천에 배치되었다."
2026-04-27_11:00_서초구,4,천호로데오거리상점가,강동구,market,market,0.5458,4,0.0,1.0,0.7,0.9,0.64769,0.1,0.25,1.0,0.0,0.75,0.162293,0.02,0.969697,0.0,0.5575,1.309734,1.309734,False,"이 장소는 market 유형이 일정 문맥과 유사, 입력 시간대의 유동·접촉 가능성이 높음, 목표 유권자 조건과 부합, 시장·상권 접촉에 적합으로 평가되어 상위 추천에 배치되었다."
2026-04-27_11:00_서초구,5,광장전통시장,종로구,market,market,0.5242,5,0.0,1.0,0.7,0.9,0.63581,0.1,0.25,1.0,0.0,0.75,0.162293,0.02,0.959596,0.0,0.5575,1.287237,1.287237,False,"이 장소는 market 유형이 일정 문맥과 유사, 입력 시간대의 유동·접촉 가능성이 높음, 목표 유권자 조건과 부합, 시장·상권 접촉에 적합으로 평가되어 상위 추천에 배치되었다."
2026-04-27_11:00_서초구,6,가락몰 골목형상점가,송파구,market,market,0.514,6,0.0,1.0,0.7,0.9,0.6302,0.1,0.25,1.0,0.0,0.75,0.162293,0.02,0.949495,0.0,0.5575,1.276453,1.276453,False,"이 장소는 market 유형이 일정 문맥과 유사, 입력 시간대의 유동·접촉 가능성이 높음, 목표 유권자 조건과 부합, 시장·상권 접촉에 적합으로 평가되어 상위 추천에 배치되었다."
2026-04-27_11:00_서초구,7,평화시장,중구,market,market,0.5064,7,0.0,1.0,0.7,0.9,0.62602,0.1,0.25,1.0,0.0,0.75,0.162293,0.02,0.939394,0.0,0.5575,1.268341,1.268341,False,"이 장소는 market 유형이 일정 문맥과 유사, 입력 시간대의 유동·접촉 가능성이 높음, 목표 유권자 조건과 부합, 시장·상권 접촉에 적합으로 평가되어 상위 추천에 배치되었다."
2026-04-27_11:00_서초구,8,서울약령시장,동대문구,market,market,0.5054,8,0.0,1.0,0.7,0.9,0.62547,0.1,0.25,1.0,0.0,0.75,0.162293,0.02,0.929293,0.0,0.5575,1.267011,1.267011,False,"이 장소는 market 유형이 일정 문맥과 유사, 입력 시간대의 유동·접촉 가능성이 높음, 목표 유권자 조건과 부합, 시장·상권 접촉에 적합으로 평가되어 상위 추천에 배치되었다."
2026-04-27_11:00_서초구,9,영등포유통상가,영등포구,market,market,0.4917,9,0.0,1.0,0.7,0.9,0.617935,0.1,0.25,1.0,0.0,0.75,0.162293,0.02,0.919192,0.0,0.5575,1.252631,1.252631,False,"이 장소는 market 유형이 일정 문맥과 유사, 입력 시간대의 유동·접촉 가능성이 높음, 목표 유권자 조건과 부합, 시장·상권 접촉에 적합으로 평가되어 상위 추천에 배치되었다."
2026-04-27_11:00_서초구,10,광장시장,종로구,market,market,0.479,10,0.0,1.0,0.7,0.9,0.61095,0.1,0.25,1.0,0.0,0.75,0.162293,0.02,0.909091,0.0,0.5575,1.239279,1.239279,False,"이 장소는 market 유형이 일정 문맥과 유사, 입력 시간대의 유동·접촉 가능성이 높음, 목표 유권자 조건과 부합, 시장·상권 접촉에 적합으로 평가되어 상위 추천에 배치되었다."
2026-04-29_10:50_성북구,1,신림,관악구,subway,subway,0.9468,1,0.0,1.0,0.3,0.3,0.86824,0.25,1.0,0.2,0.0,0.75,0.269135,0.02,1.0,0.0,0.4375,1.413539,1.413539,False,"이 장소는 subway 유형이 일정 문맥과 유사, 후보 일정 profile과 유사한 장소 유형, 교통 접근성이 높은 후보지으로 평가되어 상위 추천에 배치되었다."
2026-04-29_10:50_성북구,2,잠실(송파구청),송파구,subway,subway,0.8013,2,0.0,1.0,0.3,0.3,0.788215,0.25,1.0,0.2,0.0,0.75,0.269135,0.02,0.989899,0.0,0.4375,1.263735,1.263735,False,"이 장소는 subway 유형이 일정 문맥과 유사, 후보 일정 profile과 유사한 장소 유형, 교통 접근성이 높은 후보지으로 평가되어 상위 추천에 배치되었다."
2026-04-29_10:50_성북구,3,서울역,중구,subway,subway,0.7902,3,0.0,1.0,0.3,0.3,0.78211,0.25,1.0,0.2,0.0,0.75,0.269135,0.02,0.979798,0.0,0.4375,1.252027,1.252027,False,"이 장소는 subway 유형이 일정 문맥과 유사, 후보 일정 profile과 유사한 장소 유형, 교통 접근성이 높은 후보지으로 평가되어 상위 추천에 배치되었다."
2026-04-29_10:50_성북구,4,구로디지털단지,구로구,subway,subway,0.776,4,0.0,1.0,0.3,0.3,0.7743,0.25,1.0,0.2,0.0,0.75,0.269135,0.02,0.969697,0.0,0.4375,1.237133,1.237133,False,"이 장소는 subway 유형이 일정 문맥과 유사, 후보 일정 profile과 유사한 장소 유형, 교통 접근성이 높은 후보지으로 평가되어 상위 추천에 배치되었다."
2026-04-29_10:50_성북구,5,서울대입구(관악구청),관악구,subway,subway,0.7382,5,0.0,1.0,0.3,0.3,0.75351,0.25,1.0,0.2,0.0,0.75,0.269135,0.02,0.959596,0.0,0.4375,1.19799,1.19799,False,"이 장소는 subway 유형이 일정 문맥과 유사, 후보 일정 profile과 유사한 장소 유형, 교통 접근성이 높은 후보지으로 평가되어 상위 추천에 배치되었다."
2026-04-29_10:50_성북구,6,신도림,구로구,subway,subway,0.7139,6,0.0,1.0,0.3,0.3,0.740145,0.25,1.0,0.2,0.0,0.75,0.269135,0.02,0.949495,0.0,0.4375,1.172719,1.172719,False,"이 장소는 subway 유형이 일정 문맥과 유사, 후보 일정 profile과 유사한 장소 유형, 교통 접근성이 높은 후보지으로 평가되어 상위 추천에 배치되었다."
2026-04-29_10:50_성북구,7,연신내,은평구,subway,subway,0.667,7,0.0,1.0,0.3,0.3,0.71435,0.25,1.0,0.2,0.0,0.75,0.269135,0.02,0.939394,0.0,0.4375,1.124226,1.124226,False,"이 장소는 subway 유형이 일정 문맥과 유사, 후보 일정 profile과 유사한 장소 유형, 교통 접근성이 높은 후보지으로 평가되어 상위 추천에 배치되었다."
2026-04-29_10:50_성북구,8,까치산,강서구,subway,subway,0.6301,8,0.0,1.0,0.3,0.3,0.694055,0.25,1.0,0.2,0.0,0.75,0.269135,0.02,0.929293,0.0,0.4375,1.086009,1.086009,False,"이 장소는 subway 유형이 일정 문맥과 유사, 후보 일정 profile과 유사한 장소 유형, 교통 접근성이 높은 후보지으로 평가되어 상위 추천에 배치되었다."
2026-04-29_10:50_성북구,9,화곡,강서구,subway,subway,0.6251,9,0.0,1.0,0.3,0.3,0.691305,0.25,1.0,0.2,0.0,0.75,0.269135,0.02,0.919192,0.0,0.4375,1.080568,1.080568,False,"이 장소는 subway 유형이 일정 문맥과 유사, 후보 일정 profile과 유사한 장소 유형, 교통 접근성이 높은 후보지으로 평가되어 상위 추천에 배치되었다."
2026-04-29_10:50_성북구,10,쌍문,도봉구,subway,subway,0.623,10,0.0,1.0,0.3,0.3,0.69015,0.25,1.0,0.2,0.0,0.75,0.269135,0.02,0.909091,0.0,0.4375,1.078107,1.078107,False,"이 장소는 subway 유형이 일정 문맥과 유사, 후보 일정 profile과 유사한 장소 유형, 교통 접근성이 높은 후보지으로 평가되어 상위 추천에 배치되었다."
2026-04-29_12:00_성북구,1,서울역,중구,subway,subway,0.9642,1,0.0,1.0,0.2,0.85,0.92781,0.7,1.0,0.2,0.0,0.75,0.247707,0.02,1.0,0.0,0.4775,1.574632,1.574632,False,"이 장소는 subway 유형이 일정 문맥과 유사, 목표 유권자 조건과 부합, 후보 일정 profile과 유사한 장소 유형, 교통 접근성이 높은 후보지으로 평가되어 상위 추천에 배치되었다."
2026-04-29_12:00_성북구,2,잠실(송파구청),송파구,subway,subway,0.9611,2,0.0,1.0,0.2,0.85,0.926105,0.7,1.0,0.2,0.0,0.75,0.247707,0.02,0.989899,0.0,0.4775,1.571144,1.571144,False,"이 장소는 subway 유형이 일정 문맥과 유사, 목표 유권자 조건과 부합, 후보 일정 profile과 유사한 장소 유형, 교통 접근성이 높은 후보지으로 평가되어 상위 추천에 배치되었다."
2026-04-29_12:00_성북구,3,강남,강남구,subway,subway,0.9318,3,0.0,1.0,0.2,0.85,0.90999,0.7,1.0,0.2,0.0,0.75,0.247707,0.02,0.979798,0.0,0.4775,1.540735,1.540735,False,"이 장소는 subway 유형이 일정 문맥과 유사, 목표 유권자 조건과 부합, 후보 일정 profile과 유사한 장소 유형, 교통 접근성이 높은 후보지으로 평가되어 상위 추천에 배치되었다."
2026-04-29_12:00_성북구,4,홍대입구,마포구,subway,subway,0.8656,4,0.0,1.0,0.2,0.85,0.87358,0.7,1.0,0.2,0.0,0.75,0.247707,0.02,0.969697,0.0,0.4775,1.472411,1.472411,False,"이 장소는 subway 유형이 일정 문맥과 유사, 목표 유권자 조건과 부합, 후보 일정 profile과 유사한 장소 유형, 교통 접근성이 높은 후보지으로 평가되어 상위 추천에 배치되었다."
2026-04-29_12:00_성북구,5,고속터미널,서초구,subway,subway,0.8161,5,0.0,1.0,0.2,0.85,0.846355,0.7,1.0,0.2,0.0,0.75,0.247707,0.02,0.959596,0.0,0.4775,1.421247,1.421247,False,"이 장소는 subway 유형이 일정 문맥과 유사, 목표 유권자 조건과 부합, 후보 일정 profile과 유사한 장소 유형, 교통 접근성이 높은 후보지으로 평가되어 상위 추천에 배치되었다."
2026-04-29_12:00_성북구,6,삼성(무역센터),강남구,subway,subway,0.7312,6,0.0,1.0,0.2,0.85,0.79966,0.7,1.0,0.2,0.0,0.75,0.247707,0.02,0.949495,0.0,0.4775,1.333709,1.333709,False,"이 장소는 subway 유형이 일정 문맥과 유사, 목표 유권자 조건과 부합, 후보 일정 profile과 유사한 장소 유형, 교통 접근성이 높은 후보지으로 평가되어 상위 추천에 배치되었다."
2026-04-29_12:00_성북구,7,성수,성동구,subway,subway,0.7287,7,0.0,1.0,0.2,0.85,0.798285,0.7,1.0,0.2,0.0,0.75,0.247707,0.02,0.939394,0.0,0.4775,1.330837,1.330837,False,"이 장소는 subway 유형이 일정 문맥과 유사, 목표 유권자 조건과 부합, 후보 일정 profile과 유사한 장소 유형, 교통 접근성이 높은 후보지으로 평가되어 상위 추천에 배치되었다."
2026-04-29_12:00_성북구,8,선릉,강남구,subway,subway,0.7238,8,0.0,1.0,0.2,0.85,0.79559,0.7,1.0,0.2,0.0,0.75,0.247707,0.02,0.929293,0.0,0.4775,1.3255,1.3255,False,"이 장소는 subway 유형이 일정 문맥과 유사, 목표 유권자 조건과 부합, 후보 일정 profile과 유사한 장소 유형, 교통 접근성이 높은 후보지으로 평가되어 상위 추천에 배치되었다."
2026-04-29_12:00_성북구,9,용산,용산구,subway,subway,0.7194,9,0.0,1.0,0.2,0.85,0.79317,0.7,1.0,0.2,0.0,0.75,0.247707,0.02,0.919192,0.0,0.4775,1.320676,1.320676,False,"이 장소는 subway 유형이 일정 문맥과 유사, 목표 유권자 조건과 부합, 후보 일정 profile과 유사한 장소 유형, 교통 접근성이 높은 후보지으로 평가되어 상위 추천에 배치되었다."
2026-04-29_12:00_성북구,10,구로디지털단지,구로구,subway,subway,0.6961,10,0.0,1.0,0.2,0.85,0.780355,0.7,1.0,0.2,0.0,0.75,0.247707,0.02,0.909091,0.0,0.4775,1.296432,1.296432,False,"이 장소는 subway 유형이 일정 문맥과 유사, 목표 유권자 조건과 부합, 후보 일정 profile과 유사한 장소 유형, 교통 접근성이 높은 후보지으로 평가되어 상위 추천에 배치되었다."
2026-04-30_05:00_양천구,1,신림,관악구,subway,subway,0.9468,1,0.0,1.0,0.55,0.85,0.86824,0.7,1.0,0.2,0.0,0.75,0.241278,0.02,1.0,0.0,0.53,1.605468,1.605468,False,"이 장소는 subway 유형이 일정 문맥과 유사, 목표 유권자 조건과 부합, 후보 일정 profile과 유사한 장소 유형, 교통 접근성이 높은 후보지으로 평가되어 상위 추천에 배치되었다."
2026-04-30_05:00_양천구,2,잠실(송파구청),송파구,subway,subway,0.8013,2,0.0,1.0,0.55,0.85,0.788215,0.7,1.0,0.2,0.0,0.75,0.241278,0.02,0.989899,0.0,0.53,1.455663,1.455663,False,"이 장소는 subway 유형이 일정 문맥과 유사, 목표 유권자 조건과 부합, 후보 일정 profile과 유사한 장소 유형, 교통 접근성이 높은 후보지으로 평가되어 상위 추천에 배치되었다."
2026-04-30_05:00_양천구,3,서울역,중구,subway,subway,0.7902,3,0.0,1.0,0.55,0.85,0.78211,0.7,1.0,0.2,0.0,0.75,0.241278,0.02,0.979798,0.0,0.53,1.443955,1.443955,False,"이 장소는 subway 유형이 일정 문맥과 유사, 목표 유권자 조건과 부합, 후보 일정 profile과 유사한 장소 유형, 교통 접근성이 높은 후보지으로 평가되어 상위 추천에 배치되었다."
2026-04-30_05:00_양천구,4,구로디지털단지,구로구,subway,subway,0.776,4,0.0,1.0,0.55,0.85,0.7743,0.7,1.0,0.2,0.0,0.75,0.241278,0.02,0.969697,0.0,0.53,1.429062,1.429062,False,"이 장소는 subway 유형이 일정 문맥과 유사, 목표 유권자 조건과 부합, 후보 일정 profile과 유사한 장소 유형, 교통 접근성이 높은 후보지으로 평가되어 상위 추천에 배치되었다."
2026-04-30_05:00_양천구,5,서울대입구(관악구청),관악구,subway,subway,0.7382,5,0.0,1.0,0.55,0.85,0.75351,0.7,1.0,0.2,0.0,0.75,0.241278,0.02,0.959596,0.0,0.53,1.389919,1.389919,False,"이 장소는 subway 유형이 일정 문맥과 유사, 목표 유권자 조건과 부합, 후보 일정 profile과 유사한 장소 유형, 교통 접근성이 높은 후보지으로 평가되어 상위 추천에 배치되었다."
2026-04-30_05:00_양천구,6,신도림,구로구,subway,subway,0.7139,6,0.0,1.0,0.55,0.85,0.740145,0.7,1.0,0.2,0.0,0.75,0.241278,0.02,0.949495,0.0,0.53,1.364648,1.364648,False,"이 장소는 subway 유형이 일정 문맥과 유사, 목표 유권자 조건과 부합, 후보 일정 profile과 유사한 장소 유형, 교통 접근성이 높은 후보지으로 평가되어 상위 추천에 배치되었다."
2026-04-30_05:00_양천구,7,연신내,은평구,subway,subway,0.667,7,0.0,1.0,0.55,0.85,0.71435,0.7,1.0,0.2,0.0,0.75,0.241278,0.02,0.939394,0.0,0.53,1.316155,1.316155,False,"이 장소는 subway 유형이 일정 문맥과 유사, 목표 유권자 조건과 부합, 후보 일정 profile과 유사한 장소 유형, 교통 접근성이 높은 후보지으로 평가되어 상위 추천에 배치되었다."
2026-04-30_05:00_양천구,8,까치산,강서구,subway,subway,0.6301,8,0.0,1.0,0.55,0.85,0.694055,0.7,1.0,0.2,0.0,0.75,0.241278,0.02,0.929293,0.0,0.53,1.277937,1.277937,False,"이 장소는 subway 유형이 일정 문맥과 유사, 목표 유권자 조건과 부합, 후보 일정 profile과 유사한 장소 유형, 교통 접근성이 높은 후보지으로 평가되어 상위 추천에 배치되었다."
2026-04-30_05:00_양천구,9,화곡,강서구,subway,subway,0.6251,9,0.0,1.0,0.55,0.85,0.691305,0.7,1.0,0.2,0.0,0.75,0.241278,0.02,0.919192,0.0,0.53,1.272497,1.272497,False,"이 장소는 subway 유형이 일정 문맥과 유사, 목표 유권자 조건과 부합, 후보 일정 profile과 유사한 장소 유형, 교통 접근성이 높은 후보지으로 평가되어 상위 추천에 배치되었다."
2026-04-30_05:00_양천구,10,쌍문,도봉구,subway,subway,0.623,10,0.0,1.0,0.55,0.85,0.69015,0.7,1.0,0.2,0.0,0.75,0.241278,0.02,0.909091,0.0,0.53,1.270036,1.270036,False,"이 장소는 subway 유형이 일정 문맥과 유사, 목표 유권자 조건과 부합, 후보 일정 profile과 유사한 장소 유형, 교통 접근성이 높은 후보지으로 평가되어 상위 추천에 배치되었다."
2026-04-30_05:40_양천구,1,양천어르신종합복지관,양천구,senior_friendly,senior_friendly,0.746,1,1.0,0.3,0.2,0.0,0.6328,0.45,0.1,0.05,0.45,0.225,0.061857,1.0,1.0,0.095605,0.39831,1.169011,1.169011,False,이 장소는 양천구 자치구 조건과 일치으로 평가되어 상위 추천에 배치되었다.
2026-04-30_05:40_양천구,2,신영시장,양천구,market,market,0.4237,7,1.0,0.45,0.7,0.0,0.580535,0.55,0.25,1.0,0.0,0.3375,0.134436,0.038462,0.939394,0.138332,0.531958,1.079046,1.079046,False,"이 장소는 양천구 자치구 조건과 일치, 입력 시간대의 유동·접촉 가능성이 높음, 시장·상권 접촉에 적합으로 평가되어 상위 추천에 배치되었다."
2026-04-30_05:40_양천구,3,목동깨비시장,양천구,market,market,0.423,8,1.0,0.45,0.7,0.0,0.58015,0.55,0.25,1.0,0.0,0.3375,0.134436,0.038462,0.929293,0.138332,0.531958,1.078024,1.078024,False,"이 장소는 양천구 자치구 조건과 일치, 입력 시간대의 유동·접촉 가능성이 높음, 시장·상권 접촉에 적합으로 평가되어 상위 추천에 배치되었다."
2026-04-30_05:40_양천구,4,목2동시장,양천구,market,market,0.4223,9,1.0,0.45,0.7,0.0,0.579765,0.55,0.25,1.0,0.0,0.3375,0.134436,0.038462,0.919192,0.138332,0.531958,1.077001,1.077001,False,"이 장소는 양천구 자치구 조건과 일치, 입력 시간대의 유동·접촉 가능성이 높음, 시장·상권 접촉에 적합으로 평가되어 상위 추천에 배치되었다."
2026-04-30_05:40_양천구,5,목사랑시장,양천구,market,market,0.4216,10,1.0,0.45,0.7,0.0,0.57938,0.55,0.25,1.0,0.0,0.3375,0.134436,0.038462,0.909091,0.138332,0.531958,1.075979,1.075979,False,"이 장소는 양천구 자치구 조건과 일치, 입력 시간대의 유동·접촉 가능성이 높음, 시장·상권 접촉에 적합으로 평가되어 상위 추천에 배치되었다."
2026-04-30_05:40_양천구,6,월정로시장,양천구,market,market,0.4215,14,1.0,0.45,0.7,0.0,0.579325,0.55,0.25,1.0,0.0,0.3375,0.134436,0.038462,0.868687,0.138332,0.531958,1.074664,1.074664,False,"이 장소는 양천구 자치구 조건과 일치, 입력 시간대의 유동·접촉 가능성이 높음, 시장·상권 접촉에 적합으로 평가되어 상위 추천에 배치되었다."
2026-04-30_05:40_양천구,7,오목내길골목형상점가,양천구,market,market,0.421,31,1.0,0.45,0.7,0.0,0.57905,0.55,0.25,1.0,0.0,0.3375,0.134436,0.038462,0.69697,0.138332,0.531958,1.068999,1.068999,False,"이 장소는 양천구 자치구 조건과 일치, 입력 시간대의 유동·접촉 가능성이 높음, 시장·상권 접촉에 적합으로 평가되어 상위 추천에 배치되었다."
2026-04-30_05:40_양천구,8,계남근린공원,양천구,park,park,0.6437,2,1.0,0.2,0.35,0.0,0.626535,0.45,0.1,0.05,0.0,0.15,0.134436,0.2,0.989899,0.102076,0.385208,1.049611,1.049611,False,이 장소는 양천구 자치구 조건과 일치으로 평가되어 상위 추천에 배치되었다.
2026-04-30_05:40_양천구,9,서서울호수공원,양천구,park,park,0.6335,3,1.0,0.2,0.35,0.0,0.620925,0.45,0.1,0.05,0.0,0.15,0.134436,0.2,0.979798,0.102076,0.385208,1.038827,1.038827,False,이 장소는 양천구 자치구 조건과 일치으로 평가되어 상위 추천에 배치되었다.
2026-04-30_05:40_양천구,10,갈산근린공원,양천구,park,park,0.6227,4,1.0,0.2,0.35,0.0,0.614985,0.45,0.1,0.05,0.0,0.15,0.134436,0.2,0.969697,0.102076,0.385208,1.027427,1.027427,False,이 장소는 양천구 자치구 조건과 일치으로 평가되어 상위 추천에 배치되었다.
2026-04-30_15:00_금천구,1,대명여울빛거리시장,금천구,market,market,0.4824,6,1.0,1.0,0.8,0.9,0.64282,0.1,0.25,1.0,0.0,0.75,0.185865,0.02,0.949495,0.26263,0.848763,1.465199,1.465199,False,"이 장소는 금천구 자치구 조건과 일치, market 유형이 일정 문맥과 유사, 입력 시간대의 유동·접촉 가능성이 높음, 목표 유권자 조건과 부합으로 평가되어 상위 추천에 배치되었다."
2026-04-30_15:00_금천구,2,비단길현대시장,금천구,market,market,0.4807,7,1.0,1.0,0.8,0.9,0.641885,0.1,0.25,1.0,0.0,0.75,0.185865,0.02,0.939394,0.26263,0.848763,1.463149,1.463149,False,"이 장소는 금천구 자치구 조건과 일치, market 유형이 일정 문맥과 유사, 입력 시간대의 유동·접촉 가능성이 높음, 목표 유권자 조건과 부합으로 평가되어 상위 추천에 배치되었다."
2026-04-30_15:00_금천구,3,법원단지길 상점가,금천구,market,market,0.4739,8,1.0,1.0,0.8,0.9,0.638145,0.1,0.25,1.0,0.0,0.75,0.185865,0.02,0.929293,0.26263,0.848763,1.455859,1.455859,False,"이 장소는 금천구 자치구 조건과 일치, market 유형이 일정 문맥과 유사, 입력 시간대의 유동·접촉 가능성이 높음, 목표 유권자 조건과 부합으로 평가되어 상위 추천에 배치되었다."
2026-04-30_15:00_금천구,4,별빛남문시장,금천구,market,market,0.4734,9,1.0,1.0,0.8,0.9,0.63787,0.1,0.25,1.0,0.0,0.75,0.185865,0.02,0.919192,0.26263,0.848763,1.455042,1.455042,False,"이 장소는 금천구 자치구 조건과 일치, market 유형이 일정 문맥과 유사, 입력 시간대의 유동·접촉 가능성이 높음, 목표 유권자 조건과 부합으로 평가되어 상위 추천에 배치되었다."
2026-04-30_15:00_금천구,5,정훈한마음골목시장,금천구,market,market,0.4713,10,1.0,1.0,0.8,0.9,0.636715,0.1,0.25,1.0,0.0,0.75,0.185865,0.02,0.909091,0.26263,0.848763,1.452581,1.452581,False,"이 장소는 금천구 자치구 조건과 일치, market 유형이 일정 문맥과 유사, 입력 시간대의 유동·접촉 가능성이 높음, 목표 유권자 조건과 부합으로 평가되어 상위 추천에 배치되었다."
2026-05-01_14:00_마포구,1,홍대입구,마포구,subway,subway,0.8656,1,1.0,0.35,0.25,0.85,0.85358,0.25,1.0,0.2,0.0,0.2625,0.296992,0.2,1.0,0.162803,0.515655,1.553427,1.553427,False,"이 장소는 마포구 자치구 조건과 일치, 목표 유권자 조건과 부합, 후보 일정 profile과 유사한 장소 유형, 교통 접근성이 높은 후보지으로 평가되어 상위 추천에 배치되었다."
2026-05-01_14:00_마포구,2,월드컵공원,마포구,park,park,0.7425,3,1.0,0.0,0.75,0.8,0.710875,0.0,0.1,0.05,0.0,0.0,0.19015,0.2,0.979798,0.11372,0.453872,1.365968,1.365968,False,"이 장소는 마포구 자치구 조건과 일치, 입력 시간대의 유동·접촉 가능성이 높음, 목표 유권자 조건과 부합으로 평가되어 상위 추천에 배치되었다."
2026-05-01_14:00_마포구,3,아현시장,마포구,market,market,0.4776,9,1.0,0.45,0.8,0.9,0.64018,0.1,0.25,1.0,0.0,0.3375,0.19015,0.025641,0.919192,0.165188,0.639644,1.363965,1.363965,False,"이 장소는 마포구 자치구 조건과 일치, 입력 시간대의 유동·접촉 가능성이 높음, 목표 유권자 조건과 부합, 시장·상권 접촉에 적합으로 평가되어 상위 추천에 배치되었다."
2026-05-01_14:00_마포구,4,연남동골목형상점가,마포구,market,market,0.4764,10,1.0,0.45,0.8,0.9,0.63952,0.1,0.25,1.0,0.0,0.3375,0.19015,0.025641,0.909091,0.165188,0.639644,1.362429,1.362429,False,"이 장소는 마포구 자치구 조건과 일치, 입력 시간대의 유동·접촉 가능성이 높음, 목표 유권자 조건과 부합, 시장·상권 접촉에 적합으로 평가되어 상위 추천에 배치되었다."
2026-05-01_14:00_마포구,5,용강 노인복지관,마포구,senior_friendly,senior_friendly,0.7839,2,1.0,0.0,0.6,0.3,0.683645,0.0,0.1,0.05,0.45,0.0,0.117571,1.0,0.989899,0.105511,0.380551,1.280294,1.280294,False,이 장소는 마포구 자치구 조건과 일치으로 평가되어 상위 추천에 배치되었다.
2026-05-01_14:00_마포구,6,문화비축기지,마포구,park,park,0.634,4,1.0,0.0,0.75,0.8,0.6512,0.0,0.1,0.05,0.0,0.0,0.19015,0.2,0.969697,0.11372,0.453872,1.254181,1.254181,False,"이 장소는 마포구 자치구 조건과 일치, 입력 시간대의 유동·접촉 가능성이 높음, 목표 유권자 조건과 부합으로 평가되어 상위 추천에 배치되었다."
2026-05-01_14:00_마포구,7,와우근린공원,마포구,park,park,0.6305,5,1.0,0.0,0.75,0.8,0.649275,0.0,0.1,0.05,0.0,0.0,0.19015,0.2,0.959596,0.11372,0.453872,1.250282,1.250282,False,"이 장소는 마포구 자치구 조건과 일치, 입력 시간대의 유동·접촉 가능성이 높음, 목표 유권자 조건과 부합으로 평가되어 상위 추천에 배치되었다."
2026-05-01_14:00_마포구,8,상암근린공원,마포구,park,park,0.6243,6,1.0,0.0,0.75,0.8,0.645865,0.0,0.1,0.05,0.0,0.0,0.19015,0.2,0.949495,0.11372,0.453872,1.243608,1.243608,False,"이 장소는 마포구 자치구 조건과 일치, 입력 시간대의 유동·접촉 가능성이 높음, 목표 유권자 조건과 부합으로 평가되어 상위 추천에 배치되었다."
2026-05-01_14:00_마포구,9,외국인묘지공원,마포구,park,park,0.5815,7,1.0,0.0,0.75,0.8,0.622325,0.0,0.1,0.05,0.0,0.0,0.19015,0.2,0.939394,0.11372,0.453872,1.199328,1.199328,False,"이 장소는 마포구 자치구 조건과 일치, 입력 시간대의 유동·접촉 가능성이 높음, 목표 유권자 조건과 부합으로 평가되어 상위 추천에 배치되었다."
2026-05-01_14:00_마포구,10,합정,마포구,subway,subway,0.4906,8,1.0,0.35,0.25,0.85,0.64733,0.25,1.0,0.2,0.0,0.2625,0.296992,0.2,0.929293,0.162803,0.515655,1.165994,1.165994,False,"이 장소는 마포구 자치구 조건과 일치, 목표 유권자 조건과 부합, 후보 일정 profile과 유사한 장소 유형, 교통 접근성이 높은 후보지으로 평가되어 상위 추천에 배치되었다."
2026-05-02_07:00_마포구,1,월드컵공원,마포구,park,park,0.7248,2,1.0,1.0,0.2,0.8,0.74114,0.3,0.1,0.05,0.2,0.75,0.136579,0.052632,0.989899,0.089211,0.731421,1.46287,1.46287,False,"이 장소는 마포구 자치구 조건과 일치, park 유형이 일정 문맥과 유사, 목표 유권자 조건과 부합으로 평가되어 상위 추천에 배치되었다."
2026-05-02_07:00_마포구,2,문화비축기지,마포구,park,park,0.6163,7,1.0,1.0,0.2,0.8,0.681465,0.3,0.1,0.05,0.2,0.75,0.136579,0.052632,0.939394,0.089211,0.731421,1.349871,1.349871,False,"이 장소는 마포구 자치구 조건과 일치, park 유형이 일정 문맥과 유사, 목표 유권자 조건과 부합으로 평가되어 상위 추천에 배치되었다."
2026-05-02_07:00_마포구,3,와우근린공원,마포구,park,park,0.6129,8,1.0,1.0,0.2,0.8,0.679595,0.3,0.1,0.05,0.2,0.75,0.136579,0.052632,0.929293,0.089211,0.731421,1.346074,1.346074,False,"이 장소는 마포구 자치구 조건과 일치, park 유형이 일정 문맥과 유사, 목표 유권자 조건과 부합으로 평가되어 상위 추천에 배치되었다."
2026-05-02_07:00_마포구,4,상암근린공원,마포구,park,park,0.6077,9,1.0,1.0,0.2,0.8,0.676735,0.3,0.1,0.05,0.2,0.75,0.136579,0.052632,0.919192,0.089211,0.731421,1.340428,1.340428,False,"이 장소는 마포구 자치구 조건과 일치, park 유형이 일정 문맥과 유사, 목표 유권자 조건과 부합으로 평가되어 상위 추천에 배치되었다."
2026-05-02_07:00_마포구,5,외국인묘지공원,마포구,park,park,0.565,10,1.0,1.0,0.2,0.8,0.65325,0.3,0.1,0.05,0.2,0.75,0.136579,0.052632,0.909091,0.089211,0.731421,1.296251,1.296251,False,"이 장소는 마포구 자치구 조건과 일치, park 유형이 일정 문맥과 유사, 목표 유권자 조건과 부합으로 평가되어 상위 추천에 배치되었다."
2026-05-02_10:00_동대문구,1,서울시립동대문노인종합복지관,동대문구,senior_friendly,senior_friendly,0.928,10,1.0,1.0,0.8,1.0,0.7329,0.0,0.1,0.05,0.9,0.75,0.087571,0.041667,0.909091,0.114556,0.843956,1.834432,1.834432,False,"이 장소는 동대문구 자치구 조건과 일치, senior_friendly 유형이 일정 문맥과 유사, 입력 시간대의 유동·접촉 가능성이 높음, 목표 유권자 조건과 부합으로 평가되어 상위 추천에 배치되었다."
2026-05-03_08:30_용산구,1,용산,용산구,subway,subway,0.4554,10,1.0,1.0,1.0,0.3,0.66797,0.55,1.0,0.2,0.0,0.75,0.239135,0.02,0.909091,0.204829,0.812983,1.223398,1.223398,False,"이 장소는 용산구 자치구 조건과 일치, subway 유형이 일정 문맥과 유사, 입력 시간대의 유동·접촉 가능성이 높음, 후보 일정 profile과 유사한 장소 유형으로 평가되어 상위 추천에 배치되었다."
2026-05-04_14:30_영등포구,1,영등포,영등포구,subway,subway,0.6567,3,1.0,1.0,0.25,0.85,0.738685,0.7,1.0,0.2,0.45,0.75,0.303421,0.090909,0.979798,0.141079,0.749108,1.511712,1.511712,False,"이 장소는 영등포구 자치구 조건과 일치, subway 유형이 일정 문맥과 유사, 목표 유권자 조건과 부합, 후보 일정 profile과 유사한 장소 유형으로 평가되어 상위 추천에 배치되었다."
2026-05-04_14:30_영등포구,2,여의도,영등포구,subway,subway,0.5131,9,1.0,1.0,0.25,0.85,0.659705,0.7,1.0,0.2,0.45,0.75,0.303421,0.090909,0.919192,0.141079,0.749108,1.362345,1.362345,False,"이 장소는 영등포구 자치구 조건과 일치, subway 유형이 일정 문맥과 유사, 목표 유권자 조건과 부합, 후보 일정 profile과 유사한 장소 유형으로 평가되어 상위 추천에 배치되었다."
2026-05-04_14:30_영등포구,3,구립영등포노인종합복지관,영등포구,senior_friendly,senior_friendly,0.7632,1,1.0,0.3,0.6,0.0,0.67226,0.45,0.1,0.05,0.9,0.225,0.124,1.0,1.0,0.089366,0.457687,1.296613,1.296613,False,"이 장소는 영등포구 자치구 조건과 일치, 복지·정책 현장 맥락과 연결으로 평가되어 상위 추천에 배치되었다."
2026-05-04_14:30_영등포구,4,영등포유통상가,영등포구,market,market,0.5381,8,1.0,0.45,0.8,0.0,0.673455,0.55,0.25,1.0,0.45,0.3375,0.196579,0.03125,0.929293,0.143317,0.547457,1.261217,1.261217,False,"이 장소는 영등포구 자치구 조건과 일치, 입력 시간대의 유동·접촉 가능성이 높음, 시장·상권 접촉에 적합으로 평가되어 상위 추천에 배치되었다."
2026-05-04_14:30_영등포구,5,여의도근린공원,영등포구,park,park,0.7046,2,1.0,0.2,0.75,0.0,0.69003,0.45,0.1,0.05,0.45,0.15,0.196579,0.166667,0.989899,0.096572,0.444657,1.222114,1.222114,False,"이 장소는 영등포구 자치구 조건과 일치, 입력 시간대의 유동·접촉 가능성이 높음으로 평가되어 상위 추천에 배치되었다."
2026-05-04_14:30_영등포구,6,영등포시장기계공구상가,영등포구,market,market,0.4939,10,1.0,0.45,0.8,0.0,0.649145,0.55,0.25,1.0,0.45,0.3375,0.196579,0.03125,0.909091,0.143317,0.547457,1.215196,1.215196,False,"이 장소는 영등포구 자치구 조건과 일치, 입력 시간대의 유동·접촉 가능성이 높음, 시장·상권 접촉에 적합으로 평가되어 상위 추천에 배치되었다."
2026-05-04_14:30_영등포구,7,영등포청과시장,영등포구,market,market,0.478,49,1.0,0.45,0.8,0.0,0.6404,0.55,0.25,1.0,0.45,0.3375,0.196579,0.03125,0.515152,0.143317,0.547457,1.18704,1.18704,False,"이 장소는 영등포구 자치구 조건과 일치, 입력 시간대의 유동·접촉 가능성이 높음, 시장·상권 접촉에 적합으로 평가되어 상위 추천에 배치되었다."
2026-05-04_14:30_영등포구,8,선유도근린공원,영등포구,park,park,0.6121,4,1.0,0.2,0.75,0.0,0.639155,0.45,0.1,0.05,0.45,0.15,0.196579,0.166667,0.969697,0.096572,0.444657,1.126464,1.126464,False,"이 장소는 영등포구 자치구 조건과 일치, 입력 시간대의 유동·접촉 가능성이 높음으로 평가되어 상위 추천에 배치되었다."
2026-05-04_14:30_영등포구,9,영등포근린공원,영등포구,park,park,0.6119,5,1.0,0.2,0.75,0.0,0.639045,0.45,0.1,0.05,0.45,0.15,0.196579,0.166667,0.959596,0.096572,0.444657,1.125956,1.125956,False,"이 장소는 영등포구 자치구 조건과 일치, 입력 시간대의 유동·접촉 가능성이 높음으로 평가되어 상위 추천에 배치되었다."
2026-05-04_14:30_영등포구,10,중마루근린공원,영등포구,park,park,0.6067,6,1.0,0.2,0.75,0.0,0.636185,0.45,0.1,0.05,0.45,0.15,0.196579,0.166667,0.949495,0.096572,0.444657,1.12031,1.12031,False,"이 장소는 영등포구 자치구 조건과 일치, 입력 시간대의 유동·접촉 가능성이 높음으로 평가되어 상위 추천에 배치되었다."
2026-05-05_11:00_광진구,1,어린이대공원,광진구,park,park,0.6201,9,1.0,1.0,0.45,0.8,0.613555,0.0,0.1,0.05,0.2,0.75,0.162293,0.022727,0.919192,0.088052,0.768805,1.377312,1.377312,True,"이 장소는 광진구 자치구 조건과 일치, park 유형이 일정 문맥과 유사, 목표 유권자 조건과 부합으로 평가되어 상위 추천에 배치되었다."
2026-05-05_11:00_광진구,2,아차산공원,광진구,park,park,0.5971,10,1.0,1.0,0.45,0.8,0.600905,0.0,0.1,0.05,0.2,0.75,0.162293,0.022727,0.909091,0.088052,0.768805,1.353377,1.353377,False,"이 장소는 광진구 자치구 조건과 일치, park 유형이 일정 문맥과 유사, 목표 유권자 조건과 부합으로 평가되어 상위 추천에 배치되었다."
2026-05-05_13:00_송파구,1,장지근린공원,송파구,park,park,0.6518,4,1.0,1.0,0.6,0.8,0.68099,0.0,0.1,0.05,0.2,0.75,0.147293,0.071429,0.969697,0.078065,0.790307,1.433399,1.433399,False,"이 장소는 송파구 자치구 조건과 일치, park 유형이 일정 문맥과 유사, 목표 유권자 조건과 부합으로 평가되어 상위 추천에 배치되었다."
2026-05-05_13:00_송파구,2,아시아근린공원,송파구,park,park,0.6515,5,1.0,1.0,0.6,0.8,0.680825,0.0,0.1,0.05,0.2,0.75,0.147293,0.071429,0.959596,0.078065,0.790307,1.432788,1.432788,False,"이 장소는 송파구 자치구 조건과 일치, park 유형이 일정 문맥과 유사, 목표 유권자 조건과 부합으로 평가되어 상위 추천에 배치되었다."
2026-05-05_13:00_송파구,3,오금근린공원,송파구,park,park,0.6432,6,1.0,1.0,0.6,0.8,0.67626,0.0,0.1,0.05,0.2,0.75,0.147293,0.071429,0.949495,0.078065,0.790307,1.423956,1.423956,False,"이 장소는 송파구 자치구 조건과 일치, park 유형이 일정 문맥과 유사, 목표 유권자 조건과 부합으로 평가되어 상위 추천에 배치되었다."
2026-05-05_13:00_송파구,4,문정근린공원,송파구,park,park,0.6261,7,1.0,1.0,0.6,0.8,0.666855,0.0,0.1,0.05,0.2,0.75,0.147293,0.071429,0.939394,0.078065,0.790307,1.406083,1.406083,False,"이 장소는 송파구 자치구 조건과 일치, park 유형이 일정 문맥과 유사, 목표 유권자 조건과 부합으로 평가되어 상위 추천에 배치되었다."
2026-05-05_13:00_송파구,5,송파나루근린공원(석촌호수),송파구,park,park,0.6193,8,1.0,1.0,0.6,0.8,0.663115,0.0,0.1,0.05,0.2,0.75,0.147293,0.071429,0.929293,0.078065,0.790307,1.398793,1.398793,False,"이 장소는 송파구 자치구 조건과 일치, park 유형이 일정 문맥과 유사, 목표 유권자 조건과 부합으로 평가되어 상위 추천에 배치되었다."
2026-05-05_13:00_송파구,6,천마근린공원,송파구,park,park,0.6141,9,1.0,1.0,0.6,0.8,0.660255,0.0,0.1,0.05,0.2,0.75,0.147293,0.071429,0.919192,0.078065,0.790307,1.393147,1.393147,False,"이 장소는 송파구 자치구 조건과 일치, park 유형이 일정 문맥과 유사, 목표 유권자 조건과 부합으로 평가되어 상위 추천에 배치되었다."
2026-05-05_13:00_송파구,7,올림픽공원,송파구,park,park,0.4994,10,1.0,1.0,0.6,0.8,0.59717,0.0,0.1,0.05,0.2,0.75,0.147293,0.071429,0.909091,0.078065,0.790307,1.27499,1.27499,False,"이 장소는 송파구 자치구 조건과 일치, park 유형이 일정 문맥과 유사, 목표 유권자 조건과 부합으로 평가되어 상위 추천에 배치되었다."
2026-05-06_10:40_중구,1,약수노인복지관,중구,senior_friendly,senior_friendly,0.9438,9,1.0,1.0,0.8,1.0,0.74159,0.0,0.1,0.05,0.9,0.75,0.091857,0.04,0.919192,0.067657,0.839266,1.851827,1.851827,False,"이 장소는 중구 자치구 조건과 일치, senior_friendly 유형이 일정 문맥과 유사, 입력 시간대의 유동·접촉 가능성이 높음, 목표 유권자 조건과 부합으로 평가되어 상위 추천에 배치되었다."
2026-05-07_16:00_송파구,1,잠실(송파구청),송파구,subway,subway,0.9611,2,1.0,1.0,0.25,0.3,0.906105,0.25,1.0,0.2,0.0,0.75,0.303421,0.02,0.989899,0.148181,0.694818,1.628786,1.628786,False,"이 장소는 송파구 자치구 조건과 일치, subway 유형이 일정 문맥과 유사, 후보 일정 profile과 유사한 장소 유형, 교통 접근성이 높은 후보지으로 평가되어 상위 추천에 배치되었다."
2026-05-07_17:00_송파구,1,가락몰 골목형상점가,송파구,market,market,0.5612,5,1.0,1.0,0.85,0.9,0.73616,0.4,0.25,1.0,0.0,0.75,0.162293,0.02,0.959596,0.177972,0.847797,1.566755,1.566755,False,"이 장소는 송파구 자치구 조건과 일치, market 유형이 일정 문맥과 유사, 입력 시간대의 유동·접촉 가능성이 높음, 목표 유권자 조건과 부합으로 평가되어 상위 추천에 배치되었다."
2026-05-07_17:00_송파구,2,방이시장,송파구,market,market,0.4822,6,1.0,1.0,0.85,0.9,0.69271,0.4,0.25,1.0,0.0,0.75,0.162293,0.02,0.949495,0.177972,0.847797,1.485279,1.485279,False,"이 장소는 송파구 자치구 조건과 일치, market 유형이 일정 문맥과 유사, 입력 시간대의 유동·접촉 가능성이 높음, 목표 유권자 조건과 부합으로 평가되어 상위 추천에 배치되었다."
2026-05-07_17:00_송파구,3,풍납시장,송파구,market,market,0.4787,7,1.0,1.0,0.85,0.9,0.690785,0.4,0.25,1.0,0.0,0.75,0.162293,0.02,0.939394,0.177972,0.847797,1.48138,1.48138,False,"이 장소는 송파구 자치구 조건과 일치, market 유형이 일정 문맥과 유사, 입력 시간대의 유동·접촉 가능성이 높음, 목표 유권자 조건과 부합으로 평가되어 상위 추천에 배치되었다."
2026-05-07_17:00_송파구,4,새마을시장,송파구,market,market,0.4763,8,1.0,1.0,0.85,0.9,0.689465,0.4,0.25,1.0,0.0,0.75,0.162293,0.02,0.929293,0.177972,0.847797,1.478611,1.478611,True,"이 장소는 송파구 자치구 조건과 일치, market 유형이 일정 문맥과 유사, 입력 시간대의 유동·접촉 가능성이 높음, 목표 유권자 조건과 부합으로 평가되어 상위 추천에 배치되었다."
2026-05-07_17:00_송파구,5,마천중앙시장,송파구,market,market,0.4757,9,1.0,1.0,0.85,0.9,0.689135,0.4,0.25,1.0,0.0,0.75,0.162293,0.02,0.919192,0.177972,0.847797,1.477691,1.477691,False,"이 장소는 송파구 자치구 조건과 일치, market 유형이 일정 문맥과 유사, 입력 시간대의 유동·접촉 가능성이 높음, 목표 유권자 조건과 부합으로 평가되어 상위 추천에 배치되었다."
2026-05-07_17:00_송파구,6,석촌시장,송파구,market,market,0.4732,10,1.0,1.0,0.85,0.9,0.68776,0.4,0.25,1.0,0.0,0.75,0.162293,0.02,0.909091,0.177972,0.847797,1.474819,1.474819,False,"이 장소는 송파구 자치구 조건과 일치, market 유형이 일정 문맥과 유사, 입력 시간대의 유동·접촉 가능성이 높음, 목표 유권자 조건과 부합으로 평가되어 상위 추천에 배치되었다."
2026-05-08_15:00_강남구,1,강남,강남구,subway,subway,0.9318,3,1.0,1.0,0.25,0.3,0.88999,0.25,1.0,0.2,0.0,0.75,0.292707,0.02,0.979798,0.209274,0.700927,1.596235,1.596235,False,"이 장소는 강남구 자치구 조건과 일치, subway 유형이 일정 문맥과 유사, 후보 일정 profile과 유사한 장소 유형, 교통 접근성이 높은 후보지으로 평가되어 상위 추천에 배치되었다."
2026-05-08_15:00_강남구,2,삼성(무역센터),강남구,subway,subway,0.7312,6,1.0,1.0,0.25,0.3,0.77966,0.25,1.0,0.2,0.0,0.75,0.292707,0.02,0.949495,0.209274,0.700927,1.389209,1.389209,False,"이 장소는 강남구 자치구 조건과 일치, subway 유형이 일정 문맥과 유사, 후보 일정 profile과 유사한 장소 유형, 교통 접근성이 높은 후보지으로 평가되어 상위 추천에 배치되었다."
2026-05-08_15:00_강남구,3,선릉,강남구,subway,subway,0.7238,8,1.0,1.0,0.25,0.3,0.77559,0.25,1.0,0.2,0.0,0.75,0.292707,0.02,0.929293,0.209274,0.700927,1.381,1.381,False,"이 장소는 강남구 자치구 조건과 일치, subway 유형이 일정 문맥과 유사, 후보 일정 profile과 유사한 장소 유형, 교통 접근성이 높은 후보지으로 평가되어 상위 추천에 배치되었다."
2026-05-08_15:00_강남구,4,역삼,강남구,subway,subway,0.6459,9,1.0,1.0,0.25,0.3,0.732745,0.25,1.0,0.2,0.0,0.75,0.292707,0.02,0.919192,0.209274,0.700927,1.300654,1.300654,False,"이 장소는 강남구 자치구 조건과 일치, subway 유형이 일정 문맥과 유사, 후보 일정 profile과 유사한 장소 유형, 교통 접근성이 높은 후보지으로 평가되어 상위 추천에 배치되었다."
2026-05-08_15:00_강남구,5,강남구청,강남구,subway,subway,0.364,10,1.0,1.0,0.25,0.3,0.5777,0.25,1.0,0.2,0.0,0.75,0.292707,0.02,0.909091,0.209274,0.700927,1.010699,1.010699,False,"이 장소는 강남구 자치구 조건과 일치, subway 유형이 일정 문맥과 유사, 후보 일정 profile과 유사한 장소 유형, 교통 접근성이 높은 후보지으로 평가되어 상위 추천에 배치되었다."
2026-05-09_11:45_영등포구,1,영등포,영등포구,subway,subway,0.4735,8,1.0,1.0,0.3,0.85,0.607925,0.25,1.0,0.2,0.0,0.75,0.275564,0.02,0.929293,0.156959,0.758196,1.263888,1.263888,False,"이 장소는 영등포구 자치구 조건과 일치, subway 유형이 일정 문맥과 유사, 목표 유권자 조건과 부합, 후보 일정 profile과 유사한 장소 유형으로 평가되어 상위 추천에 배치되었다."
2026-05-09_11:45_영등포구,2,당산,영등포구,subway,subway,0.4319,9,1.0,1.0,0.3,0.85,0.585045,0.25,1.0,0.2,0.0,0.75,0.275564,0.02,0.919192,0.156959,0.758196,1.220841,1.220841,False,"이 장소는 영등포구 자치구 조건과 일치, subway 유형이 일정 문맥과 유사, 목표 유권자 조건과 부합, 후보 일정 profile과 유사한 장소 유형으로 평가되어 상위 추천에 배치되었다."
2026-05-09_11:45_영등포구,3,영등포구청,영등포구,subway,subway,0.4079,10,1.0,1.0,0.3,0.85,0.571845,0.25,1.0,0.2,0.0,0.75,0.275564,0.02,0.909091,0.156959,0.758196,1.195878,1.195878,False,"이 장소는 영등포구 자치구 조건과 일치, subway 유형이 일정 문맥과 유사, 목표 유권자 조건과 부합, 후보 일정 profile과 유사한 장소 유형으로 평가되어 상위 추천에 배치되었다."
2026-05-09_13:30_영등포구,1,여의도근린공원,영등포구,park,park,0.7046,6,1.0,1.0,0.6,0.0,0.71003,0.45,0.1,0.05,0.0,0.75,0.147293,0.05,0.949495,0.095523,0.712052,1.293545,1.293545,False,"이 장소는 영등포구 자치구 조건과 일치, park 유형이 일정 문맥과 유사으로 평가되어 상위 추천에 배치되었다."
2026-05-09_13:30_영등포구,2,선유도근린공원,영등포구,park,park,0.6121,7,1.0,1.0,0.6,0.0,0.659155,0.45,0.1,0.05,0.0,0.75,0.147293,0.05,0.939394,0.095523,0.712052,1.198198,1.198198,False,"이 장소는 영등포구 자치구 조건과 일치, park 유형이 일정 문맥과 유사으로 평가되어 상위 추천에 배치되었다."
2026-05-09_13:30_영등포구,3,영등포근린공원,영등포구,park,park,0.6119,8,1.0,1.0,0.6,0.0,0.659045,0.45,0.1,0.05,0.0,0.75,0.147293,0.05,0.929293,0.095523,0.712052,1.19769,1.19769,False,"이 장소는 영등포구 자치구 조건과 일치, park 유형이 일정 문맥과 유사으로 평가되어 상위 추천에 배치되었다."
2026-05-09_13:30_영등포구,4,중마루근린공원,영등포구,park,park,0.6067,9,1.0,1.0,0.6,0.0,0.656185,0.45,0.1,0.05,0.0,0.75,0.147293,0.05,0.919192,0.095523,0.712052,1.192044,1.192044,False,"이 장소는 영등포구 자치구 조건과 일치, park 유형이 일정 문맥과 유사으로 평가되어 상위 추천에 배치되었다."
2026-05-09_13:30_영등포구,5,자매근린공원,영등포구,park,park,0.5863,10,1.0,1.0,0.6,0.0,0.644965,0.45,0.1,0.05,0.0,0.75,0.147293,0.05,0.909091,0.095523,0.712052,1.17078,1.17078,False,"이 장소는 영등포구 자치구 조건과 일치, park 유형이 일정 문맥과 유사으로 평가되어 상위 추천에 배치되었다."
2026-05-11_10:00_강서구,1,서울식물원,강서구,park,park,0.6609,1,1.0,0.2,0.45,0.0,0.635995,0.45,0.1,0.05,0.45,0.15,0.162293,0.066667,1.0,0.08915,0.398915,1.124158,1.124158,False,이 장소는 강서구 자치구 조건과 일치으로 평가되어 상위 추천에 배치되었다.
2026-05-11_10:00_강서구,2,방화근린공원,강서구,park,park,0.6584,2,1.0,0.2,0.45,0.0,0.63462,0.45,0.1,0.05,0.45,0.15,0.162293,0.066667,0.989899,0.08915,0.398915,1.121287,1.121287,False,이 장소는 강서구 자치구 조건과 일치으로 평가되어 상위 추천에 배치되었다.
2026-05-11_10:00_강서구,3,우장산근린공원,강서구,park,park,0.6338,3,1.0,0.2,0.45,0.0,0.62109,0.45,0.1,0.05,0.45,0.15,0.162293,0.066667,0.979798,0.08915,0.398915,1.095707,1.095707,False,이 장소는 강서구 자치구 조건과 일치으로 평가되어 상위 추천에 배치되었다.
2026-05-11_10:00_강서구,4,봉제산공원,강서구,park,park,0.6165,4,1.0,0.2,0.45,0.0,0.611575,0.45,0.1,0.05,0.45,0.15,0.162293,0.066667,0.969697,0.08915,0.398915,1.077628,1.077628,False,이 장소는 강서구 자치구 조건과 일치으로 평가되어 상위 추천에 배치되었다.
2026-05-11_10:00_강서구,5,개화근린공원,강서구,park,park,0.6086,5,1.0,0.2,0.45,0.0,0.60723,0.45,0.1,0.05,0.45,0.15,0.162293,0.066667,0.959596,0.08915,0.398915,1.069208,1.069208,False,이 장소는 강서구 자치구 조건과 일치으로 평가되어 상위 추천에 배치되었다.
2026-05-11_10:00_강서구,6,꿩고개근린공원,강서구,park,park,0.5968,6,1.0,0.2,0.45,0.0,0.60074,0.45,0.1,0.05,0.45,0.15,0.162293,0.066667,0.949495,0.08915,0.398915,1.05678,1.05678,False,이 장소는 강서구 자치구 조건과 일치으로 평가되어 상위 추천에 배치되었다.
2026-05-11_10:00_강서구,7,궁산근린공원,강서구,park,park,0.5946,7,1.0,0.2,0.45,0.0,0.59953,0.45,0.1,0.05,0.45,0.15,0.162293,0.066667,0.939394,0.08915,0.398915,1.054217,1.054217,False,이 장소는 강서구 자치구 조건과 일치으로 평가되어 상위 추천에 배치되었다.
2026-05-11_10:00_강서구,8,염창근린공원,강서구,park,park,0.5899,8,1.0,0.2,0.45,0.0,0.596945,0.45,0.1,0.05,0.45,0.15,0.162293,0.066667,0.929293,0.08915,0.398915,1.049085,1.049085,False,이 장소는 강서구 자치구 조건과 일치으로 평가되어 상위 추천에 배치되었다.
2026-05-11_10:00_강서구,9,허준공원,강서구,park,park,0.5765,9,1.0,0.2,0.45,0.0,0.589575,0.45,0.1,0.05,0.45,0.15,0.162293,0.066667,0.919192,0.08915,0.398915,1.035013,1.035013,False,이 장소는 강서구 자치구 조건과 일치으로 평가되어 상위 추천에 배치되었다.
2026-05-11_10:00_강서구,10,매화근린공원,강서구,park,park,0.5416,10,1.0,0.2,0.45,0.0,0.57038,0.45,0.1,0.05,0.45,0.15,0.162293,0.066667,0.909091,0.08915,0.398915,0.99885,0.99885,False,이 장소는 강서구 자치구 조건과 일치으로 평가되어 상위 추천에 배치되었다.
2026-05-14_14:00_중구,1,남대문시장,중구,market,market,0.7056,1,1.0,1.0,0.8,0.9,0.76558,0.1,0.25,1.0,0.45,0.75,0.192293,0.02,1.0,0.114478,0.833948,1.733338,1.733338,False,"이 장소는 중구 자치구 조건과 일치, market 유형이 일정 문맥과 유사, 입력 시간대의 유동·접촉 가능성이 높음, 목표 유권자 조건과 부합으로 평가되어 상위 추천에 배치되었다."
2026-05-14_14:00_중구,2,평화시장,중구,market,market,0.5528,2,1.0,1.0,0.8,0.9,0.68154,0.1,0.25,1.0,0.45,0.75,0.192293,0.02,0.989899,0.114478,0.833948,1.576033,1.576033,False,"이 장소는 중구 자치구 조건과 일치, market 유형이 일정 문맥과 유사, 입력 시간대의 유동·접촉 가능성이 높음, 목표 유권자 조건과 부합으로 평가되어 상위 추천에 배치되었다."
2026-05-14_14:00_중구,3,삼익패션타운,중구,market,market,0.5222,3,1.0,1.0,0.8,0.9,0.66471,0.1,0.25,1.0,0.45,0.75,0.192293,0.02,0.979798,0.114478,0.833948,1.544288,1.544288,False,"이 장소는 중구 자치구 조건과 일치, market 유형이 일정 문맥과 유사, 입력 시간대의 유동·접촉 가능성이 높음, 목표 유권자 조건과 부합으로 평가되어 상위 추천에 배치되었다."
2026-05-14_14:00_중구,4,동평화시장,중구,market,market,0.5126,4,1.0,1.0,0.8,0.9,0.65943,0.1,0.25,1.0,0.45,0.75,0.192293,0.02,0.969697,0.114478,0.833948,1.534121,1.534121,False,"이 장소는 중구 자치구 조건과 일치, market 유형이 일정 문맥과 유사, 입력 시간대의 유동·접촉 가능성이 높음, 목표 유권자 조건과 부합으로 평가되어 상위 추천에 배치되었다."
2026-05-14_14:00_중구,5,청평화시장,중구,market,market,0.5024,5,1.0,1.0,0.8,0.9,0.65382,0.1,0.25,1.0,0.45,0.75,0.192293,0.02,0.959596,0.114478,0.833948,1.523338,1.523338,False,"이 장소는 중구 자치구 조건과 일치, market 유형이 일정 문맥과 유사, 입력 시간대의 유동·접촉 가능성이 높음, 목표 유권자 조건과 부합으로 평가되어 상위 추천에 배치되었다."
2026-05-14_14:00_중구,6,신평화패션타운,중구,market,market,0.4993,6,1.0,1.0,0.8,0.9,0.652115,0.1,0.25,1.0,0.45,0.75,0.192293,0.02,0.949495,0.114478,0.833948,1.519849,1.519849,False,"이 장소는 중구 자치구 조건과 일치, market 유형이 일정 문맥과 유사, 입력 시간대의 유동·접촉 가능성이 높음, 목표 유권자 조건과 부합으로 평가되어 상위 추천에 배치되었다."
2026-05-14_14:00_중구,7,방산시장,중구,market,market,0.4988,7,1.0,1.0,0.8,0.9,0.65184,0.1,0.25,1.0,0.45,0.75,0.192293,0.02,0.939394,0.114478,0.833948,1.519032,1.519032,False,"이 장소는 중구 자치구 조건과 일치, market 유형이 일정 문맥과 유사, 입력 시간대의 유동·접촉 가능성이 높음, 목표 유권자 조건과 부합으로 평가되어 상위 추천에 배치되었다."
2026-05-14_14:00_중구,8,광희패션몰,중구,market,market,0.4973,8,1.0,1.0,0.8,0.9,0.651015,0.1,0.25,1.0,0.45,0.75,0.192293,0.02,0.929293,0.114478,0.833948,1.517188,1.517188,False,"이 장소는 중구 자치구 조건과 일치, market 유형이 일정 문맥과 유사, 입력 시간대의 유동·접촉 가능성이 높음, 목표 유권자 조건과 부합으로 평가되어 상위 추천에 배치되었다."
2026-05-14_14:00_중구,9,통일상가,중구,market,market,0.4936,9,1.0,1.0,0.8,0.9,0.64898,0.1,0.25,1.0,0.45,0.75,0.192293,0.02,0.919192,0.114478,0.833948,1.513083,1.513083,False,"이 장소는 중구 자치구 조건과 일치, market 유형이 일정 문맥과 유사, 입력 시간대의 유동·접촉 가능성이 높음, 목표 유권자 조건과 부합으로 평가되어 상위 추천에 배치되었다."
2026-05-14_14:00_중구,10,중부시장,중구,market,market,0.4895,10,1.0,1.0,0.8,0.9,0.646725,0.1,0.25,1.0,0.45,0.75,0.192293,0.02,0.909091,0.114478,0.833948,1.508568,1.508568,False,"이 장소는 중구 자치구 조건과 일치, market 유형이 일정 문맥과 유사, 입력 시간대의 유동·접촉 가능성이 높음, 목표 유권자 조건과 부합으로 평가되어 상위 추천에 배치되었다."
2026-05-15_14:40_중랑구,1,서울역,중구,subway,subway,0.9642,1,0.0,1.0,0.25,0.85,0.90781,0.25,1.0,0.2,0.0,0.75,0.296992,0.02,1.0,0.0,0.485,1.568489,1.568489,False,"이 장소는 subway 유형이 일정 문맥과 유사, 목표 유권자 조건과 부합, 후보 일정 profile과 유사한 장소 유형, 교통 접근성이 높은 후보지으로 평가되어 상위 추천에 배치되었다."
2026-05-15_14:40_중랑구,2,잠실(송파구청),송파구,subway,subway,0.9611,2,0.0,1.0,0.25,0.85,0.906105,0.25,1.0,0.2,0.0,0.75,0.296992,0.02,0.989899,0.0,0.485,1.565001,1.565001,False,"이 장소는 subway 유형이 일정 문맥과 유사, 목표 유권자 조건과 부합, 후보 일정 profile과 유사한 장소 유형, 교통 접근성이 높은 후보지으로 평가되어 상위 추천에 배치되었다."
2026-05-15_14:40_중랑구,3,강남,강남구,subway,subway,0.9318,3,0.0,1.0,0.25,0.85,0.88999,0.25,1.0,0.2,0.0,0.75,0.296992,0.02,0.979798,0.0,0.485,1.534592,1.534592,False,"이 장소는 subway 유형이 일정 문맥과 유사, 목표 유권자 조건과 부합, 후보 일정 profile과 유사한 장소 유형, 교통 접근성이 높은 후보지으로 평가되어 상위 추천에 배치되었다."
2026-05-15_14:40_중랑구,4,홍대입구,마포구,subway,subway,0.8656,4,0.0,1.0,0.25,0.85,0.85358,0.25,1.0,0.2,0.0,0.75,0.296992,0.02,0.969697,0.0,0.485,1.466268,1.466268,False,"이 장소는 subway 유형이 일정 문맥과 유사, 목표 유권자 조건과 부합, 후보 일정 profile과 유사한 장소 유형, 교통 접근성이 높은 후보지으로 평가되어 상위 추천에 배치되었다."
2026-05-15_14:40_중랑구,5,고속터미널,서초구,subway,subway,0.8161,5,0.0,1.0,0.25,0.85,0.826355,0.25,1.0,0.2,0.0,0.75,0.296992,0.02,0.959596,0.0,0.485,1.415104,1.415104,False,"이 장소는 subway 유형이 일정 문맥과 유사, 목표 유권자 조건과 부합, 후보 일정 profile과 유사한 장소 유형, 교통 접근성이 높은 후보지으로 평가되어 상위 추천에 배치되었다."
2026-05-15_14:40_중랑구,6,삼성(무역센터),강남구,subway,subway,0.7312,6,0.0,1.0,0.25,0.85,0.77966,0.25,1.0,0.2,0.0,0.75,0.296992,0.02,0.949495,0.0,0.485,1.327566,1.327566,False,"이 장소는 subway 유형이 일정 문맥과 유사, 목표 유권자 조건과 부합, 후보 일정 profile과 유사한 장소 유형, 교통 접근성이 높은 후보지으로 평가되어 상위 추천에 배치되었다."
2026-05-15_14:40_중랑구,7,성수,성동구,subway,subway,0.7287,7,0.0,1.0,0.25,0.85,0.778285,0.25,1.0,0.2,0.0,0.75,0.296992,0.02,0.939394,0.0,0.485,1.324695,1.324695,False,"이 장소는 subway 유형이 일정 문맥과 유사, 목표 유권자 조건과 부합, 후보 일정 profile과 유사한 장소 유형, 교통 접근성이 높은 후보지으로 평가되어 상위 추천에 배치되었다."
2026-05-15_14:40_중랑구,8,선릉,강남구,subway,subway,0.7238,8,0.0,1.0,0.25,0.85,0.77559,0.25,1.0,0.2,0.0,0.75,0.296992,0.02,0.929293,0.0,0.485,1.319357,1.319357,False,"이 장소는 subway 유형이 일정 문맥과 유사, 목표 유권자 조건과 부합, 후보 일정 profile과 유사한 장소 유형, 교통 접근성이 높은 후보지으로 평가되어 상위 추천에 배치되었다."
2026-05-15_14:40_중랑구,9,용산,용산구,subway,subway,0.7194,9,0.0,1.0,0.25,0.85,0.77317,0.25,1.0,0.2,0.0,0.75,0.296992,0.02,0.919192,0.0,0.485,1.314533,1.314533,False,"이 장소는 subway 유형이 일정 문맥과 유사, 목표 유권자 조건과 부합, 후보 일정 profile과 유사한 장소 유형, 교통 접근성이 높은 후보지으로 평가되어 상위 추천에 배치되었다."
2026-05-15_14:40_중랑구,10,구로디지털단지,구로구,subway,subway,0.6961,10,0.0,1.0,0.25,0.85,0.760355,0.25,1.0,0.2,0.0,0.75,0.296992,0.02,0.909091,0.0,0.485,1.290289,1.290289,False,"이 장소는 subway 유형이 일정 문맥과 유사, 목표 유권자 조건과 부합, 후보 일정 profile과 유사한 장소 유형, 교통 접근성이 높은 후보지으로 평가되어 상위 추천에 배치되었다."
2026-05-16_10:00_송파구,1,장지근린공원,송파구,park,park,0.6341,4,1.0,1.0,0.45,0.8,0.621255,0.0,0.1,0.05,0.2,0.75,0.168722,0.071429,0.969697,0.085933,0.768593,1.394498,1.394498,False,"이 장소는 송파구 자치구 조건과 일치, park 유형이 일정 문맥과 유사, 목표 유권자 조건과 부합으로 평가되어 상위 추천에 배치되었다."
2026-05-16_10:00_송파구,2,아시아근린공원,송파구,park,park,0.6327,5,1.0,1.0,0.45,0.8,0.620485,0.0,0.1,0.05,0.2,0.75,0.168722,0.071429,0.959596,0.085933,0.768593,1.392756,1.392756,False,"이 장소는 송파구 자치구 조건과 일치, park 유형이 일정 문맥과 유사, 목표 유권자 조건과 부합으로 평가되어 상위 추천에 배치되었다."
2026-05-16_10:00_송파구,3,오금근린공원,송파구,park,park,0.6255,6,1.0,1.0,0.45,0.8,0.616525,0.0,0.1,0.05,0.2,0.75,0.168722,0.071429,0.949495,0.085933,0.768593,1.385055,1.385055,False,"이 장소는 송파구 자치구 조건과 일치, park 유형이 일정 문맥과 유사, 목표 유권자 조건과 부합으로 평가되어 상위 추천에 배치되었다."
2026-05-16_10:00_송파구,4,문정근린공원,송파구,park,park,0.6084,7,1.0,1.0,0.45,0.8,0.60712,0.0,0.1,0.05,0.2,0.75,0.168722,0.071429,0.939394,0.085933,0.768593,1.367182,1.367182,False,"이 장소는 송파구 자치구 조건과 일치, park 유형이 일정 문맥과 유사, 목표 유권자 조건과 부합으로 평가되어 상위 추천에 배치되었다."
2026-05-16_10:00_송파구,5,송파나루근린공원(석촌호수),송파구,park,park,0.6028,8,1.0,1.0,0.45,0.8,0.60404,0.0,0.1,0.05,0.2,0.75,0.168722,0.071429,0.929293,0.085933,0.768593,1.361125,1.361125,False,"이 장소는 송파구 자치구 조건과 일치, park 유형이 일정 문맥과 유사, 목표 유권자 조건과 부합으로 평가되어 상위 추천에 배치되었다."
2026-05-16_10:00_송파구,6,천마근린공원,송파구,park,park,0.5976,9,1.0,1.0,0.45,0.8,0.60118,0.0,0.1,0.05,0.2,0.75,0.168722,0.071429,0.919192,0.085933,0.768593,1.355479,1.355479,False,"이 장소는 송파구 자치구 조건과 일치, park 유형이 일정 문맥과 유사, 목표 유권자 조건과 부합으로 평가되어 상위 추천에 배치되었다."
2026-05-16_10:00_송파구,7,올림픽공원,송파구,park,park,0.4817,10,1.0,1.0,0.45,0.8,0.537435,0.0,0.1,0.05,0.2,0.75,0.168722,0.071429,0.909091,0.085933,0.768593,1.236089,1.236089,False,"이 장소는 송파구 자치구 조건과 일치, park 유형이 일정 문맥과 유사, 목표 유권자 조건과 부합으로 평가되어 상위 추천에 배치되었다."
2026-05-16_12:30_성동구,1,마장축산물시장,성동구,market,market,0.5116,5,1.0,1.0,0.85,0.9,0.67888,0.55,0.25,1.0,0.0,0.75,0.143008,0.052632,0.959596,0.148113,0.844811,1.517933,1.517933,False,"이 장소는 성동구 자치구 조건과 일치, market 유형이 일정 문맥과 유사, 입력 시간대의 유동·접촉 가능성이 높음, 목표 유권자 조건과 부합으로 평가되어 상위 추천에 배치되었다."
2026-05-16_12:30_성동구,2,성동용답상가시장,성동구,market,market,0.4816,6,1.0,1.0,0.85,0.9,0.66238,0.55,0.25,1.0,0.0,0.75,0.143008,0.052632,0.949495,0.148113,0.844811,1.486805,1.486805,False,"이 장소는 성동구 자치구 조건과 일치, market 유형이 일정 문맥과 유사, 입력 시간대의 유동·접촉 가능성이 높음, 목표 유권자 조건과 부합으로 평가되어 상위 추천에 배치되었다."
2026-05-16_12:30_성동구,3,송정벚꽃골목형상점가,성동구,market,market,0.4775,7,1.0,1.0,0.85,0.9,0.660125,0.55,0.25,1.0,0.0,0.75,0.143008,0.052632,0.939394,0.148113,0.844811,1.48229,1.48229,False,"이 장소는 성동구 자치구 조건과 일치, market 유형이 일정 문맥과 유사, 입력 시간대의 유동·접촉 가능성이 높음, 목표 유권자 조건과 부합으로 평가되어 상위 추천에 배치되었다."
2026-05-16_12:30_성동구,4,사근살곶이골목형상점가시장,성동구,market,market,0.474,8,1.0,1.0,0.85,0.9,0.6582,0.55,0.25,1.0,0.0,0.75,0.143008,0.052632,0.929293,0.148113,0.844811,1.47839,1.47839,False,"이 장소는 성동구 자치구 조건과 일치, market 유형이 일정 문맥과 유사, 입력 시간대의 유동·접촉 가능성이 높음, 목표 유권자 조건과 부합으로 평가되어 상위 추천에 배치되었다."
2026-05-16_12:30_성동구,5,금남시장,성동구,market,market,0.4707,9,1.0,1.0,0.85,0.9,0.656385,0.55,0.25,1.0,0.0,0.75,0.143008,0.052632,0.919192,0.148113,0.844811,1.474697,1.474697,False,"이 장소는 성동구 자치구 조건과 일치, market 유형이 일정 문맥과 유사, 입력 시간대의 유동·접촉 가능성이 높음, 목표 유권자 조건과 부합으로 평가되어 상위 추천에 배치되었다."
2026-05-16_12:30_성동구,6,뚝도시장,성동구,market,market,0.4683,10,1.0,1.0,0.85,0.9,0.655065,0.55,0.25,1.0,0.0,0.75,0.143008,0.052632,0.909091,0.148113,0.844811,1.471927,1.471927,False,"이 장소는 성동구 자치구 조건과 일치, market 유형이 일정 문맥과 유사, 입력 시간대의 유동·접촉 가능성이 높음, 목표 유권자 조건과 부합으로 평가되어 상위 추천에 배치되었다."
2026-05-16_18:40_종로구,1,동대문종합시장,종로구,market,market,0.6301,7,1.0,0.0,0.85,0.9,0.774055,0.4,0.25,1.0,0.0,0.0,0.155865,0.25,0.939394,0.141461,0.481646,1.460658,1.460658,False,"이 장소는 종로구 자치구 조건과 일치, 입력 시간대의 유동·접촉 가능성이 높음, 목표 유권자 조건과 부합, 시장·상권 접촉에 적합으로 평가되어 상위 추천에 배치되었다."
2026-05-16_18:40_종로구,2,광장전통시장,종로구,market,market,0.5714,46,1.0,0.0,0.85,0.9,0.74177,0.4,0.25,1.0,0.0,0.0,0.155865,0.25,0.545455,0.141461,0.481646,1.388525,1.388525,False,"이 장소는 종로구 자치구 조건과 일치, 입력 시간대의 유동·접촉 가능성이 높음, 목표 유권자 조건과 부합, 시장·상권 접촉에 적합으로 평가되어 상위 추천에 배치되었다."
2026-05-16_18:40_종로구,3,종각,종로구,subway,subway,0.5903,34,1.0,0.0,1.0,0.85,0.752165,0.55,1.0,0.2,0.0,0.0,0.262707,0.142857,0.666667,0.139495,0.498949,1.32245,1.32245,False,"이 장소는 종로구 자치구 조건과 일치, 입력 시간대의 유동·접촉 가능성이 높음, 목표 유권자 조건과 부합, 후보 일정 profile과 유사한 장소 유형으로 평가되어 상위 추천에 배치되었다."
2026-05-16_18:40_종로구,4,낙산근린공원,종로구,park,park,0.6884,2,1.0,0.2,0.45,0.8,0.73112,0.3,0.1,0.05,0.0,0.15,0.155865,0.026316,0.989899,0.098379,0.479838,1.311326,1.311326,False,"이 장소는 종로구 자치구 조건과 일치, 목표 유권자 조건과 부합으로 평가되어 상위 추천에 배치되었다."
2026-05-16_18:40_종로구,5,혜화,종로구,subway,subway,0.5759,44,1.0,0.0,1.0,0.85,0.744245,0.55,1.0,0.2,0.0,0.0,0.262707,0.142857,0.565657,0.139495,0.498949,1.304623,1.304623,False,"이 장소는 종로구 자치구 조건과 일치, 입력 시간대의 유동·접촉 가능성이 높음, 목표 유권자 조건과 부합, 후보 일정 profile과 유사한 장소 유형으로 평가되어 상위 추천에 배치되었다."
2026-05-16_18:40_종로구,6,북악산도시자연공원,종로구,park,park,0.6739,3,1.0,0.2,0.45,0.8,0.723145,0.3,0.1,0.05,0.0,0.15,0.155865,0.026316,0.979798,0.098379,0.479838,1.296124,1.296124,False,"이 장소는 종로구 자치구 조건과 일치, 목표 유권자 조건과 부합으로 평가되어 상위 추천에 배치되었다."
2026-05-16_18:40_종로구,7,인왕산도시자연공원,종로구,park,park,0.6425,4,1.0,0.2,0.45,0.8,0.705875,0.3,0.1,0.05,0.0,0.15,0.155865,0.026316,0.969697,0.098379,0.479838,1.263558,1.263558,False,"이 장소는 종로구 자치구 조건과 일치, 목표 유권자 조건과 부합으로 평가되어 상위 추천에 배치되었다."
2026-05-16_18:40_종로구,8,세종로공원,종로구,park,park,0.6373,5,1.0,0.2,0.45,0.8,0.703015,0.3,0.1,0.05,0.0,0.15,0.155865,0.026316,0.959596,0.098379,0.479838,1.257912,1.257912,False,"이 장소는 종로구 자치구 조건과 일치, 목표 유권자 조건과 부합으로 평가되어 상위 추천에 배치되었다."
2026-05-16_18:40_종로구,9,경희궁,종로구,park,park,0.6317,6,1.0,0.2,0.45,0.8,0.699935,0.3,0.1,0.05,0.0,0.15,0.155865,0.026316,0.949495,0.098379,0.479838,1.251855,1.251855,False,"이 장소는 종로구 자치구 조건과 일치, 목표 유권자 조건과 부합으로 평가되어 상위 추천에 배치되었다."
2026-05-16_18:40_종로구,10,삼청근린공원,종로구,park,park,0.6253,8,1.0,0.2,0.45,0.8,0.696415,0.3,0.1,0.05,0.0,0.15,0.155865,0.026316,0.929293,0.098379,0.479838,1.244672,1.244672,False,"이 장소는 종로구 자치구 조건과 일치, 목표 유권자 조건과 부합으로 평가되어 상위 추천에 배치되었다."
