query_id,date,time,district,place_type,target_voter_group,context_tags,raw_rank,recommended_place_name,recommended_district,recommended_place_type,baseline_score,place_id,candidate_source
2026-03-10_17:40_중구,2026-03-10,17:40,중구,전통시장,상인;지역주민;생활권 유권자,전통시장;지역상권방문;저녁;중구;지역상권;생활밀착,1,남대문시장,중구,market,0.7056,중구_남대문시장,market
2026-03-10_17:40_중구,2026-03-10,17:40,중구,전통시장,상인;지역주민;생활권 유권자,전통시장;지역상권방문;저녁;중구;지역상권;생활밀착,2,평화시장,중구,market,0.5528,중구_평화시장,market
2026-03-10_17:40_중구,2026-03-10,17:40,중구,전통시장,상인;지역주민;생활권 유권자,전통시장;지역상권방문;저녁;중구;지역상권;생활밀착,3,삼익패션타운,중구,market,0.5222,중구_삼익패션타운,market
2026-03-10_17:40_중구,2026-03-10,17:40,중구,전통시장,상인;지역주민;생활권 유권자,전통시장;지역상권방문;저녁;중구;지역상권;생활밀착,4,동평화시장,중구,market,0.5126,중구_동평화시장,market
2026-03-10_17:40_중구,2026-03-10,17:40,중구,전통시장,상인;지역주민;생활권 유권자,전통시장;지역상권방문;저녁;중구;지역상권;생활밀착,5,청평화시장,중구,market,0.5024,중구_청평화시장,market
2026-03-10_17:40_중구,2026-03-10,17:40,중구,전통시장,상인;지역주민;생활권 유권자,전통시장;지역상권방문;저녁;중구;지역상권;생활밀착,6,신평화패션타운,중구,market,0.4993,중구_신평화패션타운,market
2026-03-10_17:40_중구,2026-03-10,17:40,중구,전통시장,상인;지역주민;생활권 유권자,전통시장;지역상권방문;저녁;중구;지역상권;생활밀착,7,방산시장,중구,market,0.4988,중구_방산시장,market
2026-03-10_17:40_중구,2026-03-10,17:40,중구,전통시장,상인;지역주민;생활권 유권자,전통시장;지역상권방문;저녁;중구;지역상권;생활밀착,8,광희패션몰,중구,market,0.4973,중구_광희패션몰,market
2026-03-10_17:40_중구,2026-03-10,17:40,중구,전통시장,상인;지역주민;생활권 유권자,전통시장;지역상권방문;저녁;중구;지역상권;생활밀착,9,통일상가,중구,market,0.4936,중구_통일상가,market
2026-03-10_17:40_중구,2026-03-10,17:40,중구,전통시장,상인;지역주민;생활권 유권자,전통시장;지역상권방문;저녁;중구;지역상권;생활밀착,10,중부시장,중구,market,0.4895,중구_중부시장,market
2026-03-10_17:40_중구,2026-03-10,17:40,중구,전통시장,상인;지역주민;생활권 유권자,전통시장;지역상권방문;저녁;중구;지역상권;생활밀착,11,신설동 들락거리 골목형상점가,동대문구,market,0.4875,동대문구_신설동_들락거리_골목형상점가,market
2026-03-10_17:40_중구,2026-03-10,17:40,중구,전통시장,상인;지역주민;생활권 유권자,전통시장;지역상권방문;저녁;중구;지역상권;생활밀착,12,연신내골목형상점가,은평구,market,0.487,은평구_연신내골목형상점가,market
2026-03-10_17:40_중구,2026-03-10,17:40,중구,전통시장,상인;지역주민;생활권 유권자,전통시장;지역상권방문;저녁;중구;지역상권;생활밀착,13,강서구청먹자골목 골목형상점가,강서구,market,0.4867,강서구_강서구청먹자골목_골목형상점가,market
2026-03-10_17:40_중구,2026-03-10,17:40,중구,전통시장,상인;지역주민;생활권 유권자,전통시장;지역상권방문;저녁;중구;지역상권;생활밀착,14,제일평화시장,중구,market,0.4864,중구_제일평화시장,market
2026-03-10_17:40_중구,2026-03-10,17:40,중구,전통시장,상인;지역주민;생활권 유권자,전통시장;지역상권방문;저녁;중구;지역상권;생활밀착,15,약수시장 골목형상점가,중구,market,0.4848,중구_약수시장_골목형상점가,market
2026-03-10_17:40_중구,2026-03-10,17:40,중구,전통시장,상인;지역주민;생활권 유권자,전통시장;지역상권방문;저녁;중구;지역상권;생활밀착,16,이수미로 골목형상점가,동작구,market,0.4843,동작구_이수미로_골목형상점가,market
2026-03-10_17:40_중구,2026-03-10,17:40,중구,전통시장,상인;지역주민;생활권 유권자,전통시장;지역상권방문;저녁;중구;지역상권;생활밀착,17,경동시장,동대문구,market,0.4833,동대문구_경동시장,market
2026-03-10_17:40_중구,2026-03-10,17:40,중구,전통시장,상인;지역주민;생활권 유권자,전통시장;지역상권방문;저녁;중구;지역상권;생활밀착,18,대명여울빛거리시장,금천구,market,0.4824,금천구_대명여울빛거리시장,market
2026-03-10_17:40_중구,2026-03-10,17:40,중구,전통시장,상인;지역주민;생활권 유권자,전통시장;지역상권방문;저녁;중구;지역상권;생활밀착,19,동화상가,중구,market,0.4822,중구_동화상가,market
2026-03-10_17:40_중구,2026-03-10,17:40,중구,전통시장,상인;지역주민;생활권 유권자,전통시장;지역상권방문;저녁;중구;지역상권;생활밀착,20,방이시장,송파구,market,0.4822,송파구_방이시장,market
2026-03-10_17:40_중구,2026-03-10,17:40,중구,전통시장,상인;지역주민;생활권 유권자,전통시장;지역상권방문;저녁;중구;지역상권;생활밀착,21,성동용답상가시장,성동구,market,0.4816,성동구_성동용답상가시장,market
2026-03-10_17:40_중구,2026-03-10,17:40,중구,전통시장,상인;지역주민;생활권 유권자,전통시장;지역상권방문;저녁;중구;지역상권;생활밀착,22,숭례문수입상가,중구,market,0.4816,중구_숭례문수입상가,market
2026-03-10_17:40_중구,2026-03-10,17:40,중구,전통시장,상인;지역주민;생활권 유권자,전통시장;지역상권방문;저녁;중구;지역상권;생활밀착,23,남평화시장,중구,market,0.4813,중구_남평화시장,market
2026-03-10_17:40_중구,2026-03-10,17:40,중구,전통시장,상인;지역주민;생활권 유권자,전통시장;지역상권방문;저녁;중구;지역상권;생활밀착,24,장신구거리,강동구,market,0.4813,강동구_장신구거리,market
2026-03-10_17:40_중구,2026-03-10,17:40,중구,전통시장,상인;지역주민;생활권 유권자,전통시장;지역상권방문;저녁;중구;지역상권;생활밀착,25,불광먹자골목형상점가,은평구,market,0.4812,은평구_불광먹자골목형상점가,market
2026-03-10_17:40_중구,2026-03-10,17:40,중구,전통시장,상인;지역주민;생활권 유권자,전통시장;지역상권방문;저녁;중구;지역상권;생활밀착,26,남구로시장,구로구,market,0.4811,구로구_남구로시장,market
2026-03-10_17:40_중구,2026-03-10,17:40,중구,전통시장,상인;지역주민;생활권 유권자,전통시장;지역상권방문;저녁;중구;지역상권;생활밀착,27,비단길현대시장,금천구,market,0.4807,금천구_비단길현대시장,market
2026-03-10_17:40_중구,2026-03-10,17:40,중구,전통시장,상인;지역주민;생활권 유권자,전통시장;지역상권방문;저녁;중구;지역상권;생활밀착,28,신당 미래유산 먹거리 골목형상점가,중구,market,0.4803,중구_신당_미래유산_먹거리_골목형상점가,market
2026-03-10_17:40_중구,2026-03-10,17:40,중구,전통시장,상인;지역주민;생활권 유권자,전통시장;지역상권방문;저녁;중구;지역상권;생활밀착,29,제기동 고대앞마을 골목형상점가,동대문구,market,0.4799,동대문구_제기동_고대앞마을_골목형상점가,market
2026-03-10_17:40_중구,2026-03-10,17:40,중구,전통시장,상인;지역주민;생활권 유권자,전통시장;지역상권방문;저녁;중구;지역상권;생활밀착,30,그라운드고척 골목형상점가,구로구,market,0.4792,구로구_그라운드고척_골목형상점가,market
2026-03-10_17:40_중구,2026-03-10,17:40,중구,전통시장,상인;지역주민;생활권 유권자,전통시장;지역상권방문;저녁;중구;지역상권;생활밀착,31,까치산시장,강서구,market,0.4792,강서구_까치산시장,market
2026-03-10_17:40_중구,2026-03-10,17:40,중구,전통시장,상인;지역주민;생활권 유권자,전통시장;지역상권방문;저녁;중구;지역상권;생활밀착,32,가양역사거리 골목형상점가,강서구,market,0.4788,강서구_가양역사거리_골목형상점가,market
2026-03-10_17:40_중구,2026-03-10,17:40,중구,전통시장,상인;지역주민;생활권 유권자,전통시장;지역상권방문;저녁;중구;지역상권;생활밀착,33,풍납시장,송파구,market,0.4787,송파구_풍납시장,market
2026-03-10_17:40_중구,2026-03-10,17:40,중구,전통시장,상인;지역주민;생활권 유권자,전통시장;지역상권방문;저녁;중구;지역상권;생활밀착,34,남부골목시장,강서구,market,0.4786,강서구_남부골목시장,market
2026-03-10_17:40_중구,2026-03-10,17:40,중구,전통시장,상인;지역주민;생활권 유권자,전통시장;지역상권방문;저녁;중구;지역상권;생활밀착,35,서울중앙시장,중구,market,0.4782,중구_서울중앙시장,market
2026-03-10_17:40_중구,2026-03-10,17:40,중구,전통시장,상인;지역주민;생활권 유권자,전통시장;지역상권방문;저녁;중구;지역상권;생활밀착,36,영등포청과시장,영등포구,market,0.478,영등포구_영등포청과시장,market
2026-03-10_17:40_중구,2026-03-10,17:40,중구,전통시장,상인;지역주민;생활권 유권자,전통시장;지역상권방문;저녁;중구;지역상권;생활밀착,37,장충남소영길 골목형상점가,중구,market,0.4777,중구_장충남소영길_골목형상점가,market
2026-03-10_17:40_중구,2026-03-10,17:40,중구,전통시장,상인;지역주민;생활권 유권자,전통시장;지역상권방문;저녁;중구;지역상권;생활밀착,38,아현시장,마포구,market,0.4776,마포구_아현시장,market
2026-03-10_17:40_중구,2026-03-10,17:40,중구,전통시장,상인;지역주민;생활권 유권자,전통시장;지역상권방문;저녁;중구;지역상권;생활밀착,39,송정벚꽃골목형상점가,성동구,market,0.4775,성동구_송정벚꽃골목형상점가,market
2026-03-10_17:40_중구,2026-03-10,17:40,중구,전통시장,상인;지역주민;생활권 유권자,전통시장;지역상권방문;저녁;중구;지역상권;생활밀착,40,우림골목시장,중랑구,market,0.4775,중랑구_우림골목시장,market
2026-03-10_17:40_중구,2026-03-10,17:40,중구,전통시장,상인;지역주민;생활권 유권자,전통시장;지역상권방문;저녁;중구;지역상권;생활밀착,41,신성전통시장,광진구,market,0.477,광진구_신성전통시장,market
2026-03-10_17:40_중구,2026-03-10,17:40,중구,전통시장,상인;지역주민;생활권 유권자,전통시장;지역상권방문;저녁;중구;지역상권;생활밀착,42,신중부시장,중구,market,0.4769,중구_신중부시장,market
2026-03-10_17:40_중구,2026-03-10,17:40,중구,전통시장,상인;지역주민;생활권 유권자,전통시장;지역상권방문;저녁;중구;지역상권;생활밀착,43,방산종합시장,중구,market,0.4767,중구_방산종합시장,market
2026-03-10_17:40_중구,2026-03-10,17:40,중구,전통시장,상인;지역주민;생활권 유권자,전통시장;지역상권방문;저녁;중구;지역상권;생활밀착,44,숭실마루길 골목형상점가,동작구,market,0.4765,동작구_숭실마루길_골목형상점가,market
2026-03-10_17:40_중구,2026-03-10,17:40,중구,전통시장,상인;지역주민;생활권 유권자,전통시장;지역상권방문;저녁;중구;지역상권;생활밀착,45,신도봉시장,도봉구,market,0.4765,도봉구_신도봉시장,market
2026-03-10_17:40_중구,2026-03-10,17:40,중구,전통시장,상인;지역주민;생활권 유권자,전통시장;지역상권방문;저녁;중구;지역상권;생활밀착,46,연남동골목형상점가,마포구,market,0.4764,마포구_연남동골목형상점가,market
2026-03-10_17:40_중구,2026-03-10,17:40,중구,전통시장,상인;지역주민;생활권 유권자,전통시장;지역상권방문;저녁;중구;지역상권;생활밀착,47,새마을시장,송파구,market,0.4763,송파구_새마을시장,market
2026-03-10_17:40_중구,2026-03-10,17:40,중구,전통시장,상인;지역주민;생활권 유권자,전통시장;지역상권방문;저녁;중구;지역상권;생활밀착,48,동원전통종합시장,중랑구,market,0.4761,중랑구_동원전통종합시장,market
2026-03-10_17:40_중구,2026-03-10,17:40,중구,전통시장,상인;지역주민;생활권 유권자,전통시장;지역상권방문;저녁;중구;지역상권;생활밀착,49,송화벽화시장,강서구,market,0.4759,강서구_송화벽화시장,market
2026-03-10_17:40_중구,2026-03-10,17:40,중구,전통시장,상인;지역주민;생활권 유권자,전통시장;지역상권방문;저녁;중구;지역상권;생활밀착,50,월곡달빛오거리골목형상점가,성북구,market,0.4759,성북구_월곡달빛오거리골목형상점가,market
2026-03-11_15:10_영등포구,2026-03-11,15:10,영등포구,전통시장,상인;지역주민;생활권 유권자,전통시장;지역상권방문;오후;영등포구;지역상권;생활밀착,1,남대문시장,중구,market,0.7056,중구_남대문시장,market
2026-03-11_15:10_영등포구,2026-03-11,15:10,영등포구,전통시장,상인;지역주민;생활권 유권자,전통시장;지역상권방문;오후;영등포구;지역상권;생활밀착,2,동대문종합시장,종로구,market,0.6301,종로구_동대문종합시장,market
2026-03-11_15:10_영등포구,2026-03-11,15:10,영등포구,전통시장,상인;지역주민;생활권 유권자,전통시장;지역상권방문;오후;영등포구;지역상권;생활밀착,3,장안 마실 골목형상점가,동대문구,market,0.6299,동대문구_장안_마실_골목형상점가,market
2026-03-11_15:10_영등포구,2026-03-11,15:10,영등포구,전통시장,상인;지역주민;생활권 유권자,전통시장;지역상권방문;오후;영등포구;지역상권;생활밀착,4,영등포유통상가,영등포구,market,0.5381,영등포구_영등포유통상가,market
2026-03-11_15:10_영등포구,2026-03-11,15:10,영등포구,전통시장,상인;지역주민;생활권 유권자,전통시장;지역상권방문;오후;영등포구;지역상권;생활밀착,5,영등포시장기계공구상가,영등포구,market,0.4939,영등포구_영등포시장기계공구상가,market
2026-03-11_15:10_영등포구,2026-03-11,15:10,영등포구,전통시장,상인;지역주민;생활권 유권자,전통시장;지역상권방문;오후;영등포구;지역상권;생활밀착,6,영등포청과시장,영등포구,market,0.478,영등포구_영등포청과시장,market
2026-03-11_15:10_영등포구,2026-03-11,15:10,영등포구,전통시장,상인;지역주민;생활권 유권자,전통시장;지역상권방문;오후;영등포구;지역상권;생활밀착,7,영등포전통시장,영등포구,market,0.4708,영등포구_영등포전통시장,market
2026-03-11_15:10_영등포구,2026-03-11,15:10,영등포구,전통시장,상인;지역주민;생활권 유권자,전통시장;지역상권방문;오후;영등포구;지역상권;생활밀착,8,대림중앙시장,영등포구,market,0.4696,영등포구_대림중앙시장,market
2026-03-11_15:10_영등포구,2026-03-11,15:10,영등포구,전통시장,상인;지역주민;생활권 유권자,전통시장;지역상권방문;오후;영등포구;지역상권;생활밀착,9,우리시장,영등포구,market,0.4695,영등포구_우리시장,market
2026-03-11_15:10_영등포구,2026-03-11,15:10,영등포구,전통시장,상인;지역주민;생활권 유권자,전통시장;지역상권방문;오후;영등포구;지역상권;생활밀착,10,선유로운골목형상점가,영등포구,market,0.4686,영등포구_선유로운골목형상점가,market
2026-03-11_15:10_영등포구,2026-03-11,15:10,영등포구,전통시장,상인;지역주민;생활권 유권자,전통시장;지역상권방문;오후;영등포구;지역상권;생활밀착,11,화곡본동시장,강서구,market,0.4685,강서구_화곡본동시장,market
2026-03-11_15:10_영등포구,2026-03-11,15:10,영등포구,전통시장,상인;지역주민;생활권 유권자,전통시장;지역상권방문;오후;영등포구;지역상권;생활밀착,12,꿈의숲장곡골목형상점가,성북구,market,0.4684,성북구_꿈의숲장곡골목형상점가,market
2026-03-11_15:10_영등포구,2026-03-11,15:10,영등포구,전통시장,상인;지역주민;생활권 유권자,전통시장;지역상권방문;오후;영등포구;지역상권;생활밀착,13,남이동길골목형상점가,서대문구,market,0.4684,서대문구_남이동길골목형상점가,market
2026-03-11_15:10_영등포구,2026-03-11,15:10,영등포구,전통시장,상인;지역주민;생활권 유권자,전통시장;지역상권방문;오후;영등포구;지역상권;생활밀착,14,망원동월드컵시장,마포구,market,0.4684,마포구_망원동월드컵시장,market
2026-03-11_15:10_영등포구,2026-03-11,15:10,영등포구,전통시장,상인;지역주민;생활권 유권자,전통시장;지역상권방문;오후;영등포구;지역상권;생활밀착,15,봉우시장 골목형상점가,중랑구,market,0.4684,중랑구_봉우시장_골목형상점가,market
2026-03-11_15:10_영등포구,2026-03-11,15:10,영등포구,전통시장,상인;지역주민;생활권 유권자,전통시장;지역상권방문;오후;영등포구;지역상권;생활밀착,16,영천시장,서대문구,market,0.4684,서대문구_영천시장,market
2026-03-11_15:10_영등포구,2026-03-11,15:10,영등포구,전통시장,상인;지역주민;생활권 유권자,전통시장;지역상권방문;오후;영등포구;지역상권;생활밀착,17,답십리현대시장,동대문구,market,0.4683,동대문구_답십리현대시장,market
2026-03-11_15:10_영등포구,2026-03-11,15:10,영등포구,전통시장,상인;지역주민;생활권 유권자,전통시장;지역상권방문;오후;영등포구;지역상권;생활밀착,18,대림골목시장,은평구,market,0.4683,은평구_대림골목시장,market
2026-03-11_15:10_영등포구,2026-03-11,15:10,영등포구,전통시장,상인;지역주민;생활권 유권자,전통시장;지역상권방문;오후;영등포구;지역상권;생활밀착,19,뚝도시장,성동구,market,0.4683,성동구_뚝도시장,market
2026-03-11_15:10_영등포구,2026-03-11,15:10,영등포구,전통시장,상인;지역주민;생활권 유권자,전통시장;지역상권방문;오후;영등포구;지역상권;생활밀착,20,배밭골골목형상점가,성북구,market,0.4683,성북구_배밭골골목형상점가,market
2026-03-11_15:10_영등포구,2026-03-11,15:10,영등포구,전통시장,상인;지역주민;생활권 유권자,전통시장;지역상권방문;오후;영등포구;지역상권;생활밀착,21,고분다리전통시장,강동구,market,0.4682,강동구_고분다리전통시장,market
2026-03-11_15:10_영등포구,2026-03-11,15:10,영등포구,전통시장,상인;지역주민;생활권 유권자,전통시장;지역상권방문;오후;영등포구;지역상권;생활밀착,22,오목내길골목형상점가,양천구,market,0.4682,양천구_오목내길골목형상점가,market
2026-03-11_15:10_영등포구,2026-03-11,15:10,영등포구,전통시장,상인;지역주민;생활권 유권자,전통시장;지역상권방문;오후;영등포구;지역상권;생활밀착,23,강서행복한길골목형상점가,강서구,market,0.4681,강서구_강서행복한길골목형상점가,market
2026-03-11_15:10_영등포구,2026-03-11,15:10,영등포구,전통시장,상인;지역주민;생활권 유권자,전통시장;지역상권방문;오후;영등포구;지역상권;생활밀착,24,개봉중앙 골목형상점가,구로구,market,0.4681,구로구_개봉중앙_골목형상점가,market
2026-03-11_15:10_영등포구,2026-03-11,15:10,영등포구,전통시장,상인;지역주민;생활권 유권자,전통시장;지역상권방문;오후;영등포구;지역상권;생활밀착,25,수유전통시장,강북구,market,0.4681,강북구_수유전통시장,market
2026-03-11_15:10_영등포구,2026-03-11,15:10,영등포구,전통시장,상인;지역주민;생활권 유권자,전통시장;지역상권방문;오후;영등포구;지역상권;생활밀착,26,명동남산골 골목형상점가,중구,market,0.468,중구_명동남산골_골목형상점가,market
2026-03-11_16:20_영등포구,2026-03-11,16:20,영등포구,전통시장,상인;지역주민;생활권 유권자,전통시장;지역상권방문;오후;영등포구;지역상권;생활밀착,1,남대문시장,중구,market,0.7056,중구_남대문시장,market
2026-03-11_16:20_영등포구,2026-03-11,16:20,영등포구,전통시장,상인;지역주민;생활권 유권자,전통시장;지역상권방문;오후;영등포구;지역상권;생활밀착,2,동대문종합시장,종로구,market,0.6301,종로구_동대문종합시장,market
2026-03-11_16:20_영등포구,2026-03-11,16:20,영등포구,전통시장,상인;지역주민;생활권 유권자,전통시장;지역상권방문;오후;영등포구;지역상권;생활밀착,3,장안 마실 골목형상점가,동대문구,market,0.6299,동대문구_장안_마실_골목형상점가,market
2026-03-11_16:20_영등포구,2026-03-11,16:20,영등포구,전통시장,상인;지역주민;생활권 유권자,전통시장;지역상권방문;오후;영등포구;지역상권;생활밀착,4,영등포유통상가,영등포구,market,0.5381,영등포구_영등포유통상가,market
2026-03-11_16:20_영등포구,2026-03-11,16:20,영등포구,전통시장,상인;지역주민;생활권 유권자,전통시장;지역상권방문;오후;영등포구;지역상권;생활밀착,5,영등포시장기계공구상가,영등포구,market,0.4939,영등포구_영등포시장기계공구상가,market
2026-03-11_16:20_영등포구,2026-03-11,16:20,영등포구,전통시장,상인;지역주민;생활권 유권자,전통시장;지역상권방문;오후;영등포구;지역상권;생활밀착,6,영등포청과시장,영등포구,market,0.478,영등포구_영등포청과시장,market
2026-03-11_16:20_영등포구,2026-03-11,16:20,영등포구,전통시장,상인;지역주민;생활권 유권자,전통시장;지역상권방문;오후;영등포구;지역상권;생활밀착,7,영등포전통시장,영등포구,market,0.4708,영등포구_영등포전통시장,market
2026-03-11_16:20_영등포구,2026-03-11,16:20,영등포구,전통시장,상인;지역주민;생활권 유권자,전통시장;지역상권방문;오후;영등포구;지역상권;생활밀착,8,대림중앙시장,영등포구,market,0.4696,영등포구_대림중앙시장,market
2026-03-11_16:20_영등포구,2026-03-11,16:20,영등포구,전통시장,상인;지역주민;생활권 유권자,전통시장;지역상권방문;오후;영등포구;지역상권;생활밀착,9,우리시장,영등포구,market,0.4695,영등포구_우리시장,market
2026-03-11_16:20_영등포구,2026-03-11,16:20,영등포구,전통시장,상인;지역주민;생활권 유권자,전통시장;지역상권방문;오후;영등포구;지역상권;생활밀착,10,선유로운골목형상점가,영등포구,market,0.4686,영등포구_선유로운골목형상점가,market
2026-03-11_16:20_영등포구,2026-03-11,16:20,영등포구,전통시장,상인;지역주민;생활권 유권자,전통시장;지역상권방문;오후;영등포구;지역상권;생활밀착,11,화곡본동시장,강서구,market,0.4685,강서구_화곡본동시장,market
2026-03-11_16:20_영등포구,2026-03-11,16:20,영등포구,전통시장,상인;지역주민;생활권 유권자,전통시장;지역상권방문;오후;영등포구;지역상권;생활밀착,12,꿈의숲장곡골목형상점가,성북구,market,0.4684,성북구_꿈의숲장곡골목형상점가,market
2026-03-11_16:20_영등포구,2026-03-11,16:20,영등포구,전통시장,상인;지역주민;생활권 유권자,전통시장;지역상권방문;오후;영등포구;지역상권;생활밀착,13,남이동길골목형상점가,서대문구,market,0.4684,서대문구_남이동길골목형상점가,market
2026-03-11_16:20_영등포구,2026-03-11,16:20,영등포구,전통시장,상인;지역주민;생활권 유권자,전통시장;지역상권방문;오후;영등포구;지역상권;생활밀착,14,망원동월드컵시장,마포구,market,0.4684,마포구_망원동월드컵시장,market
2026-03-11_16:20_영등포구,2026-03-11,16:20,영등포구,전통시장,상인;지역주민;생활권 유권자,전통시장;지역상권방문;오후;영등포구;지역상권;생활밀착,15,봉우시장 골목형상점가,중랑구,market,0.4684,중랑구_봉우시장_골목형상점가,market
2026-03-11_16:20_영등포구,2026-03-11,16:20,영등포구,전통시장,상인;지역주민;생활권 유권자,전통시장;지역상권방문;오후;영등포구;지역상권;생활밀착,16,영천시장,서대문구,market,0.4684,서대문구_영천시장,market
2026-03-11_16:20_영등포구,2026-03-11,16:20,영등포구,전통시장,상인;지역주민;생활권 유권자,전통시장;지역상권방문;오후;영등포구;지역상권;생활밀착,17,답십리현대시장,동대문구,market,0.4683,동대문구_답십리현대시장,market
2026-03-11_16:20_영등포구,2026-03-11,16:20,영등포구,전통시장,상인;지역주민;생활권 유권자,전통시장;지역상권방문;오후;영등포구;지역상권;생활밀착,18,대림골목시장,은평구,market,0.4683,은평구_대림골목시장,market
2026-03-11_16:20_영등포구,2026-03-11,16:20,영등포구,전통시장,상인;지역주민;생활권 유권자,전통시장;지역상권방문;오후;영등포구;지역상권;생활밀착,19,뚝도시장,성동구,market,0.4683,성동구_뚝도시장,market
2026-03-11_16:20_영등포구,2026-03-11,16:20,영등포구,전통시장,상인;지역주민;생활권 유권자,전통시장;지역상권방문;오후;영등포구;지역상권;생활밀착,20,배밭골골목형상점가,성북구,market,0.4683,성북구_배밭골골목형상점가,market
2026-03-11_16:20_영등포구,2026-03-11,16:20,영등포구,전통시장,상인;지역주민;생활권 유권자,전통시장;지역상권방문;오후;영등포구;지역상권;생활밀착,21,고분다리전통시장,강동구,market,0.4682,강동구_고분다리전통시장,market
2026-03-11_16:20_영등포구,2026-03-11,16:20,영등포구,전통시장,상인;지역주민;생활권 유권자,전통시장;지역상권방문;오후;영등포구;지역상권;생활밀착,22,오목내길골목형상점가,양천구,market,0.4682,양천구_오목내길골목형상점가,market
2026-03-11_16:20_영등포구,2026-03-11,16:20,영등포구,전통시장,상인;지역주민;생활권 유권자,전통시장;지역상권방문;오후;영등포구;지역상권;생활밀착,23,강서행복한길골목형상점가,강서구,market,0.4681,강서구_강서행복한길골목형상점가,market
2026-03-11_16:20_영등포구,2026-03-11,16:20,영등포구,전통시장,상인;지역주민;생활권 유권자,전통시장;지역상권방문;오후;영등포구;지역상권;생활밀착,24,개봉중앙 골목형상점가,구로구,market,0.4681,구로구_개봉중앙_골목형상점가,market
2026-03-11_16:20_영등포구,2026-03-11,16:20,영등포구,전통시장,상인;지역주민;생활권 유권자,전통시장;지역상권방문;오후;영등포구;지역상권;생활밀착,25,수유전통시장,강북구,market,0.4681,강북구_수유전통시장,market
2026-03-11_16:20_영등포구,2026-03-11,16:20,영등포구,전통시장,상인;지역주민;생활권 유권자,전통시장;지역상권방문;오후;영등포구;지역상권;생활밀착,26,명동남산골 골목형상점가,중구,market,0.468,중구_명동남산골_골목형상점가,market
2026-03-12_16:00_강서구,2026-03-12,16:00,강서구,전통시장,상인;지역주민;생활권 유권자,전통시장;지역상권방문;오후;강서구;지역상권;생활밀착,1,공항동 먹자골목 골목형상점가,강서구,market,0.494,강서구_공항동_먹자골목_골목형상점가,market
2026-03-12_16:00_강서구,2026-03-12,16:00,강서구,전통시장,상인;지역주민;생활권 유권자,전통시장;지역상권방문;오후;강서구;지역상권;생활밀착,2,강서구청먹자골목 골목형상점가,강서구,market,0.4867,강서구_강서구청먹자골목_골목형상점가,market
2026-03-12_16:00_강서구,2026-03-12,16:00,강서구,전통시장,상인;지역주민;생활권 유권자,전통시장;지역상권방문;오후;강서구;지역상권;생활밀착,3,까치산시장,강서구,market,0.4792,강서구_까치산시장,market
2026-03-12_16:00_강서구,2026-03-12,16:00,강서구,전통시장,상인;지역주민;생활권 유권자,전통시장;지역상권방문;오후;강서구;지역상권;생활밀착,4,가양역사거리 골목형상점가,강서구,market,0.4788,강서구_가양역사거리_골목형상점가,market
2026-03-12_16:00_강서구,2026-03-12,16:00,강서구,전통시장,상인;지역주민;생활권 유권자,전통시장;지역상권방문;오후;강서구;지역상권;생활밀착,5,남부골목시장,강서구,market,0.4786,강서구_남부골목시장,market
2026-03-12_16:00_강서구,2026-03-12,16:00,강서구,전통시장,상인;지역주민;생활권 유권자,전통시장;지역상권방문;오후;강서구;지역상권;생활밀착,6,송화벽화시장,강서구,market,0.4759,강서구_송화벽화시장,market
2026-03-12_16:00_강서구,2026-03-12,16:00,강서구,전통시장,상인;지역주민;생활권 유권자,전통시장;지역상권방문;오후;강서구;지역상권;생활밀착,7,송정역 카페거리 골목형상점가,강서구,market,0.4716,강서구_송정역_카페거리_골목형상점가,market
2026-03-12_16:00_강서구,2026-03-12,16:00,강서구,전통시장,상인;지역주민;생활권 유권자,전통시장;지역상권방문;오후;강서구;지역상권;생활밀착,8,공항대로 골목형상점가,강서구,market,0.471,강서구_공항대로_골목형상점가,market
2026-03-12_16:00_강서구,2026-03-12,16:00,강서구,전통시장,상인;지역주민;생활권 유권자,전통시장;지역상권방문;오후;강서구;지역상권;생활밀착,9,방신전통시장,강서구,market,0.4709,강서구_방신전통시장,market
2026-03-12_16:00_강서구,2026-03-12,16:00,강서구,전통시장,상인;지역주민;생활권 유권자,전통시장;지역상권방문;오후;강서구;지역상권;생활밀착,10,화곡중앙시장,강서구,market,0.4701,강서구_화곡중앙시장,market
2026-03-12_16:00_강서구,2026-03-12,16:00,강서구,전통시장,상인;지역주민;생활권 유권자,전통시장;지역상권방문;오후;강서구;지역상권;생활밀착,11,공항골목시장 골목형상점가,강서구,market,0.4701,강서구_공항골목시장_골목형상점가,market
2026-03-12_16:00_강서구,2026-03-12,16:00,강서구,전통시장,상인;지역주민;생활권 유권자,전통시장;지역상권방문;오후;강서구;지역상권;생활밀착,12,묵동도깨비시장 골목형상점가,중랑구,market,0.4701,중랑구_묵동도깨비시장_골목형상점가,market
2026-03-12_16:00_강서구,2026-03-12,16:00,강서구,전통시장,상인;지역주민;생활권 유권자,전통시장;지역상권방문;오후;강서구;지역상권;생활밀착,13,솔샘시장 골목형상점가,강북구,market,0.4701,강북구_솔샘시장_골목형상점가,market
2026-03-12_16:00_강서구,2026-03-12,16:00,강서구,전통시장,상인;지역주민;생활권 유권자,전통시장;지역상권방문;오후;강서구;지역상권;생활밀착,14,인헌시장,관악구,market,0.4699,관악구_인헌시장,market
2026-03-12_16:00_강서구,2026-03-12,16:00,강서구,전통시장,상인;지역주민;생활권 유권자,전통시장;지역상권방문;오후;강서구;지역상권;생활밀착,15,태능 골목형상점가,중랑구,market,0.4699,중랑구_태능_골목형상점가,market
2026-03-12_16:00_강서구,2026-03-12,16:00,강서구,전통시장,상인;지역주민;생활권 유권자,전통시장;지역상권방문;오후;강서구;지역상권;생활밀착,16,홍대레드로드골목형상점가,마포구,market,0.4699,마포구_홍대레드로드골목형상점가,market
2026-03-12_16:00_강서구,2026-03-12,16:00,강서구,전통시장,상인;지역주민;생활권 유권자,전통시장;지역상권방문;오후;강서구;지역상권;생활밀착,17,둔촌역전통시장,강동구,market,0.4698,강동구_둔촌역전통시장,market
2026-03-12_16:00_강서구,2026-03-12,16:00,강서구,전통시장,상인;지역주민;생활권 유권자,전통시장;지역상권방문;오후;강서구;지역상권;생활밀착,18,포방터시장,서대문구,market,0.4698,서대문구_포방터시장,market
2026-03-12_16:00_강서구,2026-03-12,16:00,강서구,전통시장,상인;지역주민;생활권 유권자,전통시장;지역상권방문;오후;강서구;지역상권;생활밀착,19,봉제산길 골목형상점가,강서구,market,0.4697,강서구_봉제산길_골목형상점가,market
2026-03-12_16:00_강서구,2026-03-12,16:00,강서구,전통시장,상인;지역주민;생활권 유권자,전통시장;지역상권방문;오후;강서구;지역상권;생활밀착,20,고척근린시장,구로구,market,0.4696,구로구_고척근린시장,market
2026-03-12_16:00_강서구,2026-03-12,16:00,강서구,전통시장,상인;지역주민;생활권 유권자,전통시장;지역상권방문;오후;강서구;지역상권;생활밀착,21,대림중앙시장,영등포구,market,0.4696,영등포구_대림중앙시장,market
2026-03-12_16:00_강서구,2026-03-12,16:00,강서구,전통시장,상인;지역주민;생활권 유권자,전통시장;지역상권방문;오후;강서구;지역상권;생활밀착,22,목2동시장,양천구,market,0.4695,양천구_목2동시장,market
2026-03-12_16:00_강서구,2026-03-12,16:00,강서구,전통시장,상인;지역주민;생활권 유권자,전통시장;지역상권방문;오후;강서구;지역상권;생활밀착,23,우리시장,영등포구,market,0.4695,영등포구_우리시장,market
2026-03-12_16:00_강서구,2026-03-12,16:00,강서구,전통시장,상인;지역주민;생활권 유권자,전통시장;지역상권방문;오후;강서구;지역상권;생활밀착,24,이촌종합시장,용산구,market,0.4695,용산구_이촌종합시장,market
2026-03-12_16:00_강서구,2026-03-12,16:00,강서구,전통시장,상인;지역주민;생활권 유권자,전통시장;지역상권방문;오후;강서구;지역상권;생활밀착,25,정릉서경대길골목형상점가,성북구,market,0.4695,성북구_정릉서경대길골목형상점가,market
2026-03-12_16:00_강서구,2026-03-12,16:00,강서구,전통시장,상인;지역주민;생활권 유권자,전통시장;지역상권방문;오후;강서구;지역상권;생활밀착,26,창동골목시장,도봉구,market,0.4694,도봉구_창동골목시장,market
2026-03-12_16:00_강서구,2026-03-12,16:00,강서구,전통시장,상인;지역주민;생활권 유권자,전통시장;지역상권방문;오후;강서구;지역상권;생활밀착,27,통인시장,종로구,market,0.4694,종로구_통인시장,market
2026-03-12_16:00_강서구,2026-03-12,16:00,강서구,전통시장,상인;지역주민;생활권 유권자,전통시장;지역상권방문;오후;강서구;지역상권;생활밀착,28,사당1동먹자골목상점가,동작구,market,0.4692,동작구_사당1동먹자골목상점가,market
2026-03-12_16:00_강서구,2026-03-12,16:00,강서구,전통시장,상인;지역주민;생활권 유권자,전통시장;지역상권방문;오후;강서구;지역상권;생활밀착,29,삼청정독길 골목형상점가,종로구,market,0.4692,종로구_삼청정독길_골목형상점가,market
2026-03-12_16:00_강서구,2026-03-12,16:00,강서구,전통시장,상인;지역주민;생활권 유권자,전통시장;지역상권방문;오후;강서구;지역상권;생활밀착,30,회기시장,동대문구,market,0.4692,동대문구_회기시장,market
2026-03-12_16:00_강서구,2026-03-12,16:00,강서구,전통시장,상인;지역주민;생활권 유권자,전통시장;지역상권방문;오후;강서구;지역상권;생활밀착,31,답십리시장,동대문구,market,0.469,동대문구_답십리시장,market
2026-03-12_16:00_강서구,2026-03-12,16:00,강서구,전통시장,상인;지역주민;생활권 유권자,전통시장;지역상권방문;오후;강서구;지역상권;생활밀착,32,장위전통시장,성북구,market,0.4689,성북구_장위전통시장,market
2026-03-12_16:00_강서구,2026-03-12,16:00,강서구,전통시장,상인;지역주민;생활권 유권자,전통시장;지역상권방문;오후;강서구;지역상권;생활밀착,33,목사랑시장,양천구,market,0.4688,양천구_목사랑시장,market
2026-03-12_16:00_강서구,2026-03-12,16:00,강서구,전통시장,상인;지역주민;생활권 유권자,전통시장;지역상권방문;오후;강서구;지역상권;생활밀착,34,성내전통시장,강동구,market,0.4688,강동구_성내전통시장,market
2026-03-12_16:00_강서구,2026-03-12,16:00,강서구,전통시장,상인;지역주민;생활권 유권자,전통시장;지역상권방문;오후;강서구;지역상권;생활밀착,35,장미원골목시장,강북구,market,0.4688,강북구_장미원골목시장,market
2026-03-12_16:00_강서구,2026-03-12,16:00,강서구,전통시장,상인;지역주민;생활권 유권자,전통시장;지역상권방문;오후;강서구;지역상권;생활밀착,36,장미제일시장,중랑구,market,0.4688,중랑구_장미제일시장,market
2026-03-12_16:00_강서구,2026-03-12,16:00,강서구,전통시장,상인;지역주민;생활권 유권자,전통시장;지역상권방문;오후;강서구;지역상권;생활밀착,37,노량진 만나로 골목형상점가,동작구,market,0.4687,동작구_노량진_만나로_골목형상점가,market
2026-03-12_16:00_강서구,2026-03-12,16:00,강서구,전통시장,상인;지역주민;생활권 유권자,전통시장;지역상권방문;오후;강서구;지역상권;생활밀착,38,월정로시장,양천구,market,0.4687,양천구_월정로시장,market
2026-03-12_16:00_강서구,2026-03-12,16:00,강서구,전통시장,상인;지역주민;생활권 유권자,전통시장;지역상권방문;오후;강서구;지역상권;생활밀착,39,장미꽃빛거리 골목형상점가,중랑구,market,0.4687,중랑구_장미꽃빛거리_골목형상점가,market
2026-03-12_16:00_강서구,2026-03-12,16:00,강서구,전통시장,상인;지역주민;생활권 유권자,전통시장;지역상권방문;오후;강서구;지역상권;생활밀착,40,선유로운골목형상점가,영등포구,market,0.4686,영등포구_선유로운골목형상점가,market
2026-03-12_16:00_강서구,2026-03-12,16:00,강서구,전통시장,상인;지역주민;생활권 유권자,전통시장;지역상권방문;오후;강서구;지역상권;생활밀착,41,화곡본동시장,강서구,market,0.4685,강서구_화곡본동시장,market
2026-03-12_16:00_강서구,2026-03-12,16:00,강서구,전통시장,상인;지역주민;생활권 유권자,전통시장;지역상권방문;오후;강서구;지역상권;생활밀착,42,꿈의숲장곡골목형상점가,성북구,market,0.4684,성북구_꿈의숲장곡골목형상점가,market
2026-03-12_16:00_강서구,2026-03-12,16:00,강서구,전통시장,상인;지역주민;생활권 유권자,전통시장;지역상권방문;오후;강서구;지역상권;생활밀착,43,남이동길골목형상점가,서대문구,market,0.4684,서대문구_남이동길골목형상점가,market
2026-03-12_16:00_강서구,2026-03-12,16:00,강서구,전통시장,상인;지역주민;생활권 유권자,전통시장;지역상권방문;오후;강서구;지역상권;생활밀착,44,망원동월드컵시장,마포구,market,0.4684,마포구_망원동월드컵시장,market
2026-03-12_16:00_강서구,2026-03-12,16:00,강서구,전통시장,상인;지역주민;생활권 유권자,전통시장;지역상권방문;오후;강서구;지역상권;생활밀착,45,봉우시장 골목형상점가,중랑구,market,0.4684,중랑구_봉우시장_골목형상점가,market
2026-03-12_16:00_강서구,2026-03-12,16:00,강서구,전통시장,상인;지역주민;생활권 유권자,전통시장;지역상권방문;오후;강서구;지역상권;생활밀착,46,영천시장,서대문구,market,0.4684,서대문구_영천시장,market
2026-03-12_16:00_강서구,2026-03-12,16:00,강서구,전통시장,상인;지역주민;생활권 유권자,전통시장;지역상권방문;오후;강서구;지역상권;생활밀착,47,답십리현대시장,동대문구,market,0.4683,동대문구_답십리현대시장,market
2026-03-12_16:00_강서구,2026-03-12,16:00,강서구,전통시장,상인;지역주민;생활권 유권자,전통시장;지역상권방문;오후;강서구;지역상권;생활밀착,48,대림골목시장,은평구,market,0.4683,은평구_대림골목시장,market
2026-03-12_16:00_강서구,2026-03-12,16:00,강서구,전통시장,상인;지역주민;생활권 유권자,전통시장;지역상권방문;오후;강서구;지역상권;생활밀착,49,뚝도시장,성동구,market,0.4683,성동구_뚝도시장,market
2026-03-12_16:00_강서구,2026-03-12,16:00,강서구,전통시장,상인;지역주민;생활권 유권자,전통시장;지역상권방문;오후;강서구;지역상권;생활밀착,50,배밭골골목형상점가,성북구,market,0.4683,성북구_배밭골골목형상점가,market
2026-03-12_17:25_강서구,2026-03-12,17:25,강서구,골목상권,상인;지역주민;생활권 유권자,골목상권;지역상권방문;저녁;강서구;지역상권;생활밀착,1,공항동 먹자골목 골목형상점가,강서구,market,0.494,강서구_공항동_먹자골목_골목형상점가,market
2026-03-12_17:25_강서구,2026-03-12,17:25,강서구,골목상권,상인;지역주민;생활권 유권자,골목상권;지역상권방문;저녁;강서구;지역상권;생활밀착,2,강서구청먹자골목 골목형상점가,강서구,market,0.4867,강서구_강서구청먹자골목_골목형상점가,market
2026-03-12_17:25_강서구,2026-03-12,17:25,강서구,골목상권,상인;지역주민;생활권 유권자,골목상권;지역상권방문;저녁;강서구;지역상권;생활밀착,3,까치산시장,강서구,market,0.4792,강서구_까치산시장,market
2026-03-12_17:25_강서구,2026-03-12,17:25,강서구,골목상권,상인;지역주민;생활권 유권자,골목상권;지역상권방문;저녁;강서구;지역상권;생활밀착,4,가양역사거리 골목형상점가,강서구,market,0.4788,강서구_가양역사거리_골목형상점가,market
2026-03-12_17:25_강서구,2026-03-12,17:25,강서구,골목상권,상인;지역주민;생활권 유권자,골목상권;지역상권방문;저녁;강서구;지역상권;생활밀착,5,남부골목시장,강서구,market,0.4786,강서구_남부골목시장,market
2026-03-12_17:25_강서구,2026-03-12,17:25,강서구,골목상권,상인;지역주민;생활권 유권자,골목상권;지역상권방문;저녁;강서구;지역상권;생활밀착,6,송화벽화시장,강서구,market,0.4759,강서구_송화벽화시장,market
2026-03-12_17:25_강서구,2026-03-12,17:25,강서구,골목상권,상인;지역주민;생활권 유권자,골목상권;지역상권방문;저녁;강서구;지역상권;생활밀착,7,송정역 카페거리 골목형상점가,강서구,market,0.4716,강서구_송정역_카페거리_골목형상점가,market
2026-03-12_17:25_강서구,2026-03-12,17:25,강서구,골목상권,상인;지역주민;생활권 유권자,골목상권;지역상권방문;저녁;강서구;지역상권;생활밀착,8,공항대로 골목형상점가,강서구,market,0.471,강서구_공항대로_골목형상점가,market
2026-03-12_17:25_강서구,2026-03-12,17:25,강서구,골목상권,상인;지역주민;생활권 유권자,골목상권;지역상권방문;저녁;강서구;지역상권;생활밀착,9,방신전통시장,강서구,market,0.4709,강서구_방신전통시장,market
2026-03-12_17:25_강서구,2026-03-12,17:25,강서구,골목상권,상인;지역주민;생활권 유권자,골목상권;지역상권방문;저녁;강서구;지역상권;생활밀착,10,화곡중앙시장,강서구,market,0.4701,강서구_화곡중앙시장,market
2026-03-12_17:25_강서구,2026-03-12,17:25,강서구,골목상권,상인;지역주민;생활권 유권자,골목상권;지역상권방문;저녁;강서구;지역상권;생활밀착,11,공항골목시장 골목형상점가,강서구,market,0.4701,강서구_공항골목시장_골목형상점가,market
2026-03-12_17:25_강서구,2026-03-12,17:25,강서구,골목상권,상인;지역주민;생활권 유권자,골목상권;지역상권방문;저녁;강서구;지역상권;생활밀착,12,묵동도깨비시장 골목형상점가,중랑구,market,0.4701,중랑구_묵동도깨비시장_골목형상점가,market
2026-03-12_17:25_강서구,2026-03-12,17:25,강서구,골목상권,상인;지역주민;생활권 유권자,골목상권;지역상권방문;저녁;강서구;지역상권;생활밀착,13,솔샘시장 골목형상점가,강북구,market,0.4701,강북구_솔샘시장_골목형상점가,market
2026-03-12_17:25_강서구,2026-03-12,17:25,강서구,골목상권,상인;지역주민;생활권 유권자,골목상권;지역상권방문;저녁;강서구;지역상권;생활밀착,14,인헌시장,관악구,market,0.4699,관악구_인헌시장,market
2026-03-12_17:25_강서구,2026-03-12,17:25,강서구,골목상권,상인;지역주민;생활권 유권자,골목상권;지역상권방문;저녁;강서구;지역상권;생활밀착,15,태능 골목형상점가,중랑구,market,0.4699,중랑구_태능_골목형상점가,market
2026-03-12_17:25_강서구,2026-03-12,17:25,강서구,골목상권,상인;지역주민;생활권 유권자,골목상권;지역상권방문;저녁;강서구;지역상권;생활밀착,16,홍대레드로드골목형상점가,마포구,market,0.4699,마포구_홍대레드로드골목형상점가,market
2026-03-12_17:25_강서구,2026-03-12,17:25,강서구,골목상권,상인;지역주민;생활권 유권자,골목상권;지역상권방문;저녁;강서구;지역상권;생활밀착,17,둔촌역전통시장,강동구,market,0.4698,강동구_둔촌역전통시장,market
2026-03-12_17:25_강서구,2026-03-12,17:25,강서구,골목상권,상인;지역주민;생활권 유권자,골목상권;지역상권방문;저녁;강서구;지역상권;생활밀착,18,포방터시장,서대문구,market,0.4698,서대문구_포방터시장,market
2026-03-12_17:25_강서구,2026-03-12,17:25,강서구,골목상권,상인;지역주민;생활권 유권자,골목상권;지역상권방문;저녁;강서구;지역상권;생활밀착,19,봉제산길 골목형상점가,강서구,market,0.4697,강서구_봉제산길_골목형상점가,market
2026-03-12_17:25_강서구,2026-03-12,17:25,강서구,골목상권,상인;지역주민;생활권 유권자,골목상권;지역상권방문;저녁;강서구;지역상권;생활밀착,20,고척근린시장,구로구,market,0.4696,구로구_고척근린시장,market
2026-03-12_17:25_강서구,2026-03-12,17:25,강서구,골목상권,상인;지역주민;생활권 유권자,골목상권;지역상권방문;저녁;강서구;지역상권;생활밀착,21,대림중앙시장,영등포구,market,0.4696,영등포구_대림중앙시장,market
2026-03-12_17:25_강서구,2026-03-12,17:25,강서구,골목상권,상인;지역주민;생활권 유권자,골목상권;지역상권방문;저녁;강서구;지역상권;생활밀착,22,목2동시장,양천구,market,0.4695,양천구_목2동시장,market
2026-03-12_17:25_강서구,2026-03-12,17:25,강서구,골목상권,상인;지역주민;생활권 유권자,골목상권;지역상권방문;저녁;강서구;지역상권;생활밀착,23,우리시장,영등포구,market,0.4695,영등포구_우리시장,market
2026-03-12_17:25_강서구,2026-03-12,17:25,강서구,골목상권,상인;지역주민;생활권 유권자,골목상권;지역상권방문;저녁;강서구;지역상권;생활밀착,24,이촌종합시장,용산구,market,0.4695,용산구_이촌종합시장,market
2026-03-12_17:25_강서구,2026-03-12,17:25,강서구,골목상권,상인;지역주민;생활권 유권자,골목상권;지역상권방문;저녁;강서구;지역상권;생활밀착,25,정릉서경대길골목형상점가,성북구,market,0.4695,성북구_정릉서경대길골목형상점가,market
2026-03-12_17:25_강서구,2026-03-12,17:25,강서구,골목상권,상인;지역주민;생활권 유권자,골목상권;지역상권방문;저녁;강서구;지역상권;생활밀착,26,창동골목시장,도봉구,market,0.4694,도봉구_창동골목시장,market
2026-03-12_17:25_강서구,2026-03-12,17:25,강서구,골목상권,상인;지역주민;생활권 유권자,골목상권;지역상권방문;저녁;강서구;지역상권;생활밀착,27,통인시장,종로구,market,0.4694,종로구_통인시장,market
2026-03-12_17:25_강서구,2026-03-12,17:25,강서구,골목상권,상인;지역주민;생활권 유권자,골목상권;지역상권방문;저녁;강서구;지역상권;생활밀착,28,사당1동먹자골목상점가,동작구,market,0.4692,동작구_사당1동먹자골목상점가,market
2026-03-12_17:25_강서구,2026-03-12,17:25,강서구,골목상권,상인;지역주민;생활권 유권자,골목상권;지역상권방문;저녁;강서구;지역상권;생활밀착,29,삼청정독길 골목형상점가,종로구,market,0.4692,종로구_삼청정독길_골목형상점가,market
2026-03-12_17:25_강서구,2026-03-12,17:25,강서구,골목상권,상인;지역주민;생활권 유권자,골목상권;지역상권방문;저녁;강서구;지역상권;생활밀착,30,회기시장,동대문구,market,0.4692,동대문구_회기시장,market
2026-03-12_17:25_강서구,2026-03-12,17:25,강서구,골목상권,상인;지역주민;생활권 유권자,골목상권;지역상권방문;저녁;강서구;지역상권;생활밀착,31,답십리시장,동대문구,market,0.469,동대문구_답십리시장,market
2026-03-12_17:25_강서구,2026-03-12,17:25,강서구,골목상권,상인;지역주민;생활권 유권자,골목상권;지역상권방문;저녁;강서구;지역상권;생활밀착,32,장위전통시장,성북구,market,0.4689,성북구_장위전통시장,market
2026-03-12_17:25_강서구,2026-03-12,17:25,강서구,골목상권,상인;지역주민;생활권 유권자,골목상권;지역상권방문;저녁;강서구;지역상권;생활밀착,33,목사랑시장,양천구,market,0.4688,양천구_목사랑시장,market
2026-03-12_17:25_강서구,2026-03-12,17:25,강서구,골목상권,상인;지역주민;생활권 유권자,골목상권;지역상권방문;저녁;강서구;지역상권;생활밀착,34,성내전통시장,강동구,market,0.4688,강동구_성내전통시장,market
2026-03-12_17:25_강서구,2026-03-12,17:25,강서구,골목상권,상인;지역주민;생활권 유권자,골목상권;지역상권방문;저녁;강서구;지역상권;생활밀착,35,장미원골목시장,강북구,market,0.4688,강북구_장미원골목시장,market
2026-03-12_17:25_강서구,2026-03-12,17:25,강서구,골목상권,상인;지역주민;생활권 유권자,골목상권;지역상권방문;저녁;강서구;지역상권;생활밀착,36,장미제일시장,중랑구,market,0.4688,중랑구_장미제일시장,market
2026-03-12_17:25_강서구,2026-03-12,17:25,강서구,골목상권,상인;지역주민;생활권 유권자,골목상권;지역상권방문;저녁;강서구;지역상권;생활밀착,37,노량진 만나로 골목형상점가,동작구,market,0.4687,동작구_노량진_만나로_골목형상점가,market
2026-03-12_17:25_강서구,2026-03-12,17:25,강서구,골목상권,상인;지역주민;생활권 유권자,골목상권;지역상권방문;저녁;강서구;지역상권;생활밀착,38,월정로시장,양천구,market,0.4687,양천구_월정로시장,market
2026-03-12_17:25_강서구,2026-03-12,17:25,강서구,골목상권,상인;지역주민;생활권 유권자,골목상권;지역상권방문;저녁;강서구;지역상권;생활밀착,39,장미꽃빛거리 골목형상점가,중랑구,market,0.4687,중랑구_장미꽃빛거리_골목형상점가,market
2026-03-12_17:25_강서구,2026-03-12,17:25,강서구,골목상권,상인;지역주민;생활권 유권자,골목상권;지역상권방문;저녁;강서구;지역상권;생활밀착,40,선유로운골목형상점가,영등포구,market,0.4686,영등포구_선유로운골목형상점가,market
2026-03-12_17:25_강서구,2026-03-12,17:25,강서구,골목상권,상인;지역주민;생활권 유권자,골목상권;지역상권방문;저녁;강서구;지역상권;생활밀착,41,화곡본동시장,강서구,market,0.4685,강서구_화곡본동시장,market
2026-03-12_17:25_강서구,2026-03-12,17:25,강서구,골목상권,상인;지역주민;생활권 유권자,골목상권;지역상권방문;저녁;강서구;지역상권;생활밀착,42,꿈의숲장곡골목형상점가,성북구,market,0.4684,성북구_꿈의숲장곡골목형상점가,market
2026-03-12_17:25_강서구,2026-03-12,17:25,강서구,골목상권,상인;지역주민;생활권 유권자,골목상권;지역상권방문;저녁;강서구;지역상권;생활밀착,43,남이동길골목형상점가,서대문구,market,0.4684,서대문구_남이동길골목형상점가,market
2026-03-12_17:25_강서구,2026-03-12,17:25,강서구,골목상권,상인;지역주민;생활권 유권자,골목상권;지역상권방문;저녁;강서구;지역상권;생활밀착,44,망원동월드컵시장,마포구,market,0.4684,마포구_망원동월드컵시장,market
2026-03-12_17:25_강서구,2026-03-12,17:25,강서구,골목상권,상인;지역주민;생활권 유권자,골목상권;지역상권방문;저녁;강서구;지역상권;생활밀착,45,봉우시장 골목형상점가,중랑구,market,0.4684,중랑구_봉우시장_골목형상점가,market
2026-03-12_17:25_강서구,2026-03-12,17:25,강서구,골목상권,상인;지역주민;생활권 유권자,골목상권;지역상권방문;저녁;강서구;지역상권;생활밀착,46,영천시장,서대문구,market,0.4684,서대문구_영천시장,market
2026-03-12_17:25_강서구,2026-03-12,17:25,강서구,골목상권,상인;지역주민;생활권 유권자,골목상권;지역상권방문;저녁;강서구;지역상권;생활밀착,47,답십리현대시장,동대문구,market,0.4683,동대문구_답십리현대시장,market
2026-03-12_17:25_강서구,2026-03-12,17:25,강서구,골목상권,상인;지역주민;생활권 유권자,골목상권;지역상권방문;저녁;강서구;지역상권;생활밀착,48,대림골목시장,은평구,market,0.4683,은평구_대림골목시장,market
2026-03-12_17:25_강서구,2026-03-12,17:25,강서구,골목상권,상인;지역주민;생활권 유권자,골목상권;지역상권방문;저녁;강서구;지역상권;생활밀착,49,뚝도시장,성동구,market,0.4683,성동구_뚝도시장,market
2026-03-12_17:25_강서구,2026-03-12,17:25,강서구,골목상권,상인;지역주민;생활권 유권자,골목상권;지역상권방문;저녁;강서구;지역상권;생활밀착,50,배밭골골목형상점가,성북구,market,0.4683,성북구_배밭골골목형상점가,market
2026-03-13_14:10_노원구,2026-03-13,14:10,노원구,전통시장,상인;지역주민;생활권 유권자,전통시장;지역상권방문;오후;노원구;지역상권;생활밀착,1,남대문시장,중구,market,0.7056,중구_남대문시장,market
2026-03-13_14:10_노원구,2026-03-13,14:10,노원구,전통시장,상인;지역주민;생활권 유권자,전통시장;지역상권방문;오후;노원구;지역상권;생활밀착,2,동대문종합시장,종로구,market,0.6301,종로구_동대문종합시장,market
2026-03-13_14:10_노원구,2026-03-13,14:10,노원구,전통시장,상인;지역주민;생활권 유권자,전통시장;지역상권방문;오후;노원구;지역상권;생활밀착,3,장안 마실 골목형상점가,동대문구,market,0.6299,동대문구_장안_마실_골목형상점가,market
2026-03-13_14:10_노원구,2026-03-13,14:10,노원구,전통시장,상인;지역주민;생활권 유권자,전통시장;지역상권방문;오후;노원구;지역상권;생활밀착,4,천호로데오거리상점가,강동구,market,0.5914,강동구_천호로데오거리상점가,market
2026-03-13_14:10_노원구,2026-03-13,14:10,노원구,전통시장,상인;지역주민;생활권 유권자,전통시장;지역상권방문;오후;노원구;지역상권;생활밀착,5,광장전통시장,종로구,market,0.5714,종로구_광장전통시장,market
2026-03-13_14:10_노원구,2026-03-13,14:10,노원구,전통시장,상인;지역주민;생활권 유권자,전통시장;지역상권방문;오후;노원구;지역상권;생활밀착,6,가락몰 골목형상점가,송파구,market,0.5612,송파구_가락몰_골목형상점가,market
2026-03-13_14:10_노원구,2026-03-13,14:10,노원구,전통시장,상인;지역주민;생활권 유권자,전통시장;지역상권방문;오후;노원구;지역상권;생활밀착,7,평화시장,중구,market,0.5528,중구_평화시장,market
2026-03-13_14:10_노원구,2026-03-13,14:10,노원구,전통시장,상인;지역주민;생활권 유권자,전통시장;지역상권방문;오후;노원구;지역상권;생활밀착,8,서울약령시장,동대문구,market,0.5526,동대문구_서울약령시장,market
2026-03-13_14:10_노원구,2026-03-13,14:10,노원구,전통시장,상인;지역주민;생활권 유권자,전통시장;지역상권방문;오후;노원구;지역상권;생활밀착,9,공릉동도깨비시장,노원구,market,0.4746,노원구_공릉동도깨비시장,market
2026-03-13_14:10_노원구,2026-03-13,14:10,노원구,전통시장,상인;지역주민;생활권 유권자,전통시장;지역상권방문;오후;노원구;지역상권;생활밀착,10,상계중앙시장,노원구,market,0.4739,노원구_상계중앙시장,market
2026-03-13_14:10_노원구,2026-03-13,14:10,노원구,전통시장,상인;지역주민;생활권 유권자,전통시장;지역상권방문;오후;노원구;지역상권;생활밀착,11,법원단지길 상점가,금천구,market,0.4739,금천구_법원단지길_상점가,market
2026-03-13_14:10_노원구,2026-03-13,14:10,노원구,전통시장,상인;지역주민;생활권 유권자,전통시장;지역상권방문;오후;노원구;지역상권;생활밀착,12,행운담길 골목형상점가,관악구,market,0.4739,관악구_행운담길_골목형상점가,market
2026-03-13_14:10_노원구,2026-03-13,14:10,노원구,전통시장,상인;지역주민;생활권 유권자,전통시장;지역상권방문;오후;노원구;지역상권;생활밀착,13,돈암시장,성북구,market,0.4738,성북구_돈암시장,market
2026-03-13_14:10_노원구,2026-03-13,14:10,노원구,전통시장,상인;지역주민;생활권 유권자,전통시장;지역상권방문;오후;노원구;지역상권;생활밀착,14,불광천나들이거리골목형상점가,은평구,market,0.4738,은평구_불광천나들이거리골목형상점가,market
2026-03-13_14:10_노원구,2026-03-13,14:10,노원구,전통시장,상인;지역주민;생활권 유권자,전통시장;지역상권방문;오후;노원구;지역상권;생활밀착,15,상봉먹자 골목형상점가,중랑구,market,0.4738,중랑구_상봉먹자_골목형상점가,market
2026-03-13_14:10_노원구,2026-03-13,14:10,노원구,전통시장,상인;지역주민;생활권 유권자,전통시장;지역상권방문;오후;노원구;지역상권;생활밀착,16,흑석시장 골목형상점가,동작구,market,0.4738,동작구_흑석시장_골목형상점가,market
2026-03-13_14:10_노원구,2026-03-13,14:10,노원구,전통시장,상인;지역주민;생활권 유권자,전통시장;지역상권방문;오후;노원구;지역상권;생활밀착,17,구로시장,구로구,market,0.4737,구로구_구로시장,market
2026-03-13_14:10_노원구,2026-03-13,14:10,노원구,전통시장,상인;지역주민;생활권 유권자,전통시장;지역상권방문;오후;노원구;지역상권;생활밀착,18,동대문문구?완구거리,종로구,market,0.4736,종로구_동대문문구?완구거리,market
2026-03-13_14:10_노원구,2026-03-13,14:10,노원구,전통시장,상인;지역주민;생활권 유권자,전통시장;지역상권방문;오후;노원구;지역상권;생활밀착,19,별빛남문시장,금천구,market,0.4734,금천구_별빛남문시장,market
2026-03-13_14:10_노원구,2026-03-13,14:10,노원구,전통시장,상인;지역주민;생활권 유권자,전통시장;지역상권방문;오후;노원구;지역상권;생활밀착,20,녹두 골목형상점가,관악구,market,0.4733,관악구_녹두_골목형상점가,market
2026-03-13_14:10_노원구,2026-03-13,14:10,노원구,전통시장,상인;지역주민;생활권 유권자,전통시장;지역상권방문;오후;노원구;지역상권;생활밀착,21,방학동도깨비시장,도봉구,market,0.4733,도봉구_방학동도깨비시장,market
2026-03-13_14:10_노원구,2026-03-13,14:10,노원구,전통시장,상인;지역주민;생활권 유권자,전통시장;지역상권방문;오후;노원구;지역상권;생활밀착,22,경희담길 골목형상점가,동대문구,market,0.4732,동대문구_경희담길_골목형상점가,market
2026-03-13_14:10_노원구,2026-03-13,14:10,노원구,전통시장,상인;지역주민;생활권 유권자,전통시장;지역상권방문;오후;노원구;지역상권;생활밀착,23,석촌시장,송파구,market,0.4732,송파구_석촌시장,market
2026-03-13_14:10_노원구,2026-03-13,14:10,노원구,전통시장,상인;지역주민;생활권 유권자,전통시장;지역상권방문;오후;노원구;지역상권;생활밀착,24,사가정시장,중랑구,market,0.4731,중랑구_사가정시장,market
2026-03-13_14:10_노원구,2026-03-13,14:10,노원구,전통시장,상인;지역주민;생활권 유권자,전통시장;지역상권방문;오후;노원구;지역상권;생활밀착,25,상도전통시장,동작구,market,0.4731,동작구_상도전통시장,market
2026-03-13_14:10_노원구,2026-03-13,14:10,노원구,전통시장,상인;지역주민;생활권 유권자,전통시장;지역상권방문;오후;노원구;지역상권;생활밀착,26,정릉시장,성북구,market,0.473,성북구_정릉시장,market
2026-03-13_14:10_노원구,2026-03-13,14:10,노원구,전통시장,상인;지역주민;생활권 유권자,전통시장;지역상권방문;오후;노원구;지역상권;생활밀착,27,면목시장(골목형),중랑구,market,0.4729,중랑구_면목시장(골목형),market
2026-03-13_14:10_노원구,2026-03-13,14:10,노원구,전통시장,상인;지역주민;생활권 유권자,전통시장;지역상권방문;오후;노원구;지역상권;생활밀착,28,동묘시장,종로구,market,0.4726,종로구_동묘시장,market
2026-03-13_14:10_노원구,2026-03-13,14:10,노원구,전통시장,상인;지역주민;생활권 유권자,전통시장;지역상권방문;오후;노원구;지역상권;생활밀착,29,본동인정시장,동작구,market,0.4726,동작구_본동인정시장,market
2026-03-13_14:10_노원구,2026-03-13,14:10,노원구,전통시장,상인;지역주민;생활권 유권자,전통시장;지역상권방문;오후;노원구;지역상권;생활밀착,30,쌍문시장,도봉구,market,0.4726,도봉구_쌍문시장,market
2026-03-13_14:10_노원구,2026-03-13,14:10,노원구,전통시장,상인;지역주민;생활권 유권자,전통시장;지역상권방문;오후;노원구;지역상권;생활밀착,31,충무로 골목형상점가,중구,market,0.4726,중구_충무로_골목형상점가,market
2026-03-13_14:10_노원구,2026-03-13,14:10,노원구,전통시장,상인;지역주민;생활권 유권자,전통시장;지역상권방문;오후;노원구;지역상권;생활밀착,32,보라매다올길골목형상점가,동작구,market,0.4724,동작구_보라매다올길골목형상점가,market
2026-03-13_14:10_노원구,2026-03-13,14:10,노원구,전통시장,상인;지역주민;생활권 유권자,전통시장;지역상권방문;오후;노원구;지역상권;생활밀착,33,신내구길 골목형상점가,중랑구,market,0.4722,중랑구_신내구길_골목형상점가,market
2026-03-13_14:10_노원구,2026-03-13,14:10,노원구,전통시장,상인;지역주민;생활권 유권자,전통시장;지역상권방문;오후;노원구;지역상권;생활밀착,34,강북북부골목시장,강북구,market,0.4721,강북구_강북북부골목시장,market
2026-03-13_14:10_노원구,2026-03-13,14:10,노원구,전통시장,상인;지역주민;생활권 유권자,전통시장;지역상권방문;오후;노원구;지역상권;생활밀착,35,망원시장,마포구,market,0.4721,마포구_망원시장,market
2026-03-13_14:10_노원구,2026-03-13,14:10,노원구,전통시장,상인;지역주민;생활권 유권자,전통시장;지역상권방문;오후;노원구;지역상권;생활밀착,36,신당오길 골목형상점가,중구,market,0.472,중구_신당오길_골목형상점가,market
2026-03-13_14:10_노원구,2026-03-13,14:10,노원구,전통시장,상인;지역주민;생활권 유권자,전통시장;지역상권방문;오후;노원구;지역상권;생활밀착,37,창신골목시장,종로구,market,0.472,종로구_창신골목시장,market
2026-03-13_14:10_노원구,2026-03-13,14:10,노원구,전통시장,상인;지역주민;생활권 유권자,전통시장;지역상권방문;오후;노원구;지역상권;생활밀착,38,청량리종합시장,동대문구,market,0.472,동대문구_청량리종합시장,market
2026-03-13_14:10_노원구,2026-03-13,14:10,노원구,전통시장,상인;지역주민;생활권 유권자,전통시장;지역상권방문;오후;노원구;지역상권;생활밀착,39,포수말골목형상점가,은평구,market,0.4718,은평구_포수말골목형상점가,market
2026-03-13_14:10_노원구,2026-03-13,14:10,노원구,전통시장,상인;지역주민;생활권 유권자,전통시장;지역상권방문;오후;노원구;지역상권;생활밀착,40,미소상인회 골목형상점가,강북구,market,0.4717,강북구_미소상인회_골목형상점가,market
2026-03-13_14:10_노원구,2026-03-13,14:10,노원구,전통시장,상인;지역주민;생활권 유권자,전통시장;지역상권방문;오후;노원구;지역상권;생활밀착,41,삼성동시장,관악구,market,0.4717,관악구_삼성동시장,market
2026-03-13_14:10_노원구,2026-03-13,14:10,노원구,전통시장,상인;지역주민;생활권 유권자,전통시장;지역상권방문;오후;노원구;지역상권;생활밀착,42,신중앙시장,중구,market,0.4717,중구_신중앙시장,market
2026-03-13_14:10_노원구,2026-03-13,14:10,노원구,전통시장,상인;지역주민;생활권 유권자,전통시장;지역상권방문;오후;노원구;지역상권;생활밀착,43,화양제일골목시장,광진구,market,0.4717,광진구_화양제일골목시장,market
2026-03-13_14:10_노원구,2026-03-13,14:10,노원구,전통시장,상인;지역주민;생활권 유권자,전통시장;지역상권방문;오후;노원구;지역상권;생활밀착,44,동화동 골목형상점가,중구,market,0.4716,중구_동화동_골목형상점가,market
2026-03-13_14:10_노원구,2026-03-13,14:10,노원구,전통시장,상인;지역주민;생활권 유권자,전통시장;지역상권방문;오후;노원구;지역상권;생활밀착,45,송정역 카페거리 골목형상점가,강서구,market,0.4716,강서구_송정역_카페거리_골목형상점가,market
2026-03-13_14:10_노원구,2026-03-13,14:10,노원구,전통시장,상인;지역주민;생활권 유권자,전통시장;지역상권방문;오후;노원구;지역상권;생활밀착,46,창동신창시장,도봉구,market,0.4716,도봉구_창동신창시장,market
2026-03-13_14:10_노원구,2026-03-13,14:10,노원구,전통시장,상인;지역주민;생활권 유권자,전통시장;지역상권방문;오후;노원구;지역상권;생활밀착,47,회기역골목형상점가,동대문구,market,0.4716,동대문구_회기역골목형상점가,market
2026-03-13_14:10_노원구,2026-03-13,14:10,노원구,전통시장,상인;지역주민;생활권 유권자,전통시장;지역상권방문;오후;노원구;지역상권;생활밀착,48,세종마을음식문화거리,종로구,market,0.4714,종로구_세종마을음식문화거리,market
2026-03-13_14:10_노원구,2026-03-13,14:10,노원구,전통시장,상인;지역주민;생활권 유권자,전통시장;지역상권방문;오후;노원구;지역상권;생활밀착,49,정훈한마음골목시장,금천구,market,0.4713,금천구_정훈한마음골목시장,market
2026-03-13_14:10_노원구,2026-03-13,14:10,노원구,전통시장,상인;지역주민;생활권 유권자,전통시장;지역상권방문;오후;노원구;지역상권;생활밀착,50,청량리농수산물시장,동대문구,market,0.4713,동대문구_청량리농수산물시장,market
2026-03-13_14:50_노원구,2026-03-13,14:50,노원구,복지시설,노년층;복지수요자;지역주민,복지시설;복지현장방문;오후;노원구;복지;노년층,1,성수1가2동노인복지관 대현분소,성동구,senior_friendly,0.9739,C0000006935,senior_friendly
2026-03-13_14:50_노원구,2026-03-13,14:50,노원구,복지시설,노년층;복지수요자;지역주민,복지시설;복지현장방문;오후;노원구;복지;노년층,2,강남구립 도곡1노인복지관,강남구,senior_friendly,0.9689,C0609608169,senior_friendly
2026-03-13_14:50_노원구,2026-03-13,14:50,노원구,복지시설,노년층;복지수요자;지역주민,복지시설;복지현장방문;오후;노원구;복지;노년층,3,강동구립 해공노인복지관,강동구,senior_friendly,0.9673,A5818,senior_friendly
2026-03-13_14:50_노원구,2026-03-13,14:50,노원구,복지시설,노년층;복지수요자;지역주민,복지시설;복지현장방문;오후;노원구;복지;노년층,4,구립 자양노인복지관,광진구,senior_friendly,0.964,C0608070655,senior_friendly
2026-03-13_14:50_노원구,2026-03-13,14:50,노원구,복지시설,노년층;복지수요자;지역주민,복지시설;복지현장방문;오후;노원구;복지;노년층,5,구립갈현노인복지관,은평구,senior_friendly,0.9624,A2247,senior_friendly
2026-03-13_14:50_노원구,2026-03-13,14:50,노원구,복지시설,노년층;복지수요자;지역주민,복지시설;복지현장방문;오후;노원구;복지;노년층,6,용강 노인복지관,마포구,senior_friendly,0.9607,G0811,senior_friendly
2026-03-13_14:50_노원구,2026-03-13,14:50,노원구,복지시설,노년층;복지수요자;지역주민,복지시설;복지현장방문;오후;노원구;복지;노년층,7,북가좌노인복지관,서대문구,senior_friendly,0.9607,A1599,senior_friendly
2026-03-13_14:50_노원구,2026-03-13,14:50,노원구,복지시설,노년층;복지수요자;지역주민,복지시설;복지현장방문;오후;노원구;복지;노년층,8,청파노인복지관,용산구,senior_friendly,0.9591,A4195,senior_friendly
2026-03-13_14:50_노원구,2026-03-13,14:50,노원구,복지시설,노년층;복지수요자;지역주민,복지시설;복지현장방문;오후;노원구;복지;노년층,9,약수노인복지관,중구,senior_friendly,0.9591,A2255,senior_friendly
2026-03-13_14:50_노원구,2026-03-13,14:50,노원구,복지시설,노년층;복지수요자;지역주민,복지시설;복지현장방문;오후;노원구;복지;노년층,10,공릉노인복지관,노원구,senior_friendly,0.9591,A7040,senior_friendly
2026-03-13_14:50_노원구,2026-03-13,14:50,노원구,복지시설,노년층;복지수요자;지역주민,복지시설;복지현장방문;오후;노원구;복지;노년층,11,서울시립동대문노인종합복지관,동대문구,senior_friendly,0.9434,A3206,senior_friendly
2026-03-13_14:50_노원구,2026-03-13,14:50,노원구,복지시설,노년층;복지수요자;지역주민,복지시설;복지현장방문;오후;노원구;복지;노년층,12,서울시립강서노인종합복지관,강서구,senior_friendly,0.9417,A2771,senior_friendly
2026-03-13_14:50_노원구,2026-03-13,14:50,노원구,복지시설,노년층;복지수요자;지역주민,복지시설;복지현장방문;오후;노원구;복지;노년층,13,서초구립방배노인종합복지관,서초구,senior_friendly,0.9417,Z0629,senior_friendly
2026-03-13_14:50_노원구,2026-03-13,14:50,노원구,복지시설,노년층;복지수요자;지역주민,복지시설;복지현장방문;오후;노원구;복지;노년층,14,구립영등포노인종합복지관,영등포구,senior_friendly,0.9401,A4035,senior_friendly
2026-03-13_14:50_노원구,2026-03-13,14:50,노원구,복지시설,노년층;복지수요자;지역주민,복지시설;복지현장방문;오후;노원구;복지;노년층,15,구립신내노인종합복지관,중랑구,senior_friendly,0.9384,A3015,senior_friendly
2026-03-13_14:50_노원구,2026-03-13,14:50,노원구,복지시설,노년층;복지수요자;지역주민,복지시설;복지현장방문;오후;노원구;복지;노년층,16,금천호암노인종합복지관,금천구,senior_friendly,0.9384,A6518,senior_friendly
2026-03-13_14:50_노원구,2026-03-13,14:50,노원구,복지시설,노년층;복지수요자;지역주민,복지시설;복지현장방문;오후;노원구;복지;노년층,17,시립성북노인종합복지관,성북구,senior_friendly,0.9384,A2733,senior_friendly
2026-03-13_14:50_노원구,2026-03-13,14:50,노원구,복지시설,노년층;복지수요자;지역주민,복지시설;복지현장방문;오후;노원구;복지;노년층,18,사당어르신종합복지관,동작구,senior_friendly,0.9368,G1437,senior_friendly
2026-03-13_14:50_노원구,2026-03-13,14:50,노원구,복지시설,노년층;복지수요자;지역주민,복지시설;복지현장방문;오후;노원구;복지;노년층,19,양천어르신종합복지관,양천구,senior_friendly,0.9368,A1732,senior_friendly
2026-03-13_14:50_노원구,2026-03-13,14:50,노원구,복지시설,노년층;복지수요자;지역주민,복지시설;복지현장방문;오후;노원구;복지;노년층,20,강북노인종합복지관,강북구,senior_friendly,0.9351,A1174,senior_friendly
2026-03-13_14:50_노원구,2026-03-13,14:50,노원구,복지시설,노년층;복지수요자;지역주민,복지시설;복지현장방문;오후;노원구;복지;노년층,21,관악노인종합복지관,관악구,senior_friendly,0.9351,A2776,senior_friendly
2026-03-13_14:50_노원구,2026-03-13,14:50,노원구,복지시설,노년층;복지수요자;지역주민,복지시설;복지현장방문;오후;노원구;복지;노년층,22,구로노인종합복지관,구로구,senior_friendly,0.9351,A7146,senior_friendly
2026-03-13_14:50_노원구,2026-03-13,14:50,노원구,복지시설,노년층;복지수요자;지역주민,복지시설;복지현장방문;오후;노원구;복지;노년층,23,도봉노인종합복지관,도봉구,senior_friendly,0.9351,A5899,senior_friendly
2026-03-13_14:50_노원구,2026-03-13,14:50,노원구,복지시설,노년층;복지수요자;지역주민,복지시설;복지현장방문;오후;노원구;복지;노년층,24,문정노인종합복지관,송파구,senior_friendly,0.9351,C0608954445,senior_friendly
2026-03-13_14:50_노원구,2026-03-13,14:50,노원구,복지시설,노년층;복지수요자;지역주민,복지시설;복지현장방문;오후;노원구;복지;노년층,25,종로노인종합복지관,종로구,senior_friendly,0.9351,A3971,senior_friendly
2026-03-13_15:30_노원구,2026-03-13,15:30,노원구,전통시장,상인;지역주민;생활권 유권자,전통시장;지역상권방문;오후;노원구;지역상권;생활밀착,1,남대문시장,중구,market,0.7056,중구_남대문시장,market
2026-03-13_15:30_노원구,2026-03-13,15:30,노원구,전통시장,상인;지역주민;생활권 유권자,전통시장;지역상권방문;오후;노원구;지역상권;생활밀착,2,동대문종합시장,종로구,market,0.6301,종로구_동대문종합시장,market
2026-03-13_15:30_노원구,2026-03-13,15:30,노원구,전통시장,상인;지역주민;생활권 유권자,전통시장;지역상권방문;오후;노원구;지역상권;생활밀착,3,장안 마실 골목형상점가,동대문구,market,0.6299,동대문구_장안_마실_골목형상점가,market
2026-03-13_15:30_노원구,2026-03-13,15:30,노원구,전통시장,상인;지역주민;생활권 유권자,전통시장;지역상권방문;오후;노원구;지역상권;생활밀착,4,천호로데오거리상점가,강동구,market,0.5914,강동구_천호로데오거리상점가,market
2026-03-13_15:30_노원구,2026-03-13,15:30,노원구,전통시장,상인;지역주민;생활권 유권자,전통시장;지역상권방문;오후;노원구;지역상권;생활밀착,5,광장전통시장,종로구,market,0.5714,종로구_광장전통시장,market
2026-03-13_15:30_노원구,2026-03-13,15:30,노원구,전통시장,상인;지역주민;생활권 유권자,전통시장;지역상권방문;오후;노원구;지역상권;생활밀착,6,가락몰 골목형상점가,송파구,market,0.5612,송파구_가락몰_골목형상점가,market
2026-03-13_15:30_노원구,2026-03-13,15:30,노원구,전통시장,상인;지역주민;생활권 유권자,전통시장;지역상권방문;오후;노원구;지역상권;생활밀착,7,평화시장,중구,market,0.5528,중구_평화시장,market
2026-03-13_15:30_노원구,2026-03-13,15:30,노원구,전통시장,상인;지역주민;생활권 유권자,전통시장;지역상권방문;오후;노원구;지역상권;생활밀착,8,서울약령시장,동대문구,market,0.5526,동대문구_서울약령시장,market
2026-03-13_15:30_노원구,2026-03-13,15:30,노원구,전통시장,상인;지역주민;생활권 유권자,전통시장;지역상권방문;오후;노원구;지역상권;생활밀착,9,공릉동도깨비시장,노원구,market,0.4746,노원구_공릉동도깨비시장,market
2026-03-13_15:30_노원구,2026-03-13,15:30,노원구,전통시장,상인;지역주민;생활권 유권자,전통시장;지역상권방문;오후;노원구;지역상권;생활밀착,10,상계중앙시장,노원구,market,0.4739,노원구_상계중앙시장,market
2026-03-13_15:30_노원구,2026-03-13,15:30,노원구,전통시장,상인;지역주민;생활권 유권자,전통시장;지역상권방문;오후;노원구;지역상권;생활밀착,11,법원단지길 상점가,금천구,market,0.4739,금천구_법원단지길_상점가,market
2026-03-13_15:30_노원구,2026-03-13,15:30,노원구,전통시장,상인;지역주민;생활권 유권자,전통시장;지역상권방문;오후;노원구;지역상권;생활밀착,12,행운담길 골목형상점가,관악구,market,0.4739,관악구_행운담길_골목형상점가,market
2026-03-13_15:30_노원구,2026-03-13,15:30,노원구,전통시장,상인;지역주민;생활권 유권자,전통시장;지역상권방문;오후;노원구;지역상권;생활밀착,13,돈암시장,성북구,market,0.4738,성북구_돈암시장,market
2026-03-13_15:30_노원구,2026-03-13,15:30,노원구,전통시장,상인;지역주민;생활권 유권자,전통시장;지역상권방문;오후;노원구;지역상권;생활밀착,14,불광천나들이거리골목형상점가,은평구,market,0.4738,은평구_불광천나들이거리골목형상점가,market
2026-03-13_15:30_노원구,2026-03-13,15:30,노원구,전통시장,상인;지역주민;생활권 유권자,전통시장;지역상권방문;오후;노원구;지역상권;생활밀착,15,상봉먹자 골목형상점가,중랑구,market,0.4738,중랑구_상봉먹자_골목형상점가,market
2026-03-13_15:30_노원구,2026-03-13,15:30,노원구,전통시장,상인;지역주민;생활권 유권자,전통시장;지역상권방문;오후;노원구;지역상권;생활밀착,16,흑석시장 골목형상점가,동작구,market,0.4738,동작구_흑석시장_골목형상점가,market
2026-03-13_15:30_노원구,2026-03-13,15:30,노원구,전통시장,상인;지역주민;생활권 유권자,전통시장;지역상권방문;오후;노원구;지역상권;생활밀착,17,구로시장,구로구,market,0.4737,구로구_구로시장,market
2026-03-13_15:30_노원구,2026-03-13,15:30,노원구,전통시장,상인;지역주민;생활권 유권자,전통시장;지역상권방문;오후;노원구;지역상권;생활밀착,18,동대문문구?완구거리,종로구,market,0.4736,종로구_동대문문구?완구거리,market
2026-03-13_15:30_노원구,2026-03-13,15:30,노원구,전통시장,상인;지역주민;생활권 유권자,전통시장;지역상권방문;오후;노원구;지역상권;생활밀착,19,별빛남문시장,금천구,market,0.4734,금천구_별빛남문시장,market
2026-03-13_15:30_노원구,2026-03-13,15:30,노원구,전통시장,상인;지역주민;생활권 유권자,전통시장;지역상권방문;오후;노원구;지역상권;생활밀착,20,녹두 골목형상점가,관악구,market,0.4733,관악구_녹두_골목형상점가,market
2026-03-13_15:30_노원구,2026-03-13,15:30,노원구,전통시장,상인;지역주민;생활권 유권자,전통시장;지역상권방문;오후;노원구;지역상권;생활밀착,21,방학동도깨비시장,도봉구,market,0.4733,도봉구_방학동도깨비시장,market
2026-03-13_15:30_노원구,2026-03-13,15:30,노원구,전통시장,상인;지역주민;생활권 유권자,전통시장;지역상권방문;오후;노원구;지역상권;생활밀착,22,경희담길 골목형상점가,동대문구,market,0.4732,동대문구_경희담길_골목형상점가,market
2026-03-13_15:30_노원구,2026-03-13,15:30,노원구,전통시장,상인;지역주민;생활권 유권자,전통시장;지역상권방문;오후;노원구;지역상권;생활밀착,23,석촌시장,송파구,market,0.4732,송파구_석촌시장,market
2026-03-13_15:30_노원구,2026-03-13,15:30,노원구,전통시장,상인;지역주민;생활권 유권자,전통시장;지역상권방문;오후;노원구;지역상권;생활밀착,24,사가정시장,중랑구,market,0.4731,중랑구_사가정시장,market
2026-03-13_15:30_노원구,2026-03-13,15:30,노원구,전통시장,상인;지역주민;생활권 유권자,전통시장;지역상권방문;오후;노원구;지역상권;생활밀착,25,상도전통시장,동작구,market,0.4731,동작구_상도전통시장,market
2026-03-13_15:30_노원구,2026-03-13,15:30,노원구,전통시장,상인;지역주민;생활권 유권자,전통시장;지역상권방문;오후;노원구;지역상권;생활밀착,26,정릉시장,성북구,market,0.473,성북구_정릉시장,market
2026-03-13_15:30_노원구,2026-03-13,15:30,노원구,전통시장,상인;지역주민;생활권 유권자,전통시장;지역상권방문;오후;노원구;지역상권;생활밀착,27,면목시장(골목형),중랑구,market,0.4729,중랑구_면목시장(골목형),market
2026-03-13_15:30_노원구,2026-03-13,15:30,노원구,전통시장,상인;지역주민;생활권 유권자,전통시장;지역상권방문;오후;노원구;지역상권;생활밀착,28,동묘시장,종로구,market,0.4726,종로구_동묘시장,market
2026-03-13_15:30_노원구,2026-03-13,15:30,노원구,전통시장,상인;지역주민;생활권 유권자,전통시장;지역상권방문;오후;노원구;지역상권;생활밀착,29,본동인정시장,동작구,market,0.4726,동작구_본동인정시장,market
2026-03-13_15:30_노원구,2026-03-13,15:30,노원구,전통시장,상인;지역주민;생활권 유권자,전통시장;지역상권방문;오후;노원구;지역상권;생활밀착,30,쌍문시장,도봉구,market,0.4726,도봉구_쌍문시장,market
2026-03-13_15:30_노원구,2026-03-13,15:30,노원구,전통시장,상인;지역주민;생활권 유권자,전통시장;지역상권방문;오후;노원구;지역상권;생활밀착,31,충무로 골목형상점가,중구,market,0.4726,중구_충무로_골목형상점가,market
2026-03-13_15:30_노원구,2026-03-13,15:30,노원구,전통시장,상인;지역주민;생활권 유권자,전통시장;지역상권방문;오후;노원구;지역상권;생활밀착,32,보라매다올길골목형상점가,동작구,market,0.4724,동작구_보라매다올길골목형상점가,market
2026-03-13_15:30_노원구,2026-03-13,15:30,노원구,전통시장,상인;지역주민;생활권 유권자,전통시장;지역상권방문;오후;노원구;지역상권;생활밀착,33,신내구길 골목형상점가,중랑구,market,0.4722,중랑구_신내구길_골목형상점가,market
2026-03-13_15:30_노원구,2026-03-13,15:30,노원구,전통시장,상인;지역주민;생활권 유권자,전통시장;지역상권방문;오후;노원구;지역상권;생활밀착,34,강북북부골목시장,강북구,market,0.4721,강북구_강북북부골목시장,market
2026-03-13_15:30_노원구,2026-03-13,15:30,노원구,전통시장,상인;지역주민;생활권 유권자,전통시장;지역상권방문;오후;노원구;지역상권;생활밀착,35,망원시장,마포구,market,0.4721,마포구_망원시장,market
2026-03-13_15:30_노원구,2026-03-13,15:30,노원구,전통시장,상인;지역주민;생활권 유권자,전통시장;지역상권방문;오후;노원구;지역상권;생활밀착,36,신당오길 골목형상점가,중구,market,0.472,중구_신당오길_골목형상점가,market
2026-03-13_15:30_노원구,2026-03-13,15:30,노원구,전통시장,상인;지역주민;생활권 유권자,전통시장;지역상권방문;오후;노원구;지역상권;생활밀착,37,창신골목시장,종로구,market,0.472,종로구_창신골목시장,market
2026-03-13_15:30_노원구,2026-03-13,15:30,노원구,전통시장,상인;지역주민;생활권 유권자,전통시장;지역상권방문;오후;노원구;지역상권;생활밀착,38,청량리종합시장,동대문구,market,0.472,동대문구_청량리종합시장,market
2026-03-13_15:30_노원구,2026-03-13,15:30,노원구,전통시장,상인;지역주민;생활권 유권자,전통시장;지역상권방문;오후;노원구;지역상권;생활밀착,39,포수말골목형상점가,은평구,market,0.4718,은평구_포수말골목형상점가,market
2026-03-13_15:30_노원구,2026-03-13,15:30,노원구,전통시장,상인;지역주민;생활권 유권자,전통시장;지역상권방문;오후;노원구;지역상권;생활밀착,40,미소상인회 골목형상점가,강북구,market,0.4717,강북구_미소상인회_골목형상점가,market
2026-03-13_15:30_노원구,2026-03-13,15:30,노원구,전통시장,상인;지역주민;생활권 유권자,전통시장;지역상권방문;오후;노원구;지역상권;생활밀착,41,삼성동시장,관악구,market,0.4717,관악구_삼성동시장,market
2026-03-13_15:30_노원구,2026-03-13,15:30,노원구,전통시장,상인;지역주민;생활권 유권자,전통시장;지역상권방문;오후;노원구;지역상권;생활밀착,42,신중앙시장,중구,market,0.4717,중구_신중앙시장,market
2026-03-13_15:30_노원구,2026-03-13,15:30,노원구,전통시장,상인;지역주민;생활권 유권자,전통시장;지역상권방문;오후;노원구;지역상권;생활밀착,43,화양제일골목시장,광진구,market,0.4717,광진구_화양제일골목시장,market
2026-03-13_15:30_노원구,2026-03-13,15:30,노원구,전통시장,상인;지역주민;생활권 유권자,전통시장;지역상권방문;오후;노원구;지역상권;생활밀착,44,동화동 골목형상점가,중구,market,0.4716,중구_동화동_골목형상점가,market
2026-03-13_15:30_노원구,2026-03-13,15:30,노원구,전통시장,상인;지역주민;생활권 유권자,전통시장;지역상권방문;오후;노원구;지역상권;생활밀착,45,송정역 카페거리 골목형상점가,강서구,market,0.4716,강서구_송정역_카페거리_골목형상점가,market
2026-03-13_15:30_노원구,2026-03-13,15:30,노원구,전통시장,상인;지역주민;생활권 유권자,전통시장;지역상권방문;오후;노원구;지역상권;생활밀착,46,창동신창시장,도봉구,market,0.4716,도봉구_창동신창시장,market
2026-03-13_15:30_노원구,2026-03-13,15:30,노원구,전통시장,상인;지역주민;생활권 유권자,전통시장;지역상권방문;오후;노원구;지역상권;생활밀착,47,회기역골목형상점가,동대문구,market,0.4716,동대문구_회기역골목형상점가,market
2026-03-13_15:30_노원구,2026-03-13,15:30,노원구,전통시장,상인;지역주민;생활권 유권자,전통시장;지역상권방문;오후;노원구;지역상권;생활밀착,48,세종마을음식문화거리,종로구,market,0.4714,종로구_세종마을음식문화거리,market
2026-03-13_15:30_노원구,2026-03-13,15:30,노원구,전통시장,상인;지역주민;생활권 유권자,전통시장;지역상권방문;오후;노원구;지역상권;생활밀착,49,정훈한마음골목시장,금천구,market,0.4713,금천구_정훈한마음골목시장,market
2026-03-13_15:30_노원구,2026-03-13,15:30,노원구,전통시장,상인;지역주민;생활권 유권자,전통시장;지역상권방문;오후;노원구;지역상권;생활밀착,50,청량리농수산물시장,동대문구,market,0.4713,동대문구_청량리농수산물시장,market
2026-03-16_13:00_구로구,2026-03-16,13:00,구로구,전통시장,상인;지역주민;생활권 유권자,전통시장;지역상권방문;오후;구로구;지역상권;생활밀착,1,남대문시장,중구,market,0.7056,중구_남대문시장,market
2026-03-16_13:00_구로구,2026-03-16,13:00,구로구,전통시장,상인;지역주민;생활권 유권자,전통시장;지역상권방문;오후;구로구;지역상권;생활밀착,2,동대문종합시장,종로구,market,0.6301,종로구_동대문종합시장,market
2026-03-16_13:00_구로구,2026-03-16,13:00,구로구,전통시장,상인;지역주민;생활권 유권자,전통시장;지역상권방문;오후;구로구;지역상권;생활밀착,3,장안 마실 골목형상점가,동대문구,market,0.6299,동대문구_장안_마실_골목형상점가,market
2026-03-16_13:00_구로구,2026-03-16,13:00,구로구,전통시장,상인;지역주민;생활권 유권자,전통시장;지역상권방문;오후;구로구;지역상권;생활밀착,4,오류버들시장 골목형상점가,구로구,market,0.4915,구로구_오류버들시장_골목형상점가,market
2026-03-16_13:00_구로구,2026-03-16,13:00,구로구,전통시장,상인;지역주민;생활권 유권자,전통시장;지역상권방문;오후;구로구;지역상권;생활밀착,5,남구로시장,구로구,market,0.4811,구로구_남구로시장,market
2026-03-16_13:00_구로구,2026-03-16,13:00,구로구,전통시장,상인;지역주민;생활권 유권자,전통시장;지역상권방문;오후;구로구;지역상권;생활밀착,6,그라운드고척 골목형상점가,구로구,market,0.4792,구로구_그라운드고척_골목형상점가,market
2026-03-16_13:00_구로구,2026-03-16,13:00,구로구,전통시장,상인;지역주민;생활권 유권자,전통시장;지역상권방문;오후;구로구;지역상권;생활밀착,7,구로시장,구로구,market,0.4737,구로구_구로시장,market
2026-03-16_13:00_구로구,2026-03-16,13:00,구로구,전통시장,상인;지역주민;생활권 유권자,전통시장;지역상권방문;오후;구로구;지역상권;생활밀착,8,가리봉시장,구로구,market,0.4705,구로구_가리봉시장,market
2026-03-16_13:00_구로구,2026-03-16,13:00,구로구,전통시장,상인;지역주민;생활권 유권자,전통시장;지역상권방문;오후;구로구;지역상권;생활밀착,9,고척근린시장,구로구,market,0.4696,구로구_고척근린시장,market
2026-03-16_13:00_구로구,2026-03-16,13:00,구로구,전통시장,상인;지역주민;생활권 유권자,전통시장;지역상권방문;오후;구로구;지역상권;생활밀착,10,개봉중앙 골목형상점가,구로구,market,0.4681,구로구_개봉중앙_골목형상점가,market
2026-03-16_13:00_구로구,2026-03-16,13:00,구로구,전통시장,상인;지역주민;생활권 유권자,전통시장;지역상권방문;오후;구로구;지역상권;생활밀착,11,강서행복한길골목형상점가,강서구,market,0.4681,강서구_강서행복한길골목형상점가,market
2026-03-16_13:00_구로구,2026-03-16,13:00,구로구,전통시장,상인;지역주민;생활권 유권자,전통시장;지역상권방문;오후;구로구;지역상권;생활밀착,12,수유전통시장,강북구,market,0.4681,강북구_수유전통시장,market
2026-03-16_13:00_구로구,2026-03-16,13:00,구로구,전통시장,상인;지역주민;생활권 유권자,전통시장;지역상권방문;오후;구로구;지역상권;생활밀착,13,명동남산골 골목형상점가,중구,market,0.468,중구_명동남산골_골목형상점가,market
2026-03-16_14:00_구로구,2026-03-16,14:00,구로구,복지시설,노년층;복지수요자;지역주민,복지시설;복지현장방문;오후;구로구;복지;노년층,1,성수1가2동노인복지관 대현분소,성동구,senior_friendly,0.9739,C0000006935,senior_friendly
2026-03-16_14:00_구로구,2026-03-16,14:00,구로구,복지시설,노년층;복지수요자;지역주민,복지시설;복지현장방문;오후;구로구;복지;노년층,2,강남구립 도곡1노인복지관,강남구,senior_friendly,0.9689,C0609608169,senior_friendly
2026-03-16_14:00_구로구,2026-03-16,14:00,구로구,복지시설,노년층;복지수요자;지역주민,복지시설;복지현장방문;오후;구로구;복지;노년층,3,강동구립 해공노인복지관,강동구,senior_friendly,0.9673,A5818,senior_friendly
2026-03-16_14:00_구로구,2026-03-16,14:00,구로구,복지시설,노년층;복지수요자;지역주민,복지시설;복지현장방문;오후;구로구;복지;노년층,4,구립 자양노인복지관,광진구,senior_friendly,0.964,C0608070655,senior_friendly
2026-03-16_14:00_구로구,2026-03-16,14:00,구로구,복지시설,노년층;복지수요자;지역주민,복지시설;복지현장방문;오후;구로구;복지;노년층,5,구립갈현노인복지관,은평구,senior_friendly,0.9624,A2247,senior_friendly
2026-03-16_14:00_구로구,2026-03-16,14:00,구로구,복지시설,노년층;복지수요자;지역주민,복지시설;복지현장방문;오후;구로구;복지;노년층,6,용강 노인복지관,마포구,senior_friendly,0.9607,G0811,senior_friendly
2026-03-16_14:00_구로구,2026-03-16,14:00,구로구,복지시설,노년층;복지수요자;지역주민,복지시설;복지현장방문;오후;구로구;복지;노년층,7,북가좌노인복지관,서대문구,senior_friendly,0.9607,A1599,senior_friendly
2026-03-16_14:00_구로구,2026-03-16,14:00,구로구,복지시설,노년층;복지수요자;지역주민,복지시설;복지현장방문;오후;구로구;복지;노년층,8,청파노인복지관,용산구,senior_friendly,0.9591,A4195,senior_friendly
2026-03-16_14:00_구로구,2026-03-16,14:00,구로구,복지시설,노년층;복지수요자;지역주민,복지시설;복지현장방문;오후;구로구;복지;노년층,9,약수노인복지관,중구,senior_friendly,0.9591,A2255,senior_friendly
2026-03-16_14:00_구로구,2026-03-16,14:00,구로구,복지시설,노년층;복지수요자;지역주민,복지시설;복지현장방문;오후;구로구;복지;노년층,10,구로노인종합복지관,구로구,senior_friendly,0.9351,A7146,senior_friendly
2026-03-16_14:00_구로구,2026-03-16,14:00,구로구,복지시설,노년층;복지수요자;지역주민,복지시설;복지현장방문;오후;구로구;복지;노년층,11,강북노인종합복지관,강북구,senior_friendly,0.9351,A1174,senior_friendly
2026-03-16_14:00_구로구,2026-03-16,14:00,구로구,복지시설,노년층;복지수요자;지역주민,복지시설;복지현장방문;오후;구로구;복지;노년층,12,관악노인종합복지관,관악구,senior_friendly,0.9351,A2776,senior_friendly
2026-03-16_14:00_구로구,2026-03-16,14:00,구로구,복지시설,노년층;복지수요자;지역주민,복지시설;복지현장방문;오후;구로구;복지;노년층,13,도봉노인종합복지관,도봉구,senior_friendly,0.9351,A5899,senior_friendly
2026-03-16_14:00_구로구,2026-03-16,14:00,구로구,복지시설,노년층;복지수요자;지역주민,복지시설;복지현장방문;오후;구로구;복지;노년층,14,문정노인종합복지관,송파구,senior_friendly,0.9351,C0608954445,senior_friendly
2026-03-16_14:00_구로구,2026-03-16,14:00,구로구,복지시설,노년층;복지수요자;지역주민,복지시설;복지현장방문;오후;구로구;복지;노년층,15,종로노인종합복지관,종로구,senior_friendly,0.9351,A3971,senior_friendly
2026-03-17_14:00_마포구,2026-03-17,14:00,마포구,전통시장,상인;지역주민;생활권 유권자,전통시장;지역상권방문;오후;마포구;지역상권;생활밀착,1,남대문시장,중구,market,0.7056,중구_남대문시장,market
2026-03-17_14:00_마포구,2026-03-17,14:00,마포구,전통시장,상인;지역주민;생활권 유권자,전통시장;지역상권방문;오후;마포구;지역상권;생활밀착,2,동대문종합시장,종로구,market,0.6301,종로구_동대문종합시장,market
2026-03-17_14:00_마포구,2026-03-17,14:00,마포구,전통시장,상인;지역주민;생활권 유권자,전통시장;지역상권방문;오후;마포구;지역상권;생활밀착,3,장안 마실 골목형상점가,동대문구,market,0.6299,동대문구_장안_마실_골목형상점가,market
2026-03-17_14:00_마포구,2026-03-17,14:00,마포구,전통시장,상인;지역주민;생활권 유권자,전통시장;지역상권방문;오후;마포구;지역상권;생활밀착,4,천호로데오거리상점가,강동구,market,0.5914,강동구_천호로데오거리상점가,market
2026-03-17_14:00_마포구,2026-03-17,14:00,마포구,전통시장,상인;지역주민;생활권 유권자,전통시장;지역상권방문;오후;마포구;지역상권;생활밀착,5,광장전통시장,종로구,market,0.5714,종로구_광장전통시장,market
2026-03-17_14:00_마포구,2026-03-17,14:00,마포구,전통시장,상인;지역주민;생활권 유권자,전통시장;지역상권방문;오후;마포구;지역상권;생활밀착,6,아현시장,마포구,market,0.4776,마포구_아현시장,market
2026-03-17_14:00_마포구,2026-03-17,14:00,마포구,전통시장,상인;지역주민;생활권 유권자,전통시장;지역상권방문;오후;마포구;지역상권;생활밀착,7,연남동골목형상점가,마포구,market,0.4764,마포구_연남동골목형상점가,market
2026-03-17_14:00_마포구,2026-03-17,14:00,마포구,전통시장,상인;지역주민;생활권 유권자,전통시장;지역상권방문;오후;마포구;지역상권;생활밀착,8,망원시장,마포구,market,0.4721,마포구_망원시장,market
2026-03-17_14:00_마포구,2026-03-17,14:00,마포구,전통시장,상인;지역주민;생활권 유권자,전통시장;지역상권방문;오후;마포구;지역상권;생활밀착,9,홍대레드로드골목형상점가,마포구,market,0.4699,마포구_홍대레드로드골목형상점가,market
2026-03-17_14:00_마포구,2026-03-17,14:00,마포구,전통시장,상인;지역주민;생활권 유권자,전통시장;지역상권방문;오후;마포구;지역상권;생활밀착,10,망원동월드컵시장,마포구,market,0.4684,마포구_망원동월드컵시장,market
2026-03-17_14:00_마포구,2026-03-17,14:00,마포구,전통시장,상인;지역주민;생활권 유권자,전통시장;지역상권방문;오후;마포구;지역상권;생활밀착,11,꿈의숲장곡골목형상점가,성북구,market,0.4684,성북구_꿈의숲장곡골목형상점가,market
2026-03-17_14:00_마포구,2026-03-17,14:00,마포구,전통시장,상인;지역주민;생활권 유권자,전통시장;지역상권방문;오후;마포구;지역상권;생활밀착,12,남이동길골목형상점가,서대문구,market,0.4684,서대문구_남이동길골목형상점가,market
2026-03-17_14:00_마포구,2026-03-17,14:00,마포구,전통시장,상인;지역주민;생활권 유권자,전통시장;지역상권방문;오후;마포구;지역상권;생활밀착,13,봉우시장 골목형상점가,중랑구,market,0.4684,중랑구_봉우시장_골목형상점가,market
2026-03-17_14:00_마포구,2026-03-17,14:00,마포구,전통시장,상인;지역주민;생활권 유권자,전통시장;지역상권방문;오후;마포구;지역상권;생활밀착,14,영천시장,서대문구,market,0.4684,서대문구_영천시장,market
2026-03-17_14:00_마포구,2026-03-17,14:00,마포구,전통시장,상인;지역주민;생활권 유권자,전통시장;지역상권방문;오후;마포구;지역상권;생활밀착,15,답십리현대시장,동대문구,market,0.4683,동대문구_답십리현대시장,market
2026-03-17_14:00_마포구,2026-03-17,14:00,마포구,전통시장,상인;지역주민;생활권 유권자,전통시장;지역상권방문;오후;마포구;지역상권;생활밀착,16,대림골목시장,은평구,market,0.4683,은평구_대림골목시장,market
2026-03-17_14:00_마포구,2026-03-17,14:00,마포구,전통시장,상인;지역주민;생활권 유권자,전통시장;지역상권방문;오후;마포구;지역상권;생활밀착,17,뚝도시장,성동구,market,0.4683,성동구_뚝도시장,market
2026-03-17_14:00_마포구,2026-03-17,14:00,마포구,전통시장,상인;지역주민;생활권 유권자,전통시장;지역상권방문;오후;마포구;지역상권;생활밀착,18,배밭골골목형상점가,성북구,market,0.4683,성북구_배밭골골목형상점가,market
2026-03-17_14:00_마포구,2026-03-17,14:00,마포구,전통시장,상인;지역주민;생활권 유권자,전통시장;지역상권방문;오후;마포구;지역상권;생활밀착,19,고분다리전통시장,강동구,market,0.4682,강동구_고분다리전통시장,market
2026-03-17_14:00_마포구,2026-03-17,14:00,마포구,전통시장,상인;지역주민;생활권 유권자,전통시장;지역상권방문;오후;마포구;지역상권;생활밀착,20,오목내길골목형상점가,양천구,market,0.4682,양천구_오목내길골목형상점가,market
2026-03-17_14:00_마포구,2026-03-17,14:00,마포구,전통시장,상인;지역주민;생활권 유권자,전통시장;지역상권방문;오후;마포구;지역상권;생활밀착,21,강서행복한길골목형상점가,강서구,market,0.4681,강서구_강서행복한길골목형상점가,market
2026-03-17_14:00_마포구,2026-03-17,14:00,마포구,전통시장,상인;지역주민;생활권 유권자,전통시장;지역상권방문;오후;마포구;지역상권;생활밀착,22,개봉중앙 골목형상점가,구로구,market,0.4681,구로구_개봉중앙_골목형상점가,market
2026-03-17_14:00_마포구,2026-03-17,14:00,마포구,전통시장,상인;지역주민;생활권 유권자,전통시장;지역상권방문;오후;마포구;지역상권;생활밀착,23,수유전통시장,강북구,market,0.4681,강북구_수유전통시장,market
2026-03-17_14:00_마포구,2026-03-17,14:00,마포구,전통시장,상인;지역주민;생활권 유권자,전통시장;지역상권방문;오후;마포구;지역상권;생활밀착,24,명동남산골 골목형상점가,중구,market,0.468,중구_명동남산골_골목형상점가,market
2026-03-19_10:00_송파구,2026-03-19,10:00,송파구,체육시설,생활체육 참여자;지역주민;일반시민,체육시설;체육행사;오전;송파구,1,신림,관악구,subway,0.9468,202602_2호선_신림,subway
2026-03-19_10:00_송파구,2026-03-19,10:00,송파구,체육시설,생활체육 참여자;지역주민;일반시민,체육시설;체육행사;오전;송파구,2,잠실(송파구청),송파구,subway,0.8013,202602_2호선_잠실(송파구청),subway
2026-03-19_10:00_송파구,2026-03-19,10:00,송파구,체육시설,생활체육 참여자;지역주민;일반시민,체육시설;체육행사;오전;송파구,3,서울역,중구,subway,0.7902,202602_1호선_서울역,subway
2026-03-19_10:00_송파구,2026-03-19,10:00,송파구,체육시설,생활체육 참여자;지역주민;일반시민,체육시설;체육행사;오전;송파구,4,구로디지털단지,구로구,subway,0.776,202602_2호선_구로디지털단지,subway
2026-03-19_10:00_송파구,2026-03-19,10:00,송파구,체육시설,생활체육 참여자;지역주민;일반시민,체육시설;체육행사;오전;송파구,5,서울대입구(관악구청),관악구,subway,0.7382,202602_2호선_서울대입구(관악구청),subway
2026-03-19_10:00_송파구,2026-03-19,10:00,송파구,체육시설,생활체육 참여자;지역주민;일반시민,체육시설;체육행사;오전;송파구,6,신도림,구로구,subway,0.7139,202602_2호선_신도림,subway
2026-03-19_10:00_송파구,2026-03-19,10:00,송파구,체육시설,생활체육 참여자;지역주민;일반시민,체육시설;체육행사;오전;송파구,7,연신내,은평구,subway,0.667,202602_3호선_연신내,subway
2026-03-19_10:00_송파구,2026-03-19,10:00,송파구,체육시설,생활체육 참여자;지역주민;일반시민,체육시설;체육행사;오전;송파구,8,까치산,강서구,subway,0.6301,202602_5호선_까치산,subway
2026-03-19_10:00_송파구,2026-03-19,10:00,송파구,체육시설,생활체육 참여자;지역주민;일반시민,체육시설;체육행사;오전;송파구,9,화곡,강서구,subway,0.6251,202602_5호선_화곡,subway
2026-03-19_10:00_송파구,2026-03-19,10:00,송파구,체육시설,생활체육 참여자;지역주민;일반시민,체육시설;체육행사;오전;송파구,10,쌍문,도봉구,subway,0.623,202602_4호선_쌍문,subway
2026-03-19_10:00_송파구,2026-03-19,10:00,송파구,체육시설,생활체육 참여자;지역주민;일반시민,체육시설;체육행사;오전;송파구,11,수유(강북구청),강북구,subway,0.6126,202602_4호선_수유(강북구청),subway
2026-03-19_10:00_송파구,2026-03-19,10:00,송파구,체육시설,생활체육 참여자;지역주민;일반시민,체육시설;체육행사;오전;송파구,12,홍대입구,마포구,subway,0.5848,202602_2호선_홍대입구,subway
2026-03-19_10:00_송파구,2026-03-19,10:00,송파구,체육시설,생활체육 참여자;지역주민;일반시민,체육시설;체육행사;오전;송파구,13,신대방,동작구,subway,0.5796,202602_2호선_신대방,subway
2026-03-19_10:00_송파구,2026-03-19,10:00,송파구,체육시설,생활체육 참여자;지역주민;일반시민,체육시설;체육행사;오전;송파구,14,낙성대(강감찬),관악구,subway,0.5749,202602_2호선_낙성대(강감찬),subway
2026-03-19_10:00_송파구,2026-03-19,10:00,송파구,체육시설,생활체육 참여자;지역주민;일반시민,체육시설;체육행사;오전;송파구,15,사당,동작구,subway,0.5744,202602_2호선_사당,subway
2026-03-19_10:00_송파구,2026-03-19,10:00,송파구,체육시설,생활체육 참여자;지역주민;일반시민,체육시설;체육행사;오전;송파구,16,구의(광진구청),광진구,subway,0.5673,202602_2호선_구의(광진구청),subway
2026-03-19_10:00_송파구,2026-03-19,10:00,송파구,체육시설,생활체육 참여자;지역주민;일반시민,체육시설;체육행사;오전;송파구,17,부천,,subway,0.5664,202602_경인선_부천,subway
2026-03-19_10:00_송파구,2026-03-19,10:00,송파구,체육시설,생활체육 참여자;지역주민;일반시민,체육시설;체육행사;오전;송파구,18,역곡,,subway,0.5647,202602_경인선_역곡,subway
2026-03-19_10:00_송파구,2026-03-19,10:00,송파구,체육시설,생활체육 참여자;지역주민;일반시민,체육시설;체육행사;오전;송파구,19,봉천,관악구,subway,0.561,202602_2호선_봉천,subway
2026-03-19_10:00_송파구,2026-03-19,10:00,송파구,체육시설,생활체육 참여자;지역주민;일반시민,체육시설;체육행사;오전;송파구,20,강남,강남구,subway,0.554,202602_2호선_강남,subway
2026-03-19_10:00_송파구,2026-03-19,10:00,송파구,체육시설,생활체육 참여자;지역주민;일반시민,체육시설;체육행사;오전;송파구,21,범계,,subway,0.5379,202602_과천선_범계,subway
2026-03-19_10:00_송파구,2026-03-19,10:00,송파구,체육시설,생활체육 참여자;지역주민;일반시민,체육시설;체육행사;오전;송파구,22,개봉,,subway,0.5331,202602_경인선_개봉,subway
2026-03-19_10:00_송파구,2026-03-19,10:00,송파구,체육시설,생활체육 참여자;지역주민;일반시민,체육시설;체육행사;오전;송파구,23,금정,,subway,0.5323,202602_경부선_금정,subway
2026-03-19_10:00_송파구,2026-03-19,10:00,송파구,체육시설,생활체육 참여자;지역주민;일반시민,체육시설;체육행사;오전;송파구,24,미아사거리,,subway,0.5321,202602_4호선_미아사거리,subway
2026-03-19_10:00_송파구,2026-03-19,10:00,송파구,체육시설,생활체육 참여자;지역주민;일반시민,체육시설;체육행사;오전;송파구,25,강변(동서울터미널),,subway,0.5297,202602_2호선_강변(동서울터미널),subway
2026-03-19_10:00_송파구,2026-03-19,10:00,송파구,체육시설,생활체육 참여자;지역주민;일반시민,체육시설;체육행사;오전;송파구,26,수원,,subway,0.523,202602_경부선_수원,subway
2026-03-19_10:00_송파구,2026-03-19,10:00,송파구,체육시설,생활체육 참여자;지역주민;일반시민,체육시설;체육행사;오전;송파구,27,송내,,subway,0.5226,202602_경인선_송내,subway
2026-03-19_10:00_송파구,2026-03-19,10:00,송파구,체육시설,생활체육 참여자;지역주민;일반시민,체육시설;체육행사;오전;송파구,28,창동,,subway,0.5223,202602_4호선_창동,subway
2026-03-19_10:00_송파구,2026-03-19,10:00,송파구,체육시설,생활체육 참여자;지역주민;일반시민,체육시설;체육행사;오전;송파구,29,부평,,subway,0.5208,202602_경인선_부평,subway
2026-03-19_10:00_송파구,2026-03-19,10:00,송파구,체육시설,생활체육 참여자;지역주민;일반시민,체육시설;체육행사;오전;송파구,30,대림(구로구청),구로구,subway,0.5172,202602_2호선_대림(구로구청),subway
2026-03-19_10:00_송파구,2026-03-19,10:00,송파구,체육시설,생활체육 참여자;지역주민;일반시민,체육시설;체육행사;오전;송파구,31,건대입구,광진구,subway,0.5155,202602_2호선_건대입구,subway
2026-03-19_10:00_송파구,2026-03-19,10:00,송파구,체육시설,생활체육 참여자;지역주민;일반시민,체육시설;체육행사;오전;송파구,32,광명사거리,,subway,0.5149,202602_7호선_광명사거리,subway
2026-03-19_10:00_송파구,2026-03-19,10:00,송파구,체육시설,생활체육 참여자;지역주민;일반시민,체육시설;체육행사;오전;송파구,33,철산,,subway,0.5142,202602_7호선_철산,subway
2026-03-19_10:00_송파구,2026-03-19,10:00,송파구,체육시설,생활체육 참여자;지역주민;일반시민,체육시설;체육행사;오전;송파구,34,노량진,,subway,0.5103,202602_9호선_노량진,subway
2026-03-19_10:00_송파구,2026-03-19,10:00,송파구,체육시설,생활체육 참여자;지역주민;일반시민,체육시설;체육행사;오전;송파구,35,길음,,subway,0.508,202602_4호선_길음,subway
2026-03-19_10:00_송파구,2026-03-19,10:00,송파구,체육시설,생활체육 참여자;지역주민;일반시민,체육시설;체육행사;오전;송파구,36,구파발,,subway,0.5022,202602_3호선_구파발,subway
2026-03-19_10:00_송파구,2026-03-19,10:00,송파구,체육시설,생활체육 참여자;지역주민;일반시민,체육시설;체육행사;오전;송파구,37,고속터미널,서초구,subway,0.4976,202602_3호선_고속터미널,subway
2026-03-19_10:00_송파구,2026-03-19,10:00,송파구,체육시설,생활체육 참여자;지역주민;일반시민,체육시설;체육행사;오전;송파구,38,안양,,subway,0.4939,202602_경부선_안양,subway
2026-03-19_10:00_송파구,2026-03-19,10:00,송파구,체육시설,생활체육 참여자;지역주민;일반시민,체육시설;체육행사;오전;송파구,39,염창,,subway,0.4918,202602_9호선_염창,subway
2026-03-19_10:00_송파구,2026-03-19,10:00,송파구,체육시설,생활체육 참여자;지역주민;일반시민,체육시설;체육행사;오전;송파구,40,인덕원,,subway,0.4902,202602_과천선_인덕원,subway
2026-03-19_10:00_송파구,2026-03-19,10:00,송파구,체육시설,생활체육 참여자;지역주민;일반시민,체육시설;체육행사;오전;송파구,41,가양,,subway,0.4861,202602_9호선_가양,subway
2026-03-19_10:00_송파구,2026-03-19,10:00,송파구,체육시설,생활체육 참여자;지역주민;일반시민,체육시설;체육행사;오전;송파구,42,상계,,subway,0.4845,202602_4호선_상계,subway
2026-03-19_10:00_송파구,2026-03-19,10:00,송파구,체육시설,생활체육 참여자;지역주민;일반시민,체육시설;체육행사;오전;송파구,43,삼송,,subway,0.483,202602_일산선_삼송,subway
2026-03-19_10:00_송파구,2026-03-19,10:00,송파구,체육시설,생활체육 참여자;지역주민;일반시민,체육시설;체육행사;오전;송파구,44,응암,,subway,0.4783,202602_6호선_응암,subway
2026-03-19_10:00_송파구,2026-03-19,10:00,송파구,체육시설,생활체육 참여자;지역주민;일반시민,체육시설;체육행사;오전;송파구,45,회기,,subway,0.4749,202602_중앙선_회기,subway
2026-03-19_10:00_송파구,2026-03-19,10:00,송파구,체육시설,생활체육 참여자;지역주민;일반시민,체육시설;체육행사;오전;송파구,46,영등포,영등포구,subway,0.4735,202602_경부선_영등포,subway
2026-03-19_10:00_송파구,2026-03-19,10:00,송파구,체육시설,생활체육 참여자;지역주민;일반시민,체육시설;체육행사;오전;송파구,47,잠실새내,,subway,0.4725,202602_2호선_잠실새내,subway
2026-03-19_10:00_송파구,2026-03-19,10:00,송파구,체육시설,생활체육 참여자;지역주민;일반시민,체육시설;체육행사;오전;송파구,48,홍제,,subway,0.4585,202602_3호선_홍제,subway
2026-03-19_10:00_송파구,2026-03-19,10:00,송파구,체육시설,생활체육 참여자;지역주민;일반시민,체육시설;체육행사;오전;송파구,49,암사,,subway,0.4559,202602_8호선_암사,subway
2026-03-19_10:00_송파구,2026-03-19,10:00,송파구,체육시설,생활체육 참여자;지역주민;일반시민,체육시설;체육행사;오전;송파구,50,용산,용산구,subway,0.4554,202602_경부선_용산,subway
2026-03-24_17:00_광화문,2026-03-24,17:00,광화문,교통거점,직장인;퇴근길 유권자;일반시민,교통거점;퇴근인사;저녁;광화문;퇴근시간,1,서울역,중구,subway,0.9642,202602_1호선_서울역,subway
2026-03-24_17:00_광화문,2026-03-24,17:00,광화문,교통거점,직장인;퇴근길 유권자;일반시민,교통거점;퇴근인사;저녁;광화문;퇴근시간,2,잠실(송파구청),송파구,subway,0.9611,202602_2호선_잠실(송파구청),subway
2026-03-24_17:00_광화문,2026-03-24,17:00,광화문,교통거점,직장인;퇴근길 유권자;일반시민,교통거점;퇴근인사;저녁;광화문;퇴근시간,3,강남,강남구,subway,0.9318,202602_2호선_강남,subway
2026-03-24_17:00_광화문,2026-03-24,17:00,광화문,교통거점,직장인;퇴근길 유권자;일반시민,교통거점;퇴근인사;저녁;광화문;퇴근시간,4,홍대입구,마포구,subway,0.8656,202602_2호선_홍대입구,subway
2026-03-24_17:00_광화문,2026-03-24,17:00,광화문,교통거점,직장인;퇴근길 유권자;일반시민,교통거점;퇴근인사;저녁;광화문;퇴근시간,5,고속터미널,서초구,subway,0.8161,202602_3호선_고속터미널,subway
2026-03-24_17:00_광화문,2026-03-24,17:00,광화문,교통거점,직장인;퇴근길 유권자;일반시민,교통거점;퇴근인사;저녁;광화문;퇴근시간,6,삼성(무역센터),강남구,subway,0.7312,202602_2호선_삼성(무역센터),subway
2026-03-24_17:00_광화문,2026-03-24,17:00,광화문,교통거점,직장인;퇴근길 유권자;일반시민,교통거점;퇴근인사;저녁;광화문;퇴근시간,7,성수,성동구,subway,0.7287,202602_2호선_성수,subway
2026-03-24_17:00_광화문,2026-03-24,17:00,광화문,교통거점,직장인;퇴근길 유권자;일반시민,교통거점;퇴근인사;저녁;광화문;퇴근시간,8,선릉,강남구,subway,0.7238,202602_2호선_선릉,subway
2026-03-24_17:00_광화문,2026-03-24,17:00,광화문,교통거점,직장인;퇴근길 유권자;일반시민,교통거점;퇴근인사;저녁;광화문;퇴근시간,9,용산,용산구,subway,0.7194,202602_경부선_용산,subway
2026-03-24_17:00_광화문,2026-03-24,17:00,광화문,교통거점,직장인;퇴근길 유권자;일반시민,교통거점;퇴근인사;저녁;광화문;퇴근시간,10,구로디지털단지,구로구,subway,0.6961,202602_2호선_구로디지털단지,subway
2026-03-24_17:00_광화문,2026-03-24,17:00,광화문,교통거점,직장인;퇴근길 유권자;일반시민,교통거점;퇴근인사;저녁;광화문;퇴근시간,11,신림,관악구,subway,0.6921,202602_2호선_신림,subway
2026-03-24_17:00_광화문,2026-03-24,17:00,광화문,교통거점,직장인;퇴근길 유권자;일반시민,교통거점;퇴근인사;저녁;광화문;퇴근시간,12,을지로입구,중구,subway,0.6806,202602_2호선_을지로입구,subway
2026-03-24_17:00_광화문,2026-03-24,17:00,광화문,교통거점,직장인;퇴근길 유권자;일반시민,교통거점;퇴근인사;저녁;광화문;퇴근시간,13,신도림,구로구,subway,0.6595,202602_2호선_신도림,subway
2026-03-24_17:00_광화문,2026-03-24,17:00,광화문,교통거점,직장인;퇴근길 유권자;일반시민,교통거점;퇴근인사;저녁;광화문;퇴근시간,14,영등포,영등포구,subway,0.6567,202602_경부선_영등포,subway
2026-03-24_17:00_광화문,2026-03-24,17:00,광화문,교통거점,직장인;퇴근길 유권자;일반시민,교통거점;퇴근인사;저녁;광화문;퇴근시간,15,역삼,강남구,subway,0.6459,202602_2호선_역삼,subway
2026-03-24_17:00_광화문,2026-03-24,17:00,광화문,교통거점,직장인;퇴근길 유권자;일반시민,교통거점;퇴근인사;저녁;광화문;퇴근시간,16,서울대입구(관악구청),관악구,subway,0.628,202602_2호선_서울대입구(관악구청),subway
2026-03-24_17:00_광화문,2026-03-24,17:00,광화문,교통거점,직장인;퇴근길 유권자;일반시민,교통거점;퇴근인사;저녁;광화문;퇴근시간,17,수원,,subway,0.6164,202602_경부선_수원,subway
2026-03-24_17:00_광화문,2026-03-24,17:00,광화문,교통거점,직장인;퇴근길 유권자;일반시민,교통거점;퇴근인사;저녁;광화문;퇴근시간,18,종각,종로구,subway,0.5903,202602_1호선_종각,subway
2026-03-24_17:00_광화문,2026-03-24,17:00,광화문,교통거점,직장인;퇴근길 유권자;일반시민,교통거점;퇴근인사;저녁;광화문;퇴근시간,19,가산디지털단지,금천구,subway,0.586,202602_7호선_가산디지털단지,subway
2026-03-24_17:00_광화문,2026-03-24,17:00,광화문,교통거점,직장인;퇴근길 유권자;일반시민,교통거점;퇴근인사;저녁;광화문;퇴근시간,20,사당,동작구,subway,0.5846,202602_2호선_사당,subway
2026-03-24_17:00_광화문,2026-03-24,17:00,광화문,교통거점,직장인;퇴근길 유권자;일반시민,교통거점;퇴근인사;저녁;광화문;퇴근시간,21,신촌,,subway,0.5808,202602_2호선_신촌,subway
2026-03-24_17:00_광화문,2026-03-24,17:00,광화문,교통거점,직장인;퇴근길 유권자;일반시민,교통거점;퇴근인사;저녁;광화문;퇴근시간,22,혜화,종로구,subway,0.5759,202602_4호선_혜화,subway
2026-03-24_17:00_광화문,2026-03-24,17:00,광화문,교통거점,직장인;퇴근길 유권자;일반시민,교통거점;퇴근인사;저녁;광화문;퇴근시간,23,명동,중구,subway,0.5738,202602_4호선_명동,subway
2026-03-24_17:00_광화문,2026-03-24,17:00,광화문,교통거점,직장인;퇴근길 유권자;일반시민,교통거점;퇴근인사;저녁;광화문;퇴근시간,24,연신내,은평구,subway,0.5711,202602_3호선_연신내,subway
2026-03-24_17:00_광화문,2026-03-24,17:00,광화문,교통거점,직장인;퇴근길 유권자;일반시민,교통거점;퇴근인사;저녁;광화문;퇴근시간,25,회현(남대문시장),,subway,0.5558,202602_4호선_회현(남대문시장),subway
2026-03-24_17:00_광화문,2026-03-24,17:00,광화문,교통거점,직장인;퇴근길 유권자;일반시민,교통거점;퇴근인사;저녁;광화문;퇴근시간,26,남부터미널(예술의전당),,subway,0.5541,202602_3호선_남부터미널(예술의전당),subway
2026-03-24_17:00_광화문,2026-03-24,17:00,광화문,교통거점,직장인;퇴근길 유권자;일반시민,교통거점;퇴근인사;저녁;광화문;퇴근시간,27,건대입구,광진구,subway,0.5488,202602_2호선_건대입구,subway
2026-03-24_17:00_광화문,2026-03-24,17:00,광화문,교통거점,직장인;퇴근길 유권자;일반시민,교통거점;퇴근인사;저녁;광화문;퇴근시간,28,양재(서초구청),서초구,subway,0.5482,202602_3호선_양재(서초구청),subway
2026-03-24_17:00_광화문,2026-03-24,17:00,광화문,교통거점,직장인;퇴근길 유권자;일반시민,교통거점;퇴근인사;저녁;광화문;퇴근시간,29,광화문(세종문화회관),,subway,0.5464,202602_5호선_광화문(세종문화회관),subway
2026-03-24_17:00_광화문,2026-03-24,17:00,광화문,교통거점,직장인;퇴근길 유권자;일반시민,교통거점;퇴근인사;저녁;광화문;퇴근시간,30,안국,,subway,0.545,202602_3호선_안국,subway
2026-03-24_17:00_광화문,2026-03-24,17:00,광화문,교통거점,직장인;퇴근길 유권자;일반시민,교통거점;퇴근인사;저녁;광화문;퇴근시간,31,수유(강북구청),강북구,subway,0.5395,202602_4호선_수유(강북구청),subway
2026-03-24_17:00_광화문,2026-03-24,17:00,광화문,교통거점,직장인;퇴근길 유권자;일반시민,교통거점;퇴근인사;저녁;광화문;퇴근시간,32,부천,,subway,0.5328,202602_경인선_부천,subway
2026-03-24_17:00_광화문,2026-03-24,17:00,광화문,교통거점,직장인;퇴근길 유권자;일반시민,교통거점;퇴근인사;저녁;광화문;퇴근시간,33,종로3가,,subway,0.5286,202602_1호선_종로3가,subway
2026-03-24_17:00_광화문,2026-03-24,17:00,광화문,교통거점,직장인;퇴근길 유권자;일반시민,교통거점;퇴근인사;저녁;광화문;퇴근시간,34,압구정,압구,subway,0.5273,202602_3호선_압구정,subway
2026-03-24_17:00_광화문,2026-03-24,17:00,광화문,교통거점,직장인;퇴근길 유권자;일반시민,교통거점;퇴근인사;저녁;광화문;퇴근시간,35,종로5가,,subway,0.5253,202602_1호선_종로5가,subway
2026-03-24_17:00_광화문,2026-03-24,17:00,광화문,교통거점,직장인;퇴근길 유권자;일반시민,교통거점;퇴근인사;저녁;광화문;퇴근시간,36,청량리(서울시립대입구),서울시립대입구,subway,0.5223,202602_1호선_청량리(서울시립대입구),subway
2026-03-24_17:00_광화문,2026-03-24,17:00,광화문,교통거점,직장인;퇴근길 유권자;일반시민,교통거점;퇴근인사;저녁;광화문;퇴근시간,37,부평,,subway,0.5188,202602_경인선_부평,subway
2026-03-24_17:00_광화문,2026-03-24,17:00,광화문,교통거점,직장인;퇴근길 유권자;일반시민,교통거점;퇴근인사;저녁;광화문;퇴근시간,38,경복궁(정부서울청사),,subway,0.5131,202602_3호선_경복궁(정부서울청사),subway
2026-03-24_17:00_광화문,2026-03-24,17:00,광화문,교통거점,직장인;퇴근길 유권자;일반시민,교통거점;퇴근인사;저녁;광화문;퇴근시간,39,여의도,영등포구,subway,0.5131,202602_9호선_여의도,subway
2026-03-24_17:00_광화문,2026-03-24,17:00,광화문,교통거점,직장인;퇴근길 유권자;일반시민,교통거점;퇴근인사;저녁;광화문;퇴근시간,40,신논현,,subway,0.5119,202602_9호선_신논현,subway
2026-03-24_17:00_광화문,2026-03-24,17:00,광화문,교통거점,직장인;퇴근길 유권자;일반시민,교통거점;퇴근인사;저녁;광화문;퇴근시간,41,창동,,subway,0.5047,202602_4호선_창동,subway
2026-03-24_17:00_광화문,2026-03-24,17:00,광화문,교통거점,직장인;퇴근길 유권자;일반시민,교통거점;퇴근인사;저녁;광화문;퇴근시간,42,교대(법원.검찰청),,subway,0.504,202602_2호선_교대(법원.검찰청),subway
2026-03-24_17:00_광화문,2026-03-24,17:00,광화문,교통거점,직장인;퇴근길 유권자;일반시민,교통거점;퇴근인사;저녁;광화문;퇴근시간,43,강변(동서울터미널),,subway,0.4969,202602_2호선_강변(동서울터미널),subway
2026-03-24_17:00_광화문,2026-03-24,17:00,광화문,교통거점,직장인;퇴근길 유권자;일반시민,교통거점;퇴근인사;저녁;광화문;퇴근시간,44,충무로,,subway,0.492,202602_4호선_충무로,subway
2026-03-24_17:00_광화문,2026-03-24,17:00,광화문,교통거점,직장인;퇴근길 유권자;일반시민,교통거점;퇴근인사;저녁;광화문;퇴근시간,45,합정,마포구,subway,0.4906,202602_2호선_합정,subway
2026-03-24_17:00_광화문,2026-03-24,17:00,광화문,교통거점,직장인;퇴근길 유권자;일반시민,교통거점;퇴근인사;저녁;광화문;퇴근시간,46,쌍문,도봉구,subway,0.4837,202602_4호선_쌍문,subway
2026-03-24_17:00_광화문,2026-03-24,17:00,광화문,교통거점,직장인;퇴근길 유권자;일반시민,교통거점;퇴근인사;저녁;광화문;퇴근시간,47,범계,,subway,0.4824,202602_과천선_범계,subway
2026-03-24_17:00_광화문,2026-03-24,17:00,광화문,교통거점,직장인;퇴근길 유권자;일반시민,교통거점;퇴근인사;저녁;광화문;퇴근시간,48,동대문,,subway,0.4821,202602_4호선_동대문,subway
2026-03-24_17:00_광화문,2026-03-24,17:00,광화문,교통거점,직장인;퇴근길 유권자;일반시민,교통거점;퇴근인사;저녁;광화문;퇴근시간,49,시청,,subway,0.4795,202602_1호선_시청,subway
2026-03-24_17:00_광화문,2026-03-24,17:00,광화문,교통거점,직장인;퇴근길 유권자;일반시민,교통거점;퇴근인사;저녁;광화문;퇴근시간,50,구의(광진구청),광진구,subway,0.4793,202602_2호선_구의(광진구청),subway
2026-03-24_17:40_종로구,2026-03-24,17:40,종로구,골목상권,상인;지역주민;생활권 유권자,골목상권;지역상권방문;저녁;종로구;지역상권;생활밀착,1,동대문종합시장,종로구,market,0.6301,종로구_동대문종합시장,market
2026-03-24_17:40_종로구,2026-03-24,17:40,종로구,골목상권,상인;지역주민;생활권 유권자,골목상권;지역상권방문;저녁;종로구;지역상권;생활밀착,2,광장전통시장,종로구,market,0.5714,종로구_광장전통시장,market
2026-03-24_17:40_종로구,2026-03-24,17:40,종로구,골목상권,상인;지역주민;생활권 유권자,골목상권;지역상권방문;저녁;종로구;지역상권;생활밀착,3,광장시장,종로구,market,0.5254,종로구_광장시장,market
2026-03-24_17:40_종로구,2026-03-24,17:40,종로구,골목상권,상인;지역주민;생활권 유권자,골목상권;지역상권방문;저녁;종로구;지역상권;생활밀착,4,동대문종합시장D동,종로구,market,0.4968,종로구_동대문종합시장D동,market
2026-03-24_17:40_종로구,2026-03-24,17:40,종로구,골목상권,상인;지역주민;생활권 유권자,골목상권;지역상권방문;저녁;종로구;지역상권;생활밀착,5,동대문문구?완구거리,종로구,market,0.4736,종로구_동대문문구?완구거리,market
2026-03-24_17:40_종로구,2026-03-24,17:40,종로구,골목상권,상인;지역주민;생활권 유권자,골목상권;지역상권방문;저녁;종로구;지역상권;생활밀착,6,동묘시장,종로구,market,0.4726,종로구_동묘시장,market
2026-03-24_17:40_종로구,2026-03-24,17:40,종로구,골목상권,상인;지역주민;생활권 유권자,골목상권;지역상권방문;저녁;종로구;지역상권;생활밀착,7,창신골목시장,종로구,market,0.472,종로구_창신골목시장,market
2026-03-24_17:40_종로구,2026-03-24,17:40,종로구,골목상권,상인;지역주민;생활권 유권자,골목상권;지역상권방문;저녁;종로구;지역상권;생활밀착,8,세종마을음식문화거리,종로구,market,0.4714,종로구_세종마을음식문화거리,market
2026-03-24_17:40_종로구,2026-03-24,17:40,종로구,골목상권,상인;지역주민;생활권 유권자,골목상권;지역상권방문;저녁;종로구;지역상권;생활밀착,9,북촌계동길 골목형상점가,종로구,market,0.4713,종로구_북촌계동길_골목형상점가,market
2026-03-24_17:40_종로구,2026-03-24,17:40,종로구,골목상권,상인;지역주민;생활권 유권자,골목상권;지역상권방문;저녁;종로구;지역상권;생활밀착,10,통인시장,종로구,market,0.4694,종로구_통인시장,market
2026-03-24_17:40_종로구,2026-03-24,17:40,종로구,골목상권,상인;지역주민;생활권 유권자,골목상권;지역상권방문;저녁;종로구;지역상권;생활밀착,11,창동골목시장,도봉구,market,0.4694,도봉구_창동골목시장,market
2026-03-24_17:40_종로구,2026-03-24,17:40,종로구,골목상권,상인;지역주민;생활권 유권자,골목상권;지역상권방문;저녁;종로구;지역상권;생활밀착,12,사당1동먹자골목상점가,동작구,market,0.4692,동작구_사당1동먹자골목상점가,market
2026-03-24_17:40_종로구,2026-03-24,17:40,종로구,골목상권,상인;지역주민;생활권 유권자,골목상권;지역상권방문;저녁;종로구;지역상권;생활밀착,13,삼청정독길 골목형상점가,종로구,market,0.4692,종로구_삼청정독길_골목형상점가,market
2026-03-24_17:40_종로구,2026-03-24,17:40,종로구,골목상권,상인;지역주민;생활권 유권자,골목상권;지역상권방문;저녁;종로구;지역상권;생활밀착,14,회기시장,동대문구,market,0.4692,동대문구_회기시장,market
2026-03-24_17:40_종로구,2026-03-24,17:40,종로구,골목상권,상인;지역주민;생활권 유권자,골목상권;지역상권방문;저녁;종로구;지역상권;생활밀착,15,답십리시장,동대문구,market,0.469,동대문구_답십리시장,market
2026-03-24_17:40_종로구,2026-03-24,17:40,종로구,골목상권,상인;지역주민;생활권 유권자,골목상권;지역상권방문;저녁;종로구;지역상권;생활밀착,16,장위전통시장,성북구,market,0.4689,성북구_장위전통시장,market
2026-03-24_17:40_종로구,2026-03-24,17:40,종로구,골목상권,상인;지역주민;생활권 유권자,골목상권;지역상권방문;저녁;종로구;지역상권;생활밀착,17,목사랑시장,양천구,market,0.4688,양천구_목사랑시장,market
2026-03-24_17:40_종로구,2026-03-24,17:40,종로구,골목상권,상인;지역주민;생활권 유권자,골목상권;지역상권방문;저녁;종로구;지역상권;생활밀착,18,성내전통시장,강동구,market,0.4688,강동구_성내전통시장,market
2026-03-24_17:40_종로구,2026-03-24,17:40,종로구,골목상권,상인;지역주민;생활권 유권자,골목상권;지역상권방문;저녁;종로구;지역상권;생활밀착,19,장미원골목시장,강북구,market,0.4688,강북구_장미원골목시장,market
2026-03-24_17:40_종로구,2026-03-24,17:40,종로구,골목상권,상인;지역주민;생활권 유권자,골목상권;지역상권방문;저녁;종로구;지역상권;생활밀착,20,장미제일시장,중랑구,market,0.4688,중랑구_장미제일시장,market
2026-03-24_17:40_종로구,2026-03-24,17:40,종로구,골목상권,상인;지역주민;생활권 유권자,골목상권;지역상권방문;저녁;종로구;지역상권;생활밀착,21,노량진 만나로 골목형상점가,동작구,market,0.4687,동작구_노량진_만나로_골목형상점가,market
2026-03-24_17:40_종로구,2026-03-24,17:40,종로구,골목상권,상인;지역주민;생활권 유권자,골목상권;지역상권방문;저녁;종로구;지역상권;생활밀착,22,월정로시장,양천구,market,0.4687,양천구_월정로시장,market
2026-03-24_17:40_종로구,2026-03-24,17:40,종로구,골목상권,상인;지역주민;생활권 유권자,골목상권;지역상권방문;저녁;종로구;지역상권;생활밀착,23,장미꽃빛거리 골목형상점가,중랑구,market,0.4687,중랑구_장미꽃빛거리_골목형상점가,market
2026-03-24_17:40_종로구,2026-03-24,17:40,종로구,골목상권,상인;지역주민;생활권 유권자,골목상권;지역상권방문;저녁;종로구;지역상권;생활밀착,24,선유로운골목형상점가,영등포구,market,0.4686,영등포구_선유로운골목형상점가,market
2026-03-24_17:40_종로구,2026-03-24,17:40,종로구,골목상권,상인;지역주민;생활권 유권자,골목상권;지역상권방문;저녁;종로구;지역상권;생활밀착,25,화곡본동시장,강서구,market,0.4685,강서구_화곡본동시장,market
2026-03-24_17:40_종로구,2026-03-24,17:40,종로구,골목상권,상인;지역주민;생활권 유권자,골목상권;지역상권방문;저녁;종로구;지역상권;생활밀착,26,꿈의숲장곡골목형상점가,성북구,market,0.4684,성북구_꿈의숲장곡골목형상점가,market
2026-03-24_17:40_종로구,2026-03-24,17:40,종로구,골목상권,상인;지역주민;생활권 유권자,골목상권;지역상권방문;저녁;종로구;지역상권;생활밀착,27,남이동길골목형상점가,서대문구,market,0.4684,서대문구_남이동길골목형상점가,market
2026-03-24_17:40_종로구,2026-03-24,17:40,종로구,골목상권,상인;지역주민;생활권 유권자,골목상권;지역상권방문;저녁;종로구;지역상권;생활밀착,28,망원동월드컵시장,마포구,market,0.4684,마포구_망원동월드컵시장,market
2026-03-24_17:40_종로구,2026-03-24,17:40,종로구,골목상권,상인;지역주민;생활권 유권자,골목상권;지역상권방문;저녁;종로구;지역상권;생활밀착,29,봉우시장 골목형상점가,중랑구,market,0.4684,중랑구_봉우시장_골목형상점가,market
2026-03-24_17:40_종로구,2026-03-24,17:40,종로구,골목상권,상인;지역주민;생활권 유권자,골목상권;지역상권방문;저녁;종로구;지역상권;생활밀착,30,영천시장,서대문구,market,0.4684,서대문구_영천시장,market
2026-03-24_17:40_종로구,2026-03-24,17:40,종로구,골목상권,상인;지역주민;생활권 유권자,골목상권;지역상권방문;저녁;종로구;지역상권;생활밀착,31,답십리현대시장,동대문구,market,0.4683,동대문구_답십리현대시장,market
2026-03-24_17:40_종로구,2026-03-24,17:40,종로구,골목상권,상인;지역주민;생활권 유권자,골목상권;지역상권방문;저녁;종로구;지역상권;생활밀착,32,대림골목시장,은평구,market,0.4683,은평구_대림골목시장,market
2026-03-24_17:40_종로구,2026-03-24,17:40,종로구,골목상권,상인;지역주민;생활권 유권자,골목상권;지역상권방문;저녁;종로구;지역상권;생활밀착,33,뚝도시장,성동구,market,0.4683,성동구_뚝도시장,market
2026-03-24_17:40_종로구,2026-03-24,17:40,종로구,골목상권,상인;지역주민;생활권 유권자,골목상권;지역상권방문;저녁;종로구;지역상권;생활밀착,34,배밭골골목형상점가,성북구,market,0.4683,성북구_배밭골골목형상점가,market
2026-03-24_17:40_종로구,2026-03-24,17:40,종로구,골목상권,상인;지역주민;생활권 유권자,골목상권;지역상권방문;저녁;종로구;지역상권;생활밀착,35,고분다리전통시장,강동구,market,0.4682,강동구_고분다리전통시장,market
2026-03-24_17:40_종로구,2026-03-24,17:40,종로구,골목상권,상인;지역주민;생활권 유권자,골목상권;지역상권방문;저녁;종로구;지역상권;생활밀착,36,오목내길골목형상점가,양천구,market,0.4682,양천구_오목내길골목형상점가,market
2026-03-24_17:40_종로구,2026-03-24,17:40,종로구,골목상권,상인;지역주민;생활권 유권자,골목상권;지역상권방문;저녁;종로구;지역상권;생활밀착,37,강서행복한길골목형상점가,강서구,market,0.4681,강서구_강서행복한길골목형상점가,market
2026-03-24_17:40_종로구,2026-03-24,17:40,종로구,골목상권,상인;지역주민;생활권 유권자,골목상권;지역상권방문;저녁;종로구;지역상권;생활밀착,38,개봉중앙 골목형상점가,구로구,market,0.4681,구로구_개봉중앙_골목형상점가,market
2026-03-24_17:40_종로구,2026-03-24,17:40,종로구,골목상권,상인;지역주민;생활권 유권자,골목상권;지역상권방문;저녁;종로구;지역상권;생활밀착,39,수유전통시장,강북구,market,0.4681,강북구_수유전통시장,market
2026-03-24_17:40_종로구,2026-03-24,17:40,종로구,골목상권,상인;지역주민;생활권 유권자,골목상권;지역상권방문;저녁;종로구;지역상권;생활밀착,40,명동남산골 골목형상점가,중구,market,0.468,중구_명동남산골_골목형상점가,market
2026-03-25_17:20_광진구,2026-03-25,17:20,광진구,골목상권,상인;지역주민;생활권 유권자,골목상권;지역상권방문;저녁;광진구;지역상권;생활밀착,1,남대문시장,중구,market,0.7056,중구_남대문시장,market
2026-03-25_17:20_광진구,2026-03-25,17:20,광진구,골목상권,상인;지역주민;생활권 유권자,골목상권;지역상권방문;저녁;광진구;지역상권;생활밀착,2,동대문종합시장,종로구,market,0.6301,종로구_동대문종합시장,market
2026-03-25_17:20_광진구,2026-03-25,17:20,광진구,골목상권,상인;지역주민;생활권 유권자,골목상권;지역상권방문;저녁;광진구;지역상권;생활밀착,3,신성전통시장,광진구,market,0.477,광진구_신성전통시장,market
2026-03-25_17:20_광진구,2026-03-25,17:20,광진구,골목상권,상인;지역주민;생활권 유권자,골목상권;지역상권방문;저녁;광진구;지역상권;생활밀착,4,자양전통시장,광진구,market,0.4758,광진구_자양전통시장,market
2026-03-25_17:20_광진구,2026-03-25,17:20,광진구,골목상권,상인;지역주민;생활권 유권자,골목상권;지역상권방문;저녁;광진구;지역상권;생활밀착,5,중곡제일골목시장,광진구,market,0.4754,광진구_중곡제일골목시장,market
2026-03-25_17:20_광진구,2026-03-25,17:20,광진구,골목상권,상인;지역주민;생활권 유권자,골목상권;지역상권방문;저녁;광진구;지역상권;생활밀착,6,건리단길골목형상점가,광진구,market,0.4751,광진구_건리단길골목형상점가,market
2026-03-25_17:20_광진구,2026-03-25,17:20,광진구,골목상권,상인;지역주민;생활권 유권자,골목상권;지역상권방문;저녁;광진구;지역상권;생활밀착,7,자양15번가 골목형상점가,광진구,market,0.475,광진구_자양15번가_골목형상점가,market
2026-03-25_17:20_광진구,2026-03-25,17:20,광진구,골목상권,상인;지역주민;생활권 유권자,골목상권;지역상권방문;저녁;광진구;지역상권;생활밀착,8,화양제일골목시장,광진구,market,0.4717,광진구_화양제일골목시장,market
2026-03-25_17:20_광진구,2026-03-25,17:20,광진구,골목상권,상인;지역주민;생활권 유권자,골목상권;지역상권방문;저녁;광진구;지역상권;생활밀착,9,자양한강전통시장,광진구,market,0.4712,광진구_자양한강전통시장,market
2026-03-25_17:20_광진구,2026-03-25,17:20,광진구,골목상권,상인;지역주민;생활권 유권자,골목상권;지역상권방문;저녁;광진구;지역상권;생활밀착,10,영동교골목시장,광진구,market,0.4712,광진구_영동교골목시장,market
2026-03-25_17:20_광진구,2026-03-25,17:20,광진구,골목상권,상인;지역주민;생활권 유권자,골목상권;지역상권방문;저녁;광진구;지역상권;생활밀착,11,답십리건축자재시장,동대문구,market,0.4712,동대문구_답십리건축자재시장,market
2026-03-25_17:20_광진구,2026-03-25,17:20,광진구,골목상권,상인;지역주민;생활권 유권자,골목상권;지역상권방문;저녁;광진구;지역상권;생활밀착,12,청량리청과물시장,동대문구,market,0.4712,동대문구_청량리청과물시장,market
2026-03-25_17:20_광진구,2026-03-25,17:20,광진구,골목상권,상인;지역주민;생활권 유권자,골목상권;지역상권방문;저녁;광진구;지역상권;생활밀착,13,공항대로 골목형상점가,강서구,market,0.471,강서구_공항대로_골목형상점가,market
2026-03-25_17:20_광진구,2026-03-25,17:20,광진구,골목상권,상인;지역주민;생활권 유권자,골목상권;지역상권방문;저녁;광진구;지역상권;생활밀착,14,우이골목시장골목형상점가,강북구,market,0.471,강북구_우이골목시장골목형상점가,market
2026-03-25_17:20_광진구,2026-03-25,17:20,광진구,골목상권,상인;지역주민;생활권 유권자,골목상권;지역상권방문;저녁;광진구;지역상권;생활밀착,15,조원동펭귄시장,관악구,market,0.471,관악구_조원동펭귄시장,market
2026-03-25_17:20_광진구,2026-03-25,17:20,광진구,골목상권,상인;지역주민;생활권 유권자,골목상권;지역상권방문;저녁;광진구;지역상권;생활밀착,16,대조시장,은평구,market,0.4709,은평구_대조시장,market
2026-03-25_17:20_광진구,2026-03-25,17:20,광진구,골목상권,상인;지역주민;생활권 유권자,골목상권;지역상권방문;저녁;광진구;지역상권;생활밀착,17,방신전통시장,강서구,market,0.4709,강서구_방신전통시장,market
2026-03-25_17:20_광진구,2026-03-25,17:20,광진구,골목상권,상인;지역주민;생활권 유권자,골목상권;지역상권방문;저녁;광진구;지역상권;생활밀착,18,신영시장,양천구,market,0.4709,양천구_신영시장,market
2026-03-25_17:20_광진구,2026-03-25,17:20,광진구,골목상권,상인;지역주민;생활권 유권자,골목상권;지역상권방문;저녁;광진구;지역상권;생활밀착,19,인수로골목형상점가,강북구,market,0.4709,강북구_인수로골목형상점가,market
2026-03-25_17:20_광진구,2026-03-25,17:20,광진구,골목상권,상인;지역주민;생활권 유권자,골목상권;지역상권방문;저녁;광진구;지역상권;생활밀착,20,영등포전통시장,영등포구,market,0.4708,영등포구_영등포전통시장,market
2026-03-25_17:20_광진구,2026-03-25,17:20,광진구,골목상권,상인;지역주민;생활권 유권자,골목상권;지역상권방문;저녁;광진구;지역상권;생활밀착,21,경동광성상가,동대문구,market,0.4707,동대문구_경동광성상가,market
2026-03-25_17:20_광진구,2026-03-25,17:20,광진구,골목상권,상인;지역주민;생활권 유권자,골목상권;지역상권방문;저녁;광진구;지역상권;생활밀착,22,금남시장,성동구,market,0.4707,성동구_금남시장,market
2026-03-25_17:20_광진구,2026-03-25,17:20,광진구,골목상권,상인;지역주민;생활권 유권자,골목상권;지역상권방문;저녁;광진구;지역상권;생활밀착,23,성북천골목형상점가,성북구,market,0.4707,성북구_성북천골목형상점가,market
2026-03-25_17:20_광진구,2026-03-25,17:20,광진구,골목상권,상인;지역주민;생활권 유권자,골목상권;지역상권방문;저녁;광진구;지역상권;생활밀착,24,신대방1동 온누리길 골목형상점가,동작구,market,0.4707,동작구_신대방1동_온누리길_골목형상점가,market
2026-03-25_17:20_광진구,2026-03-25,17:20,광진구,골목상권,상인;지역주민;생활권 유권자,골목상권;지역상권방문;저녁;광진구;지역상권;생활밀착,25,남성역골목시장,동작구,market,0.4706,동작구_남성역골목시장,market
2026-03-25_17:20_광진구,2026-03-25,17:20,광진구,골목상권,상인;지역주민;생활권 유권자,골목상권;지역상권방문;저녁;광진구;지역상권;생활밀착,26,사가정51길 골목형상점가,중랑구,market,0.4706,중랑구_사가정51길_골목형상점가,market
2026-03-25_17:20_광진구,2026-03-25,17:20,광진구,골목상권,상인;지역주민;생활권 유권자,골목상권;지역상권방문;저녁;광진구;지역상권;생활밀착,27,청량리수산시장,동대문구,market,0.4706,동대문구_청량리수산시장,market
2026-03-25_17:20_광진구,2026-03-25,17:20,광진구,골목상권,상인;지역주민;생활권 유권자,골목상권;지역상권방문;저녁;광진구;지역상권;생활밀착,28,가리봉시장,구로구,market,0.4705,구로구_가리봉시장,market
2026-03-25_17:20_광진구,2026-03-25,17:20,광진구,골목상권,상인;지역주민;생활권 유권자,골목상권;지역상권방문;저녁;광진구;지역상권;생활밀착,29,돌곶이시장,성북구,market,0.4704,성북구_돌곶이시장,market
2026-03-25_17:20_광진구,2026-03-25,17:20,광진구,골목상권,상인;지역주민;생활권 유권자,골목상권;지역상권방문;저녁;광진구;지역상권;생활밀착,30,백운시장,도봉구,market,0.4704,도봉구_백운시장,market
2026-03-25_17:20_광진구,2026-03-25,17:20,광진구,골목상권,상인;지역주민;생활권 유권자,골목상권;지역상권방문;저녁;광진구;지역상권;생활밀착,31,관악신사시장,관악구,market,0.4703,관악구_관악신사시장,market
2026-03-25_17:20_광진구,2026-03-25,17:20,광진구,골목상권,상인;지역주민;생활권 유권자,골목상권;지역상권방문;저녁;광진구;지역상권;생활밀착,32,목동깨비시장,양천구,market,0.4702,양천구_목동깨비시장,market
2026-03-25_17:20_광진구,2026-03-25,17:20,광진구,골목상권,상인;지역주민;생활권 유권자,골목상권;지역상권방문;저녁;광진구;지역상권;생활밀착,33,수유재래시장,강북구,market,0.4702,강북구_수유재래시장,market
2026-03-25_17:20_광진구,2026-03-25,17:20,광진구,골목상권,상인;지역주민;생활권 유권자,골목상권;지역상권방문;저녁;광진구;지역상권;생활밀착,34,중랑동부시장,중랑구,market,0.4702,중랑구_중랑동부시장,market
2026-03-25_17:20_광진구,2026-03-25,17:20,광진구,골목상권,상인;지역주민;생활권 유권자,골목상권;지역상권방문;저녁;광진구;지역상권;생활밀착,35,공항골목시장 골목형상점가,강서구,market,0.4701,강서구_공항골목시장_골목형상점가,market
2026-03-25_17:20_광진구,2026-03-25,17:20,광진구,골목상권,상인;지역주민;생활권 유권자,골목상권;지역상권방문;저녁;광진구;지역상권;생활밀착,36,묵동도깨비시장 골목형상점가,중랑구,market,0.4701,중랑구_묵동도깨비시장_골목형상점가,market
2026-03-25_17:20_광진구,2026-03-25,17:20,광진구,골목상권,상인;지역주민;생활권 유권자,골목상권;지역상권방문;저녁;광진구;지역상권;생활밀착,37,솔샘시장 골목형상점가,강북구,market,0.4701,강북구_솔샘시장_골목형상점가,market
2026-03-25_17:20_광진구,2026-03-25,17:20,광진구,골목상권,상인;지역주민;생활권 유권자,골목상권;지역상권방문;저녁;광진구;지역상권;생활밀착,38,화곡중앙시장,강서구,market,0.4701,강서구_화곡중앙시장,market
2026-03-25_17:20_광진구,2026-03-25,17:20,광진구,골목상권,상인;지역주민;생활권 유권자,골목상권;지역상권방문;저녁;광진구;지역상권;생활밀착,39,인헌시장,관악구,market,0.4699,관악구_인헌시장,market
2026-03-25_17:20_광진구,2026-03-25,17:20,광진구,골목상권,상인;지역주민;생활권 유권자,골목상권;지역상권방문;저녁;광진구;지역상권;생활밀착,40,태능 골목형상점가,중랑구,market,0.4699,중랑구_태능_골목형상점가,market
2026-03-25_17:20_광진구,2026-03-25,17:20,광진구,골목상권,상인;지역주민;생활권 유권자,골목상권;지역상권방문;저녁;광진구;지역상권;생활밀착,41,홍대레드로드골목형상점가,마포구,market,0.4699,마포구_홍대레드로드골목형상점가,market
2026-03-25_17:20_광진구,2026-03-25,17:20,광진구,골목상권,상인;지역주민;생활권 유권자,골목상권;지역상권방문;저녁;광진구;지역상권;생활밀착,42,둔촌역전통시장,강동구,market,0.4698,강동구_둔촌역전통시장,market
2026-03-25_17:20_광진구,2026-03-25,17:20,광진구,골목상권,상인;지역주민;생활권 유권자,골목상권;지역상권방문;저녁;광진구;지역상권;생활밀착,43,포방터시장,서대문구,market,0.4698,서대문구_포방터시장,market
2026-03-25_17:20_광진구,2026-03-25,17:20,광진구,골목상권,상인;지역주민;생활권 유권자,골목상권;지역상권방문;저녁;광진구;지역상권;생활밀착,44,봉제산길 골목형상점가,강서구,market,0.4697,강서구_봉제산길_골목형상점가,market
2026-03-25_17:20_광진구,2026-03-25,17:20,광진구,골목상권,상인;지역주민;생활권 유권자,골목상권;지역상권방문;저녁;광진구;지역상권;생활밀착,45,고척근린시장,구로구,market,0.4696,구로구_고척근린시장,market
2026-03-25_17:20_광진구,2026-03-25,17:20,광진구,골목상권,상인;지역주민;생활권 유권자,골목상권;지역상권방문;저녁;광진구;지역상권;생활밀착,46,대림중앙시장,영등포구,market,0.4696,영등포구_대림중앙시장,market
2026-03-25_17:20_광진구,2026-03-25,17:20,광진구,골목상권,상인;지역주민;생활권 유권자,골목상권;지역상권방문;저녁;광진구;지역상권;생활밀착,47,목2동시장,양천구,market,0.4695,양천구_목2동시장,market
2026-03-25_17:20_광진구,2026-03-25,17:20,광진구,골목상권,상인;지역주민;생활권 유권자,골목상권;지역상권방문;저녁;광진구;지역상권;생활밀착,48,우리시장,영등포구,market,0.4695,영등포구_우리시장,market
2026-03-25_17:20_광진구,2026-03-25,17:20,광진구,골목상권,상인;지역주민;생활권 유권자,골목상권;지역상권방문;저녁;광진구;지역상권;생활밀착,49,이촌종합시장,용산구,market,0.4695,용산구_이촌종합시장,market
2026-03-25_17:20_광진구,2026-03-25,17:20,광진구,골목상권,상인;지역주민;생활권 유권자,골목상권;지역상권방문;저녁;광진구;지역상권;생활밀착,50,정릉서경대길골목형상점가,성북구,market,0.4695,성북구_정릉서경대길골목형상점가,market
2026-03-25_18:15_광진구,2026-03-25,18:15,광진구,골목상권,상인;지역주민;생활권 유권자,골목상권;지역상권방문;저녁;광진구;지역상권;생활밀착,1,남대문시장,중구,market,0.7056,중구_남대문시장,market
2026-03-25_18:15_광진구,2026-03-25,18:15,광진구,골목상권,상인;지역주민;생활권 유권자,골목상권;지역상권방문;저녁;광진구;지역상권;생활밀착,2,동대문종합시장,종로구,market,0.6301,종로구_동대문종합시장,market
2026-03-25_18:15_광진구,2026-03-25,18:15,광진구,골목상권,상인;지역주민;생활권 유권자,골목상권;지역상권방문;저녁;광진구;지역상권;생활밀착,3,신성전통시장,광진구,market,0.477,광진구_신성전통시장,market
2026-03-25_18:15_광진구,2026-03-25,18:15,광진구,골목상권,상인;지역주민;생활권 유권자,골목상권;지역상권방문;저녁;광진구;지역상권;생활밀착,4,자양전통시장,광진구,market,0.4758,광진구_자양전통시장,market
2026-03-25_18:15_광진구,2026-03-25,18:15,광진구,골목상권,상인;지역주민;생활권 유권자,골목상권;지역상권방문;저녁;광진구;지역상권;생활밀착,5,중곡제일골목시장,광진구,market,0.4754,광진구_중곡제일골목시장,market
2026-03-25_18:15_광진구,2026-03-25,18:15,광진구,골목상권,상인;지역주민;생활권 유권자,골목상권;지역상권방문;저녁;광진구;지역상권;생활밀착,6,건리단길골목형상점가,광진구,market,0.4751,광진구_건리단길골목형상점가,market
2026-03-25_18:15_광진구,2026-03-25,18:15,광진구,골목상권,상인;지역주민;생활권 유권자,골목상권;지역상권방문;저녁;광진구;지역상권;생활밀착,7,자양15번가 골목형상점가,광진구,market,0.475,광진구_자양15번가_골목형상점가,market
2026-03-25_18:15_광진구,2026-03-25,18:15,광진구,골목상권,상인;지역주민;생활권 유권자,골목상권;지역상권방문;저녁;광진구;지역상권;생활밀착,8,화양제일골목시장,광진구,market,0.4717,광진구_화양제일골목시장,market
2026-03-25_18:15_광진구,2026-03-25,18:15,광진구,골목상권,상인;지역주민;생활권 유권자,골목상권;지역상권방문;저녁;광진구;지역상권;생활밀착,9,자양한강전통시장,광진구,market,0.4712,광진구_자양한강전통시장,market
2026-03-25_18:15_광진구,2026-03-25,18:15,광진구,골목상권,상인;지역주민;생활권 유권자,골목상권;지역상권방문;저녁;광진구;지역상권;생활밀착,10,영동교골목시장,광진구,market,0.4712,광진구_영동교골목시장,market
2026-03-25_18:15_광진구,2026-03-25,18:15,광진구,골목상권,상인;지역주민;생활권 유권자,골목상권;지역상권방문;저녁;광진구;지역상권;생활밀착,11,답십리건축자재시장,동대문구,market,0.4712,동대문구_답십리건축자재시장,market
2026-03-25_18:15_광진구,2026-03-25,18:15,광진구,골목상권,상인;지역주민;생활권 유권자,골목상권;지역상권방문;저녁;광진구;지역상권;생활밀착,12,청량리청과물시장,동대문구,market,0.4712,동대문구_청량리청과물시장,market
2026-03-25_18:15_광진구,2026-03-25,18:15,광진구,골목상권,상인;지역주민;생활권 유권자,골목상권;지역상권방문;저녁;광진구;지역상권;생활밀착,13,공항대로 골목형상점가,강서구,market,0.471,강서구_공항대로_골목형상점가,market
2026-03-25_18:15_광진구,2026-03-25,18:15,광진구,골목상권,상인;지역주민;생활권 유권자,골목상권;지역상권방문;저녁;광진구;지역상권;생활밀착,14,우이골목시장골목형상점가,강북구,market,0.471,강북구_우이골목시장골목형상점가,market
2026-03-25_18:15_광진구,2026-03-25,18:15,광진구,골목상권,상인;지역주민;생활권 유권자,골목상권;지역상권방문;저녁;광진구;지역상권;생활밀착,15,조원동펭귄시장,관악구,market,0.471,관악구_조원동펭귄시장,market
2026-03-25_18:15_광진구,2026-03-25,18:15,광진구,골목상권,상인;지역주민;생활권 유권자,골목상권;지역상권방문;저녁;광진구;지역상권;생활밀착,16,대조시장,은평구,market,0.4709,은평구_대조시장,market
2026-03-25_18:15_광진구,2026-03-25,18:15,광진구,골목상권,상인;지역주민;생활권 유권자,골목상권;지역상권방문;저녁;광진구;지역상권;생활밀착,17,방신전통시장,강서구,market,0.4709,강서구_방신전통시장,market
2026-03-25_18:15_광진구,2026-03-25,18:15,광진구,골목상권,상인;지역주민;생활권 유권자,골목상권;지역상권방문;저녁;광진구;지역상권;생활밀착,18,신영시장,양천구,market,0.4709,양천구_신영시장,market
2026-03-25_18:15_광진구,2026-03-25,18:15,광진구,골목상권,상인;지역주민;생활권 유권자,골목상권;지역상권방문;저녁;광진구;지역상권;생활밀착,19,인수로골목형상점가,강북구,market,0.4709,강북구_인수로골목형상점가,market
2026-03-25_18:15_광진구,2026-03-25,18:15,광진구,골목상권,상인;지역주민;생활권 유권자,골목상권;지역상권방문;저녁;광진구;지역상권;생활밀착,20,영등포전통시장,영등포구,market,0.4708,영등포구_영등포전통시장,market
2026-03-25_18:15_광진구,2026-03-25,18:15,광진구,골목상권,상인;지역주민;생활권 유권자,골목상권;지역상권방문;저녁;광진구;지역상권;생활밀착,21,경동광성상가,동대문구,market,0.4707,동대문구_경동광성상가,market
2026-03-25_18:15_광진구,2026-03-25,18:15,광진구,골목상권,상인;지역주민;생활권 유권자,골목상권;지역상권방문;저녁;광진구;지역상권;생활밀착,22,금남시장,성동구,market,0.4707,성동구_금남시장,market
2026-03-25_18:15_광진구,2026-03-25,18:15,광진구,골목상권,상인;지역주민;생활권 유권자,골목상권;지역상권방문;저녁;광진구;지역상권;생활밀착,23,성북천골목형상점가,성북구,market,0.4707,성북구_성북천골목형상점가,market
2026-03-25_18:15_광진구,2026-03-25,18:15,광진구,골목상권,상인;지역주민;생활권 유권자,골목상권;지역상권방문;저녁;광진구;지역상권;생활밀착,24,신대방1동 온누리길 골목형상점가,동작구,market,0.4707,동작구_신대방1동_온누리길_골목형상점가,market
2026-03-25_18:15_광진구,2026-03-25,18:15,광진구,골목상권,상인;지역주민;생활권 유권자,골목상권;지역상권방문;저녁;광진구;지역상권;생활밀착,25,남성역골목시장,동작구,market,0.4706,동작구_남성역골목시장,market
2026-03-25_18:15_광진구,2026-03-25,18:15,광진구,골목상권,상인;지역주민;생활권 유권자,골목상권;지역상권방문;저녁;광진구;지역상권;생활밀착,26,사가정51길 골목형상점가,중랑구,market,0.4706,중랑구_사가정51길_골목형상점가,market
2026-03-25_18:15_광진구,2026-03-25,18:15,광진구,골목상권,상인;지역주민;생활권 유권자,골목상권;지역상권방문;저녁;광진구;지역상권;생활밀착,27,청량리수산시장,동대문구,market,0.4706,동대문구_청량리수산시장,market
2026-03-25_18:15_광진구,2026-03-25,18:15,광진구,골목상권,상인;지역주민;생활권 유권자,골목상권;지역상권방문;저녁;광진구;지역상권;생활밀착,28,가리봉시장,구로구,market,0.4705,구로구_가리봉시장,market
2026-03-25_18:15_광진구,2026-03-25,18:15,광진구,골목상권,상인;지역주민;생활권 유권자,골목상권;지역상권방문;저녁;광진구;지역상권;생활밀착,29,돌곶이시장,성북구,market,0.4704,성북구_돌곶이시장,market
2026-03-25_18:15_광진구,2026-03-25,18:15,광진구,골목상권,상인;지역주민;생활권 유권자,골목상권;지역상권방문;저녁;광진구;지역상권;생활밀착,30,백운시장,도봉구,market,0.4704,도봉구_백운시장,market
2026-03-25_18:15_광진구,2026-03-25,18:15,광진구,골목상권,상인;지역주민;생활권 유권자,골목상권;지역상권방문;저녁;광진구;지역상권;생활밀착,31,관악신사시장,관악구,market,0.4703,관악구_관악신사시장,market
2026-03-25_18:15_광진구,2026-03-25,18:15,광진구,골목상권,상인;지역주민;생활권 유권자,골목상권;지역상권방문;저녁;광진구;지역상권;생활밀착,32,목동깨비시장,양천구,market,0.4702,양천구_목동깨비시장,market
2026-03-25_18:15_광진구,2026-03-25,18:15,광진구,골목상권,상인;지역주민;생활권 유권자,골목상권;지역상권방문;저녁;광진구;지역상권;생활밀착,33,수유재래시장,강북구,market,0.4702,강북구_수유재래시장,market
2026-03-25_18:15_광진구,2026-03-25,18:15,광진구,골목상권,상인;지역주민;생활권 유권자,골목상권;지역상권방문;저녁;광진구;지역상권;생활밀착,34,중랑동부시장,중랑구,market,0.4702,중랑구_중랑동부시장,market
2026-03-25_18:15_광진구,2026-03-25,18:15,광진구,골목상권,상인;지역주민;생활권 유권자,골목상권;지역상권방문;저녁;광진구;지역상권;생활밀착,35,공항골목시장 골목형상점가,강서구,market,0.4701,강서구_공항골목시장_골목형상점가,market
2026-03-25_18:15_광진구,2026-03-25,18:15,광진구,골목상권,상인;지역주민;생활권 유권자,골목상권;지역상권방문;저녁;광진구;지역상권;생활밀착,36,묵동도깨비시장 골목형상점가,중랑구,market,0.4701,중랑구_묵동도깨비시장_골목형상점가,market
2026-03-25_18:15_광진구,2026-03-25,18:15,광진구,골목상권,상인;지역주민;생활권 유권자,골목상권;지역상권방문;저녁;광진구;지역상권;생활밀착,37,솔샘시장 골목형상점가,강북구,market,0.4701,강북구_솔샘시장_골목형상점가,market
2026-03-25_18:15_광진구,2026-03-25,18:15,광진구,골목상권,상인;지역주민;생활권 유권자,골목상권;지역상권방문;저녁;광진구;지역상권;생활밀착,38,화곡중앙시장,강서구,market,0.4701,강서구_화곡중앙시장,market
2026-03-25_18:15_광진구,2026-03-25,18:15,광진구,골목상권,상인;지역주민;생활권 유권자,골목상권;지역상권방문;저녁;광진구;지역상권;생활밀착,39,인헌시장,관악구,market,0.4699,관악구_인헌시장,market
2026-03-25_18:15_광진구,2026-03-25,18:15,광진구,골목상권,상인;지역주민;생활권 유권자,골목상권;지역상권방문;저녁;광진구;지역상권;생활밀착,40,태능 골목형상점가,중랑구,market,0.4699,중랑구_태능_골목형상점가,market
2026-03-25_18:15_광진구,2026-03-25,18:15,광진구,골목상권,상인;지역주민;생활권 유권자,골목상권;지역상권방문;저녁;광진구;지역상권;생활밀착,41,홍대레드로드골목형상점가,마포구,market,0.4699,마포구_홍대레드로드골목형상점가,market
2026-03-25_18:15_광진구,2026-03-25,18:15,광진구,골목상권,상인;지역주민;생활권 유권자,골목상권;지역상권방문;저녁;광진구;지역상권;생활밀착,42,둔촌역전통시장,강동구,market,0.4698,강동구_둔촌역전통시장,market
2026-03-25_18:15_광진구,2026-03-25,18:15,광진구,골목상권,상인;지역주민;생활권 유권자,골목상권;지역상권방문;저녁;광진구;지역상권;생활밀착,43,포방터시장,서대문구,market,0.4698,서대문구_포방터시장,market
2026-03-25_18:15_광진구,2026-03-25,18:15,광진구,골목상권,상인;지역주민;생활권 유권자,골목상권;지역상권방문;저녁;광진구;지역상권;생활밀착,44,봉제산길 골목형상점가,강서구,market,0.4697,강서구_봉제산길_골목형상점가,market
2026-03-25_18:15_광진구,2026-03-25,18:15,광진구,골목상권,상인;지역주민;생활권 유권자,골목상권;지역상권방문;저녁;광진구;지역상권;생활밀착,45,고척근린시장,구로구,market,0.4696,구로구_고척근린시장,market
2026-03-25_18:15_광진구,2026-03-25,18:15,광진구,골목상권,상인;지역주민;생활권 유권자,골목상권;지역상권방문;저녁;광진구;지역상권;생활밀착,46,대림중앙시장,영등포구,market,0.4696,영등포구_대림중앙시장,market
2026-03-25_18:15_광진구,2026-03-25,18:15,광진구,골목상권,상인;지역주민;생활권 유권자,골목상권;지역상권방문;저녁;광진구;지역상권;생활밀착,47,목2동시장,양천구,market,0.4695,양천구_목2동시장,market
2026-03-25_18:15_광진구,2026-03-25,18:15,광진구,골목상권,상인;지역주민;생활권 유권자,골목상권;지역상권방문;저녁;광진구;지역상권;생활밀착,48,우리시장,영등포구,market,0.4695,영등포구_우리시장,market
2026-03-25_18:15_광진구,2026-03-25,18:15,광진구,골목상권,상인;지역주민;생활권 유권자,골목상권;지역상권방문;저녁;광진구;지역상권;생활밀착,49,이촌종합시장,용산구,market,0.4695,용산구_이촌종합시장,market
2026-03-25_18:15_광진구,2026-03-25,18:15,광진구,골목상권,상인;지역주민;생활권 유권자,골목상권;지역상권방문;저녁;광진구;지역상권;생활밀착,50,정릉서경대길골목형상점가,성북구,market,0.4695,성북구_정릉서경대길골목형상점가,market
2026-03-26_16:00_관악구,2026-03-26,16:00,관악구,공원,지역주민;가족단위;일반시민,공원;방문인사;오후;관악구,1,서울역,중구,subway,0.9642,202602_1호선_서울역,subway
2026-03-26_16:00_관악구,2026-03-26,16:00,관악구,공원,지역주민;가족단위;일반시민,공원;방문인사;오후;관악구,2,잠실(송파구청),송파구,subway,0.9611,202602_2호선_잠실(송파구청),subway
2026-03-26_16:00_관악구,2026-03-26,16:00,관악구,공원,지역주민;가족단위;일반시민,공원;방문인사;오후;관악구,3,강남,강남구,subway,0.9318,202602_2호선_강남,subway
2026-03-26_16:00_관악구,2026-03-26,16:00,관악구,공원,지역주민;가족단위;일반시민,공원;방문인사;오후;관악구,4,홍대입구,마포구,subway,0.8656,202602_2호선_홍대입구,subway
2026-03-26_16:00_관악구,2026-03-26,16:00,관악구,공원,지역주민;가족단위;일반시민,공원;방문인사;오후;관악구,5,고속터미널,서초구,subway,0.8161,202602_3호선_고속터미널,subway
2026-03-26_16:00_관악구,2026-03-26,16:00,관악구,공원,지역주민;가족단위;일반시민,공원;방문인사;오후;관악구,6,삼성(무역센터),강남구,subway,0.7312,202602_2호선_삼성(무역센터),subway
2026-03-26_16:00_관악구,2026-03-26,16:00,관악구,공원,지역주민;가족단위;일반시민,공원;방문인사;오후;관악구,7,신림,관악구,subway,0.6921,202602_2호선_신림,subway
2026-03-26_16:00_관악구,2026-03-26,16:00,관악구,공원,지역주민;가족단위;일반시민,공원;방문인사;오후;관악구,8,서울대입구(관악구청),관악구,subway,0.628,202602_2호선_서울대입구(관악구청),subway
2026-03-26_16:00_관악구,2026-03-26,16:00,관악구,공원,지역주민;가족단위;일반시민,공원;방문인사;오후;관악구,9,낙성대(강감찬),관악구,subway,0.4696,202602_2호선_낙성대(강감찬),subway
2026-03-26_16:00_관악구,2026-03-26,16:00,관악구,공원,지역주민;가족단위;일반시민,공원;방문인사;오후;관악구,10,봉천,관악구,subway,0.4399,202602_2호선_봉천,subway
2026-03-26_16:00_관악구,2026-03-26,16:00,관악구,공원,지역주민;가족단위;일반시민,공원;방문인사;오후;관악구,11,신용산,,subway,0.4387,202602_4호선_신용산,subway
2026-03-26_16:00_관악구,2026-03-26,16:00,관악구,공원,지역주민;가족단위;일반시민,공원;방문인사;오후;관악구,12,성신여대입구(돈암),성신여대입구,subway,0.4381,202602_4호선_성신여대입구(돈암),subway
2026-03-26_16:00_관악구,2026-03-26,16:00,관악구,공원,지역주민;가족단위;일반시민,공원;방문인사;오후;관악구,13,송내,,subway,0.4377,202602_경인선_송내,subway
2026-03-26_16:00_관악구,2026-03-26,16:00,관악구,공원,지역주민;가족단위;일반시민,공원;방문인사;오후;관악구,14,안양,,subway,0.4354,202602_경부선_안양,subway
2026-03-26_16:00_관악구,2026-03-26,16:00,관악구,공원,지역주민;가족단위;일반시민,공원;방문인사;오후;관악구,15,동대문역사문화공원(DDP),,subway,0.4314,202602_4호선_동대문역사문화공원(DDP),subway
2026-03-26_16:00_관악구,2026-03-26,16:00,관악구,공원,지역주민;가족단위;일반시민,공원;방문인사;오후;관악구,16,모란,,subway,0.4303,202602_분당선_모란,subway
2026-03-26_16:00_관악구,2026-03-26,16:00,관악구,공원,지역주민;가족단위;일반시민,공원;방문인사;오후;관악구,17,문정,,subway,0.4272,202602_8호선_문정,subway
2026-03-26_16:00_관악구,2026-03-26,16:00,관악구,공원,지역주민;가족단위;일반시민,공원;방문인사;오후;관악구,18,영등포구청,영등포구,subway,0.427,202602_2호선_영등포구청,subway
2026-03-26_16:00_관악구,2026-03-26,16:00,관악구,공원,지역주민;가족단위;일반시민,공원;방문인사;오후;관악구,19,의정부,,subway,0.4268,202602_경원선_의정부,subway
2026-03-26_16:00_관악구,2026-03-26,16:00,관악구,공원,지역주민;가족단위;일반시민,공원;방문인사;오후;관악구,20,가양,,subway,0.4264,202602_9호선_가양,subway
2026-03-26_16:00_관악구,2026-03-26,16:00,관악구,공원,지역주민;가족단위;일반시민,공원;방문인사;오후;관악구,21,개봉,,subway,0.4263,202602_경인선_개봉,subway
2026-03-26_16:00_관악구,2026-03-26,16:00,관악구,공원,지역주민;가족단위;일반시민,공원;방문인사;오후;관악구,22,오목교(목동운동장앞),,subway,0.4257,202602_5호선_오목교(목동운동장앞),subway
2026-03-26_16:00_관악구,2026-03-26,16:00,관악구,공원,지역주민;가족단위;일반시민,공원;방문인사;오후;관악구,23,철산,,subway,0.4195,202602_7호선_철산,subway
2026-03-26_16:00_관악구,2026-03-26,16:00,관악구,공원,지역주민;가족단위;일반시민,공원;방문인사;오후;관악구,24,총신대입구(이수),총신대입구,subway,0.4191,202602_4호선_총신대입구(이수),subway
2026-03-26_16:00_관악구,2026-03-26,16:00,관악구,공원,지역주민;가족단위;일반시민,공원;방문인사;오후;관악구,25,문래,,subway,0.4174,202602_2호선_문래,subway
2026-03-26_16:00_관악구,2026-03-26,16:00,관악구,공원,지역주민;가족단위;일반시민,공원;방문인사;오후;관악구,26,길음,,subway,0.4167,202602_4호선_길음,subway
2026-03-26_16:00_관악구,2026-03-26,16:00,관악구,공원,지역주민;가족단위;일반시민,공원;방문인사;오후;관악구,27,수서,,subway,0.4151,202602_3호선_수서,subway
2026-03-26_16:00_관악구,2026-03-26,16:00,관악구,공원,지역주민;가족단위;일반시민,공원;방문인사;오후;관악구,28,학동,,subway,0.4143,202602_7호선_학동,subway
2026-03-26_16:00_관악구,2026-03-26,16:00,관악구,공원,지역주민;가족단위;일반시민,공원;방문인사;오후;관악구,29,이촌(국립중앙박물관),,subway,0.4131,202602_4호선_이촌(국립중앙박물관),subway
2026-03-26_16:00_관악구,2026-03-26,16:00,관악구,공원,지역주민;가족단위;일반시민,공원;방문인사;오후;관악구,30,압구정로데오,압구,subway,0.4059,202602_분당선_압구정로데오,subway
2026-03-26_16:00_관악구,2026-03-26,16:00,관악구,공원,지역주민;가족단위;일반시민,공원;방문인사;오후;관악구,31,상계,,subway,0.4056,202602_4호선_상계,subway
2026-03-26_16:00_관악구,2026-03-26,16:00,관악구,공원,지역주민;가족단위;일반시민,공원;방문인사;오후;관악구,32,강동,,subway,0.4044,202602_5호선_강동,subway
2026-03-26_16:00_관악구,2026-03-26,16:00,관악구,공원,지역주민;가족단위;일반시민,공원;방문인사;오후;관악구,33,중앙,,subway,0.4029,202602_안산선_중앙,subway
2026-03-26_16:00_관악구,2026-03-26,16:00,관악구,공원,지역주민;가족단위;일반시민,공원;방문인사;오후;관악구,34,삼송,,subway,0.4025,202602_일산선_삼송,subway
2026-03-26_16:00_관악구,2026-03-26,16:00,관악구,공원,지역주민;가족단위;일반시민,공원;방문인사;오후;관악구,35,장한평,,subway,0.4015,202602_5호선_장한평,subway
2026-03-26_16:00_관악구,2026-03-26,16:00,관악구,공원,지역주민;가족단위;일반시민,공원;방문인사;오후;관악구,36,홍제,,subway,0.4014,202602_3호선_홍제,subway
2026-03-26_16:00_관악구,2026-03-26,16:00,관악구,공원,지역주민;가족단위;일반시민,공원;방문인사;오후;관악구,37,망원,,subway,0.401,202602_6호선_망원,subway
2026-03-26_16:00_관악구,2026-03-26,16:00,관악구,공원,지역주민;가족단위;일반시민,공원;방문인사;오후;관악구,38,공덕,,subway,0.4007,202602_6호선_공덕,subway
2026-03-26_16:00_관악구,2026-03-26,16:00,관악구,공원,지역주민;가족단위;일반시민,공원;방문인사;오후;관악구,39,주안,,subway,0.4006,202602_경인선_주안,subway
2026-03-26_16:00_관악구,2026-03-26,16:00,관악구,공원,지역주민;가족단위;일반시민,공원;방문인사;오후;관악구,40,당산,영등포구,subway,0.3993,202602_9호선_당산,subway
2026-03-26_16:00_관악구,2026-03-26,16:00,관악구,공원,지역주민;가족단위;일반시민,공원;방문인사;오후;관악구,41,하계,,subway,0.3981,202602_7호선_하계,subway
2026-03-26_16:00_관악구,2026-03-26,16:00,관악구,공원,지역주민;가족단위;일반시민,공원;방문인사;오후;관악구,42,미사,,subway,0.397,202602_5호선_미사,subway
2026-03-26_16:00_관악구,2026-03-26,16:00,관악구,공원,지역주민;가족단위;일반시민,공원;방문인사;오후;관악구,43,상봉,,subway,0.3959,202602_7호선_상봉,subway
2026-03-26_16:00_관악구,2026-03-26,16:00,관악구,공원,지역주민;가족단위;일반시민,공원;방문인사;오후;관악구,44,청담,,subway,0.3954,202602_7호선_청담,subway
2026-03-26_16:00_관악구,2026-03-26,16:00,관악구,공원,지역주민;가족단위;일반시민,공원;방문인사;오후;관악구,45,화정,,subway,0.3954,202602_일산선_화정,subway
2026-03-26_16:00_관악구,2026-03-26,16:00,관악구,공원,지역주민;가족단위;일반시민,공원;방문인사;오후;관악구,46,동묘앞,,subway,0.3941,202602_1호선_동묘앞,subway
2026-03-26_16:00_관악구,2026-03-26,16:00,관악구,공원,지역주민;가족단위;일반시민,공원;방문인사;오후;관악구,47,구로,,subway,0.3939,202602_경부선_구로,subway
2026-03-26_16:00_관악구,2026-03-26,16:00,관악구,공원,지역주민;가족단위;일반시민,공원;방문인사;오후;관악구,48,불광,,subway,0.3926,202602_3호선_불광,subway
2026-03-26_16:00_관악구,2026-03-26,16:00,관악구,공원,지역주민;가족단위;일반시민,공원;방문인사;오후;관악구,49,왕십리(성동구청),성동구,subway,0.3918,202602_경원선_왕십리(성동구청),subway
2026-03-26_16:00_관악구,2026-03-26,16:00,관악구,공원,지역주민;가족단위;일반시민,공원;방문인사;오후;관악구,50,한티,,subway,0.3909,202602_분당선_한티,subway
2026-03-26_16:15_관악구,2026-03-26,16:15,관악구,전통시장,상인;지역주민;생활권 유권자,전통시장;지역상권방문;오후;관악구;지역상권;생활밀착,1,남대문시장,중구,market,0.7056,중구_남대문시장,market
2026-03-26_16:15_관악구,2026-03-26,16:15,관악구,전통시장,상인;지역주민;생활권 유권자,전통시장;지역상권방문;오후;관악구;지역상권;생활밀착,2,신림별빛거리 골목형상점가,관악구,market,0.4918,관악구_신림별빛거리_골목형상점가,market
2026-03-26_16:15_관악구,2026-03-26,16:15,관악구,전통시장,상인;지역주민;생활권 유권자,전통시장;지역상권방문;오후;관악구;지역상권;생활밀착,3,녹두S밸리 골목형상점가,관악구,market,0.4746,관악구_녹두S밸리_골목형상점가,market
2026-03-26_16:15_관악구,2026-03-26,16:15,관악구,전통시장,상인;지역주민;생활권 유권자,전통시장;지역상권방문;오후;관악구;지역상권;생활밀착,4,행운담길 골목형상점가,관악구,market,0.4739,관악구_행운담길_골목형상점가,market
2026-03-26_16:15_관악구,2026-03-26,16:15,관악구,전통시장,상인;지역주민;생활권 유권자,전통시장;지역상권방문;오후;관악구;지역상권;생활밀착,5,녹두 골목형상점가,관악구,market,0.4733,관악구_녹두_골목형상점가,market
2026-03-26_16:15_관악구,2026-03-26,16:15,관악구,전통시장,상인;지역주민;생활권 유권자,전통시장;지역상권방문;오후;관악구;지역상권;생활밀착,6,삼성동시장,관악구,market,0.4717,관악구_삼성동시장,market
2026-03-26_16:15_관악구,2026-03-26,16:15,관악구,전통시장,상인;지역주민;생활권 유권자,전통시장;지역상권방문;오후;관악구;지역상권;생활밀착,7,신원시장,관악구,market,0.4713,관악구_신원시장,market
2026-03-26_16:15_관악구,2026-03-26,16:15,관악구,전통시장,상인;지역주민;생활권 유권자,전통시장;지역상권방문;오후;관악구;지역상권;생활밀착,8,조원동펭귄시장,관악구,market,0.471,관악구_조원동펭귄시장,market
2026-03-26_16:15_관악구,2026-03-26,16:15,관악구,전통시장,상인;지역주민;생활권 유권자,전통시장;지역상권방문;오후;관악구;지역상권;생활밀착,9,관악신사시장,관악구,market,0.4703,관악구_관악신사시장,market
2026-03-26_16:15_관악구,2026-03-26,16:15,관악구,전통시장,상인;지역주민;생활권 유권자,전통시장;지역상권방문;오후;관악구;지역상권;생활밀착,10,인헌시장,관악구,market,0.4699,관악구_인헌시장,market
2026-03-26_16:15_관악구,2026-03-26,16:15,관악구,전통시장,상인;지역주민;생활권 유권자,전통시장;지역상권방문;오후;관악구;지역상권;생활밀착,11,태능 골목형상점가,중랑구,market,0.4699,중랑구_태능_골목형상점가,market
2026-03-26_16:15_관악구,2026-03-26,16:15,관악구,전통시장,상인;지역주민;생활권 유권자,전통시장;지역상권방문;오후;관악구;지역상권;생활밀착,12,홍대레드로드골목형상점가,마포구,market,0.4699,마포구_홍대레드로드골목형상점가,market
2026-03-26_16:15_관악구,2026-03-26,16:15,관악구,전통시장,상인;지역주민;생활권 유권자,전통시장;지역상권방문;오후;관악구;지역상권;생활밀착,13,둔촌역전통시장,강동구,market,0.4698,강동구_둔촌역전통시장,market
2026-03-26_16:15_관악구,2026-03-26,16:15,관악구,전통시장,상인;지역주민;생활권 유권자,전통시장;지역상권방문;오후;관악구;지역상권;생활밀착,14,포방터시장,서대문구,market,0.4698,서대문구_포방터시장,market
2026-03-26_16:15_관악구,2026-03-26,16:15,관악구,전통시장,상인;지역주민;생활권 유권자,전통시장;지역상권방문;오후;관악구;지역상권;생활밀착,15,봉제산길 골목형상점가,강서구,market,0.4697,강서구_봉제산길_골목형상점가,market
2026-03-26_16:15_관악구,2026-03-26,16:15,관악구,전통시장,상인;지역주민;생활권 유권자,전통시장;지역상권방문;오후;관악구;지역상권;생활밀착,16,고척근린시장,구로구,market,0.4696,구로구_고척근린시장,market
2026-03-26_16:15_관악구,2026-03-26,16:15,관악구,전통시장,상인;지역주민;생활권 유권자,전통시장;지역상권방문;오후;관악구;지역상권;생활밀착,17,대림중앙시장,영등포구,market,0.4696,영등포구_대림중앙시장,market
2026-03-26_16:15_관악구,2026-03-26,16:15,관악구,전통시장,상인;지역주민;생활권 유권자,전통시장;지역상권방문;오후;관악구;지역상권;생활밀착,18,목2동시장,양천구,market,0.4695,양천구_목2동시장,market
2026-03-26_16:15_관악구,2026-03-26,16:15,관악구,전통시장,상인;지역주민;생활권 유권자,전통시장;지역상권방문;오후;관악구;지역상권;생활밀착,19,우리시장,영등포구,market,0.4695,영등포구_우리시장,market
2026-03-26_16:15_관악구,2026-03-26,16:15,관악구,전통시장,상인;지역주민;생활권 유권자,전통시장;지역상권방문;오후;관악구;지역상권;생활밀착,20,이촌종합시장,용산구,market,0.4695,용산구_이촌종합시장,market
2026-03-26_16:15_관악구,2026-03-26,16:15,관악구,전통시장,상인;지역주민;생활권 유권자,전통시장;지역상권방문;오후;관악구;지역상권;생활밀착,21,정릉서경대길골목형상점가,성북구,market,0.4695,성북구_정릉서경대길골목형상점가,market
2026-03-26_16:15_관악구,2026-03-26,16:15,관악구,전통시장,상인;지역주민;생활권 유권자,전통시장;지역상권방문;오후;관악구;지역상권;생활밀착,22,창동골목시장,도봉구,market,0.4694,도봉구_창동골목시장,market
2026-03-26_16:15_관악구,2026-03-26,16:15,관악구,전통시장,상인;지역주민;생활권 유권자,전통시장;지역상권방문;오후;관악구;지역상권;생활밀착,23,통인시장,종로구,market,0.4694,종로구_통인시장,market
2026-03-26_16:15_관악구,2026-03-26,16:15,관악구,전통시장,상인;지역주민;생활권 유권자,전통시장;지역상권방문;오후;관악구;지역상권;생활밀착,24,사당1동먹자골목상점가,동작구,market,0.4692,동작구_사당1동먹자골목상점가,market
2026-03-26_16:15_관악구,2026-03-26,16:15,관악구,전통시장,상인;지역주민;생활권 유권자,전통시장;지역상권방문;오후;관악구;지역상권;생활밀착,25,삼청정독길 골목형상점가,종로구,market,0.4692,종로구_삼청정독길_골목형상점가,market
2026-03-26_16:15_관악구,2026-03-26,16:15,관악구,전통시장,상인;지역주민;생활권 유권자,전통시장;지역상권방문;오후;관악구;지역상권;생활밀착,26,회기시장,동대문구,market,0.4692,동대문구_회기시장,market
2026-03-26_16:15_관악구,2026-03-26,16:15,관악구,전통시장,상인;지역주민;생활권 유권자,전통시장;지역상권방문;오후;관악구;지역상권;생활밀착,27,답십리시장,동대문구,market,0.469,동대문구_답십리시장,market
2026-03-26_16:15_관악구,2026-03-26,16:15,관악구,전통시장,상인;지역주민;생활권 유권자,전통시장;지역상권방문;오후;관악구;지역상권;생활밀착,28,장위전통시장,성북구,market,0.4689,성북구_장위전통시장,market
2026-03-26_16:15_관악구,2026-03-26,16:15,관악구,전통시장,상인;지역주민;생활권 유권자,전통시장;지역상권방문;오후;관악구;지역상권;생활밀착,29,목사랑시장,양천구,market,0.4688,양천구_목사랑시장,market
2026-03-26_16:15_관악구,2026-03-26,16:15,관악구,전통시장,상인;지역주민;생활권 유권자,전통시장;지역상권방문;오후;관악구;지역상권;생활밀착,30,성내전통시장,강동구,market,0.4688,강동구_성내전통시장,market
2026-03-26_16:15_관악구,2026-03-26,16:15,관악구,전통시장,상인;지역주민;생활권 유권자,전통시장;지역상권방문;오후;관악구;지역상권;생활밀착,31,장미원골목시장,강북구,market,0.4688,강북구_장미원골목시장,market
2026-03-26_16:15_관악구,2026-03-26,16:15,관악구,전통시장,상인;지역주민;생활권 유권자,전통시장;지역상권방문;오후;관악구;지역상권;생활밀착,32,장미제일시장,중랑구,market,0.4688,중랑구_장미제일시장,market
2026-03-26_16:15_관악구,2026-03-26,16:15,관악구,전통시장,상인;지역주민;생활권 유권자,전통시장;지역상권방문;오후;관악구;지역상권;생활밀착,33,노량진 만나로 골목형상점가,동작구,market,0.4687,동작구_노량진_만나로_골목형상점가,market
2026-03-26_16:15_관악구,2026-03-26,16:15,관악구,전통시장,상인;지역주민;생활권 유권자,전통시장;지역상권방문;오후;관악구;지역상권;생활밀착,34,월정로시장,양천구,market,0.4687,양천구_월정로시장,market
2026-03-26_16:15_관악구,2026-03-26,16:15,관악구,전통시장,상인;지역주민;생활권 유권자,전통시장;지역상권방문;오후;관악구;지역상권;생활밀착,35,장미꽃빛거리 골목형상점가,중랑구,market,0.4687,중랑구_장미꽃빛거리_골목형상점가,market
2026-03-26_16:15_관악구,2026-03-26,16:15,관악구,전통시장,상인;지역주민;생활권 유권자,전통시장;지역상권방문;오후;관악구;지역상권;생활밀착,36,선유로운골목형상점가,영등포구,market,0.4686,영등포구_선유로운골목형상점가,market
2026-03-26_16:15_관악구,2026-03-26,16:15,관악구,전통시장,상인;지역주민;생활권 유권자,전통시장;지역상권방문;오후;관악구;지역상권;생활밀착,37,화곡본동시장,강서구,market,0.4685,강서구_화곡본동시장,market
2026-03-26_16:15_관악구,2026-03-26,16:15,관악구,전통시장,상인;지역주민;생활권 유권자,전통시장;지역상권방문;오후;관악구;지역상권;생활밀착,38,꿈의숲장곡골목형상점가,성북구,market,0.4684,성북구_꿈의숲장곡골목형상점가,market
2026-03-26_16:15_관악구,2026-03-26,16:15,관악구,전통시장,상인;지역주민;생활권 유권자,전통시장;지역상권방문;오후;관악구;지역상권;생활밀착,39,남이동길골목형상점가,서대문구,market,0.4684,서대문구_남이동길골목형상점가,market
2026-03-26_16:15_관악구,2026-03-26,16:15,관악구,전통시장,상인;지역주민;생활권 유권자,전통시장;지역상권방문;오후;관악구;지역상권;생활밀착,40,망원동월드컵시장,마포구,market,0.4684,마포구_망원동월드컵시장,market
2026-03-26_16:15_관악구,2026-03-26,16:15,관악구,전통시장,상인;지역주민;생활권 유권자,전통시장;지역상권방문;오후;관악구;지역상권;생활밀착,41,봉우시장 골목형상점가,중랑구,market,0.4684,중랑구_봉우시장_골목형상점가,market
2026-03-26_16:15_관악구,2026-03-26,16:15,관악구,전통시장,상인;지역주민;생활권 유권자,전통시장;지역상권방문;오후;관악구;지역상권;생활밀착,42,영천시장,서대문구,market,0.4684,서대문구_영천시장,market
2026-03-26_16:15_관악구,2026-03-26,16:15,관악구,전통시장,상인;지역주민;생활권 유권자,전통시장;지역상권방문;오후;관악구;지역상권;생활밀착,43,답십리현대시장,동대문구,market,0.4683,동대문구_답십리현대시장,market
2026-03-26_16:15_관악구,2026-03-26,16:15,관악구,전통시장,상인;지역주민;생활권 유권자,전통시장;지역상권방문;오후;관악구;지역상권;생활밀착,44,대림골목시장,은평구,market,0.4683,은평구_대림골목시장,market
2026-03-26_16:15_관악구,2026-03-26,16:15,관악구,전통시장,상인;지역주민;생활권 유권자,전통시장;지역상권방문;오후;관악구;지역상권;생활밀착,45,뚝도시장,성동구,market,0.4683,성동구_뚝도시장,market
2026-03-26_16:15_관악구,2026-03-26,16:15,관악구,전통시장,상인;지역주민;생활권 유권자,전통시장;지역상권방문;오후;관악구;지역상권;생활밀착,46,배밭골골목형상점가,성북구,market,0.4683,성북구_배밭골골목형상점가,market
2026-03-26_16:15_관악구,2026-03-26,16:15,관악구,전통시장,상인;지역주민;생활권 유권자,전통시장;지역상권방문;오후;관악구;지역상권;생활밀착,47,고분다리전통시장,강동구,market,0.4682,강동구_고분다리전통시장,market
2026-03-26_16:15_관악구,2026-03-26,16:15,관악구,전통시장,상인;지역주민;생활권 유권자,전통시장;지역상권방문;오후;관악구;지역상권;생활밀착,48,오목내길골목형상점가,양천구,market,0.4682,양천구_오목내길골목형상점가,market
2026-03-26_16:15_관악구,2026-03-26,16:15,관악구,전통시장,상인;지역주민;생활권 유권자,전통시장;지역상권방문;오후;관악구;지역상권;생활밀착,49,개봉중앙 골목형상점가,구로구,market,0.4681,구로구_개봉중앙_골목형상점가,market
2026-03-26_16:15_관악구,2026-03-26,16:15,관악구,전통시장,상인;지역주민;생활권 유권자,전통시장;지역상권방문;오후;관악구;지역상권;생활밀착,50,수유전통시장,강북구,market,0.4681,강북구_수유전통시장,market
2026-03-28_12:50_성동구,2026-03-28,12:50,성동구,공원,지역주민;가족단위;일반시민,공원;방문인사;오후;성동구,1,서울역,중구,subway,0.9642,202602_1호선_서울역,subway
2026-03-28_12:50_성동구,2026-03-28,12:50,성동구,공원,지역주민;가족단위;일반시민,공원;방문인사;오후;성동구,2,잠실(송파구청),송파구,subway,0.9611,202602_2호선_잠실(송파구청),subway
2026-03-28_12:50_성동구,2026-03-28,12:50,성동구,공원,지역주민;가족단위;일반시민,공원;방문인사;오후;성동구,3,강남,강남구,subway,0.9318,202602_2호선_강남,subway
2026-03-28_12:50_성동구,2026-03-28,12:50,성동구,공원,지역주민;가족단위;일반시민,공원;방문인사;오후;성동구,4,홍대입구,마포구,subway,0.8656,202602_2호선_홍대입구,subway
2026-03-28_12:50_성동구,2026-03-28,12:50,성동구,공원,지역주민;가족단위;일반시민,공원;방문인사;오후;성동구,5,고속터미널,서초구,subway,0.8161,202602_3호선_고속터미널,subway
2026-03-28_12:50_성동구,2026-03-28,12:50,성동구,공원,지역주민;가족단위;일반시민,공원;방문인사;오후;성동구,6,삼성(무역센터),강남구,subway,0.7312,202602_2호선_삼성(무역센터),subway
2026-03-28_12:50_성동구,2026-03-28,12:50,성동구,공원,지역주민;가족단위;일반시민,공원;방문인사;오후;성동구,7,성수,성동구,subway,0.7287,202602_2호선_성수,subway
2026-03-28_12:50_성동구,2026-03-28,12:50,성동구,공원,지역주민;가족단위;일반시민,공원;방문인사;오후;성동구,8,선릉,강남구,subway,0.7238,202602_2호선_선릉,subway
2026-03-28_12:50_성동구,2026-03-28,12:50,성동구,공원,지역주민;가족단위;일반시민,공원;방문인사;오후;성동구,9,용산,용산구,subway,0.7194,202602_경부선_용산,subway
2026-03-28_12:50_성동구,2026-03-28,12:50,성동구,공원,지역주민;가족단위;일반시민,공원;방문인사;오후;성동구,10,왕십리(성동구청),성동구,subway,0.3918,202602_경원선_왕십리(성동구청),subway
2026-03-28_12:50_성동구,2026-03-28,12:50,성동구,공원,지역주민;가족단위;일반시민,공원;방문인사;오후;성동구,11,정자,,subway,0.3909,202602_분당선_정자,subway
2026-03-28_12:50_성동구,2026-03-28,12:50,성동구,공원,지역주민;가족단위;일반시민,공원;방문인사;오후;성동구,12,한티,,subway,0.3909,202602_분당선_한티,subway
2026-03-28_12:50_성동구,2026-03-28,12:50,성동구,공원,지역주민;가족단위;일반시민,공원;방문인사;오후;성동구,13,장지,,subway,0.3905,202602_8호선_장지,subway
2026-03-28_12:50_성동구,2026-03-28,12:50,성동구,공원,지역주민;가족단위;일반시민,공원;방문인사;오후;성동구,14,국회의사당,,subway,0.39,202602_9호선_국회의사당,subway
2026-03-28_12:50_성동구,2026-03-28,12:50,성동구,공원,지역주민;가족단위;일반시민,공원;방문인사;오후;성동구,15,서대문,,subway,0.3893,202602_5호선_서대문,subway
2026-03-28_12:50_성동구,2026-03-28,12:50,성동구,공원,지역주민;가족단위;일반시민,공원;방문인사;오후;성동구,16,응암,,subway,0.3887,202602_6호선_응암,subway
2026-03-28_12:50_성동구,2026-03-28,12:50,성동구,공원,지역주민;가족단위;일반시민,공원;방문인사;오후;성동구,17,미금,,subway,0.3882,202602_분당선_미금,subway
2026-03-28_12:50_성동구,2026-03-28,12:50,성동구,공원,지역주민;가족단위;일반시민,공원;방문인사;오후;성동구,18,을지로4가,,subway,0.3882,202602_2호선_을지로4가,subway
2026-03-28_12:50_성동구,2026-03-28,12:50,성동구,공원,지역주민;가족단위;일반시민,공원;방문인사;오후;성동구,19,이대,,subway,0.3881,202602_2호선_이대,subway
2026-03-28_12:50_성동구,2026-03-28,12:50,성동구,공원,지역주민;가족단위;일반시민,공원;방문인사;오후;성동구,20,마곡,,subway,0.388,202602_5호선_마곡,subway
2026-03-28_12:50_성동구,2026-03-28,12:50,성동구,공원,지역주민;가족단위;일반시민,공원;방문인사;오후;성동구,21,이수,,subway,0.3868,202602_7호선_이수,subway
2026-03-28_12:50_성동구,2026-03-28,12:50,성동구,공원,지역주민;가족단위;일반시민,공원;방문인사;오후;성동구,22,미아(서울사이버대학),,subway,0.3845,202602_4호선_미아(서울사이버대학),subway
2026-03-28_12:50_성동구,2026-03-28,12:50,성동구,공원,지역주민;가족단위;일반시민,공원;방문인사;오후;성동구,23,산본,,subway,0.3841,202602_안산선_산본,subway
2026-03-28_12:50_성동구,2026-03-28,12:50,성동구,공원,지역주민;가족단위;일반시민,공원;방문인사;오후;성동구,24,김포공항,,subway,0.384,202602_5호선_김포공항,subway
2026-03-28_12:50_성동구,2026-03-28,12:50,성동구,공원,지역주민;가족단위;일반시민,공원;방문인사;오후;성동구,25,인천공항1터미널,,subway,0.3823,202602_공항철도 1호선_인천공항1터미널,subway
2026-03-28_12:50_성동구,2026-03-28,12:50,성동구,공원,지역주민;가족단위;일반시민,공원;방문인사;오후;성동구,26,염창,,subway,0.3812,202602_9호선_염창,subway
2026-03-28_12:50_성동구,2026-03-28,12:50,성동구,공원,지역주민;가족단위;일반시민,공원;방문인사;오후;성동구,27,논현,,subway,0.3811,202602_7호선_논현,subway
2026-03-28_12:50_성동구,2026-03-28,12:50,성동구,공원,지역주민;가족단위;일반시민,공원;방문인사;오후;성동구,28,잠실나루,,subway,0.3811,202602_2호선_잠실나루,subway
2026-03-28_12:50_성동구,2026-03-28,12:50,성동구,공원,지역주민;가족단위;일반시민,공원;방문인사;오후;성동구,29,평촌,,subway,0.3787,202602_과천선_평촌,subway
2026-03-28_12:50_성동구,2026-03-28,12:50,성동구,공원,지역주민;가족단위;일반시민,공원;방문인사;오후;성동구,30,아차산(어린이대공원후문),,subway,0.3777,202602_5호선_아차산(어린이대공원후문),subway
2026-03-28_12:50_성동구,2026-03-28,12:50,성동구,공원,지역주민;가족단위;일반시민,공원;방문인사;오후;성동구,31,방배,,subway,0.3776,202602_2호선_방배,subway
2026-03-28_12:50_성동구,2026-03-28,12:50,성동구,공원,지역주민;가족단위;일반시민,공원;방문인사;오후;성동구,32,신설동,,subway,0.3771,202602_1호선_신설동,subway
2026-03-28_12:50_성동구,2026-03-28,12:50,성동구,공원,지역주민;가족단위;일반시민,공원;방문인사;오후;성동구,33,병점,,subway,0.3749,202602_경부선_병점,subway
2026-03-28_12:50_성동구,2026-03-28,12:50,성동구,공원,지역주민;가족단위;일반시민,공원;방문인사;오후;성동구,34,목동,,subway,0.3735,202602_5호선_목동,subway
2026-03-28_12:50_성동구,2026-03-28,12:50,성동구,공원,지역주민;가족단위;일반시민,공원;방문인사;오후;성동구,35,우장산,,subway,0.3735,202602_5호선_우장산,subway
2026-03-28_12:50_성동구,2026-03-28,12:50,성동구,공원,지역주민;가족단위;일반시민,공원;방문인사;오후;성동구,36,사가정,,subway,0.3733,202602_7호선_사가정,subway
2026-03-28_12:50_성동구,2026-03-28,12:50,성동구,공원,지역주민;가족단위;일반시민,공원;방문인사;오후;성동구,37,신당,,subway,0.373,202602_2호선_신당,subway
2026-03-28_12:50_성동구,2026-03-28,12:50,성동구,공원,지역주민;가족단위;일반시민,공원;방문인사;오후;성동구,38,독산,,subway,0.3726,202602_경부선_독산,subway
2026-03-28_12:50_성동구,2026-03-28,12:50,성동구,공원,지역주민;가족단위;일반시민,공원;방문인사;오후;성동구,39,마곡나루(서울식물원),,subway,0.3721,202602_9호선_마곡나루(서울식물원),subway
2026-03-28_12:50_성동구,2026-03-28,12:50,성동구,공원,지역주민;가족단위;일반시민,공원;방문인사;오후;성동구,40,답십리,,subway,0.3719,202602_5호선_답십리,subway
2026-03-28_12:50_성동구,2026-03-28,12:50,성동구,공원,지역주민;가족단위;일반시민,공원;방문인사;오후;성동구,41,암사,,subway,0.3708,202602_8호선_암사,subway
2026-03-28_12:50_성동구,2026-03-28,12:50,성동구,공원,지역주민;가족단위;일반시민,공원;방문인사;오후;성동구,42,한성대입구(삼선교),한성대입구,subway,0.3701,202602_4호선_한성대입구(삼선교),subway
2026-03-28_12:50_성동구,2026-03-28,12:50,성동구,공원,지역주민;가족단위;일반시민,공원;방문인사;오후;성동구,43,동인천,,subway,0.3695,202602_경인선_동인천,subway
2026-03-28_12:50_성동구,2026-03-28,12:50,성동구,공원,지역주민;가족단위;일반시민,공원;방문인사;오후;성동구,44,동암,,subway,0.3686,202602_경인선_동암,subway
2026-03-28_12:50_성동구,2026-03-28,12:50,성동구,공원,지역주민;가족단위;일반시민,공원;방문인사;오후;성동구,45,내방,,subway,0.3679,202602_7호선_내방,subway
2026-03-28_12:50_성동구,2026-03-28,12:50,성동구,공원,지역주민;가족단위;일반시민,공원;방문인사;오후;성동구,46,평택,,subway,0.367,202602_경부선_평택,subway
2026-03-28_12:50_성동구,2026-03-28,12:50,성동구,공원,지역주민;가족단위;일반시민,공원;방문인사;오후;성동구,47,군자(능동),,subway,0.3642,202602_7호선_군자(능동),subway
2026-03-28_12:50_성동구,2026-03-28,12:50,성동구,공원,지역주민;가족단위;일반시민,공원;방문인사;오후;성동구,48,강남구청,강남구,subway,0.364,202602_7호선_강남구청,subway
2026-03-28_12:50_성동구,2026-03-28,12:50,성동구,공원,지역주민;가족단위;일반시민,공원;방문인사;오후;성동구,49,어린이대공원(세종대),,subway,0.3639,202602_7호선_어린이대공원(세종대),subway
2026-03-28_12:50_성동구,2026-03-28,12:50,성동구,공원,지역주민;가족단위;일반시민,공원;방문인사;오후;성동구,50,숙대입구(갈월),숙대입구,subway,0.3634,202602_4호선_숙대입구(갈월),subway
2026-03-30_11:00_동작구,2026-03-30,11:00,동작구,전통시장,상인;지역주민;생활권 유권자,전통시장;지역상권방문;오전;동작구;지역상권;생활밀착,1,노량진수산시장골목형상점가,동작구,market,0.4672,동작구_노량진수산시장골목형상점가,market
2026-03-30_11:00_동작구,2026-03-30,11:00,동작구,전통시장,상인;지역주민;생활권 유권자,전통시장;지역상권방문;오전;동작구;지역상권;생활밀착,2,이수미로 골목형상점가,동작구,market,0.4371,동작구_이수미로_골목형상점가,market
2026-03-30_11:00_동작구,2026-03-30,11:00,동작구,전통시장,상인;지역주민;생활권 유권자,전통시장;지역상권방문;오전;동작구;지역상권;생활밀착,3,숭실마루길 골목형상점가,동작구,market,0.4293,동작구_숭실마루길_골목형상점가,market
2026-03-30_11:00_동작구,2026-03-30,11:00,동작구,전통시장,상인;지역주민;생활권 유권자,전통시장;지역상권방문;오전;동작구;지역상권;생활밀착,4,성대전통시장,동작구,market,0.4285,동작구_성대전통시장,market
2026-03-30_11:00_동작구,2026-03-30,11:00,동작구,전통시장,상인;지역주민;생활권 유권자,전통시장;지역상권방문;오전;동작구;지역상권;생활밀착,5,남성사계시장(남성시장),동작구,market,0.4273,동작구_남성사계시장(남성시장),market
2026-03-30_11:00_동작구,2026-03-30,11:00,동작구,전통시장,상인;지역주민;생활권 유권자,전통시장;지역상권방문;오전;동작구;지역상권;생활밀착,6,흑석시장 골목형상점가,동작구,market,0.4267,동작구_흑석시장_골목형상점가,market
2026-03-30_11:00_동작구,2026-03-30,11:00,동작구,전통시장,상인;지역주민;생활권 유권자,전통시장;지역상권방문;오전;동작구;지역상권;생활밀착,7,상도전통시장,동작구,market,0.4259,동작구_상도전통시장,market
2026-03-30_11:00_동작구,2026-03-30,11:00,동작구,전통시장,상인;지역주민;생활권 유권자,전통시장;지역상권방문;오전;동작구;지역상권;생활밀착,8,본동인정시장,동작구,market,0.4254,동작구_본동인정시장,market
2026-03-30_11:00_동작구,2026-03-30,11:00,동작구,전통시장,상인;지역주민;생활권 유권자,전통시장;지역상권방문;오전;동작구;지역상권;생활밀착,9,보라매다올길골목형상점가,동작구,market,0.4252,동작구_보라매다올길골목형상점가,market
2026-03-30_11:00_동작구,2026-03-30,11:00,동작구,전통시장,상인;지역주민;생활권 유권자,전통시장;지역상권방문;오전;동작구;지역상권;생활밀착,10,신대방1동 온누리길 골목형상점가,동작구,market,0.4236,동작구_신대방1동_온누리길_골목형상점가,market
2026-03-30_11:00_동작구,2026-03-30,11:00,동작구,전통시장,상인;지역주민;생활권 유권자,전통시장;지역상권방문;오전;동작구;지역상권;생활밀착,11,영등포전통시장,영등포구,market,0.4236,영등포구_영등포전통시장,market
2026-03-30_11:00_동작구,2026-03-30,11:00,동작구,전통시장,상인;지역주민;생활권 유권자,전통시장;지역상권방문;오전;동작구;지역상권;생활밀착,12,경동광성상가,동대문구,market,0.4235,동대문구_경동광성상가,market
2026-03-30_11:00_동작구,2026-03-30,11:00,동작구,전통시장,상인;지역주민;생활권 유권자,전통시장;지역상권방문;오전;동작구;지역상권;생활밀착,13,금남시장,성동구,market,0.4235,성동구_금남시장,market
2026-03-30_11:00_동작구,2026-03-30,11:00,동작구,전통시장,상인;지역주민;생활권 유권자,전통시장;지역상권방문;오전;동작구;지역상권;생활밀착,14,사가정51길 골목형상점가,중랑구,market,0.4235,중랑구_사가정51길_골목형상점가,market
2026-03-30_11:00_동작구,2026-03-30,11:00,동작구,전통시장,상인;지역주민;생활권 유권자,전통시장;지역상권방문;오전;동작구;지역상권;생활밀착,15,성북천골목형상점가,성북구,market,0.4235,성북구_성북천골목형상점가,market
2026-03-30_11:00_동작구,2026-03-30,11:00,동작구,전통시장,상인;지역주민;생활권 유권자,전통시장;지역상권방문;오전;동작구;지역상권;생활밀착,16,남성역골목시장,동작구,market,0.4234,동작구_남성역골목시장,market
2026-03-30_11:00_동작구,2026-03-30,11:00,동작구,전통시장,상인;지역주민;생활권 유권자,전통시장;지역상권방문;오전;동작구;지역상권;생활밀착,17,청량리수산시장,동대문구,market,0.4234,동대문구_청량리수산시장,market
2026-03-30_11:00_동작구,2026-03-30,11:00,동작구,전통시장,상인;지역주민;생활권 유권자,전통시장;지역상권방문;오전;동작구;지역상권;생활밀착,18,가리봉시장,구로구,market,0.4233,구로구_가리봉시장,market
2026-03-30_11:00_동작구,2026-03-30,11:00,동작구,전통시장,상인;지역주민;생활권 유권자,전통시장;지역상권방문;오전;동작구;지역상권;생활밀착,19,관악신사시장,관악구,market,0.4232,관악구_관악신사시장,market
2026-03-30_11:00_동작구,2026-03-30,11:00,동작구,전통시장,상인;지역주민;생활권 유권자,전통시장;지역상권방문;오전;동작구;지역상권;생활밀착,20,돌곶이시장,성북구,market,0.4232,성북구_돌곶이시장,market
2026-03-30_11:00_동작구,2026-03-30,11:00,동작구,전통시장,상인;지역주민;생활권 유권자,전통시장;지역상권방문;오전;동작구;지역상권;생활밀착,21,백운시장,도봉구,market,0.4232,도봉구_백운시장,market
2026-03-30_11:00_동작구,2026-03-30,11:00,동작구,전통시장,상인;지역주민;생활권 유권자,전통시장;지역상권방문;오전;동작구;지역상권;생활밀착,22,목동깨비시장,양천구,market,0.423,양천구_목동깨비시장,market
2026-03-30_11:00_동작구,2026-03-30,11:00,동작구,전통시장,상인;지역주민;생활권 유권자,전통시장;지역상권방문;오전;동작구;지역상권;생활밀착,23,수유재래시장,강북구,market,0.423,강북구_수유재래시장,market
2026-03-30_11:00_동작구,2026-03-30,11:00,동작구,전통시장,상인;지역주민;생활권 유권자,전통시장;지역상권방문;오전;동작구;지역상권;생활밀착,24,중랑동부시장,중랑구,market,0.423,중랑구_중랑동부시장,market
2026-03-30_11:00_동작구,2026-03-30,11:00,동작구,전통시장,상인;지역주민;생활권 유권자,전통시장;지역상권방문;오전;동작구;지역상권;생활밀착,25,공항골목시장 골목형상점가,강서구,market,0.4229,강서구_공항골목시장_골목형상점가,market
2026-03-30_11:00_동작구,2026-03-30,11:00,동작구,전통시장,상인;지역주민;생활권 유권자,전통시장;지역상권방문;오전;동작구;지역상권;생활밀착,26,묵동도깨비시장 골목형상점가,중랑구,market,0.4229,중랑구_묵동도깨비시장_골목형상점가,market
2026-03-30_11:00_동작구,2026-03-30,11:00,동작구,전통시장,상인;지역주민;생활권 유권자,전통시장;지역상권방문;오전;동작구;지역상권;생활밀착,27,솔샘시장 골목형상점가,강북구,market,0.4229,강북구_솔샘시장_골목형상점가,market
2026-03-30_11:00_동작구,2026-03-30,11:00,동작구,전통시장,상인;지역주민;생활권 유권자,전통시장;지역상권방문;오전;동작구;지역상권;생활밀착,28,화곡중앙시장,강서구,market,0.4229,강서구_화곡중앙시장,market
2026-03-30_11:00_동작구,2026-03-30,11:00,동작구,전통시장,상인;지역주민;생활권 유권자,전통시장;지역상권방문;오전;동작구;지역상권;생활밀착,29,태능 골목형상점가,중랑구,market,0.4228,중랑구_태능_골목형상점가,market
2026-03-30_11:00_동작구,2026-03-30,11:00,동작구,전통시장,상인;지역주민;생활권 유권자,전통시장;지역상권방문;오전;동작구;지역상권;생활밀착,30,인헌시장,관악구,market,0.4227,관악구_인헌시장,market
2026-03-30_11:00_동작구,2026-03-30,11:00,동작구,전통시장,상인;지역주민;생활권 유권자,전통시장;지역상권방문;오전;동작구;지역상권;생활밀착,31,홍대레드로드골목형상점가,마포구,market,0.4227,마포구_홍대레드로드골목형상점가,market
2026-03-30_11:00_동작구,2026-03-30,11:00,동작구,전통시장,상인;지역주민;생활권 유권자,전통시장;지역상권방문;오전;동작구;지역상권;생활밀착,32,둔촌역전통시장,강동구,market,0.4226,강동구_둔촌역전통시장,market
2026-03-30_11:00_동작구,2026-03-30,11:00,동작구,전통시장,상인;지역주민;생활권 유권자,전통시장;지역상권방문;오전;동작구;지역상권;생활밀착,33,봉제산길 골목형상점가,강서구,market,0.4226,강서구_봉제산길_골목형상점가,market
2026-03-30_11:00_동작구,2026-03-30,11:00,동작구,전통시장,상인;지역주민;생활권 유권자,전통시장;지역상권방문;오전;동작구;지역상권;생활밀착,34,포방터시장,서대문구,market,0.4226,서대문구_포방터시장,market
2026-03-30_11:00_동작구,2026-03-30,11:00,동작구,전통시장,상인;지역주민;생활권 유권자,전통시장;지역상권방문;오전;동작구;지역상권;생활밀착,35,대림중앙시장,영등포구,market,0.4225,영등포구_대림중앙시장,market
2026-03-30_11:00_동작구,2026-03-30,11:00,동작구,전통시장,상인;지역주민;생활권 유권자,전통시장;지역상권방문;오전;동작구;지역상권;생활밀착,36,고척근린시장,구로구,market,0.4224,구로구_고척근린시장,market
2026-03-30_11:00_동작구,2026-03-30,11:00,동작구,전통시장,상인;지역주민;생활권 유권자,전통시장;지역상권방문;오전;동작구;지역상권;생활밀착,37,우리시장,영등포구,market,0.4224,영등포구_우리시장,market
2026-03-30_11:00_동작구,2026-03-30,11:00,동작구,전통시장,상인;지역주민;생활권 유권자,전통시장;지역상권방문;오전;동작구;지역상권;생활밀착,38,목2동시장,양천구,market,0.4223,양천구_목2동시장,market
2026-03-30_11:00_동작구,2026-03-30,11:00,동작구,전통시장,상인;지역주민;생활권 유권자,전통시장;지역상권방문;오전;동작구;지역상권;생활밀착,39,이촌종합시장,용산구,market,0.4223,용산구_이촌종합시장,market
2026-03-30_11:00_동작구,2026-03-30,11:00,동작구,전통시장,상인;지역주민;생활권 유권자,전통시장;지역상권방문;오전;동작구;지역상권;생활밀착,40,정릉서경대길골목형상점가,성북구,market,0.4223,성북구_정릉서경대길골목형상점가,market
2026-03-30_11:00_동작구,2026-03-30,11:00,동작구,전통시장,상인;지역주민;생활권 유권자,전통시장;지역상권방문;오전;동작구;지역상권;생활밀착,41,창동골목시장,도봉구,market,0.4223,도봉구_창동골목시장,market
2026-03-30_11:00_동작구,2026-03-30,11:00,동작구,전통시장,상인;지역주민;생활권 유권자,전통시장;지역상권방문;오전;동작구;지역상권;생활밀착,42,통인시장,종로구,market,0.4222,종로구_통인시장,market
2026-03-30_11:00_동작구,2026-03-30,11:00,동작구,전통시장,상인;지역주민;생활권 유권자,전통시장;지역상권방문;오전;동작구;지역상권;생활밀착,43,회기시장,동대문구,market,0.4221,동대문구_회기시장,market
2026-03-30_11:00_동작구,2026-03-30,11:00,동작구,전통시장,상인;지역주민;생활권 유권자,전통시장;지역상권방문;오전;동작구;지역상권;생활밀착,44,사당1동먹자골목상점가,동작구,market,0.422,동작구_사당1동먹자골목상점가,market
2026-03-30_11:00_동작구,2026-03-30,11:00,동작구,전통시장,상인;지역주민;생활권 유권자,전통시장;지역상권방문;오전;동작구;지역상권;생활밀착,45,삼청정독길 골목형상점가,종로구,market,0.422,종로구_삼청정독길_골목형상점가,market
2026-03-30_11:00_동작구,2026-03-30,11:00,동작구,전통시장,상인;지역주민;생활권 유권자,전통시장;지역상권방문;오전;동작구;지역상권;생활밀착,46,답십리시장,동대문구,market,0.4219,동대문구_답십리시장,market
2026-03-30_11:00_동작구,2026-03-30,11:00,동작구,전통시장,상인;지역주민;생활권 유권자,전통시장;지역상권방문;오전;동작구;지역상권;생활밀착,47,장미제일시장,중랑구,market,0.4217,중랑구_장미제일시장,market
2026-03-30_11:00_동작구,2026-03-30,11:00,동작구,전통시장,상인;지역주민;생활권 유권자,전통시장;지역상권방문;오전;동작구;지역상권;생활밀착,48,장위전통시장,성북구,market,0.4217,성북구_장위전통시장,market
2026-03-30_11:00_동작구,2026-03-30,11:00,동작구,전통시장,상인;지역주민;생활권 유권자,전통시장;지역상권방문;오전;동작구;지역상권;생활밀착,49,성내전통시장,강동구,market,0.4216,강동구_성내전통시장,market
2026-03-30_11:00_동작구,2026-03-30,11:00,동작구,전통시장,상인;지역주민;생활권 유권자,전통시장;지역상권방문;오전;동작구;지역상권;생활밀착,50,장미원골목시장,강북구,market,0.4216,강북구_장미원골목시장,market
2026-03-31_11:30_동대문구,2026-03-31,11:30,동대문구,공원,지역주민;가족단위;일반시민,공원;거리인사;오전;동대문구,1,신림,관악구,subway,0.9468,202602_2호선_신림,subway
2026-03-31_11:30_동대문구,2026-03-31,11:30,동대문구,공원,지역주민;가족단위;일반시민,공원;거리인사;오전;동대문구,2,잠실(송파구청),송파구,subway,0.8013,202602_2호선_잠실(송파구청),subway
2026-03-31_11:30_동대문구,2026-03-31,11:30,동대문구,공원,지역주민;가족단위;일반시민,공원;거리인사;오전;동대문구,3,서울역,중구,subway,0.7902,202602_1호선_서울역,subway
2026-03-31_11:30_동대문구,2026-03-31,11:30,동대문구,공원,지역주민;가족단위;일반시민,공원;거리인사;오전;동대문구,4,구로디지털단지,구로구,subway,0.776,202602_2호선_구로디지털단지,subway
2026-03-31_11:30_동대문구,2026-03-31,11:30,동대문구,공원,지역주민;가족단위;일반시민,공원;거리인사;오전;동대문구,5,서울대입구(관악구청),관악구,subway,0.7382,202602_2호선_서울대입구(관악구청),subway
2026-03-31_11:30_동대문구,2026-03-31,11:30,동대문구,공원,지역주민;가족단위;일반시민,공원;거리인사;오전;동대문구,6,신도림,구로구,subway,0.7139,202602_2호선_신도림,subway
2026-03-31_11:30_동대문구,2026-03-31,11:30,동대문구,공원,지역주민;가족단위;일반시민,공원;거리인사;오전;동대문구,7,연신내,은평구,subway,0.667,202602_3호선_연신내,subway
2026-03-31_11:30_동대문구,2026-03-31,11:30,동대문구,공원,지역주민;가족단위;일반시민,공원;거리인사;오전;동대문구,8,까치산,강서구,subway,0.6301,202602_5호선_까치산,subway
2026-03-31_11:30_동대문구,2026-03-31,11:30,동대문구,공원,지역주민;가족단위;일반시민,공원;거리인사;오전;동대문구,9,화곡,강서구,subway,0.6251,202602_5호선_화곡,subway
2026-03-31_11:30_동대문구,2026-03-31,11:30,동대문구,공원,지역주민;가족단위;일반시민,공원;거리인사;오전;동대문구,10,쌍문,도봉구,subway,0.623,202602_4호선_쌍문,subway
2026-03-31_11:30_동대문구,2026-03-31,11:30,동대문구,공원,지역주민;가족단위;일반시민,공원;거리인사;오전;동대문구,11,수유(강북구청),강북구,subway,0.6126,202602_4호선_수유(강북구청),subway
2026-03-31_11:30_동대문구,2026-03-31,11:30,동대문구,공원,지역주민;가족단위;일반시민,공원;거리인사;오전;동대문구,12,홍대입구,마포구,subway,0.5848,202602_2호선_홍대입구,subway
2026-03-31_11:30_동대문구,2026-03-31,11:30,동대문구,공원,지역주민;가족단위;일반시민,공원;거리인사;오전;동대문구,13,신대방,동작구,subway,0.5796,202602_2호선_신대방,subway
2026-03-31_11:30_동대문구,2026-03-31,11:30,동대문구,공원,지역주민;가족단위;일반시민,공원;거리인사;오전;동대문구,14,낙성대(강감찬),관악구,subway,0.5749,202602_2호선_낙성대(강감찬),subway
2026-03-31_11:30_동대문구,2026-03-31,11:30,동대문구,공원,지역주민;가족단위;일반시민,공원;거리인사;오전;동대문구,15,사당,동작구,subway,0.5744,202602_2호선_사당,subway
2026-03-31_11:30_동대문구,2026-03-31,11:30,동대문구,공원,지역주민;가족단위;일반시민,공원;거리인사;오전;동대문구,16,구의(광진구청),광진구,subway,0.5673,202602_2호선_구의(광진구청),subway
2026-03-31_11:30_동대문구,2026-03-31,11:30,동대문구,공원,지역주민;가족단위;일반시민,공원;거리인사;오전;동대문구,17,부천,,subway,0.5664,202602_경인선_부천,subway
2026-03-31_11:30_동대문구,2026-03-31,11:30,동대문구,공원,지역주민;가족단위;일반시민,공원;거리인사;오전;동대문구,18,역곡,,subway,0.5647,202602_경인선_역곡,subway
2026-03-31_11:30_동대문구,2026-03-31,11:30,동대문구,공원,지역주민;가족단위;일반시민,공원;거리인사;오전;동대문구,19,봉천,관악구,subway,0.561,202602_2호선_봉천,subway
2026-03-31_11:30_동대문구,2026-03-31,11:30,동대문구,공원,지역주민;가족단위;일반시민,공원;거리인사;오전;동대문구,20,강남,강남구,subway,0.554,202602_2호선_강남,subway
2026-03-31_11:30_동대문구,2026-03-31,11:30,동대문구,공원,지역주민;가족단위;일반시민,공원;거리인사;오전;동대문구,21,범계,,subway,0.5379,202602_과천선_범계,subway
2026-03-31_11:30_동대문구,2026-03-31,11:30,동대문구,공원,지역주민;가족단위;일반시민,공원;거리인사;오전;동대문구,22,개봉,,subway,0.5331,202602_경인선_개봉,subway
2026-03-31_11:30_동대문구,2026-03-31,11:30,동대문구,공원,지역주민;가족단위;일반시민,공원;거리인사;오전;동대문구,23,금정,,subway,0.5323,202602_경부선_금정,subway
2026-03-31_11:30_동대문구,2026-03-31,11:30,동대문구,공원,지역주민;가족단위;일반시민,공원;거리인사;오전;동대문구,24,미아사거리,,subway,0.5321,202602_4호선_미아사거리,subway
2026-03-31_11:30_동대문구,2026-03-31,11:30,동대문구,공원,지역주민;가족단위;일반시민,공원;거리인사;오전;동대문구,25,강변(동서울터미널),,subway,0.5297,202602_2호선_강변(동서울터미널),subway
2026-03-31_11:30_동대문구,2026-03-31,11:30,동대문구,공원,지역주민;가족단위;일반시민,공원;거리인사;오전;동대문구,26,수원,,subway,0.523,202602_경부선_수원,subway
2026-03-31_11:30_동대문구,2026-03-31,11:30,동대문구,공원,지역주민;가족단위;일반시민,공원;거리인사;오전;동대문구,27,송내,,subway,0.5226,202602_경인선_송내,subway
2026-03-31_11:30_동대문구,2026-03-31,11:30,동대문구,공원,지역주민;가족단위;일반시민,공원;거리인사;오전;동대문구,28,창동,,subway,0.5223,202602_4호선_창동,subway
2026-03-31_11:30_동대문구,2026-03-31,11:30,동대문구,공원,지역주민;가족단위;일반시민,공원;거리인사;오전;동대문구,29,부평,,subway,0.5208,202602_경인선_부평,subway
2026-03-31_11:30_동대문구,2026-03-31,11:30,동대문구,공원,지역주민;가족단위;일반시민,공원;거리인사;오전;동대문구,30,대림(구로구청),구로구,subway,0.5172,202602_2호선_대림(구로구청),subway
2026-03-31_11:30_동대문구,2026-03-31,11:30,동대문구,공원,지역주민;가족단위;일반시민,공원;거리인사;오전;동대문구,31,건대입구,광진구,subway,0.5155,202602_2호선_건대입구,subway
2026-03-31_11:30_동대문구,2026-03-31,11:30,동대문구,공원,지역주민;가족단위;일반시민,공원;거리인사;오전;동대문구,32,광명사거리,,subway,0.5149,202602_7호선_광명사거리,subway
2026-03-31_11:30_동대문구,2026-03-31,11:30,동대문구,공원,지역주민;가족단위;일반시민,공원;거리인사;오전;동대문구,33,철산,,subway,0.5142,202602_7호선_철산,subway
2026-03-31_11:30_동대문구,2026-03-31,11:30,동대문구,공원,지역주민;가족단위;일반시민,공원;거리인사;오전;동대문구,34,노량진,,subway,0.5103,202602_9호선_노량진,subway
2026-03-31_11:30_동대문구,2026-03-31,11:30,동대문구,공원,지역주민;가족단위;일반시민,공원;거리인사;오전;동대문구,35,길음,,subway,0.508,202602_4호선_길음,subway
2026-03-31_11:30_동대문구,2026-03-31,11:30,동대문구,공원,지역주민;가족단위;일반시민,공원;거리인사;오전;동대문구,36,구파발,,subway,0.5022,202602_3호선_구파발,subway
2026-03-31_11:30_동대문구,2026-03-31,11:30,동대문구,공원,지역주민;가족단위;일반시민,공원;거리인사;오전;동대문구,37,고속터미널,서초구,subway,0.4976,202602_3호선_고속터미널,subway
2026-03-31_11:30_동대문구,2026-03-31,11:30,동대문구,공원,지역주민;가족단위;일반시민,공원;거리인사;오전;동대문구,38,안양,,subway,0.4939,202602_경부선_안양,subway
2026-03-31_11:30_동대문구,2026-03-31,11:30,동대문구,공원,지역주민;가족단위;일반시민,공원;거리인사;오전;동대문구,39,염창,,subway,0.4918,202602_9호선_염창,subway
2026-03-31_11:30_동대문구,2026-03-31,11:30,동대문구,공원,지역주민;가족단위;일반시민,공원;거리인사;오전;동대문구,40,인덕원,,subway,0.4902,202602_과천선_인덕원,subway
2026-03-31_11:30_동대문구,2026-03-31,11:30,동대문구,공원,지역주민;가족단위;일반시민,공원;거리인사;오전;동대문구,41,가양,,subway,0.4861,202602_9호선_가양,subway
2026-03-31_11:30_동대문구,2026-03-31,11:30,동대문구,공원,지역주민;가족단위;일반시민,공원;거리인사;오전;동대문구,42,상계,,subway,0.4845,202602_4호선_상계,subway
2026-03-31_11:30_동대문구,2026-03-31,11:30,동대문구,공원,지역주민;가족단위;일반시민,공원;거리인사;오전;동대문구,43,삼송,,subway,0.483,202602_일산선_삼송,subway
2026-03-31_11:30_동대문구,2026-03-31,11:30,동대문구,공원,지역주민;가족단위;일반시민,공원;거리인사;오전;동대문구,44,응암,,subway,0.4783,202602_6호선_응암,subway
2026-03-31_11:30_동대문구,2026-03-31,11:30,동대문구,공원,지역주민;가족단위;일반시민,공원;거리인사;오전;동대문구,45,회기,,subway,0.4749,202602_중앙선_회기,subway
2026-03-31_11:30_동대문구,2026-03-31,11:30,동대문구,공원,지역주민;가족단위;일반시민,공원;거리인사;오전;동대문구,46,영등포,영등포구,subway,0.4735,202602_경부선_영등포,subway
2026-03-31_11:30_동대문구,2026-03-31,11:30,동대문구,공원,지역주민;가족단위;일반시민,공원;거리인사;오전;동대문구,47,잠실새내,,subway,0.4725,202602_2호선_잠실새내,subway
2026-03-31_11:30_동대문구,2026-03-31,11:30,동대문구,공원,지역주민;가족단위;일반시민,공원;거리인사;오전;동대문구,48,홍제,,subway,0.4585,202602_3호선_홍제,subway
2026-03-31_11:30_동대문구,2026-03-31,11:30,동대문구,공원,지역주민;가족단위;일반시민,공원;거리인사;오전;동대문구,49,암사,,subway,0.4559,202602_8호선_암사,subway
2026-03-31_11:30_동대문구,2026-03-31,11:30,동대문구,공원,지역주민;가족단위;일반시민,공원;거리인사;오전;동대문구,50,용산,용산구,subway,0.4554,202602_경부선_용산,subway
2026-04-02_16:00_양천구,2026-04-02,16:00,양천구,공원,지역주민;가족단위;일반시민,공원;방문인사;오후;양천구,1,서울역,중구,subway,0.9642,202602_1호선_서울역,subway
2026-04-02_16:00_양천구,2026-04-02,16:00,양천구,공원,지역주민;가족단위;일반시민,공원;방문인사;오후;양천구,2,잠실(송파구청),송파구,subway,0.9611,202602_2호선_잠실(송파구청),subway
2026-04-02_16:00_양천구,2026-04-02,16:00,양천구,공원,지역주민;가족단위;일반시민,공원;방문인사;오후;양천구,3,강남,강남구,subway,0.9318,202602_2호선_강남,subway
2026-04-02_16:00_양천구,2026-04-02,16:00,양천구,공원,지역주민;가족단위;일반시민,공원;방문인사;오후;양천구,4,홍대입구,마포구,subway,0.8656,202602_2호선_홍대입구,subway
2026-04-02_16:00_양천구,2026-04-02,16:00,양천구,공원,지역주민;가족단위;일반시민,공원;방문인사;오후;양천구,5,고속터미널,서초구,subway,0.8161,202602_3호선_고속터미널,subway
2026-04-02_16:00_양천구,2026-04-02,16:00,양천구,공원,지역주민;가족단위;일반시민,공원;방문인사;오후;양천구,6,삼성(무역센터),강남구,subway,0.7312,202602_2호선_삼성(무역센터),subway
2026-04-02_16:00_양천구,2026-04-02,16:00,양천구,공원,지역주민;가족단위;일반시민,공원;방문인사;오후;양천구,7,성수,성동구,subway,0.7287,202602_2호선_성수,subway
2026-04-02_16:00_양천구,2026-04-02,16:00,양천구,공원,지역주민;가족단위;일반시민,공원;방문인사;오후;양천구,8,선릉,강남구,subway,0.7238,202602_2호선_선릉,subway
2026-04-02_16:00_양천구,2026-04-02,16:00,양천구,공원,지역주민;가족단위;일반시민,공원;방문인사;오후;양천구,9,용산,용산구,subway,0.7194,202602_경부선_용산,subway
2026-04-02_16:00_양천구,2026-04-02,16:00,양천구,공원,지역주민;가족단위;일반시민,공원;방문인사;오후;양천구,10,구로디지털단지,구로구,subway,0.6961,202602_2호선_구로디지털단지,subway
2026-04-02_16:00_양천구,2026-04-02,16:00,양천구,공원,지역주민;가족단위;일반시민,공원;방문인사;오후;양천구,11,신림,관악구,subway,0.6921,202602_2호선_신림,subway
2026-04-02_16:00_양천구,2026-04-02,16:00,양천구,공원,지역주민;가족단위;일반시민,공원;방문인사;오후;양천구,12,을지로입구,중구,subway,0.6806,202602_2호선_을지로입구,subway
2026-04-02_16:00_양천구,2026-04-02,16:00,양천구,공원,지역주민;가족단위;일반시민,공원;방문인사;오후;양천구,13,신도림,구로구,subway,0.6595,202602_2호선_신도림,subway
2026-04-02_16:00_양천구,2026-04-02,16:00,양천구,공원,지역주민;가족단위;일반시민,공원;방문인사;오후;양천구,14,영등포,영등포구,subway,0.6567,202602_경부선_영등포,subway
2026-04-02_16:00_양천구,2026-04-02,16:00,양천구,공원,지역주민;가족단위;일반시민,공원;방문인사;오후;양천구,15,역삼,강남구,subway,0.6459,202602_2호선_역삼,subway
2026-04-02_16:00_양천구,2026-04-02,16:00,양천구,공원,지역주민;가족단위;일반시민,공원;방문인사;오후;양천구,16,서울대입구(관악구청),관악구,subway,0.628,202602_2호선_서울대입구(관악구청),subway
2026-04-02_16:00_양천구,2026-04-02,16:00,양천구,공원,지역주민;가족단위;일반시민,공원;방문인사;오후;양천구,17,수원,,subway,0.6164,202602_경부선_수원,subway
2026-04-02_16:00_양천구,2026-04-02,16:00,양천구,공원,지역주민;가족단위;일반시민,공원;방문인사;오후;양천구,18,종각,종로구,subway,0.5903,202602_1호선_종각,subway
2026-04-02_16:00_양천구,2026-04-02,16:00,양천구,공원,지역주민;가족단위;일반시민,공원;방문인사;오후;양천구,19,가산디지털단지,금천구,subway,0.586,202602_7호선_가산디지털단지,subway
2026-04-02_16:00_양천구,2026-04-02,16:00,양천구,공원,지역주민;가족단위;일반시민,공원;방문인사;오후;양천구,20,사당,동작구,subway,0.5846,202602_2호선_사당,subway
2026-04-02_16:00_양천구,2026-04-02,16:00,양천구,공원,지역주민;가족단위;일반시민,공원;방문인사;오후;양천구,21,신촌,,subway,0.5808,202602_2호선_신촌,subway
2026-04-02_16:00_양천구,2026-04-02,16:00,양천구,공원,지역주민;가족단위;일반시민,공원;방문인사;오후;양천구,22,혜화,종로구,subway,0.5759,202602_4호선_혜화,subway
2026-04-02_16:00_양천구,2026-04-02,16:00,양천구,공원,지역주민;가족단위;일반시민,공원;방문인사;오후;양천구,23,명동,중구,subway,0.5738,202602_4호선_명동,subway
2026-04-02_16:00_양천구,2026-04-02,16:00,양천구,공원,지역주민;가족단위;일반시민,공원;방문인사;오후;양천구,24,연신내,은평구,subway,0.5711,202602_3호선_연신내,subway
2026-04-02_16:00_양천구,2026-04-02,16:00,양천구,공원,지역주민;가족단위;일반시민,공원;방문인사;오후;양천구,25,회현(남대문시장),,subway,0.5558,202602_4호선_회현(남대문시장),subway
2026-04-02_16:00_양천구,2026-04-02,16:00,양천구,공원,지역주민;가족단위;일반시민,공원;방문인사;오후;양천구,26,남부터미널(예술의전당),,subway,0.5541,202602_3호선_남부터미널(예술의전당),subway
2026-04-02_16:00_양천구,2026-04-02,16:00,양천구,공원,지역주민;가족단위;일반시민,공원;방문인사;오후;양천구,27,건대입구,광진구,subway,0.5488,202602_2호선_건대입구,subway
2026-04-02_16:00_양천구,2026-04-02,16:00,양천구,공원,지역주민;가족단위;일반시민,공원;방문인사;오후;양천구,28,양재(서초구청),서초구,subway,0.5482,202602_3호선_양재(서초구청),subway
2026-04-02_16:00_양천구,2026-04-02,16:00,양천구,공원,지역주민;가족단위;일반시민,공원;방문인사;오후;양천구,29,광화문(세종문화회관),,subway,0.5464,202602_5호선_광화문(세종문화회관),subway
2026-04-02_16:00_양천구,2026-04-02,16:00,양천구,공원,지역주민;가족단위;일반시민,공원;방문인사;오후;양천구,30,안국,,subway,0.545,202602_3호선_안국,subway
2026-04-02_16:00_양천구,2026-04-02,16:00,양천구,공원,지역주민;가족단위;일반시민,공원;방문인사;오후;양천구,31,수유(강북구청),강북구,subway,0.5395,202602_4호선_수유(강북구청),subway
2026-04-02_16:00_양천구,2026-04-02,16:00,양천구,공원,지역주민;가족단위;일반시민,공원;방문인사;오후;양천구,32,부천,,subway,0.5328,202602_경인선_부천,subway
2026-04-02_16:00_양천구,2026-04-02,16:00,양천구,공원,지역주민;가족단위;일반시민,공원;방문인사;오후;양천구,33,종로3가,,subway,0.5286,202602_1호선_종로3가,subway
2026-04-02_16:00_양천구,2026-04-02,16:00,양천구,공원,지역주민;가족단위;일반시민,공원;방문인사;오후;양천구,34,압구정,압구,subway,0.5273,202602_3호선_압구정,subway
2026-04-02_16:00_양천구,2026-04-02,16:00,양천구,공원,지역주민;가족단위;일반시민,공원;방문인사;오후;양천구,35,종로5가,,subway,0.5253,202602_1호선_종로5가,subway
2026-04-02_16:00_양천구,2026-04-02,16:00,양천구,공원,지역주민;가족단위;일반시민,공원;방문인사;오후;양천구,36,청량리(서울시립대입구),서울시립대입구,subway,0.5223,202602_1호선_청량리(서울시립대입구),subway
2026-04-02_16:00_양천구,2026-04-02,16:00,양천구,공원,지역주민;가족단위;일반시민,공원;방문인사;오후;양천구,37,부평,,subway,0.5188,202602_경인선_부평,subway
2026-04-02_16:00_양천구,2026-04-02,16:00,양천구,공원,지역주민;가족단위;일반시민,공원;방문인사;오후;양천구,38,경복궁(정부서울청사),,subway,0.5131,202602_3호선_경복궁(정부서울청사),subway
2026-04-02_16:00_양천구,2026-04-02,16:00,양천구,공원,지역주민;가족단위;일반시민,공원;방문인사;오후;양천구,39,여의도,영등포구,subway,0.5131,202602_9호선_여의도,subway
2026-04-02_16:00_양천구,2026-04-02,16:00,양천구,공원,지역주민;가족단위;일반시민,공원;방문인사;오후;양천구,40,신논현,,subway,0.5119,202602_9호선_신논현,subway
2026-04-02_16:00_양천구,2026-04-02,16:00,양천구,공원,지역주민;가족단위;일반시민,공원;방문인사;오후;양천구,41,창동,,subway,0.5047,202602_4호선_창동,subway
2026-04-02_16:00_양천구,2026-04-02,16:00,양천구,공원,지역주민;가족단위;일반시민,공원;방문인사;오후;양천구,42,교대(법원.검찰청),,subway,0.504,202602_2호선_교대(법원.검찰청),subway
2026-04-02_16:00_양천구,2026-04-02,16:00,양천구,공원,지역주민;가족단위;일반시민,공원;방문인사;오후;양천구,43,강변(동서울터미널),,subway,0.4969,202602_2호선_강변(동서울터미널),subway
2026-04-02_16:00_양천구,2026-04-02,16:00,양천구,공원,지역주민;가족단위;일반시민,공원;방문인사;오후;양천구,44,충무로,,subway,0.492,202602_4호선_충무로,subway
2026-04-02_16:00_양천구,2026-04-02,16:00,양천구,공원,지역주민;가족단위;일반시민,공원;방문인사;오후;양천구,45,합정,마포구,subway,0.4906,202602_2호선_합정,subway
2026-04-02_16:00_양천구,2026-04-02,16:00,양천구,공원,지역주민;가족단위;일반시민,공원;방문인사;오후;양천구,46,쌍문,도봉구,subway,0.4837,202602_4호선_쌍문,subway
2026-04-02_16:00_양천구,2026-04-02,16:00,양천구,공원,지역주민;가족단위;일반시민,공원;방문인사;오후;양천구,47,범계,,subway,0.4824,202602_과천선_범계,subway
2026-04-02_16:00_양천구,2026-04-02,16:00,양천구,공원,지역주민;가족단위;일반시민,공원;방문인사;오후;양천구,48,동대문,,subway,0.4821,202602_4호선_동대문,subway
2026-04-02_16:00_양천구,2026-04-02,16:00,양천구,공원,지역주민;가족단위;일반시민,공원;방문인사;오후;양천구,49,시청,,subway,0.4795,202602_1호선_시청,subway
2026-04-02_16:00_양천구,2026-04-02,16:00,양천구,공원,지역주민;가족단위;일반시민,공원;방문인사;오후;양천구,50,구의(광진구청),광진구,subway,0.4793,202602_2호선_구의(광진구청),subway
2026-04-04_10:00_노원구,2026-04-04,10:00,노원구,체육시설,생활체육 참여자;지역주민;일반시민,체육시설;체육행사;오전;노원구,1,신림,관악구,subway,0.9468,202602_2호선_신림,subway
2026-04-04_10:00_노원구,2026-04-04,10:00,노원구,체육시설,생활체육 참여자;지역주민;일반시민,체육시설;체육행사;오전;노원구,2,잠실(송파구청),송파구,subway,0.8013,202602_2호선_잠실(송파구청),subway
2026-04-04_10:00_노원구,2026-04-04,10:00,노원구,체육시설,생활체육 참여자;지역주민;일반시민,체육시설;체육행사;오전;노원구,3,서울역,중구,subway,0.7902,202602_1호선_서울역,subway
2026-04-04_10:00_노원구,2026-04-04,10:00,노원구,체육시설,생활체육 참여자;지역주민;일반시민,체육시설;체육행사;오전;노원구,4,구로디지털단지,구로구,subway,0.776,202602_2호선_구로디지털단지,subway
2026-04-04_10:00_노원구,2026-04-04,10:00,노원구,체육시설,생활체육 참여자;지역주민;일반시민,체육시설;체육행사;오전;노원구,5,서울대입구(관악구청),관악구,subway,0.7382,202602_2호선_서울대입구(관악구청),subway
2026-04-04_10:00_노원구,2026-04-04,10:00,노원구,체육시설,생활체육 참여자;지역주민;일반시민,체육시설;체육행사;오전;노원구,6,신도림,구로구,subway,0.7139,202602_2호선_신도림,subway
2026-04-04_10:00_노원구,2026-04-04,10:00,노원구,체육시설,생활체육 참여자;지역주민;일반시민,체육시설;체육행사;오전;노원구,7,연신내,은평구,subway,0.667,202602_3호선_연신내,subway
2026-04-04_10:00_노원구,2026-04-04,10:00,노원구,체육시설,생활체육 참여자;지역주민;일반시민,체육시설;체육행사;오전;노원구,8,까치산,강서구,subway,0.6301,202602_5호선_까치산,subway
2026-04-04_10:00_노원구,2026-04-04,10:00,노원구,체육시설,생활체육 참여자;지역주민;일반시민,체육시설;체육행사;오전;노원구,9,화곡,강서구,subway,0.6251,202602_5호선_화곡,subway
2026-04-04_10:00_노원구,2026-04-04,10:00,노원구,체육시설,생활체육 참여자;지역주민;일반시민,체육시설;체육행사;오전;노원구,10,노원,노원구,subway,0.4295,202602_4호선_노원,subway
2026-04-04_10:00_노원구,2026-04-04,10:00,노원구,체육시설,생활체육 참여자;지역주민;일반시민,체육시설;체육행사;오전;노원구,11,양재(서초구청),서초구,subway,0.4286,202602_3호선_양재(서초구청),subway
2026-04-04_10:00_노원구,2026-04-04,10:00,노원구,체육시설,생활체육 참여자;지역주민;일반시민,체육시설;체육행사;오전;노원구,12,성신여대입구(돈암),성신여대입구,subway,0.4275,202602_4호선_성신여대입구(돈암),subway
2026-04-04_10:00_노원구,2026-04-04,10:00,노원구,체육시설,생활체육 참여자;지역주민;일반시민,체육시설;체육행사;오전;노원구,13,주안,,subway,0.4264,202602_경인선_주안,subway
2026-04-04_10:00_노원구,2026-04-04,10:00,노원구,체육시설,생활체육 참여자;지역주민;일반시민,체육시설;체육행사;오전;노원구,14,성균관대,,subway,0.4254,202602_경부선_성균관대,subway
2026-04-04_10:00_노원구,2026-04-04,10:00,노원구,체육시설,생활체육 참여자;지역주민;일반시민,체육시설;체육행사;오전;노원구,15,총신대입구(이수),총신대입구,subway,0.4254,202602_4호선_총신대입구(이수),subway
2026-04-04_10:00_노원구,2026-04-04,10:00,노원구,체육시설,생활체육 참여자;지역주민;일반시민,체육시설;체육행사;오전;노원구,16,성수,성동구,subway,0.4239,202602_2호선_성수,subway
2026-04-04_10:00_노원구,2026-04-04,10:00,노원구,체육시설,생활체육 참여자;지역주민;일반시민,체육시설;체육행사;오전;노원구,17,합정,마포구,subway,0.4234,202602_2호선_합정,subway
2026-04-04_10:00_노원구,2026-04-04,10:00,노원구,체육시설,생활체육 참여자;지역주민;일반시민,체육시설;체육행사;오전;노원구,18,남부터미널(예술의전당),,subway,0.423,202602_3호선_남부터미널(예술의전당),subway
2026-04-04_10:00_노원구,2026-04-04,10:00,노원구,체육시설,생활체육 참여자;지역주민;일반시민,체육시설;체육행사;오전;노원구,19,불광,,subway,0.4201,202602_3호선_불광,subway
2026-04-04_10:00_노원구,2026-04-04,10:00,노원구,체육시설,생활체육 참여자;지역주민;일반시민,체육시설;체육행사;오전;노원구,20,의정부,,subway,0.4193,202602_경원선_의정부,subway
2026-04-04_10:00_노원구,2026-04-04,10:00,노원구,체육시설,생활체육 참여자;지역주민;일반시민,체육시설;체육행사;오전;노원구,21,화정,,subway,0.4184,202602_일산선_화정,subway
2026-04-04_10:00_노원구,2026-04-04,10:00,노원구,체육시설,생활체육 참여자;지역주민;일반시민,체육시설;체육행사;오전;노원구,22,우장산,,subway,0.418,202602_5호선_우장산,subway
2026-04-04_10:00_노원구,2026-04-04,10:00,노원구,체육시설,생활체육 참여자;지역주민;일반시민,체육시설;체육행사;오전;노원구,23,오목교(목동운동장앞),,subway,0.4179,202602_5호선_오목교(목동운동장앞),subway
2026-04-04_10:00_노원구,2026-04-04,10:00,노원구,체육시설,생활체육 참여자;지역주민;일반시민,체육시설;체육행사;오전;노원구,24,동암,,subway,0.4163,202602_경인선_동암,subway
2026-04-04_10:00_노원구,2026-04-04,10:00,노원구,체육시설,생활체육 참여자;지역주민;일반시민,체육시설;체육행사;오전;노원구,25,평촌,,subway,0.4163,202602_과천선_평촌,subway
2026-04-04_10:00_노원구,2026-04-04,10:00,노원구,체육시설,생활체육 참여자;지역주민;일반시민,체육시설;체육행사;오전;노원구,26,수서,,subway,0.4162,202602_분당선_수서,subway
2026-04-04_10:00_노원구,2026-04-04,10:00,노원구,체육시설,생활체육 참여자;지역주민;일반시민,체육시설;체육행사;오전;노원구,27,중앙,,subway,0.4155,202602_안산선_중앙,subway
2026-04-04_10:00_노원구,2026-04-04,10:00,노원구,체육시설,생활체육 참여자;지역주민;일반시민,체육시설;체육행사;오전;노원구,28,천호(풍납토성),,subway,0.415,202602_8호선_천호(풍납토성),subway
2026-04-04_10:00_노원구,2026-04-04,10:00,노원구,체육시설,생활체육 참여자;지역주민;일반시민,체육시설;체육행사;오전;노원구,29,새절(신사),,subway,0.4127,202602_6호선_새절(신사),subway
2026-04-04_10:00_노원구,2026-04-04,10:00,노원구,체육시설,생활체육 참여자;지역주민;일반시민,체육시설;체육행사;오전;노원구,30,산본,,subway,0.4123,202602_안산선_산본,subway
2026-04-04_10:00_노원구,2026-04-04,10:00,노원구,체육시설,생활체육 참여자;지역주민;일반시민,체육시설;체육행사;오전;노원구,31,미아(서울사이버대학),,subway,0.4122,202602_4호선_미아(서울사이버대학),subway
2026-04-04_10:00_노원구,2026-04-04,10:00,노원구,체육시설,생활체육 참여자;지역주민;일반시민,체육시설;체육행사;오전;노원구,32,회룡,,subway,0.4114,202602_경원선_회룡,subway
2026-04-04_10:00_노원구,2026-04-04,10:00,노원구,체육시설,생활체육 참여자;지역주민;일반시민,체육시설;체육행사;오전;노원구,33,태평,,subway,0.4109,202602_분당선_태평,subway
2026-04-04_10:00_노원구,2026-04-04,10:00,노원구,체육시설,생활체육 참여자;지역주민;일반시민,체육시설;체육행사;오전;노원구,34,중앙보훈병원,,subway,0.4102,202602_9호선2~3단계_중앙보훈병원,subway
2026-04-04_10:00_노원구,2026-04-04,10:00,노원구,체육시설,생활체육 참여자;지역주민;일반시민,체육시설;체육행사;오전;노원구,35,영등포구청,영등포구,subway,0.4079,202602_2호선_영등포구청,subway
2026-04-04_10:00_노원구,2026-04-04,10:00,노원구,체육시설,생활체육 참여자;지역주민;일반시민,체육시설;체육행사;오전;노원구,36,상왕십리,,subway,0.4076,202602_2호선_상왕십리,subway
2026-04-04_10:00_노원구,2026-04-04,10:00,노원구,체육시설,생활체육 참여자;지역주민;일반시민,체육시설;체육행사;오전;노원구,37,천왕,,subway,0.4073,202602_7호선_천왕,subway
2026-04-04_10:00_노원구,2026-04-04,10:00,노원구,체육시설,생활체육 참여자;지역주민;일반시민,체육시설;체육행사;오전;노원구,38,삼성(무역센터),강남구,subway,0.4072,202602_2호선_삼성(무역센터),subway
2026-04-04_10:00_노원구,2026-04-04,10:00,노원구,체육시설,생활체육 참여자;지역주민;일반시민,체육시설;체육행사;오전;노원구,39,신논현,,subway,0.4064,202602_9호선_신논현,subway
2026-04-04_10:00_노원구,2026-04-04,10:00,노원구,체육시설,생활체육 참여자;지역주민;일반시민,체육시설;체육행사;오전;노원구,40,등촌,,subway,0.4063,202602_9호선_등촌,subway
2026-04-04_10:00_노원구,2026-04-04,10:00,노원구,체육시설,생활체육 참여자;지역주민;일반시민,체육시설;체육행사;오전;노원구,41,장지,,subway,0.4047,202602_8호선_장지,subway
2026-04-04_10:00_노원구,2026-04-04,10:00,노원구,체육시설,생활체육 참여자;지역주민;일반시민,체육시설;체육행사;오전;노원구,42,남한산성입구(성남법원.검찰청),남한산성입구,subway,0.4046,202602_8호선_남한산성입구(성남법원.검찰청),subway
2026-04-04_10:00_노원구,2026-04-04,10:00,노원구,체육시설,생활체육 참여자;지역주민;일반시민,체육시설;체육행사;오전;노원구,43,아차산(어린이대공원후문),,subway,0.4044,202602_5호선_아차산(어린이대공원후문),subway
2026-04-04_10:00_노원구,2026-04-04,10:00,노원구,체육시설,생활체육 참여자;지역주민;일반시민,체육시설;체육행사;오전;노원구,44,문래,,subway,0.4025,202602_2호선_문래,subway
2026-04-04_10:00_노원구,2026-04-04,10:00,노원구,체육시설,생활체육 참여자;지역주민;일반시민,체육시설;체육행사;오전;노원구,45,병점,,subway,0.402,202602_경부선_병점,subway
2026-04-04_10:00_노원구,2026-04-04,10:00,노원구,체육시설,생활체육 참여자;지역주민;일반시민,체육시설;체육행사;오전;노원구,46,역삼,강남구,subway,0.4011,202602_2호선_역삼,subway
2026-04-04_10:00_노원구,2026-04-04,10:00,노원구,체육시설,생활체육 참여자;지역주민;일반시민,체육시설;체육행사;오전;노원구,47,군자(능동),,subway,0.4001,202602_7호선_군자(능동),subway
2026-04-04_10:00_노원구,2026-04-04,10:00,노원구,체육시설,생활체육 참여자;지역주민;일반시민,체육시설;체육행사;오전;노원구,48,돌곶이,,subway,0.3998,202602_6호선_돌곶이,subway
2026-04-04_10:00_노원구,2026-04-04,10:00,노원구,체육시설,생활체육 참여자;지역주민;일반시민,체육시설;체육행사;오전;노원구,49,디지털미디어시티,,subway,0.3997,202602_6호선_디지털미디어시티,subway
2026-04-04_10:00_노원구,2026-04-04,10:00,노원구,체육시설,생활체육 참여자;지역주민;일반시민,체육시설;체육행사;오전;노원구,50,을지로입구,중구,subway,0.3993,202602_2호선_을지로입구,subway
2026-04-05_17:40_양천구,2026-04-05,17:40,양천구,공원,지역주민;가족단위;일반시민,공원;방문인사;저녁;양천구,1,서울역,중구,subway,0.9642,202602_1호선_서울역,subway
2026-04-05_17:40_양천구,2026-04-05,17:40,양천구,공원,지역주민;가족단위;일반시민,공원;방문인사;저녁;양천구,2,잠실(송파구청),송파구,subway,0.9611,202602_2호선_잠실(송파구청),subway
2026-04-05_17:40_양천구,2026-04-05,17:40,양천구,공원,지역주민;가족단위;일반시민,공원;방문인사;저녁;양천구,3,강남,강남구,subway,0.9318,202602_2호선_강남,subway
2026-04-05_17:40_양천구,2026-04-05,17:40,양천구,공원,지역주민;가족단위;일반시민,공원;방문인사;저녁;양천구,4,홍대입구,마포구,subway,0.8656,202602_2호선_홍대입구,subway
2026-04-05_17:40_양천구,2026-04-05,17:40,양천구,공원,지역주민;가족단위;일반시민,공원;방문인사;저녁;양천구,5,고속터미널,서초구,subway,0.8161,202602_3호선_고속터미널,subway
2026-04-05_17:40_양천구,2026-04-05,17:40,양천구,공원,지역주민;가족단위;일반시민,공원;방문인사;저녁;양천구,6,삼성(무역센터),강남구,subway,0.7312,202602_2호선_삼성(무역센터),subway
2026-04-05_17:40_양천구,2026-04-05,17:40,양천구,공원,지역주민;가족단위;일반시민,공원;방문인사;저녁;양천구,7,성수,성동구,subway,0.7287,202602_2호선_성수,subway
2026-04-05_17:40_양천구,2026-04-05,17:40,양천구,공원,지역주민;가족단위;일반시민,공원;방문인사;저녁;양천구,8,선릉,강남구,subway,0.7238,202602_2호선_선릉,subway
2026-04-05_17:40_양천구,2026-04-05,17:40,양천구,공원,지역주민;가족단위;일반시민,공원;방문인사;저녁;양천구,9,용산,용산구,subway,0.7194,202602_경부선_용산,subway
2026-04-05_17:40_양천구,2026-04-05,17:40,양천구,공원,지역주민;가족단위;일반시민,공원;방문인사;저녁;양천구,10,구로디지털단지,구로구,subway,0.6961,202602_2호선_구로디지털단지,subway
2026-04-05_17:40_양천구,2026-04-05,17:40,양천구,공원,지역주민;가족단위;일반시민,공원;방문인사;저녁;양천구,11,신림,관악구,subway,0.6921,202602_2호선_신림,subway
2026-04-05_17:40_양천구,2026-04-05,17:40,양천구,공원,지역주민;가족단위;일반시민,공원;방문인사;저녁;양천구,12,을지로입구,중구,subway,0.6806,202602_2호선_을지로입구,subway
2026-04-05_17:40_양천구,2026-04-05,17:40,양천구,공원,지역주민;가족단위;일반시민,공원;방문인사;저녁;양천구,13,신도림,구로구,subway,0.6595,202602_2호선_신도림,subway
2026-04-05_17:40_양천구,2026-04-05,17:40,양천구,공원,지역주민;가족단위;일반시민,공원;방문인사;저녁;양천구,14,영등포,영등포구,subway,0.6567,202602_경부선_영등포,subway
2026-04-05_17:40_양천구,2026-04-05,17:40,양천구,공원,지역주민;가족단위;일반시민,공원;방문인사;저녁;양천구,15,역삼,강남구,subway,0.6459,202602_2호선_역삼,subway
2026-04-05_17:40_양천구,2026-04-05,17:40,양천구,공원,지역주민;가족단위;일반시민,공원;방문인사;저녁;양천구,16,서울대입구(관악구청),관악구,subway,0.628,202602_2호선_서울대입구(관악구청),subway
2026-04-05_17:40_양천구,2026-04-05,17:40,양천구,공원,지역주민;가족단위;일반시민,공원;방문인사;저녁;양천구,17,수원,,subway,0.6164,202602_경부선_수원,subway
2026-04-05_17:40_양천구,2026-04-05,17:40,양천구,공원,지역주민;가족단위;일반시민,공원;방문인사;저녁;양천구,18,종각,종로구,subway,0.5903,202602_1호선_종각,subway
2026-04-05_17:40_양천구,2026-04-05,17:40,양천구,공원,지역주민;가족단위;일반시민,공원;방문인사;저녁;양천구,19,가산디지털단지,금천구,subway,0.586,202602_7호선_가산디지털단지,subway
2026-04-05_17:40_양천구,2026-04-05,17:40,양천구,공원,지역주민;가족단위;일반시민,공원;방문인사;저녁;양천구,20,사당,동작구,subway,0.5846,202602_2호선_사당,subway
2026-04-05_17:40_양천구,2026-04-05,17:40,양천구,공원,지역주민;가족단위;일반시민,공원;방문인사;저녁;양천구,21,신촌,,subway,0.5808,202602_2호선_신촌,subway
2026-04-05_17:40_양천구,2026-04-05,17:40,양천구,공원,지역주민;가족단위;일반시민,공원;방문인사;저녁;양천구,22,혜화,종로구,subway,0.5759,202602_4호선_혜화,subway
2026-04-05_17:40_양천구,2026-04-05,17:40,양천구,공원,지역주민;가족단위;일반시민,공원;방문인사;저녁;양천구,23,명동,중구,subway,0.5738,202602_4호선_명동,subway
2026-04-05_17:40_양천구,2026-04-05,17:40,양천구,공원,지역주민;가족단위;일반시민,공원;방문인사;저녁;양천구,24,연신내,은평구,subway,0.5711,202602_3호선_연신내,subway
2026-04-05_17:40_양천구,2026-04-05,17:40,양천구,공원,지역주민;가족단위;일반시민,공원;방문인사;저녁;양천구,25,회현(남대문시장),,subway,0.5558,202602_4호선_회현(남대문시장),subway
2026-04-05_17:40_양천구,2026-04-05,17:40,양천구,공원,지역주민;가족단위;일반시민,공원;방문인사;저녁;양천구,26,남부터미널(예술의전당),,subway,0.5541,202602_3호선_남부터미널(예술의전당),subway
2026-04-05_17:40_양천구,2026-04-05,17:40,양천구,공원,지역주민;가족단위;일반시민,공원;방문인사;저녁;양천구,27,건대입구,광진구,subway,0.5488,202602_2호선_건대입구,subway
2026-04-05_17:40_양천구,2026-04-05,17:40,양천구,공원,지역주민;가족단위;일반시민,공원;방문인사;저녁;양천구,28,양재(서초구청),서초구,subway,0.5482,202602_3호선_양재(서초구청),subway
2026-04-05_17:40_양천구,2026-04-05,17:40,양천구,공원,지역주민;가족단위;일반시민,공원;방문인사;저녁;양천구,29,광화문(세종문화회관),,subway,0.5464,202602_5호선_광화문(세종문화회관),subway
2026-04-05_17:40_양천구,2026-04-05,17:40,양천구,공원,지역주민;가족단위;일반시민,공원;방문인사;저녁;양천구,30,안국,,subway,0.545,202602_3호선_안국,subway
2026-04-05_17:40_양천구,2026-04-05,17:40,양천구,공원,지역주민;가족단위;일반시민,공원;방문인사;저녁;양천구,31,수유(강북구청),강북구,subway,0.5395,202602_4호선_수유(강북구청),subway
2026-04-05_17:40_양천구,2026-04-05,17:40,양천구,공원,지역주민;가족단위;일반시민,공원;방문인사;저녁;양천구,32,부천,,subway,0.5328,202602_경인선_부천,subway
2026-04-05_17:40_양천구,2026-04-05,17:40,양천구,공원,지역주민;가족단위;일반시민,공원;방문인사;저녁;양천구,33,종로3가,,subway,0.5286,202602_1호선_종로3가,subway
2026-04-05_17:40_양천구,2026-04-05,17:40,양천구,공원,지역주민;가족단위;일반시민,공원;방문인사;저녁;양천구,34,압구정,압구,subway,0.5273,202602_3호선_압구정,subway
2026-04-05_17:40_양천구,2026-04-05,17:40,양천구,공원,지역주민;가족단위;일반시민,공원;방문인사;저녁;양천구,35,종로5가,,subway,0.5253,202602_1호선_종로5가,subway
2026-04-05_17:40_양천구,2026-04-05,17:40,양천구,공원,지역주민;가족단위;일반시민,공원;방문인사;저녁;양천구,36,청량리(서울시립대입구),서울시립대입구,subway,0.5223,202602_1호선_청량리(서울시립대입구),subway
2026-04-05_17:40_양천구,2026-04-05,17:40,양천구,공원,지역주민;가족단위;일반시민,공원;방문인사;저녁;양천구,37,부평,,subway,0.5188,202602_경인선_부평,subway
2026-04-05_17:40_양천구,2026-04-05,17:40,양천구,공원,지역주민;가족단위;일반시민,공원;방문인사;저녁;양천구,38,경복궁(정부서울청사),,subway,0.5131,202602_3호선_경복궁(정부서울청사),subway
2026-04-05_17:40_양천구,2026-04-05,17:40,양천구,공원,지역주민;가족단위;일반시민,공원;방문인사;저녁;양천구,39,여의도,영등포구,subway,0.5131,202602_9호선_여의도,subway
2026-04-05_17:40_양천구,2026-04-05,17:40,양천구,공원,지역주민;가족단위;일반시민,공원;방문인사;저녁;양천구,40,신논현,,subway,0.5119,202602_9호선_신논현,subway
2026-04-05_17:40_양천구,2026-04-05,17:40,양천구,공원,지역주민;가족단위;일반시민,공원;방문인사;저녁;양천구,41,창동,,subway,0.5047,202602_4호선_창동,subway
2026-04-05_17:40_양천구,2026-04-05,17:40,양천구,공원,지역주민;가족단위;일반시민,공원;방문인사;저녁;양천구,42,교대(법원.검찰청),,subway,0.504,202602_2호선_교대(법원.검찰청),subway
2026-04-05_17:40_양천구,2026-04-05,17:40,양천구,공원,지역주민;가족단위;일반시민,공원;방문인사;저녁;양천구,43,강변(동서울터미널),,subway,0.4969,202602_2호선_강변(동서울터미널),subway
2026-04-05_17:40_양천구,2026-04-05,17:40,양천구,공원,지역주민;가족단위;일반시민,공원;방문인사;저녁;양천구,44,충무로,,subway,0.492,202602_4호선_충무로,subway
2026-04-05_17:40_양천구,2026-04-05,17:40,양천구,공원,지역주민;가족단위;일반시민,공원;방문인사;저녁;양천구,45,합정,마포구,subway,0.4906,202602_2호선_합정,subway
2026-04-05_17:40_양천구,2026-04-05,17:40,양천구,공원,지역주민;가족단위;일반시민,공원;방문인사;저녁;양천구,46,쌍문,도봉구,subway,0.4837,202602_4호선_쌍문,subway
2026-04-05_17:40_양천구,2026-04-05,17:40,양천구,공원,지역주민;가족단위;일반시민,공원;방문인사;저녁;양천구,47,범계,,subway,0.4824,202602_과천선_범계,subway
2026-04-05_17:40_양천구,2026-04-05,17:40,양천구,공원,지역주민;가족단위;일반시민,공원;방문인사;저녁;양천구,48,동대문,,subway,0.4821,202602_4호선_동대문,subway
2026-04-05_17:40_양천구,2026-04-05,17:40,양천구,공원,지역주민;가족단위;일반시민,공원;방문인사;저녁;양천구,49,시청,,subway,0.4795,202602_1호선_시청,subway
2026-04-05_17:40_양천구,2026-04-05,17:40,양천구,공원,지역주민;가족단위;일반시민,공원;방문인사;저녁;양천구,50,구의(광진구청),광진구,subway,0.4793,202602_2호선_구의(광진구청),subway
2026-04-06_16:30_강북구,2026-04-06,16:30,강북구,전통시장,"상인,지역주민","전통시장,지역상권,방문인사,오후",1,남대문시장,중구,market,0.7056,중구_남대문시장,market
2026-04-06_16:30_강북구,2026-04-06,16:30,강북구,전통시장,"상인,지역주민","전통시장,지역상권,방문인사,오후",2,강북북부골목시장,강북구,market,0.4721,강북구_강북북부골목시장,market
2026-04-06_16:30_강북구,2026-04-06,16:30,강북구,전통시장,"상인,지역주민","전통시장,지역상권,방문인사,오후",3,미소상인회 골목형상점가,강북구,market,0.4717,강북구_미소상인회_골목형상점가,market
2026-04-06_16:30_강북구,2026-04-06,16:30,강북구,전통시장,"상인,지역주민","전통시장,지역상권,방문인사,오후",4,오패산로 골목형상점가,강북구,market,0.4713,강북구_오패산로_골목형상점가,market
2026-04-06_16:30_강북구,2026-04-06,16:30,강북구,전통시장,"상인,지역주민","전통시장,지역상권,방문인사,오후",5,우이골목시장골목형상점가,강북구,market,0.471,강북구_우이골목시장골목형상점가,market
2026-04-06_16:30_강북구,2026-04-06,16:30,강북구,전통시장,"상인,지역주민","전통시장,지역상권,방문인사,오후",6,인수로골목형상점가,강북구,market,0.4709,강북구_인수로골목형상점가,market
2026-04-06_16:30_강북구,2026-04-06,16:30,강북구,전통시장,"상인,지역주민","전통시장,지역상권,방문인사,오후",7,수유재래시장,강북구,market,0.4702,강북구_수유재래시장,market
2026-04-06_16:30_강북구,2026-04-06,16:30,강북구,전통시장,"상인,지역주민","전통시장,지역상권,방문인사,오후",8,솔샘시장 골목형상점가,강북구,market,0.4701,강북구_솔샘시장_골목형상점가,market
2026-04-06_16:30_강북구,2026-04-06,16:30,강북구,전통시장,"상인,지역주민","전통시장,지역상권,방문인사,오후",9,장미원골목시장,강북구,market,0.4688,강북구_장미원골목시장,market
2026-04-06_16:30_강북구,2026-04-06,16:30,강북구,전통시장,"상인,지역주민","전통시장,지역상권,방문인사,오후",10,수유전통시장,강북구,market,0.4681,강북구_수유전통시장,market
2026-04-06_16:30_강북구,2026-04-06,16:30,강북구,전통시장,"상인,지역주민","전통시장,지역상권,방문인사,오후",11,강서행복한길골목형상점가,강서구,market,0.4681,강서구_강서행복한길골목형상점가,market
2026-04-06_16:30_강북구,2026-04-06,16:30,강북구,전통시장,"상인,지역주민","전통시장,지역상권,방문인사,오후",12,개봉중앙 골목형상점가,구로구,market,0.4681,구로구_개봉중앙_골목형상점가,market
2026-04-06_16:30_강북구,2026-04-06,16:30,강북구,전통시장,"상인,지역주민","전통시장,지역상권,방문인사,오후",13,명동남산골 골목형상점가,중구,market,0.468,중구_명동남산골_골목형상점가,market
2026-04-06_18:00_성북구,2026-04-06,18:00,성북구,골목상권,"상인,지역주민,직장인","골목상권,상점가,퇴근시간,지역상권",1,월곡달빛오거리골목형상점가,성북구,market,0.4759,성북구_월곡달빛오거리골목형상점가,market
2026-04-06_18:00_성북구,2026-04-06,18:00,성북구,골목상권,"상인,지역주민,직장인","골목상권,상점가,퇴근시간,지역상권",2,석계음식문화거리,성북구,market,0.4756,성북구_석계음식문화거리,market
2026-04-06_18:00_성북구,2026-04-06,18:00,성북구,골목상권,"상인,지역주민,직장인","골목상권,상점가,퇴근시간,지역상권",3,종암북바위길골목형상점가,성북구,market,0.4748,성북구_종암북바위길골목형상점가,market
2026-04-06_18:00_성북구,2026-04-06,18:00,성북구,골목상권,"상인,지역주민,직장인","골목상권,상점가,퇴근시간,지역상권",4,돈암시장,성북구,market,0.4738,성북구_돈암시장,market
2026-04-06_18:00_성북구,2026-04-06,18:00,성북구,골목상권,"상인,지역주민,직장인","골목상권,상점가,퇴근시간,지역상권",5,정릉시장,성북구,market,0.473,성북구_정릉시장,market
2026-04-06_18:00_성북구,2026-04-06,18:00,성북구,골목상권,"상인,지역주민,직장인","골목상권,상점가,퇴근시간,지역상권",6,성북천골목형상점가,성북구,market,0.4707,성북구_성북천골목형상점가,market
2026-04-06_18:00_성북구,2026-04-06,18:00,성북구,골목상권,"상인,지역주민,직장인","골목상권,상점가,퇴근시간,지역상권",7,돌곶이시장,성북구,market,0.4704,성북구_돌곶이시장,market
2026-04-06_18:00_성북구,2026-04-06,18:00,성북구,골목상권,"상인,지역주민,직장인","골목상권,상점가,퇴근시간,지역상권",8,정릉서경대길골목형상점가,성북구,market,0.4695,성북구_정릉서경대길골목형상점가,market
2026-04-06_18:00_성북구,2026-04-06,18:00,성북구,골목상권,"상인,지역주민,직장인","골목상권,상점가,퇴근시간,지역상권",9,장위전통시장,성북구,market,0.4689,성북구_장위전통시장,market
2026-04-06_18:00_성북구,2026-04-06,18:00,성북구,골목상권,"상인,지역주민,직장인","골목상권,상점가,퇴근시간,지역상권",10,꿈의숲장곡골목형상점가,성북구,market,0.4684,성북구_꿈의숲장곡골목형상점가,market
2026-04-06_18:00_성북구,2026-04-06,18:00,성북구,골목상권,"상인,지역주민,직장인","골목상권,상점가,퇴근시간,지역상권",11,남이동길골목형상점가,서대문구,market,0.4684,서대문구_남이동길골목형상점가,market
2026-04-06_18:00_성북구,2026-04-06,18:00,성북구,골목상권,"상인,지역주민,직장인","골목상권,상점가,퇴근시간,지역상권",12,망원동월드컵시장,마포구,market,0.4684,마포구_망원동월드컵시장,market
2026-04-06_18:00_성북구,2026-04-06,18:00,성북구,골목상권,"상인,지역주민,직장인","골목상권,상점가,퇴근시간,지역상권",13,봉우시장 골목형상점가,중랑구,market,0.4684,중랑구_봉우시장_골목형상점가,market
2026-04-06_18:00_성북구,2026-04-06,18:00,성북구,골목상권,"상인,지역주민,직장인","골목상권,상점가,퇴근시간,지역상권",14,영천시장,서대문구,market,0.4684,서대문구_영천시장,market
2026-04-06_18:00_성북구,2026-04-06,18:00,성북구,골목상권,"상인,지역주민,직장인","골목상권,상점가,퇴근시간,지역상권",15,답십리현대시장,동대문구,market,0.4683,동대문구_답십리현대시장,market
2026-04-06_18:00_성북구,2026-04-06,18:00,성북구,골목상권,"상인,지역주민,직장인","골목상권,상점가,퇴근시간,지역상권",16,대림골목시장,은평구,market,0.4683,은평구_대림골목시장,market
2026-04-06_18:00_성북구,2026-04-06,18:00,성북구,골목상권,"상인,지역주민,직장인","골목상권,상점가,퇴근시간,지역상권",17,뚝도시장,성동구,market,0.4683,성동구_뚝도시장,market
2026-04-06_18:00_성북구,2026-04-06,18:00,성북구,골목상권,"상인,지역주민,직장인","골목상권,상점가,퇴근시간,지역상권",18,배밭골골목형상점가,성북구,market,0.4683,성북구_배밭골골목형상점가,market
2026-04-06_18:00_성북구,2026-04-06,18:00,성북구,골목상권,"상인,지역주민,직장인","골목상권,상점가,퇴근시간,지역상권",19,고분다리전통시장,강동구,market,0.4682,강동구_고분다리전통시장,market
2026-04-06_18:00_성북구,2026-04-06,18:00,성북구,골목상권,"상인,지역주민,직장인","골목상권,상점가,퇴근시간,지역상권",20,오목내길골목형상점가,양천구,market,0.4682,양천구_오목내길골목형상점가,market
2026-04-06_18:00_성북구,2026-04-06,18:00,성북구,골목상권,"상인,지역주민,직장인","골목상권,상점가,퇴근시간,지역상권",21,강서행복한길골목형상점가,강서구,market,0.4681,강서구_강서행복한길골목형상점가,market
2026-04-06_18:00_성북구,2026-04-06,18:00,성북구,골목상권,"상인,지역주민,직장인","골목상권,상점가,퇴근시간,지역상권",22,개봉중앙 골목형상점가,구로구,market,0.4681,구로구_개봉중앙_골목형상점가,market
2026-04-06_18:00_성북구,2026-04-06,18:00,성북구,골목상권,"상인,지역주민,직장인","골목상권,상점가,퇴근시간,지역상권",23,수유전통시장,강북구,market,0.4681,강북구_수유전통시장,market
2026-04-06_18:00_성북구,2026-04-06,18:00,성북구,골목상권,"상인,지역주민,직장인","골목상권,상점가,퇴근시간,지역상권",24,명동남산골 골목형상점가,중구,market,0.468,중구_명동남산골_골목형상점가,market
2026-04-07_15:40_동작구,2026-04-07,15:40,동작구,전통시장,"상인,지역주민","전통시장,지역상권,오후",1,노량진수산시장골목형상점가,동작구,market,0.5136,동작구_노량진수산시장골목형상점가,market
2026-04-07_15:40_동작구,2026-04-07,15:40,동작구,전통시장,"상인,지역주민","전통시장,지역상권,오후",2,이수미로 골목형상점가,동작구,market,0.4843,동작구_이수미로_골목형상점가,market
2026-04-07_15:40_동작구,2026-04-07,15:40,동작구,전통시장,"상인,지역주민","전통시장,지역상권,오후",3,숭실마루길 골목형상점가,동작구,market,0.4765,동작구_숭실마루길_골목형상점가,market
2026-04-07_15:40_동작구,2026-04-07,15:40,동작구,전통시장,"상인,지역주민","전통시장,지역상권,오후",4,성대전통시장,동작구,market,0.4756,동작구_성대전통시장,market
2026-04-07_15:40_동작구,2026-04-07,15:40,동작구,전통시장,"상인,지역주민","전통시장,지역상권,오후",5,남성사계시장(남성시장),동작구,market,0.4745,동작구_남성사계시장(남성시장),market
2026-04-07_15:40_동작구,2026-04-07,15:40,동작구,전통시장,"상인,지역주민","전통시장,지역상권,오후",6,흑석시장 골목형상점가,동작구,market,0.4738,동작구_흑석시장_골목형상점가,market
2026-04-07_15:40_동작구,2026-04-07,15:40,동작구,전통시장,"상인,지역주민","전통시장,지역상권,오후",7,상도전통시장,동작구,market,0.4731,동작구_상도전통시장,market
2026-04-07_15:40_동작구,2026-04-07,15:40,동작구,전통시장,"상인,지역주민","전통시장,지역상권,오후",8,본동인정시장,동작구,market,0.4726,동작구_본동인정시장,market
2026-04-07_15:40_동작구,2026-04-07,15:40,동작구,전통시장,"상인,지역주민","전통시장,지역상권,오후",9,보라매다올길골목형상점가,동작구,market,0.4724,동작구_보라매다올길골목형상점가,market
2026-04-07_15:40_동작구,2026-04-07,15:40,동작구,전통시장,"상인,지역주민","전통시장,지역상권,오후",10,신대방1동 온누리길 골목형상점가,동작구,market,0.4707,동작구_신대방1동_온누리길_골목형상점가,market
2026-04-07_15:40_동작구,2026-04-07,15:40,동작구,전통시장,"상인,지역주민","전통시장,지역상권,오후",11,경동광성상가,동대문구,market,0.4707,동대문구_경동광성상가,market
2026-04-07_15:40_동작구,2026-04-07,15:40,동작구,전통시장,"상인,지역주민","전통시장,지역상권,오후",12,금남시장,성동구,market,0.4707,성동구_금남시장,market
2026-04-07_15:40_동작구,2026-04-07,15:40,동작구,전통시장,"상인,지역주민","전통시장,지역상권,오후",13,성북천골목형상점가,성북구,market,0.4707,성북구_성북천골목형상점가,market
2026-04-07_15:40_동작구,2026-04-07,15:40,동작구,전통시장,"상인,지역주민","전통시장,지역상권,오후",14,남성역골목시장,동작구,market,0.4706,동작구_남성역골목시장,market
2026-04-07_15:40_동작구,2026-04-07,15:40,동작구,전통시장,"상인,지역주민","전통시장,지역상권,오후",15,사가정51길 골목형상점가,중랑구,market,0.4706,중랑구_사가정51길_골목형상점가,market
2026-04-07_15:40_동작구,2026-04-07,15:40,동작구,전통시장,"상인,지역주민","전통시장,지역상권,오후",16,청량리수산시장,동대문구,market,0.4706,동대문구_청량리수산시장,market
2026-04-07_15:40_동작구,2026-04-07,15:40,동작구,전통시장,"상인,지역주민","전통시장,지역상권,오후",17,가리봉시장,구로구,market,0.4705,구로구_가리봉시장,market
2026-04-07_15:40_동작구,2026-04-07,15:40,동작구,전통시장,"상인,지역주민","전통시장,지역상권,오후",18,돌곶이시장,성북구,market,0.4704,성북구_돌곶이시장,market
2026-04-07_15:40_동작구,2026-04-07,15:40,동작구,전통시장,"상인,지역주민","전통시장,지역상권,오후",19,백운시장,도봉구,market,0.4704,도봉구_백운시장,market
2026-04-07_15:40_동작구,2026-04-07,15:40,동작구,전통시장,"상인,지역주민","전통시장,지역상권,오후",20,관악신사시장,관악구,market,0.4703,관악구_관악신사시장,market
2026-04-07_15:40_동작구,2026-04-07,15:40,동작구,전통시장,"상인,지역주민","전통시장,지역상권,오후",21,목동깨비시장,양천구,market,0.4702,양천구_목동깨비시장,market
2026-04-07_15:40_동작구,2026-04-07,15:40,동작구,전통시장,"상인,지역주민","전통시장,지역상권,오후",22,수유재래시장,강북구,market,0.4702,강북구_수유재래시장,market
2026-04-07_15:40_동작구,2026-04-07,15:40,동작구,전통시장,"상인,지역주민","전통시장,지역상권,오후",23,중랑동부시장,중랑구,market,0.4702,중랑구_중랑동부시장,market
2026-04-07_15:40_동작구,2026-04-07,15:40,동작구,전통시장,"상인,지역주민","전통시장,지역상권,오후",24,공항골목시장 골목형상점가,강서구,market,0.4701,강서구_공항골목시장_골목형상점가,market
2026-04-07_15:40_동작구,2026-04-07,15:40,동작구,전통시장,"상인,지역주민","전통시장,지역상권,오후",25,묵동도깨비시장 골목형상점가,중랑구,market,0.4701,중랑구_묵동도깨비시장_골목형상점가,market
2026-04-07_15:40_동작구,2026-04-07,15:40,동작구,전통시장,"상인,지역주민","전통시장,지역상권,오후",26,솔샘시장 골목형상점가,강북구,market,0.4701,강북구_솔샘시장_골목형상점가,market
2026-04-07_15:40_동작구,2026-04-07,15:40,동작구,전통시장,"상인,지역주민","전통시장,지역상권,오후",27,화곡중앙시장,강서구,market,0.4701,강서구_화곡중앙시장,market
2026-04-07_15:40_동작구,2026-04-07,15:40,동작구,전통시장,"상인,지역주민","전통시장,지역상권,오후",28,인헌시장,관악구,market,0.4699,관악구_인헌시장,market
2026-04-07_15:40_동작구,2026-04-07,15:40,동작구,전통시장,"상인,지역주민","전통시장,지역상권,오후",29,태능 골목형상점가,중랑구,market,0.4699,중랑구_태능_골목형상점가,market
2026-04-07_15:40_동작구,2026-04-07,15:40,동작구,전통시장,"상인,지역주민","전통시장,지역상권,오후",30,홍대레드로드골목형상점가,마포구,market,0.4699,마포구_홍대레드로드골목형상점가,market
2026-04-07_15:40_동작구,2026-04-07,15:40,동작구,전통시장,"상인,지역주민","전통시장,지역상권,오후",31,둔촌역전통시장,강동구,market,0.4698,강동구_둔촌역전통시장,market
2026-04-07_15:40_동작구,2026-04-07,15:40,동작구,전통시장,"상인,지역주민","전통시장,지역상권,오후",32,포방터시장,서대문구,market,0.4698,서대문구_포방터시장,market
2026-04-07_15:40_동작구,2026-04-07,15:40,동작구,전통시장,"상인,지역주민","전통시장,지역상권,오후",33,봉제산길 골목형상점가,강서구,market,0.4697,강서구_봉제산길_골목형상점가,market
2026-04-07_15:40_동작구,2026-04-07,15:40,동작구,전통시장,"상인,지역주민","전통시장,지역상권,오후",34,고척근린시장,구로구,market,0.4696,구로구_고척근린시장,market
2026-04-07_15:40_동작구,2026-04-07,15:40,동작구,전통시장,"상인,지역주민","전통시장,지역상권,오후",35,대림중앙시장,영등포구,market,0.4696,영등포구_대림중앙시장,market
2026-04-07_15:40_동작구,2026-04-07,15:40,동작구,전통시장,"상인,지역주민","전통시장,지역상권,오후",36,목2동시장,양천구,market,0.4695,양천구_목2동시장,market
2026-04-07_15:40_동작구,2026-04-07,15:40,동작구,전통시장,"상인,지역주민","전통시장,지역상권,오후",37,우리시장,영등포구,market,0.4695,영등포구_우리시장,market
2026-04-07_15:40_동작구,2026-04-07,15:40,동작구,전통시장,"상인,지역주민","전통시장,지역상권,오후",38,이촌종합시장,용산구,market,0.4695,용산구_이촌종합시장,market
2026-04-07_15:40_동작구,2026-04-07,15:40,동작구,전통시장,"상인,지역주민","전통시장,지역상권,오후",39,정릉서경대길골목형상점가,성북구,market,0.4695,성북구_정릉서경대길골목형상점가,market
2026-04-07_15:40_동작구,2026-04-07,15:40,동작구,전통시장,"상인,지역주민","전통시장,지역상권,오후",40,창동골목시장,도봉구,market,0.4694,도봉구_창동골목시장,market
2026-04-07_15:40_동작구,2026-04-07,15:40,동작구,전통시장,"상인,지역주민","전통시장,지역상권,오후",41,통인시장,종로구,market,0.4694,종로구_통인시장,market
2026-04-07_15:40_동작구,2026-04-07,15:40,동작구,전통시장,"상인,지역주민","전통시장,지역상권,오후",42,사당1동먹자골목상점가,동작구,market,0.4692,동작구_사당1동먹자골목상점가,market
2026-04-07_15:40_동작구,2026-04-07,15:40,동작구,전통시장,"상인,지역주민","전통시장,지역상권,오후",43,삼청정독길 골목형상점가,종로구,market,0.4692,종로구_삼청정독길_골목형상점가,market
2026-04-07_15:40_동작구,2026-04-07,15:40,동작구,전통시장,"상인,지역주민","전통시장,지역상권,오후",44,회기시장,동대문구,market,0.4692,동대문구_회기시장,market
2026-04-07_15:40_동작구,2026-04-07,15:40,동작구,전통시장,"상인,지역주민","전통시장,지역상권,오후",45,답십리시장,동대문구,market,0.469,동대문구_답십리시장,market
2026-04-07_15:40_동작구,2026-04-07,15:40,동작구,전통시장,"상인,지역주민","전통시장,지역상권,오후",46,장위전통시장,성북구,market,0.4689,성북구_장위전통시장,market
2026-04-07_15:40_동작구,2026-04-07,15:40,동작구,전통시장,"상인,지역주민","전통시장,지역상권,오후",47,목사랑시장,양천구,market,0.4688,양천구_목사랑시장,market
2026-04-07_15:40_동작구,2026-04-07,15:40,동작구,전통시장,"상인,지역주민","전통시장,지역상권,오후",48,성내전통시장,강동구,market,0.4688,강동구_성내전통시장,market
2026-04-07_15:40_동작구,2026-04-07,15:40,동작구,전통시장,"상인,지역주민","전통시장,지역상권,오후",49,장미원골목시장,강북구,market,0.4688,강북구_장미원골목시장,market
2026-04-07_15:40_동작구,2026-04-07,15:40,동작구,전통시장,"상인,지역주민","전통시장,지역상권,오후",50,장미제일시장,중랑구,market,0.4688,중랑구_장미제일시장,market
2026-04-07_16:40_동작구,2026-04-07,16:40,동작구,전통시장,"상인,지역주민","전통시장,지역상권,오후",1,노량진수산시장골목형상점가,동작구,market,0.5136,동작구_노량진수산시장골목형상점가,market
2026-04-07_16:40_동작구,2026-04-07,16:40,동작구,전통시장,"상인,지역주민","전통시장,지역상권,오후",2,이수미로 골목형상점가,동작구,market,0.4843,동작구_이수미로_골목형상점가,market
2026-04-07_16:40_동작구,2026-04-07,16:40,동작구,전통시장,"상인,지역주민","전통시장,지역상권,오후",3,숭실마루길 골목형상점가,동작구,market,0.4765,동작구_숭실마루길_골목형상점가,market
2026-04-07_16:40_동작구,2026-04-07,16:40,동작구,전통시장,"상인,지역주민","전통시장,지역상권,오후",4,성대전통시장,동작구,market,0.4756,동작구_성대전통시장,market
2026-04-07_16:40_동작구,2026-04-07,16:40,동작구,전통시장,"상인,지역주민","전통시장,지역상권,오후",5,남성사계시장(남성시장),동작구,market,0.4745,동작구_남성사계시장(남성시장),market
2026-04-07_16:40_동작구,2026-04-07,16:40,동작구,전통시장,"상인,지역주민","전통시장,지역상권,오후",6,흑석시장 골목형상점가,동작구,market,0.4738,동작구_흑석시장_골목형상점가,market
2026-04-07_16:40_동작구,2026-04-07,16:40,동작구,전통시장,"상인,지역주민","전통시장,지역상권,오후",7,상도전통시장,동작구,market,0.4731,동작구_상도전통시장,market
2026-04-07_16:40_동작구,2026-04-07,16:40,동작구,전통시장,"상인,지역주민","전통시장,지역상권,오후",8,본동인정시장,동작구,market,0.4726,동작구_본동인정시장,market
2026-04-07_16:40_동작구,2026-04-07,16:40,동작구,전통시장,"상인,지역주민","전통시장,지역상권,오후",9,보라매다올길골목형상점가,동작구,market,0.4724,동작구_보라매다올길골목형상점가,market
2026-04-07_16:40_동작구,2026-04-07,16:40,동작구,전통시장,"상인,지역주민","전통시장,지역상권,오후",10,신대방1동 온누리길 골목형상점가,동작구,market,0.4707,동작구_신대방1동_온누리길_골목형상점가,market
2026-04-07_16:40_동작구,2026-04-07,16:40,동작구,전통시장,"상인,지역주민","전통시장,지역상권,오후",11,경동광성상가,동대문구,market,0.4707,동대문구_경동광성상가,market
2026-04-07_16:40_동작구,2026-04-07,16:40,동작구,전통시장,"상인,지역주민","전통시장,지역상권,오후",12,금남시장,성동구,market,0.4707,성동구_금남시장,market
2026-04-07_16:40_동작구,2026-04-07,16:40,동작구,전통시장,"상인,지역주민","전통시장,지역상권,오후",13,성북천골목형상점가,성북구,market,0.4707,성북구_성북천골목형상점가,market
2026-04-07_16:40_동작구,2026-04-07,16:40,동작구,전통시장,"상인,지역주민","전통시장,지역상권,오후",14,남성역골목시장,동작구,market,0.4706,동작구_남성역골목시장,market
2026-04-07_16:40_동작구,2026-04-07,16:40,동작구,전통시장,"상인,지역주민","전통시장,지역상권,오후",15,사가정51길 골목형상점가,중랑구,market,0.4706,중랑구_사가정51길_골목형상점가,market
2026-04-07_16:40_동작구,2026-04-07,16:40,동작구,전통시장,"상인,지역주민","전통시장,지역상권,오후",16,청량리수산시장,동대문구,market,0.4706,동대문구_청량리수산시장,market
2026-04-07_16:40_동작구,2026-04-07,16:40,동작구,전통시장,"상인,지역주민","전통시장,지역상권,오후",17,가리봉시장,구로구,market,0.4705,구로구_가리봉시장,market
2026-04-07_16:40_동작구,2026-04-07,16:40,동작구,전통시장,"상인,지역주민","전통시장,지역상권,오후",18,돌곶이시장,성북구,market,0.4704,성북구_돌곶이시장,market
2026-04-07_16:40_동작구,2026-04-07,16:40,동작구,전통시장,"상인,지역주민","전통시장,지역상권,오후",19,백운시장,도봉구,market,0.4704,도봉구_백운시장,market
2026-04-07_16:40_동작구,2026-04-07,16:40,동작구,전통시장,"상인,지역주민","전통시장,지역상권,오후",20,관악신사시장,관악구,market,0.4703,관악구_관악신사시장,market
2026-04-07_16:40_동작구,2026-04-07,16:40,동작구,전통시장,"상인,지역주민","전통시장,지역상권,오후",21,목동깨비시장,양천구,market,0.4702,양천구_목동깨비시장,market
2026-04-07_16:40_동작구,2026-04-07,16:40,동작구,전통시장,"상인,지역주민","전통시장,지역상권,오후",22,수유재래시장,강북구,market,0.4702,강북구_수유재래시장,market
2026-04-07_16:40_동작구,2026-04-07,16:40,동작구,전통시장,"상인,지역주민","전통시장,지역상권,오후",23,중랑동부시장,중랑구,market,0.4702,중랑구_중랑동부시장,market
2026-04-07_16:40_동작구,2026-04-07,16:40,동작구,전통시장,"상인,지역주민","전통시장,지역상권,오후",24,공항골목시장 골목형상점가,강서구,market,0.4701,강서구_공항골목시장_골목형상점가,market
2026-04-07_16:40_동작구,2026-04-07,16:40,동작구,전통시장,"상인,지역주민","전통시장,지역상권,오후",25,묵동도깨비시장 골목형상점가,중랑구,market,0.4701,중랑구_묵동도깨비시장_골목형상점가,market
2026-04-07_16:40_동작구,2026-04-07,16:40,동작구,전통시장,"상인,지역주민","전통시장,지역상권,오후",26,솔샘시장 골목형상점가,강북구,market,0.4701,강북구_솔샘시장_골목형상점가,market
2026-04-07_16:40_동작구,2026-04-07,16:40,동작구,전통시장,"상인,지역주민","전통시장,지역상권,오후",27,화곡중앙시장,강서구,market,0.4701,강서구_화곡중앙시장,market
2026-04-07_16:40_동작구,2026-04-07,16:40,동작구,전통시장,"상인,지역주민","전통시장,지역상권,오후",28,인헌시장,관악구,market,0.4699,관악구_인헌시장,market
2026-04-07_16:40_동작구,2026-04-07,16:40,동작구,전통시장,"상인,지역주민","전통시장,지역상권,오후",29,태능 골목형상점가,중랑구,market,0.4699,중랑구_태능_골목형상점가,market
2026-04-07_16:40_동작구,2026-04-07,16:40,동작구,전통시장,"상인,지역주민","전통시장,지역상권,오후",30,홍대레드로드골목형상점가,마포구,market,0.4699,마포구_홍대레드로드골목형상점가,market
2026-04-07_16:40_동작구,2026-04-07,16:40,동작구,전통시장,"상인,지역주민","전통시장,지역상권,오후",31,둔촌역전통시장,강동구,market,0.4698,강동구_둔촌역전통시장,market
2026-04-07_16:40_동작구,2026-04-07,16:40,동작구,전통시장,"상인,지역주민","전통시장,지역상권,오후",32,포방터시장,서대문구,market,0.4698,서대문구_포방터시장,market
2026-04-07_16:40_동작구,2026-04-07,16:40,동작구,전통시장,"상인,지역주민","전통시장,지역상권,오후",33,봉제산길 골목형상점가,강서구,market,0.4697,강서구_봉제산길_골목형상점가,market
2026-04-07_16:40_동작구,2026-04-07,16:40,동작구,전통시장,"상인,지역주민","전통시장,지역상권,오후",34,고척근린시장,구로구,market,0.4696,구로구_고척근린시장,market
2026-04-07_16:40_동작구,2026-04-07,16:40,동작구,전통시장,"상인,지역주민","전통시장,지역상권,오후",35,대림중앙시장,영등포구,market,0.4696,영등포구_대림중앙시장,market
2026-04-07_16:40_동작구,2026-04-07,16:40,동작구,전통시장,"상인,지역주민","전통시장,지역상권,오후",36,목2동시장,양천구,market,0.4695,양천구_목2동시장,market
2026-04-07_16:40_동작구,2026-04-07,16:40,동작구,전통시장,"상인,지역주민","전통시장,지역상권,오후",37,우리시장,영등포구,market,0.4695,영등포구_우리시장,market
2026-04-07_16:40_동작구,2026-04-07,16:40,동작구,전통시장,"상인,지역주민","전통시장,지역상권,오후",38,이촌종합시장,용산구,market,0.4695,용산구_이촌종합시장,market
2026-04-07_16:40_동작구,2026-04-07,16:40,동작구,전통시장,"상인,지역주민","전통시장,지역상권,오후",39,정릉서경대길골목형상점가,성북구,market,0.4695,성북구_정릉서경대길골목형상점가,market
2026-04-07_16:40_동작구,2026-04-07,16:40,동작구,전통시장,"상인,지역주민","전통시장,지역상권,오후",40,창동골목시장,도봉구,market,0.4694,도봉구_창동골목시장,market
2026-04-07_16:40_동작구,2026-04-07,16:40,동작구,전통시장,"상인,지역주민","전통시장,지역상권,오후",41,통인시장,종로구,market,0.4694,종로구_통인시장,market
2026-04-07_16:40_동작구,2026-04-07,16:40,동작구,전통시장,"상인,지역주민","전통시장,지역상권,오후",42,사당1동먹자골목상점가,동작구,market,0.4692,동작구_사당1동먹자골목상점가,market
2026-04-07_16:40_동작구,2026-04-07,16:40,동작구,전통시장,"상인,지역주민","전통시장,지역상권,오후",43,삼청정독길 골목형상점가,종로구,market,0.4692,종로구_삼청정독길_골목형상점가,market
2026-04-07_16:40_동작구,2026-04-07,16:40,동작구,전통시장,"상인,지역주민","전통시장,지역상권,오후",44,회기시장,동대문구,market,0.4692,동대문구_회기시장,market
2026-04-07_16:40_동작구,2026-04-07,16:40,동작구,전통시장,"상인,지역주민","전통시장,지역상권,오후",45,답십리시장,동대문구,market,0.469,동대문구_답십리시장,market
2026-04-07_16:40_동작구,2026-04-07,16:40,동작구,전통시장,"상인,지역주민","전통시장,지역상권,오후",46,장위전통시장,성북구,market,0.4689,성북구_장위전통시장,market
2026-04-07_16:40_동작구,2026-04-07,16:40,동작구,전통시장,"상인,지역주민","전통시장,지역상권,오후",47,목사랑시장,양천구,market,0.4688,양천구_목사랑시장,market
2026-04-07_16:40_동작구,2026-04-07,16:40,동작구,전통시장,"상인,지역주민","전통시장,지역상권,오후",48,성내전통시장,강동구,market,0.4688,강동구_성내전통시장,market
2026-04-07_16:40_동작구,2026-04-07,16:40,동작구,전통시장,"상인,지역주민","전통시장,지역상권,오후",49,장미원골목시장,강북구,market,0.4688,강북구_장미원골목시장,market
2026-04-07_16:40_동작구,2026-04-07,16:40,동작구,전통시장,"상인,지역주민","전통시장,지역상권,오후",50,장미제일시장,중랑구,market,0.4688,중랑구_장미제일시장,market
2026-04-08_17:00_서대문구,2026-04-08,17:00,서대문구,전통시장,"상인,지역주민,직장인","전통시장,지역상권,퇴근시간",1,남대문시장,중구,market,0.7056,중구_남대문시장,market
2026-04-08_17:00_서대문구,2026-04-08,17:00,서대문구,전통시장,"상인,지역주민,직장인","전통시장,지역상권,퇴근시간",2,동대문종합시장,종로구,market,0.6301,종로구_동대문종합시장,market
2026-04-08_17:00_서대문구,2026-04-08,17:00,서대문구,전통시장,"상인,지역주민,직장인","전통시장,지역상권,퇴근시간",3,장안 마실 골목형상점가,동대문구,market,0.6299,동대문구_장안_마실_골목형상점가,market
2026-04-08_17:00_서대문구,2026-04-08,17:00,서대문구,전통시장,"상인,지역주민,직장인","전통시장,지역상권,퇴근시간",4,천호로데오거리상점가,강동구,market,0.5914,강동구_천호로데오거리상점가,market
2026-04-08_17:00_서대문구,2026-04-08,17:00,서대문구,전통시장,"상인,지역주민,직장인","전통시장,지역상권,퇴근시간",5,광장전통시장,종로구,market,0.5714,종로구_광장전통시장,market
2026-04-08_17:00_서대문구,2026-04-08,17:00,서대문구,전통시장,"상인,지역주민,직장인","전통시장,지역상권,퇴근시간",6,가락몰 골목형상점가,송파구,market,0.5612,송파구_가락몰_골목형상점가,market
2026-04-08_17:00_서대문구,2026-04-08,17:00,서대문구,전통시장,"상인,지역주민,직장인","전통시장,지역상권,퇴근시간",7,평화시장,중구,market,0.5528,중구_평화시장,market
2026-04-08_17:00_서대문구,2026-04-08,17:00,서대문구,전통시장,"상인,지역주민,직장인","전통시장,지역상권,퇴근시간",8,포방터시장,서대문구,market,0.4698,서대문구_포방터시장,market
2026-04-08_17:00_서대문구,2026-04-08,17:00,서대문구,전통시장,"상인,지역주민,직장인","전통시장,지역상권,퇴근시간",9,영천시장,서대문구,market,0.4684,서대문구_영천시장,market
2026-04-08_17:00_서대문구,2026-04-08,17:00,서대문구,전통시장,"상인,지역주민,직장인","전통시장,지역상권,퇴근시간",10,남이동길골목형상점가,서대문구,market,0.4684,서대문구_남이동길골목형상점가,market
2026-04-08_17:00_서대문구,2026-04-08,17:00,서대문구,전통시장,"상인,지역주민,직장인","전통시장,지역상권,퇴근시간",11,꿈의숲장곡골목형상점가,성북구,market,0.4684,성북구_꿈의숲장곡골목형상점가,market
2026-04-08_17:00_서대문구,2026-04-08,17:00,서대문구,전통시장,"상인,지역주민,직장인","전통시장,지역상권,퇴근시간",12,망원동월드컵시장,마포구,market,0.4684,마포구_망원동월드컵시장,market
2026-04-08_17:00_서대문구,2026-04-08,17:00,서대문구,전통시장,"상인,지역주민,직장인","전통시장,지역상권,퇴근시간",13,봉우시장 골목형상점가,중랑구,market,0.4684,중랑구_봉우시장_골목형상점가,market
2026-04-08_17:00_서대문구,2026-04-08,17:00,서대문구,전통시장,"상인,지역주민,직장인","전통시장,지역상권,퇴근시간",14,답십리현대시장,동대문구,market,0.4683,동대문구_답십리현대시장,market
2026-04-08_17:00_서대문구,2026-04-08,17:00,서대문구,전통시장,"상인,지역주민,직장인","전통시장,지역상권,퇴근시간",15,대림골목시장,은평구,market,0.4683,은평구_대림골목시장,market
2026-04-08_17:00_서대문구,2026-04-08,17:00,서대문구,전통시장,"상인,지역주민,직장인","전통시장,지역상권,퇴근시간",16,뚝도시장,성동구,market,0.4683,성동구_뚝도시장,market
2026-04-08_17:00_서대문구,2026-04-08,17:00,서대문구,전통시장,"상인,지역주민,직장인","전통시장,지역상권,퇴근시간",17,배밭골골목형상점가,성북구,market,0.4683,성북구_배밭골골목형상점가,market
2026-04-08_17:00_서대문구,2026-04-08,17:00,서대문구,전통시장,"상인,지역주민,직장인","전통시장,지역상권,퇴근시간",18,고분다리전통시장,강동구,market,0.4682,강동구_고분다리전통시장,market
2026-04-08_17:00_서대문구,2026-04-08,17:00,서대문구,전통시장,"상인,지역주민,직장인","전통시장,지역상권,퇴근시간",19,오목내길골목형상점가,양천구,market,0.4682,양천구_오목내길골목형상점가,market
2026-04-08_17:00_서대문구,2026-04-08,17:00,서대문구,전통시장,"상인,지역주민,직장인","전통시장,지역상권,퇴근시간",20,강서행복한길골목형상점가,강서구,market,0.4681,강서구_강서행복한길골목형상점가,market
2026-04-08_17:00_서대문구,2026-04-08,17:00,서대문구,전통시장,"상인,지역주민,직장인","전통시장,지역상권,퇴근시간",21,개봉중앙 골목형상점가,구로구,market,0.4681,구로구_개봉중앙_골목형상점가,market
2026-04-08_17:00_서대문구,2026-04-08,17:00,서대문구,전통시장,"상인,지역주민,직장인","전통시장,지역상권,퇴근시간",22,수유전통시장,강북구,market,0.4681,강북구_수유전통시장,market
2026-04-08_17:00_서대문구,2026-04-08,17:00,서대문구,전통시장,"상인,지역주민,직장인","전통시장,지역상권,퇴근시간",23,명동남산골 골목형상점가,중구,market,0.468,중구_명동남산골_골목형상점가,market
2026-04-08_17:55_서대문구,2026-04-08,17:55,서대문구,공원,"지역주민,일반시민","공원,하천,퇴근시간,지역주민",1,서울역,중구,subway,0.9642,202602_1호선_서울역,subway
2026-04-08_17:55_서대문구,2026-04-08,17:55,서대문구,공원,"지역주민,일반시민","공원,하천,퇴근시간,지역주민",2,잠실(송파구청),송파구,subway,0.9611,202602_2호선_잠실(송파구청),subway
2026-04-08_17:55_서대문구,2026-04-08,17:55,서대문구,공원,"지역주민,일반시민","공원,하천,퇴근시간,지역주민",3,강남,강남구,subway,0.9318,202602_2호선_강남,subway
2026-04-08_17:55_서대문구,2026-04-08,17:55,서대문구,공원,"지역주민,일반시민","공원,하천,퇴근시간,지역주민",4,홍대입구,마포구,subway,0.8656,202602_2호선_홍대입구,subway
2026-04-08_17:55_서대문구,2026-04-08,17:55,서대문구,공원,"지역주민,일반시민","공원,하천,퇴근시간,지역주민",5,고속터미널,서초구,subway,0.8161,202602_3호선_고속터미널,subway
2026-04-08_17:55_서대문구,2026-04-08,17:55,서대문구,공원,"지역주민,일반시민","공원,하천,퇴근시간,지역주민",6,삼성(무역센터),강남구,subway,0.7312,202602_2호선_삼성(무역센터),subway
2026-04-08_17:55_서대문구,2026-04-08,17:55,서대문구,공원,"지역주민,일반시민","공원,하천,퇴근시간,지역주민",7,성수,성동구,subway,0.7287,202602_2호선_성수,subway
2026-04-08_17:55_서대문구,2026-04-08,17:55,서대문구,공원,"지역주민,일반시민","공원,하천,퇴근시간,지역주민",8,선릉,강남구,subway,0.7238,202602_2호선_선릉,subway
2026-04-08_17:55_서대문구,2026-04-08,17:55,서대문구,공원,"지역주민,일반시민","공원,하천,퇴근시간,지역주민",9,용산,용산구,subway,0.7194,202602_경부선_용산,subway
2026-04-08_17:55_서대문구,2026-04-08,17:55,서대문구,공원,"지역주민,일반시민","공원,하천,퇴근시간,지역주민",10,구로디지털단지,구로구,subway,0.6961,202602_2호선_구로디지털단지,subway
2026-04-08_17:55_서대문구,2026-04-08,17:55,서대문구,공원,"지역주민,일반시민","공원,하천,퇴근시간,지역주민",11,신림,관악구,subway,0.6921,202602_2호선_신림,subway
2026-04-08_17:55_서대문구,2026-04-08,17:55,서대문구,공원,"지역주민,일반시민","공원,하천,퇴근시간,지역주민",12,을지로입구,중구,subway,0.6806,202602_2호선_을지로입구,subway
2026-04-08_17:55_서대문구,2026-04-08,17:55,서대문구,공원,"지역주민,일반시민","공원,하천,퇴근시간,지역주민",13,신도림,구로구,subway,0.6595,202602_2호선_신도림,subway
2026-04-08_17:55_서대문구,2026-04-08,17:55,서대문구,공원,"지역주민,일반시민","공원,하천,퇴근시간,지역주민",14,영등포,영등포구,subway,0.6567,202602_경부선_영등포,subway
2026-04-08_17:55_서대문구,2026-04-08,17:55,서대문구,공원,"지역주민,일반시민","공원,하천,퇴근시간,지역주민",15,역삼,강남구,subway,0.6459,202602_2호선_역삼,subway
2026-04-08_17:55_서대문구,2026-04-08,17:55,서대문구,공원,"지역주민,일반시민","공원,하천,퇴근시간,지역주민",16,서울대입구(관악구청),관악구,subway,0.628,202602_2호선_서울대입구(관악구청),subway
2026-04-08_17:55_서대문구,2026-04-08,17:55,서대문구,공원,"지역주민,일반시민","공원,하천,퇴근시간,지역주민",17,수원,,subway,0.6164,202602_경부선_수원,subway
2026-04-08_17:55_서대문구,2026-04-08,17:55,서대문구,공원,"지역주민,일반시민","공원,하천,퇴근시간,지역주민",18,종각,종로구,subway,0.5903,202602_1호선_종각,subway
2026-04-08_17:55_서대문구,2026-04-08,17:55,서대문구,공원,"지역주민,일반시민","공원,하천,퇴근시간,지역주민",19,가산디지털단지,금천구,subway,0.586,202602_7호선_가산디지털단지,subway
2026-04-08_17:55_서대문구,2026-04-08,17:55,서대문구,공원,"지역주민,일반시민","공원,하천,퇴근시간,지역주민",20,사당,동작구,subway,0.5846,202602_2호선_사당,subway
2026-04-08_17:55_서대문구,2026-04-08,17:55,서대문구,공원,"지역주민,일반시민","공원,하천,퇴근시간,지역주민",21,신촌,,subway,0.5808,202602_2호선_신촌,subway
2026-04-08_17:55_서대문구,2026-04-08,17:55,서대문구,공원,"지역주민,일반시민","공원,하천,퇴근시간,지역주민",22,혜화,종로구,subway,0.5759,202602_4호선_혜화,subway
2026-04-08_17:55_서대문구,2026-04-08,17:55,서대문구,공원,"지역주민,일반시민","공원,하천,퇴근시간,지역주민",23,명동,중구,subway,0.5738,202602_4호선_명동,subway
2026-04-08_17:55_서대문구,2026-04-08,17:55,서대문구,공원,"지역주민,일반시민","공원,하천,퇴근시간,지역주민",24,연신내,은평구,subway,0.5711,202602_3호선_연신내,subway
2026-04-08_17:55_서대문구,2026-04-08,17:55,서대문구,공원,"지역주민,일반시민","공원,하천,퇴근시간,지역주민",25,회현(남대문시장),,subway,0.5558,202602_4호선_회현(남대문시장),subway
2026-04-08_17:55_서대문구,2026-04-08,17:55,서대문구,공원,"지역주민,일반시민","공원,하천,퇴근시간,지역주민",26,남부터미널(예술의전당),,subway,0.5541,202602_3호선_남부터미널(예술의전당),subway
2026-04-08_17:55_서대문구,2026-04-08,17:55,서대문구,공원,"지역주민,일반시민","공원,하천,퇴근시간,지역주민",27,건대입구,광진구,subway,0.5488,202602_2호선_건대입구,subway
2026-04-08_17:55_서대문구,2026-04-08,17:55,서대문구,공원,"지역주민,일반시민","공원,하천,퇴근시간,지역주민",28,양재(서초구청),서초구,subway,0.5482,202602_3호선_양재(서초구청),subway
2026-04-08_17:55_서대문구,2026-04-08,17:55,서대문구,공원,"지역주민,일반시민","공원,하천,퇴근시간,지역주민",29,광화문(세종문화회관),,subway,0.5464,202602_5호선_광화문(세종문화회관),subway
2026-04-08_17:55_서대문구,2026-04-08,17:55,서대문구,공원,"지역주민,일반시민","공원,하천,퇴근시간,지역주민",30,안국,,subway,0.545,202602_3호선_안국,subway
2026-04-08_17:55_서대문구,2026-04-08,17:55,서대문구,공원,"지역주민,일반시민","공원,하천,퇴근시간,지역주민",31,수유(강북구청),강북구,subway,0.5395,202602_4호선_수유(강북구청),subway
2026-04-08_17:55_서대문구,2026-04-08,17:55,서대문구,공원,"지역주민,일반시민","공원,하천,퇴근시간,지역주민",32,부천,,subway,0.5328,202602_경인선_부천,subway
2026-04-08_17:55_서대문구,2026-04-08,17:55,서대문구,공원,"지역주민,일반시민","공원,하천,퇴근시간,지역주민",33,종로3가,,subway,0.5286,202602_1호선_종로3가,subway
2026-04-08_17:55_서대문구,2026-04-08,17:55,서대문구,공원,"지역주민,일반시민","공원,하천,퇴근시간,지역주민",34,압구정,압구,subway,0.5273,202602_3호선_압구정,subway
2026-04-08_17:55_서대문구,2026-04-08,17:55,서대문구,공원,"지역주민,일반시민","공원,하천,퇴근시간,지역주민",35,종로5가,,subway,0.5253,202602_1호선_종로5가,subway
2026-04-08_17:55_서대문구,2026-04-08,17:55,서대문구,공원,"지역주민,일반시민","공원,하천,퇴근시간,지역주민",36,청량리(서울시립대입구),서울시립대입구,subway,0.5223,202602_1호선_청량리(서울시립대입구),subway
2026-04-08_17:55_서대문구,2026-04-08,17:55,서대문구,공원,"지역주민,일반시민","공원,하천,퇴근시간,지역주민",37,부평,,subway,0.5188,202602_경인선_부평,subway
2026-04-08_17:55_서대문구,2026-04-08,17:55,서대문구,공원,"지역주민,일반시민","공원,하천,퇴근시간,지역주민",38,경복궁(정부서울청사),,subway,0.5131,202602_3호선_경복궁(정부서울청사),subway
2026-04-08_17:55_서대문구,2026-04-08,17:55,서대문구,공원,"지역주민,일반시민","공원,하천,퇴근시간,지역주민",39,여의도,영등포구,subway,0.5131,202602_9호선_여의도,subway
2026-04-08_17:55_서대문구,2026-04-08,17:55,서대문구,공원,"지역주민,일반시민","공원,하천,퇴근시간,지역주민",40,신논현,,subway,0.5119,202602_9호선_신논현,subway
2026-04-08_17:55_서대문구,2026-04-08,17:55,서대문구,공원,"지역주민,일반시민","공원,하천,퇴근시간,지역주민",41,창동,,subway,0.5047,202602_4호선_창동,subway
2026-04-08_17:55_서대문구,2026-04-08,17:55,서대문구,공원,"지역주민,일반시민","공원,하천,퇴근시간,지역주민",42,교대(법원.검찰청),,subway,0.504,202602_2호선_교대(법원.검찰청),subway
2026-04-08_17:55_서대문구,2026-04-08,17:55,서대문구,공원,"지역주민,일반시민","공원,하천,퇴근시간,지역주민",43,강변(동서울터미널),,subway,0.4969,202602_2호선_강변(동서울터미널),subway
2026-04-08_17:55_서대문구,2026-04-08,17:55,서대문구,공원,"지역주민,일반시민","공원,하천,퇴근시간,지역주민",44,충무로,,subway,0.492,202602_4호선_충무로,subway
2026-04-08_17:55_서대문구,2026-04-08,17:55,서대문구,공원,"지역주민,일반시민","공원,하천,퇴근시간,지역주민",45,합정,마포구,subway,0.4906,202602_2호선_합정,subway
2026-04-08_17:55_서대문구,2026-04-08,17:55,서대문구,공원,"지역주민,일반시민","공원,하천,퇴근시간,지역주민",46,쌍문,도봉구,subway,0.4837,202602_4호선_쌍문,subway
2026-04-08_17:55_서대문구,2026-04-08,17:55,서대문구,공원,"지역주민,일반시민","공원,하천,퇴근시간,지역주민",47,범계,,subway,0.4824,202602_과천선_범계,subway
2026-04-08_17:55_서대문구,2026-04-08,17:55,서대문구,공원,"지역주민,일반시민","공원,하천,퇴근시간,지역주민",48,동대문,,subway,0.4821,202602_4호선_동대문,subway
2026-04-08_17:55_서대문구,2026-04-08,17:55,서대문구,공원,"지역주민,일반시민","공원,하천,퇴근시간,지역주민",49,시청,,subway,0.4795,202602_1호선_시청,subway
2026-04-08_17:55_서대문구,2026-04-08,17:55,서대문구,공원,"지역주민,일반시민","공원,하천,퇴근시간,지역주민",50,구의(광진구청),광진구,subway,0.4793,202602_2호선_구의(광진구청),subway
2026-04-09_15:00_중랑구,2026-04-09,15:00,중랑구,전통시장,"상인,지역주민","전통시장,지역상권,오후",1,우림골목시장,중랑구,market,0.4775,중랑구_우림골목시장,market
2026-04-09_15:00_중랑구,2026-04-09,15:00,중랑구,전통시장,"상인,지역주민","전통시장,지역상권,오후",2,동원전통종합시장,중랑구,market,0.4761,중랑구_동원전통종합시장,market
2026-04-09_15:00_중랑구,2026-04-09,15:00,중랑구,전통시장,"상인,지역주민","전통시장,지역상권,오후",3,상봉먹자 골목형상점가,중랑구,market,0.4738,중랑구_상봉먹자_골목형상점가,market
2026-04-09_15:00_중랑구,2026-04-09,15:00,중랑구,전통시장,"상인,지역주민","전통시장,지역상권,오후",4,사가정시장,중랑구,market,0.4731,중랑구_사가정시장,market
2026-04-09_15:00_중랑구,2026-04-09,15:00,중랑구,전통시장,"상인,지역주민","전통시장,지역상권,오후",5,면목시장(골목형),중랑구,market,0.4729,중랑구_면목시장(골목형),market
2026-04-09_15:00_중랑구,2026-04-09,15:00,중랑구,전통시장,"상인,지역주민","전통시장,지역상권,오후",6,신내구길 골목형상점가,중랑구,market,0.4722,중랑구_신내구길_골목형상점가,market
2026-04-09_15:00_중랑구,2026-04-09,15:00,중랑구,전통시장,"상인,지역주민","전통시장,지역상권,오후",7,사가정51길 골목형상점가,중랑구,market,0.4706,중랑구_사가정51길_골목형상점가,market
2026-04-09_15:00_중랑구,2026-04-09,15:00,중랑구,전통시장,"상인,지역주민","전통시장,지역상권,오후",8,중랑동부시장,중랑구,market,0.4702,중랑구_중랑동부시장,market
2026-04-09_15:00_중랑구,2026-04-09,15:00,중랑구,전통시장,"상인,지역주민","전통시장,지역상권,오후",9,묵동도깨비시장 골목형상점가,중랑구,market,0.4701,중랑구_묵동도깨비시장_골목형상점가,market
2026-04-09_15:00_중랑구,2026-04-09,15:00,중랑구,전통시장,"상인,지역주민","전통시장,지역상권,오후",10,태능 골목형상점가,중랑구,market,0.4699,중랑구_태능_골목형상점가,market
2026-04-09_15:00_중랑구,2026-04-09,15:00,중랑구,전통시장,"상인,지역주민","전통시장,지역상권,오후",11,인헌시장,관악구,market,0.4699,관악구_인헌시장,market
2026-04-09_15:00_중랑구,2026-04-09,15:00,중랑구,전통시장,"상인,지역주민","전통시장,지역상권,오후",12,홍대레드로드골목형상점가,마포구,market,0.4699,마포구_홍대레드로드골목형상점가,market
2026-04-09_15:00_중랑구,2026-04-09,15:00,중랑구,전통시장,"상인,지역주민","전통시장,지역상권,오후",13,둔촌역전통시장,강동구,market,0.4698,강동구_둔촌역전통시장,market
2026-04-09_15:00_중랑구,2026-04-09,15:00,중랑구,전통시장,"상인,지역주민","전통시장,지역상권,오후",14,포방터시장,서대문구,market,0.4698,서대문구_포방터시장,market
2026-04-09_15:00_중랑구,2026-04-09,15:00,중랑구,전통시장,"상인,지역주민","전통시장,지역상권,오후",15,봉제산길 골목형상점가,강서구,market,0.4697,강서구_봉제산길_골목형상점가,market
2026-04-09_15:00_중랑구,2026-04-09,15:00,중랑구,전통시장,"상인,지역주민","전통시장,지역상권,오후",16,고척근린시장,구로구,market,0.4696,구로구_고척근린시장,market
2026-04-09_15:00_중랑구,2026-04-09,15:00,중랑구,전통시장,"상인,지역주민","전통시장,지역상권,오후",17,대림중앙시장,영등포구,market,0.4696,영등포구_대림중앙시장,market
2026-04-09_15:00_중랑구,2026-04-09,15:00,중랑구,전통시장,"상인,지역주민","전통시장,지역상권,오후",18,목2동시장,양천구,market,0.4695,양천구_목2동시장,market
2026-04-09_15:00_중랑구,2026-04-09,15:00,중랑구,전통시장,"상인,지역주민","전통시장,지역상권,오후",19,우리시장,영등포구,market,0.4695,영등포구_우리시장,market
2026-04-09_15:00_중랑구,2026-04-09,15:00,중랑구,전통시장,"상인,지역주민","전통시장,지역상권,오후",20,이촌종합시장,용산구,market,0.4695,용산구_이촌종합시장,market
2026-04-09_15:00_중랑구,2026-04-09,15:00,중랑구,전통시장,"상인,지역주민","전통시장,지역상권,오후",21,정릉서경대길골목형상점가,성북구,market,0.4695,성북구_정릉서경대길골목형상점가,market
2026-04-09_15:00_중랑구,2026-04-09,15:00,중랑구,전통시장,"상인,지역주민","전통시장,지역상권,오후",22,창동골목시장,도봉구,market,0.4694,도봉구_창동골목시장,market
2026-04-09_15:00_중랑구,2026-04-09,15:00,중랑구,전통시장,"상인,지역주민","전통시장,지역상권,오후",23,통인시장,종로구,market,0.4694,종로구_통인시장,market
2026-04-09_15:00_중랑구,2026-04-09,15:00,중랑구,전통시장,"상인,지역주민","전통시장,지역상권,오후",24,사당1동먹자골목상점가,동작구,market,0.4692,동작구_사당1동먹자골목상점가,market
2026-04-09_15:00_중랑구,2026-04-09,15:00,중랑구,전통시장,"상인,지역주민","전통시장,지역상권,오후",25,삼청정독길 골목형상점가,종로구,market,0.4692,종로구_삼청정독길_골목형상점가,market
2026-04-09_15:00_중랑구,2026-04-09,15:00,중랑구,전통시장,"상인,지역주민","전통시장,지역상권,오후",26,회기시장,동대문구,market,0.4692,동대문구_회기시장,market
2026-04-09_15:00_중랑구,2026-04-09,15:00,중랑구,전통시장,"상인,지역주민","전통시장,지역상권,오후",27,답십리시장,동대문구,market,0.469,동대문구_답십리시장,market
2026-04-09_15:00_중랑구,2026-04-09,15:00,중랑구,전통시장,"상인,지역주민","전통시장,지역상권,오후",28,장위전통시장,성북구,market,0.4689,성북구_장위전통시장,market
2026-04-09_15:00_중랑구,2026-04-09,15:00,중랑구,전통시장,"상인,지역주민","전통시장,지역상권,오후",29,목사랑시장,양천구,market,0.4688,양천구_목사랑시장,market
2026-04-09_15:00_중랑구,2026-04-09,15:00,중랑구,전통시장,"상인,지역주민","전통시장,지역상권,오후",30,성내전통시장,강동구,market,0.4688,강동구_성내전통시장,market
2026-04-09_15:00_중랑구,2026-04-09,15:00,중랑구,전통시장,"상인,지역주민","전통시장,지역상권,오후",31,장미원골목시장,강북구,market,0.4688,강북구_장미원골목시장,market
2026-04-09_15:00_중랑구,2026-04-09,15:00,중랑구,전통시장,"상인,지역주민","전통시장,지역상권,오후",32,장미제일시장,중랑구,market,0.4688,중랑구_장미제일시장,market
2026-04-09_15:00_중랑구,2026-04-09,15:00,중랑구,전통시장,"상인,지역주민","전통시장,지역상권,오후",33,노량진 만나로 골목형상점가,동작구,market,0.4687,동작구_노량진_만나로_골목형상점가,market
2026-04-09_15:00_중랑구,2026-04-09,15:00,중랑구,전통시장,"상인,지역주민","전통시장,지역상권,오후",34,월정로시장,양천구,market,0.4687,양천구_월정로시장,market
2026-04-09_15:00_중랑구,2026-04-09,15:00,중랑구,전통시장,"상인,지역주민","전통시장,지역상권,오후",35,장미꽃빛거리 골목형상점가,중랑구,market,0.4687,중랑구_장미꽃빛거리_골목형상점가,market
2026-04-09_15:00_중랑구,2026-04-09,15:00,중랑구,전통시장,"상인,지역주민","전통시장,지역상권,오후",36,선유로운골목형상점가,영등포구,market,0.4686,영등포구_선유로운골목형상점가,market
2026-04-09_15:00_중랑구,2026-04-09,15:00,중랑구,전통시장,"상인,지역주민","전통시장,지역상권,오후",37,화곡본동시장,강서구,market,0.4685,강서구_화곡본동시장,market
2026-04-09_15:00_중랑구,2026-04-09,15:00,중랑구,전통시장,"상인,지역주민","전통시장,지역상권,오후",38,꿈의숲장곡골목형상점가,성북구,market,0.4684,성북구_꿈의숲장곡골목형상점가,market
2026-04-09_15:00_중랑구,2026-04-09,15:00,중랑구,전통시장,"상인,지역주민","전통시장,지역상권,오후",39,남이동길골목형상점가,서대문구,market,0.4684,서대문구_남이동길골목형상점가,market
2026-04-09_15:00_중랑구,2026-04-09,15:00,중랑구,전통시장,"상인,지역주민","전통시장,지역상권,오후",40,망원동월드컵시장,마포구,market,0.4684,마포구_망원동월드컵시장,market
2026-04-09_15:00_중랑구,2026-04-09,15:00,중랑구,전통시장,"상인,지역주민","전통시장,지역상권,오후",41,봉우시장 골목형상점가,중랑구,market,0.4684,중랑구_봉우시장_골목형상점가,market
2026-04-09_15:00_중랑구,2026-04-09,15:00,중랑구,전통시장,"상인,지역주민","전통시장,지역상권,오후",42,영천시장,서대문구,market,0.4684,서대문구_영천시장,market
2026-04-09_15:00_중랑구,2026-04-09,15:00,중랑구,전통시장,"상인,지역주민","전통시장,지역상권,오후",43,답십리현대시장,동대문구,market,0.4683,동대문구_답십리현대시장,market
2026-04-09_15:00_중랑구,2026-04-09,15:00,중랑구,전통시장,"상인,지역주민","전통시장,지역상권,오후",44,대림골목시장,은평구,market,0.4683,은평구_대림골목시장,market
2026-04-09_15:00_중랑구,2026-04-09,15:00,중랑구,전통시장,"상인,지역주민","전통시장,지역상권,오후",45,뚝도시장,성동구,market,0.4683,성동구_뚝도시장,market
2026-04-09_15:00_중랑구,2026-04-09,15:00,중랑구,전통시장,"상인,지역주민","전통시장,지역상권,오후",46,배밭골골목형상점가,성북구,market,0.4683,성북구_배밭골골목형상점가,market
2026-04-09_15:00_중랑구,2026-04-09,15:00,중랑구,전통시장,"상인,지역주민","전통시장,지역상권,오후",47,고분다리전통시장,강동구,market,0.4682,강동구_고분다리전통시장,market
2026-04-09_15:00_중랑구,2026-04-09,15:00,중랑구,전통시장,"상인,지역주민","전통시장,지역상권,오후",48,오목내길골목형상점가,양천구,market,0.4682,양천구_오목내길골목형상점가,market
2026-04-09_15:00_중랑구,2026-04-09,15:00,중랑구,전통시장,"상인,지역주민","전통시장,지역상권,오후",49,개봉중앙 골목형상점가,구로구,market,0.4681,구로구_개봉중앙_골목형상점가,market
2026-04-09_15:00_중랑구,2026-04-09,15:00,중랑구,전통시장,"상인,지역주민","전통시장,지역상권,오후",50,수유전통시장,강북구,market,0.4681,강북구_수유전통시장,market
2026-04-09_15:50_중랑구,2026-04-09,15:50,중랑구,전통시장,"상인,지역주민","전통시장,지역상권,오후",1,우림골목시장,중랑구,market,0.4775,중랑구_우림골목시장,market
2026-04-09_15:50_중랑구,2026-04-09,15:50,중랑구,전통시장,"상인,지역주민","전통시장,지역상권,오후",2,동원전통종합시장,중랑구,market,0.4761,중랑구_동원전통종합시장,market
2026-04-09_15:50_중랑구,2026-04-09,15:50,중랑구,전통시장,"상인,지역주민","전통시장,지역상권,오후",3,상봉먹자 골목형상점가,중랑구,market,0.4738,중랑구_상봉먹자_골목형상점가,market
2026-04-09_15:50_중랑구,2026-04-09,15:50,중랑구,전통시장,"상인,지역주민","전통시장,지역상권,오후",4,사가정시장,중랑구,market,0.4731,중랑구_사가정시장,market
2026-04-09_15:50_중랑구,2026-04-09,15:50,중랑구,전통시장,"상인,지역주민","전통시장,지역상권,오후",5,면목시장(골목형),중랑구,market,0.4729,중랑구_면목시장(골목형),market
2026-04-09_15:50_중랑구,2026-04-09,15:50,중랑구,전통시장,"상인,지역주민","전통시장,지역상권,오후",6,신내구길 골목형상점가,중랑구,market,0.4722,중랑구_신내구길_골목형상점가,market
2026-04-09_15:50_중랑구,2026-04-09,15:50,중랑구,전통시장,"상인,지역주민","전통시장,지역상권,오후",7,사가정51길 골목형상점가,중랑구,market,0.4706,중랑구_사가정51길_골목형상점가,market
2026-04-09_15:50_중랑구,2026-04-09,15:50,중랑구,전통시장,"상인,지역주민","전통시장,지역상권,오후",8,중랑동부시장,중랑구,market,0.4702,중랑구_중랑동부시장,market
2026-04-09_15:50_중랑구,2026-04-09,15:50,중랑구,전통시장,"상인,지역주민","전통시장,지역상권,오후",9,묵동도깨비시장 골목형상점가,중랑구,market,0.4701,중랑구_묵동도깨비시장_골목형상점가,market
2026-04-09_15:50_중랑구,2026-04-09,15:50,중랑구,전통시장,"상인,지역주민","전통시장,지역상권,오후",10,태능 골목형상점가,중랑구,market,0.4699,중랑구_태능_골목형상점가,market
2026-04-09_15:50_중랑구,2026-04-09,15:50,중랑구,전통시장,"상인,지역주민","전통시장,지역상권,오후",11,인헌시장,관악구,market,0.4699,관악구_인헌시장,market
2026-04-09_15:50_중랑구,2026-04-09,15:50,중랑구,전통시장,"상인,지역주민","전통시장,지역상권,오후",12,홍대레드로드골목형상점가,마포구,market,0.4699,마포구_홍대레드로드골목형상점가,market
2026-04-09_15:50_중랑구,2026-04-09,15:50,중랑구,전통시장,"상인,지역주민","전통시장,지역상권,오후",13,둔촌역전통시장,강동구,market,0.4698,강동구_둔촌역전통시장,market
2026-04-09_15:50_중랑구,2026-04-09,15:50,중랑구,전통시장,"상인,지역주민","전통시장,지역상권,오후",14,포방터시장,서대문구,market,0.4698,서대문구_포방터시장,market
2026-04-09_15:50_중랑구,2026-04-09,15:50,중랑구,전통시장,"상인,지역주민","전통시장,지역상권,오후",15,봉제산길 골목형상점가,강서구,market,0.4697,강서구_봉제산길_골목형상점가,market
2026-04-09_15:50_중랑구,2026-04-09,15:50,중랑구,전통시장,"상인,지역주민","전통시장,지역상권,오후",16,고척근린시장,구로구,market,0.4696,구로구_고척근린시장,market
2026-04-09_15:50_중랑구,2026-04-09,15:50,중랑구,전통시장,"상인,지역주민","전통시장,지역상권,오후",17,대림중앙시장,영등포구,market,0.4696,영등포구_대림중앙시장,market
2026-04-09_15:50_중랑구,2026-04-09,15:50,중랑구,전통시장,"상인,지역주민","전통시장,지역상권,오후",18,목2동시장,양천구,market,0.4695,양천구_목2동시장,market
2026-04-09_15:50_중랑구,2026-04-09,15:50,중랑구,전통시장,"상인,지역주민","전통시장,지역상권,오후",19,우리시장,영등포구,market,0.4695,영등포구_우리시장,market
2026-04-09_15:50_중랑구,2026-04-09,15:50,중랑구,전통시장,"상인,지역주민","전통시장,지역상권,오후",20,이촌종합시장,용산구,market,0.4695,용산구_이촌종합시장,market
2026-04-09_15:50_중랑구,2026-04-09,15:50,중랑구,전통시장,"상인,지역주민","전통시장,지역상권,오후",21,정릉서경대길골목형상점가,성북구,market,0.4695,성북구_정릉서경대길골목형상점가,market
2026-04-09_15:50_중랑구,2026-04-09,15:50,중랑구,전통시장,"상인,지역주민","전통시장,지역상권,오후",22,창동골목시장,도봉구,market,0.4694,도봉구_창동골목시장,market
2026-04-09_15:50_중랑구,2026-04-09,15:50,중랑구,전통시장,"상인,지역주민","전통시장,지역상권,오후",23,통인시장,종로구,market,0.4694,종로구_통인시장,market
2026-04-09_15:50_중랑구,2026-04-09,15:50,중랑구,전통시장,"상인,지역주민","전통시장,지역상권,오후",24,사당1동먹자골목상점가,동작구,market,0.4692,동작구_사당1동먹자골목상점가,market
2026-04-09_15:50_중랑구,2026-04-09,15:50,중랑구,전통시장,"상인,지역주민","전통시장,지역상권,오후",25,삼청정독길 골목형상점가,종로구,market,0.4692,종로구_삼청정독길_골목형상점가,market
2026-04-09_15:50_중랑구,2026-04-09,15:50,중랑구,전통시장,"상인,지역주민","전통시장,지역상권,오후",26,회기시장,동대문구,market,0.4692,동대문구_회기시장,market
2026-04-09_15:50_중랑구,2026-04-09,15:50,중랑구,전통시장,"상인,지역주민","전통시장,지역상권,오후",27,답십리시장,동대문구,market,0.469,동대문구_답십리시장,market
2026-04-09_15:50_중랑구,2026-04-09,15:50,중랑구,전통시장,"상인,지역주민","전통시장,지역상권,오후",28,장위전통시장,성북구,market,0.4689,성북구_장위전통시장,market
2026-04-09_15:50_중랑구,2026-04-09,15:50,중랑구,전통시장,"상인,지역주민","전통시장,지역상권,오후",29,목사랑시장,양천구,market,0.4688,양천구_목사랑시장,market
2026-04-09_15:50_중랑구,2026-04-09,15:50,중랑구,전통시장,"상인,지역주민","전통시장,지역상권,오후",30,성내전통시장,강동구,market,0.4688,강동구_성내전통시장,market
2026-04-09_15:50_중랑구,2026-04-09,15:50,중랑구,전통시장,"상인,지역주민","전통시장,지역상권,오후",31,장미원골목시장,강북구,market,0.4688,강북구_장미원골목시장,market
2026-04-09_15:50_중랑구,2026-04-09,15:50,중랑구,전통시장,"상인,지역주민","전통시장,지역상권,오후",32,장미제일시장,중랑구,market,0.4688,중랑구_장미제일시장,market
2026-04-09_15:50_중랑구,2026-04-09,15:50,중랑구,전통시장,"상인,지역주민","전통시장,지역상권,오후",33,노량진 만나로 골목형상점가,동작구,market,0.4687,동작구_노량진_만나로_골목형상점가,market
2026-04-09_15:50_중랑구,2026-04-09,15:50,중랑구,전통시장,"상인,지역주민","전통시장,지역상권,오후",34,월정로시장,양천구,market,0.4687,양천구_월정로시장,market
2026-04-09_15:50_중랑구,2026-04-09,15:50,중랑구,전통시장,"상인,지역주민","전통시장,지역상권,오후",35,장미꽃빛거리 골목형상점가,중랑구,market,0.4687,중랑구_장미꽃빛거리_골목형상점가,market
2026-04-09_15:50_중랑구,2026-04-09,15:50,중랑구,전통시장,"상인,지역주민","전통시장,지역상권,오후",36,선유로운골목형상점가,영등포구,market,0.4686,영등포구_선유로운골목형상점가,market
2026-04-09_15:50_중랑구,2026-04-09,15:50,중랑구,전통시장,"상인,지역주민","전통시장,지역상권,오후",37,화곡본동시장,강서구,market,0.4685,강서구_화곡본동시장,market
2026-04-09_15:50_중랑구,2026-04-09,15:50,중랑구,전통시장,"상인,지역주민","전통시장,지역상권,오후",38,꿈의숲장곡골목형상점가,성북구,market,0.4684,성북구_꿈의숲장곡골목형상점가,market
2026-04-09_15:50_중랑구,2026-04-09,15:50,중랑구,전통시장,"상인,지역주민","전통시장,지역상권,오후",39,남이동길골목형상점가,서대문구,market,0.4684,서대문구_남이동길골목형상점가,market
2026-04-09_15:50_중랑구,2026-04-09,15:50,중랑구,전통시장,"상인,지역주민","전통시장,지역상권,오후",40,망원동월드컵시장,마포구,market,0.4684,마포구_망원동월드컵시장,market
2026-04-09_15:50_중랑구,2026-04-09,15:50,중랑구,전통시장,"상인,지역주민","전통시장,지역상권,오후",41,봉우시장 골목형상점가,중랑구,market,0.4684,중랑구_봉우시장_골목형상점가,market
2026-04-09_15:50_중랑구,2026-04-09,15:50,중랑구,전통시장,"상인,지역주민","전통시장,지역상권,오후",42,영천시장,서대문구,market,0.4684,서대문구_영천시장,market
2026-04-09_15:50_중랑구,2026-04-09,15:50,중랑구,전통시장,"상인,지역주민","전통시장,지역상권,오후",43,답십리현대시장,동대문구,market,0.4683,동대문구_답십리현대시장,market
2026-04-09_15:50_중랑구,2026-04-09,15:50,중랑구,전통시장,"상인,지역주민","전통시장,지역상권,오후",44,대림골목시장,은평구,market,0.4683,은평구_대림골목시장,market
2026-04-09_15:50_중랑구,2026-04-09,15:50,중랑구,전통시장,"상인,지역주민","전통시장,지역상권,오후",45,뚝도시장,성동구,market,0.4683,성동구_뚝도시장,market
2026-04-09_15:50_중랑구,2026-04-09,15:50,중랑구,전통시장,"상인,지역주민","전통시장,지역상권,오후",46,배밭골골목형상점가,성북구,market,0.4683,성북구_배밭골골목형상점가,market
2026-04-09_15:50_중랑구,2026-04-09,15:50,중랑구,전통시장,"상인,지역주민","전통시장,지역상권,오후",47,고분다리전통시장,강동구,market,0.4682,강동구_고분다리전통시장,market
2026-04-09_15:50_중랑구,2026-04-09,15:50,중랑구,전통시장,"상인,지역주민","전통시장,지역상권,오후",48,오목내길골목형상점가,양천구,market,0.4682,양천구_오목내길골목형상점가,market
2026-04-09_15:50_중랑구,2026-04-09,15:50,중랑구,전통시장,"상인,지역주민","전통시장,지역상권,오후",49,개봉중앙 골목형상점가,구로구,market,0.4681,구로구_개봉중앙_골목형상점가,market
2026-04-09_15:50_중랑구,2026-04-09,15:50,중랑구,전통시장,"상인,지역주민","전통시장,지역상권,오후",50,수유전통시장,강북구,market,0.4681,강북구_수유전통시장,market
2026-04-15_10:55_종로구,2026-04-15,10:55,종로구,골목상권,"지역주민,일반시민","인터뷰,현장방문,지역주민,오전",1,동대문종합시장,종로구,market,0.5837,종로구_동대문종합시장,market
2026-04-15_10:55_종로구,2026-04-15,10:55,종로구,골목상권,"지역주민,일반시민","인터뷰,현장방문,지역주민,오전",2,광장전통시장,종로구,market,0.5242,종로구_광장전통시장,market
2026-04-15_10:55_종로구,2026-04-15,10:55,종로구,골목상권,"지역주민,일반시민","인터뷰,현장방문,지역주민,오전",3,광장시장,종로구,market,0.479,종로구_광장시장,market
2026-04-15_10:55_종로구,2026-04-15,10:55,종로구,골목상권,"지역주민,일반시민","인터뷰,현장방문,지역주민,오전",4,동대문종합시장D동,종로구,market,0.4504,종로구_동대문종합시장D동,market
2026-04-15_10:55_종로구,2026-04-15,10:55,종로구,골목상권,"지역주민,일반시민","인터뷰,현장방문,지역주민,오전",5,동대문문구?완구거리,종로구,market,0.4264,종로구_동대문문구?완구거리,market
2026-04-15_10:55_종로구,2026-04-15,10:55,종로구,골목상권,"지역주민,일반시민","인터뷰,현장방문,지역주민,오전",6,동묘시장,종로구,market,0.4255,종로구_동묘시장,market
2026-04-15_10:55_종로구,2026-04-15,10:55,종로구,골목상권,"지역주민,일반시민","인터뷰,현장방문,지역주민,오전",7,창신골목시장,종로구,market,0.4248,종로구_창신골목시장,market
2026-04-15_10:55_종로구,2026-04-15,10:55,종로구,골목상권,"지역주민,일반시민","인터뷰,현장방문,지역주민,오전",8,세종마을음식문화거리,종로구,market,0.4242,종로구_세종마을음식문화거리,market
2026-04-15_10:55_종로구,2026-04-15,10:55,종로구,골목상권,"지역주민,일반시민","인터뷰,현장방문,지역주민,오전",9,북촌계동길 골목형상점가,종로구,market,0.4241,종로구_북촌계동길_골목형상점가,market
2026-04-15_10:55_종로구,2026-04-15,10:55,종로구,골목상권,"지역주민,일반시민","인터뷰,현장방문,지역주민,오전",10,통인시장,종로구,market,0.4222,종로구_통인시장,market
2026-04-15_10:55_종로구,2026-04-15,10:55,종로구,골목상권,"지역주민,일반시민","인터뷰,현장방문,지역주민,오전",11,회기시장,동대문구,market,0.4221,동대문구_회기시장,market
2026-04-15_10:55_종로구,2026-04-15,10:55,종로구,골목상권,"지역주민,일반시민","인터뷰,현장방문,지역주민,오전",12,사당1동먹자골목상점가,동작구,market,0.422,동작구_사당1동먹자골목상점가,market
2026-04-15_10:55_종로구,2026-04-15,10:55,종로구,골목상권,"지역주민,일반시민","인터뷰,현장방문,지역주민,오전",13,삼청정독길 골목형상점가,종로구,market,0.422,종로구_삼청정독길_골목형상점가,market
2026-04-15_10:55_종로구,2026-04-15,10:55,종로구,골목상권,"지역주민,일반시민","인터뷰,현장방문,지역주민,오전",14,답십리시장,동대문구,market,0.4219,동대문구_답십리시장,market
2026-04-15_10:55_종로구,2026-04-15,10:55,종로구,골목상권,"지역주민,일반시민","인터뷰,현장방문,지역주민,오전",15,장미제일시장,중랑구,market,0.4217,중랑구_장미제일시장,market
2026-04-15_10:55_종로구,2026-04-15,10:55,종로구,골목상권,"지역주민,일반시민","인터뷰,현장방문,지역주민,오전",16,장위전통시장,성북구,market,0.4217,성북구_장위전통시장,market
2026-04-15_10:55_종로구,2026-04-15,10:55,종로구,골목상권,"지역주민,일반시민","인터뷰,현장방문,지역주민,오전",17,목사랑시장,양천구,market,0.4216,양천구_목사랑시장,market
2026-04-15_10:55_종로구,2026-04-15,10:55,종로구,골목상권,"지역주민,일반시민","인터뷰,현장방문,지역주민,오전",18,성내전통시장,강동구,market,0.4216,강동구_성내전통시장,market
2026-04-15_10:55_종로구,2026-04-15,10:55,종로구,골목상권,"지역주민,일반시민","인터뷰,현장방문,지역주민,오전",19,장미원골목시장,강북구,market,0.4216,강북구_장미원골목시장,market
2026-04-15_10:55_종로구,2026-04-15,10:55,종로구,골목상권,"지역주민,일반시민","인터뷰,현장방문,지역주민,오전",20,노량진 만나로 골목형상점가,동작구,market,0.4215,동작구_노량진_만나로_골목형상점가,market
2026-04-15_10:55_종로구,2026-04-15,10:55,종로구,골목상권,"지역주민,일반시민","인터뷰,현장방문,지역주민,오전",21,월정로시장,양천구,market,0.4215,양천구_월정로시장,market
2026-04-15_10:55_종로구,2026-04-15,10:55,종로구,골목상권,"지역주민,일반시민","인터뷰,현장방문,지역주민,오전",22,장미꽃빛거리 골목형상점가,중랑구,market,0.4215,중랑구_장미꽃빛거리_골목형상점가,market
2026-04-15_10:55_종로구,2026-04-15,10:55,종로구,골목상권,"지역주민,일반시민","인터뷰,현장방문,지역주민,오전",23,선유로운골목형상점가,영등포구,market,0.4214,영등포구_선유로운골목형상점가,market
2026-04-15_10:55_종로구,2026-04-15,10:55,종로구,골목상권,"지역주민,일반시민","인터뷰,현장방문,지역주민,오전",24,봉우시장 골목형상점가,중랑구,market,0.4213,중랑구_봉우시장_골목형상점가,market
2026-04-15_10:55_종로구,2026-04-15,10:55,종로구,골목상권,"지역주민,일반시민","인터뷰,현장방문,지역주민,오전",25,영천시장,서대문구,market,0.4213,서대문구_영천시장,market
2026-04-15_10:55_종로구,2026-04-15,10:55,종로구,골목상권,"지역주민,일반시민","인터뷰,현장방문,지역주민,오전",26,화곡본동시장,강서구,market,0.4213,강서구_화곡본동시장,market
2026-04-15_10:55_종로구,2026-04-15,10:55,종로구,골목상권,"지역주민,일반시민","인터뷰,현장방문,지역주민,오전",27,꿈의숲장곡골목형상점가,성북구,market,0.4212,성북구_꿈의숲장곡골목형상점가,market
2026-04-15_10:55_종로구,2026-04-15,10:55,종로구,골목상권,"지역주민,일반시민","인터뷰,현장방문,지역주민,오전",28,남이동길골목형상점가,서대문구,market,0.4212,서대문구_남이동길골목형상점가,market
2026-04-15_10:55_종로구,2026-04-15,10:55,종로구,골목상권,"지역주민,일반시민","인터뷰,현장방문,지역주민,오전",29,답십리현대시장,동대문구,market,0.4212,동대문구_답십리현대시장,market
2026-04-15_10:55_종로구,2026-04-15,10:55,종로구,골목상권,"지역주민,일반시민","인터뷰,현장방문,지역주민,오전",30,뚝도시장,성동구,market,0.4212,성동구_뚝도시장,market
2026-04-15_10:55_종로구,2026-04-15,10:55,종로구,골목상권,"지역주민,일반시민","인터뷰,현장방문,지역주민,오전",31,망원동월드컵시장,마포구,market,0.4212,마포구_망원동월드컵시장,market
2026-04-15_10:55_종로구,2026-04-15,10:55,종로구,골목상권,"지역주민,일반시민","인터뷰,현장방문,지역주민,오전",32,대림골목시장,은평구,market,0.4211,은평구_대림골목시장,market
2026-04-15_10:55_종로구,2026-04-15,10:55,종로구,골목상권,"지역주민,일반시민","인터뷰,현장방문,지역주민,오전",33,배밭골골목형상점가,성북구,market,0.4211,성북구_배밭골골목형상점가,market
2026-04-15_10:55_종로구,2026-04-15,10:55,종로구,골목상권,"지역주민,일반시민","인터뷰,현장방문,지역주민,오전",34,강서행복한길골목형상점가,강서구,market,0.421,강서구_강서행복한길골목형상점가,market
2026-04-15_10:55_종로구,2026-04-15,10:55,종로구,골목상권,"지역주민,일반시민","인터뷰,현장방문,지역주민,오전",35,개봉중앙 골목형상점가,구로구,market,0.421,구로구_개봉중앙_골목형상점가,market
2026-04-15_10:55_종로구,2026-04-15,10:55,종로구,골목상권,"지역주민,일반시민","인터뷰,현장방문,지역주민,오전",36,고분다리전통시장,강동구,market,0.421,강동구_고분다리전통시장,market
2026-04-15_10:55_종로구,2026-04-15,10:55,종로구,골목상권,"지역주민,일반시민","인터뷰,현장방문,지역주민,오전",37,수유전통시장,강북구,market,0.421,강북구_수유전통시장,market
2026-04-15_10:55_종로구,2026-04-15,10:55,종로구,골목상권,"지역주민,일반시민","인터뷰,현장방문,지역주민,오전",38,오목내길골목형상점가,양천구,market,0.421,양천구_오목내길골목형상점가,market
2026-04-15_10:55_종로구,2026-04-15,10:55,종로구,골목상권,"지역주민,일반시민","인터뷰,현장방문,지역주민,오전",39,명동남산골 골목형상점가,중구,market,0.4208,중구_명동남산골_골목형상점가,market
2026-04-17_07:30_송파구,2026-04-17,07:30,송파구,전통시장,"상인,지역주민","전통시장,농수산물시장,상인,오전",1,남대문시장,중구,market,0.6592,중구_남대문시장,market
2026-04-17_07:30_송파구,2026-04-17,07:30,송파구,전통시장,"상인,지역주민","전통시장,농수산물시장,상인,오전",2,동대문종합시장,종로구,market,0.5837,종로구_동대문종합시장,market
2026-04-17_07:30_송파구,2026-04-17,07:30,송파구,전통시장,"상인,지역주민","전통시장,농수산물시장,상인,오전",3,장안 마실 골목형상점가,동대문구,market,0.5827,동대문구_장안_마실_골목형상점가,market
2026-04-17_07:30_송파구,2026-04-17,07:30,송파구,전통시장,"상인,지역주민","전통시장,농수산물시장,상인,오전",4,천호로데오거리상점가,강동구,market,0.5458,강동구_천호로데오거리상점가,market
2026-04-17_07:30_송파구,2026-04-17,07:30,송파구,전통시장,"상인,지역주민","전통시장,농수산물시장,상인,오전",5,가락몰 골목형상점가,송파구,market,0.514,송파구_가락몰_골목형상점가,market
2026-04-17_07:30_송파구,2026-04-17,07:30,송파구,전통시장,"상인,지역주민","전통시장,농수산물시장,상인,오전",6,방이시장,송파구,market,0.4351,송파구_방이시장,market
2026-04-17_07:30_송파구,2026-04-17,07:30,송파구,전통시장,"상인,지역주민","전통시장,농수산물시장,상인,오전",7,풍납시장,송파구,market,0.4315,송파구_풍납시장,market
2026-04-17_07:30_송파구,2026-04-17,07:30,송파구,전통시장,"상인,지역주민","전통시장,농수산물시장,상인,오전",8,새마을시장,송파구,market,0.4291,송파구_새마을시장,market
2026-04-17_07:30_송파구,2026-04-17,07:30,송파구,전통시장,"상인,지역주민","전통시장,농수산물시장,상인,오전",9,마천중앙시장,송파구,market,0.4285,송파구_마천중앙시장,market
2026-04-17_07:30_송파구,2026-04-17,07:30,송파구,전통시장,"상인,지역주민","전통시장,농수산물시장,상인,오전",10,석촌시장,송파구,market,0.426,송파구_석촌시장,market
2026-04-17_07:30_송파구,2026-04-17,07:30,송파구,전통시장,"상인,지역주민","전통시장,농수산물시장,상인,오전",11,경희담길 골목형상점가,동대문구,market,0.426,동대문구_경희담길_골목형상점가,market
2026-04-17_07:30_송파구,2026-04-17,07:30,송파구,전통시장,"상인,지역주민","전통시장,농수산물시장,상인,오전",12,사가정시장,중랑구,market,0.4259,중랑구_사가정시장,market
2026-04-17_07:30_송파구,2026-04-17,07:30,송파구,전통시장,"상인,지역주민","전통시장,농수산물시장,상인,오전",13,상도전통시장,동작구,market,0.4259,동작구_상도전통시장,market
2026-04-17_07:30_송파구,2026-04-17,07:30,송파구,전통시장,"상인,지역주민","전통시장,농수산물시장,상인,오전",14,정릉시장,성북구,market,0.4258,성북구_정릉시장,market
2026-04-17_07:30_송파구,2026-04-17,07:30,송파구,전통시장,"상인,지역주민","전통시장,농수산물시장,상인,오전",15,면목시장(골목형),중랑구,market,0.4257,중랑구_면목시장(골목형),market
2026-04-17_07:30_송파구,2026-04-17,07:30,송파구,전통시장,"상인,지역주민","전통시장,농수산물시장,상인,오전",16,동묘시장,종로구,market,0.4255,종로구_동묘시장,market
2026-04-17_07:30_송파구,2026-04-17,07:30,송파구,전통시장,"상인,지역주민","전통시장,농수산물시장,상인,오전",17,본동인정시장,동작구,market,0.4254,동작구_본동인정시장,market
2026-04-17_07:30_송파구,2026-04-17,07:30,송파구,전통시장,"상인,지역주민","전통시장,농수산물시장,상인,오전",18,쌍문시장,도봉구,market,0.4254,도봉구_쌍문시장,market
2026-04-17_07:30_송파구,2026-04-17,07:30,송파구,전통시장,"상인,지역주민","전통시장,농수산물시장,상인,오전",19,충무로 골목형상점가,중구,market,0.4254,중구_충무로_골목형상점가,market
2026-04-17_07:30_송파구,2026-04-17,07:30,송파구,전통시장,"상인,지역주민","전통시장,농수산물시장,상인,오전",20,보라매다올길골목형상점가,동작구,market,0.4252,동작구_보라매다올길골목형상점가,market
2026-04-17_07:30_송파구,2026-04-17,07:30,송파구,전통시장,"상인,지역주민","전통시장,농수산물시장,상인,오전",21,신내구길 골목형상점가,중랑구,market,0.4251,중랑구_신내구길_골목형상점가,market
2026-04-17_07:30_송파구,2026-04-17,07:30,송파구,전통시장,"상인,지역주민","전통시장,농수산물시장,상인,오전",22,강북북부골목시장,강북구,market,0.4249,강북구_강북북부골목시장,market
2026-04-17_07:30_송파구,2026-04-17,07:30,송파구,전통시장,"상인,지역주민","전통시장,농수산물시장,상인,오전",23,망원시장,마포구,market,0.4249,마포구_망원시장,market
2026-04-17_07:30_송파구,2026-04-17,07:30,송파구,전통시장,"상인,지역주민","전통시장,농수산물시장,상인,오전",24,신당오길 골목형상점가,중구,market,0.4248,중구_신당오길_골목형상점가,market
2026-04-17_07:30_송파구,2026-04-17,07:30,송파구,전통시장,"상인,지역주민","전통시장,농수산물시장,상인,오전",25,창신골목시장,종로구,market,0.4248,종로구_창신골목시장,market
2026-04-17_07:30_송파구,2026-04-17,07:30,송파구,전통시장,"상인,지역주민","전통시장,농수산물시장,상인,오전",26,청량리종합시장,동대문구,market,0.4248,동대문구_청량리종합시장,market
2026-04-17_07:30_송파구,2026-04-17,07:30,송파구,전통시장,"상인,지역주민","전통시장,농수산물시장,상인,오전",27,미소상인회 골목형상점가,강북구,market,0.4246,강북구_미소상인회_골목형상점가,market
2026-04-17_07:30_송파구,2026-04-17,07:30,송파구,전통시장,"상인,지역주민","전통시장,농수산물시장,상인,오전",28,포수말골목형상점가,은평구,market,0.4246,은평구_포수말골목형상점가,market
2026-04-17_07:30_송파구,2026-04-17,07:30,송파구,전통시장,"상인,지역주민","전통시장,농수산물시장,상인,오전",29,동화동 골목형상점가,중구,market,0.4245,중구_동화동_골목형상점가,market
2026-04-17_07:30_송파구,2026-04-17,07:30,송파구,전통시장,"상인,지역주민","전통시장,농수산물시장,상인,오전",30,삼성동시장,관악구,market,0.4245,관악구_삼성동시장,market
2026-04-17_07:30_송파구,2026-04-17,07:30,송파구,전통시장,"상인,지역주민","전통시장,농수산물시장,상인,오전",31,신중앙시장,중구,market,0.4245,중구_신중앙시장,market
2026-04-17_07:30_송파구,2026-04-17,07:30,송파구,전통시장,"상인,지역주민","전통시장,농수산물시장,상인,오전",32,화양제일골목시장,광진구,market,0.4245,광진구_화양제일골목시장,market
2026-04-17_07:30_송파구,2026-04-17,07:30,송파구,전통시장,"상인,지역주민","전통시장,농수산물시장,상인,오전",33,회기역골목형상점가,동대문구,market,0.4245,동대문구_회기역골목형상점가,market
2026-04-17_07:30_송파구,2026-04-17,07:30,송파구,전통시장,"상인,지역주민","전통시장,농수산물시장,상인,오전",34,송정역 카페거리 골목형상점가,강서구,market,0.4244,강서구_송정역_카페거리_골목형상점가,market
2026-04-17_07:30_송파구,2026-04-17,07:30,송파구,전통시장,"상인,지역주민","전통시장,농수산물시장,상인,오전",35,창동신창시장,도봉구,market,0.4244,도봉구_창동신창시장,market
2026-04-17_07:30_송파구,2026-04-17,07:30,송파구,전통시장,"상인,지역주민","전통시장,농수산물시장,상인,오전",36,세종마을음식문화거리,종로구,market,0.4242,종로구_세종마을음식문화거리,market
2026-04-17_07:30_송파구,2026-04-17,07:30,송파구,전통시장,"상인,지역주민","전통시장,농수산물시장,상인,오전",37,오패산로 골목형상점가,강북구,market,0.4242,강북구_오패산로_골목형상점가,market
2026-04-17_07:30_송파구,2026-04-17,07:30,송파구,전통시장,"상인,지역주민","전통시장,농수산물시장,상인,오전",38,북촌계동길 골목형상점가,종로구,market,0.4241,종로구_북촌계동길_골목형상점가,market
2026-04-17_07:30_송파구,2026-04-17,07:30,송파구,전통시장,"상인,지역주민","전통시장,농수산물시장,상인,오전",39,신원시장,관악구,market,0.4241,관악구_신원시장,market
2026-04-17_07:30_송파구,2026-04-17,07:30,송파구,전통시장,"상인,지역주민","전통시장,농수산물시장,상인,오전",40,정훈한마음골목시장,금천구,market,0.4241,금천구_정훈한마음골목시장,market
2026-04-17_07:30_송파구,2026-04-17,07:30,송파구,전통시장,"상인,지역주민","전통시장,농수산물시장,상인,오전",41,청량리농수산물시장,동대문구,market,0.4241,동대문구_청량리농수산물시장,market
2026-04-17_07:30_송파구,2026-04-17,07:30,송파구,전통시장,"상인,지역주민","전통시장,농수산물시장,상인,오전",42,청량리청과물시장,동대문구,market,0.4241,동대문구_청량리청과물시장,market
2026-04-17_07:30_송파구,2026-04-17,07:30,송파구,전통시장,"상인,지역주민","전통시장,농수산물시장,상인,오전",43,답십리건축자재시장,동대문구,market,0.424,동대문구_답십리건축자재시장,market
2026-04-17_07:30_송파구,2026-04-17,07:30,송파구,전통시장,"상인,지역주민","전통시장,농수산물시장,상인,오전",44,영동교골목시장,광진구,market,0.424,광진구_영동교골목시장,market
2026-04-17_07:30_송파구,2026-04-17,07:30,송파구,전통시장,"상인,지역주민","전통시장,농수산물시장,상인,오전",45,자양한강전통시장,광진구,market,0.424,광진구_자양한강전통시장,market
2026-04-17_07:30_송파구,2026-04-17,07:30,송파구,전통시장,"상인,지역주민","전통시장,농수산물시장,상인,오전",46,조원동펭귄시장,관악구,market,0.4239,관악구_조원동펭귄시장,market
2026-04-17_07:30_송파구,2026-04-17,07:30,송파구,전통시장,"상인,지역주민","전통시장,농수산물시장,상인,오전",47,공항대로 골목형상점가,강서구,market,0.4238,강서구_공항대로_골목형상점가,market
2026-04-17_07:30_송파구,2026-04-17,07:30,송파구,전통시장,"상인,지역주민","전통시장,농수산물시장,상인,오전",48,우이골목시장골목형상점가,강북구,market,0.4238,강북구_우이골목시장골목형상점가,market
2026-04-17_07:30_송파구,2026-04-17,07:30,송파구,전통시장,"상인,지역주민","전통시장,농수산물시장,상인,오전",49,신영시장,양천구,market,0.4237,양천구_신영시장,market
2026-04-17_07:30_송파구,2026-04-17,07:30,송파구,전통시장,"상인,지역주민","전통시장,농수산물시장,상인,오전",50,인수로골목형상점가,강북구,market,0.4237,강북구_인수로골목형상점가,market
2026-04-17_15:30_강동구,2026-04-17,15:30,강동구,정책현장,"지역주민,일반시민","현장방문,안전,지역현안,오후",1,서울역,중구,subway,0.9642,202602_1호선_서울역,subway
2026-04-17_15:30_강동구,2026-04-17,15:30,강동구,정책현장,"지역주민,일반시민","현장방문,안전,지역현안,오후",2,잠실(송파구청),송파구,subway,0.9611,202602_2호선_잠실(송파구청),subway
2026-04-17_15:30_강동구,2026-04-17,15:30,강동구,정책현장,"지역주민,일반시민","현장방문,안전,지역현안,오후",3,강남,강남구,subway,0.9318,202602_2호선_강남,subway
2026-04-17_15:30_강동구,2026-04-17,15:30,강동구,정책현장,"지역주민,일반시민","현장방문,안전,지역현안,오후",4,홍대입구,마포구,subway,0.8656,202602_2호선_홍대입구,subway
2026-04-17_15:30_강동구,2026-04-17,15:30,강동구,정책현장,"지역주민,일반시민","현장방문,안전,지역현안,오후",5,고속터미널,서초구,subway,0.8161,202602_3호선_고속터미널,subway
2026-04-17_15:30_강동구,2026-04-17,15:30,강동구,정책현장,"지역주민,일반시민","현장방문,안전,지역현안,오후",6,삼성(무역센터),강남구,subway,0.7312,202602_2호선_삼성(무역센터),subway
2026-04-17_15:30_강동구,2026-04-17,15:30,강동구,정책현장,"지역주민,일반시민","현장방문,안전,지역현안,오후",7,성수,성동구,subway,0.7287,202602_2호선_성수,subway
2026-04-17_15:30_강동구,2026-04-17,15:30,강동구,정책현장,"지역주민,일반시민","현장방문,안전,지역현안,오후",8,선릉,강남구,subway,0.7238,202602_2호선_선릉,subway
2026-04-17_15:30_강동구,2026-04-17,15:30,강동구,정책현장,"지역주민,일반시민","현장방문,안전,지역현안,오후",9,용산,용산구,subway,0.7194,202602_경부선_용산,subway
2026-04-17_15:30_강동구,2026-04-17,15:30,강동구,정책현장,"지역주민,일반시민","현장방문,안전,지역현안,오후",10,구로디지털단지,구로구,subway,0.6961,202602_2호선_구로디지털단지,subway
2026-04-17_15:30_강동구,2026-04-17,15:30,강동구,정책현장,"지역주민,일반시민","현장방문,안전,지역현안,오후",11,신림,관악구,subway,0.6921,202602_2호선_신림,subway
2026-04-17_15:30_강동구,2026-04-17,15:30,강동구,정책현장,"지역주민,일반시민","현장방문,안전,지역현안,오후",12,을지로입구,중구,subway,0.6806,202602_2호선_을지로입구,subway
2026-04-17_15:30_강동구,2026-04-17,15:30,강동구,정책현장,"지역주민,일반시민","현장방문,안전,지역현안,오후",13,신도림,구로구,subway,0.6595,202602_2호선_신도림,subway
2026-04-17_15:30_강동구,2026-04-17,15:30,강동구,정책현장,"지역주민,일반시민","현장방문,안전,지역현안,오후",14,영등포,영등포구,subway,0.6567,202602_경부선_영등포,subway
2026-04-17_15:30_강동구,2026-04-17,15:30,강동구,정책현장,"지역주민,일반시민","현장방문,안전,지역현안,오후",15,역삼,강남구,subway,0.6459,202602_2호선_역삼,subway
2026-04-17_15:30_강동구,2026-04-17,15:30,강동구,정책현장,"지역주민,일반시민","현장방문,안전,지역현안,오후",16,서울대입구(관악구청),관악구,subway,0.628,202602_2호선_서울대입구(관악구청),subway
2026-04-17_15:30_강동구,2026-04-17,15:30,강동구,정책현장,"지역주민,일반시민","현장방문,안전,지역현안,오후",17,수원,,subway,0.6164,202602_경부선_수원,subway
2026-04-17_15:30_강동구,2026-04-17,15:30,강동구,정책현장,"지역주민,일반시민","현장방문,안전,지역현안,오후",18,종각,종로구,subway,0.5903,202602_1호선_종각,subway
2026-04-17_15:30_강동구,2026-04-17,15:30,강동구,정책현장,"지역주민,일반시민","현장방문,안전,지역현안,오후",19,가산디지털단지,금천구,subway,0.586,202602_7호선_가산디지털단지,subway
2026-04-17_15:30_강동구,2026-04-17,15:30,강동구,정책현장,"지역주민,일반시민","현장방문,안전,지역현안,오후",20,사당,동작구,subway,0.5846,202602_2호선_사당,subway
2026-04-17_15:30_강동구,2026-04-17,15:30,강동구,정책현장,"지역주민,일반시민","현장방문,안전,지역현안,오후",21,신촌,,subway,0.5808,202602_2호선_신촌,subway
2026-04-17_15:30_강동구,2026-04-17,15:30,강동구,정책현장,"지역주민,일반시민","현장방문,안전,지역현안,오후",22,혜화,종로구,subway,0.5759,202602_4호선_혜화,subway
2026-04-17_15:30_강동구,2026-04-17,15:30,강동구,정책현장,"지역주민,일반시민","현장방문,안전,지역현안,오후",23,명동,중구,subway,0.5738,202602_4호선_명동,subway
2026-04-17_15:30_강동구,2026-04-17,15:30,강동구,정책현장,"지역주민,일반시민","현장방문,안전,지역현안,오후",24,연신내,은평구,subway,0.5711,202602_3호선_연신내,subway
2026-04-17_15:30_강동구,2026-04-17,15:30,강동구,정책현장,"지역주민,일반시민","현장방문,안전,지역현안,오후",25,회현(남대문시장),,subway,0.5558,202602_4호선_회현(남대문시장),subway
2026-04-17_15:30_강동구,2026-04-17,15:30,강동구,정책현장,"지역주민,일반시민","현장방문,안전,지역현안,오후",26,남부터미널(예술의전당),,subway,0.5541,202602_3호선_남부터미널(예술의전당),subway
2026-04-17_15:30_강동구,2026-04-17,15:30,강동구,정책현장,"지역주민,일반시민","현장방문,안전,지역현안,오후",27,건대입구,광진구,subway,0.5488,202602_2호선_건대입구,subway
2026-04-17_15:30_강동구,2026-04-17,15:30,강동구,정책현장,"지역주민,일반시민","현장방문,안전,지역현안,오후",28,양재(서초구청),서초구,subway,0.5482,202602_3호선_양재(서초구청),subway
2026-04-17_15:30_강동구,2026-04-17,15:30,강동구,정책현장,"지역주민,일반시민","현장방문,안전,지역현안,오후",29,광화문(세종문화회관),,subway,0.5464,202602_5호선_광화문(세종문화회관),subway
2026-04-17_15:30_강동구,2026-04-17,15:30,강동구,정책현장,"지역주민,일반시민","현장방문,안전,지역현안,오후",30,안국,,subway,0.545,202602_3호선_안국,subway
2026-04-17_15:30_강동구,2026-04-17,15:30,강동구,정책현장,"지역주민,일반시민","현장방문,안전,지역현안,오후",31,수유(강북구청),강북구,subway,0.5395,202602_4호선_수유(강북구청),subway
2026-04-17_15:30_강동구,2026-04-17,15:30,강동구,정책현장,"지역주민,일반시민","현장방문,안전,지역현안,오후",32,부천,,subway,0.5328,202602_경인선_부천,subway
2026-04-17_15:30_강동구,2026-04-17,15:30,강동구,정책현장,"지역주민,일반시민","현장방문,안전,지역현안,오후",33,종로3가,,subway,0.5286,202602_1호선_종로3가,subway
2026-04-17_15:30_강동구,2026-04-17,15:30,강동구,정책현장,"지역주민,일반시민","현장방문,안전,지역현안,오후",34,압구정,압구,subway,0.5273,202602_3호선_압구정,subway
2026-04-17_15:30_강동구,2026-04-17,15:30,강동구,정책현장,"지역주민,일반시민","현장방문,안전,지역현안,오후",35,종로5가,,subway,0.5253,202602_1호선_종로5가,subway
2026-04-17_15:30_강동구,2026-04-17,15:30,강동구,정책현장,"지역주민,일반시민","현장방문,안전,지역현안,오후",36,청량리(서울시립대입구),서울시립대입구,subway,0.5223,202602_1호선_청량리(서울시립대입구),subway
2026-04-17_15:30_강동구,2026-04-17,15:30,강동구,정책현장,"지역주민,일반시민","현장방문,안전,지역현안,오후",37,부평,,subway,0.5188,202602_경인선_부평,subway
2026-04-17_15:30_강동구,2026-04-17,15:30,강동구,정책현장,"지역주민,일반시민","현장방문,안전,지역현안,오후",38,경복궁(정부서울청사),,subway,0.5131,202602_3호선_경복궁(정부서울청사),subway
2026-04-17_15:30_강동구,2026-04-17,15:30,강동구,정책현장,"지역주민,일반시민","현장방문,안전,지역현안,오후",39,여의도,영등포구,subway,0.5131,202602_9호선_여의도,subway
2026-04-17_15:30_강동구,2026-04-17,15:30,강동구,정책현장,"지역주민,일반시민","현장방문,안전,지역현안,오후",40,신논현,,subway,0.5119,202602_9호선_신논현,subway
2026-04-17_15:30_강동구,2026-04-17,15:30,강동구,정책현장,"지역주민,일반시민","현장방문,안전,지역현안,오후",41,창동,,subway,0.5047,202602_4호선_창동,subway
2026-04-17_15:30_강동구,2026-04-17,15:30,강동구,정책현장,"지역주민,일반시민","현장방문,안전,지역현안,오후",42,교대(법원.검찰청),,subway,0.504,202602_2호선_교대(법원.검찰청),subway
2026-04-17_15:30_강동구,2026-04-17,15:30,강동구,정책현장,"지역주민,일반시민","현장방문,안전,지역현안,오후",43,강변(동서울터미널),,subway,0.4969,202602_2호선_강변(동서울터미널),subway
2026-04-17_15:30_강동구,2026-04-17,15:30,강동구,정책현장,"지역주민,일반시민","현장방문,안전,지역현안,오후",44,충무로,,subway,0.492,202602_4호선_충무로,subway
2026-04-17_15:30_강동구,2026-04-17,15:30,강동구,정책현장,"지역주민,일반시민","현장방문,안전,지역현안,오후",45,합정,마포구,subway,0.4906,202602_2호선_합정,subway
2026-04-17_15:30_강동구,2026-04-17,15:30,강동구,정책현장,"지역주민,일반시민","현장방문,안전,지역현안,오후",46,쌍문,도봉구,subway,0.4837,202602_4호선_쌍문,subway
2026-04-17_15:30_강동구,2026-04-17,15:30,강동구,정책현장,"지역주민,일반시민","현장방문,안전,지역현안,오후",47,범계,,subway,0.4824,202602_과천선_범계,subway
2026-04-17_15:30_강동구,2026-04-17,15:30,강동구,정책현장,"지역주민,일반시민","현장방문,안전,지역현안,오후",48,동대문,,subway,0.4821,202602_4호선_동대문,subway
2026-04-17_15:30_강동구,2026-04-17,15:30,강동구,정책현장,"지역주민,일반시민","현장방문,안전,지역현안,오후",49,시청,,subway,0.4795,202602_1호선_시청,subway
2026-04-17_15:30_강동구,2026-04-17,15:30,강동구,정책현장,"지역주민,일반시민","현장방문,안전,지역현안,오후",50,구의(광진구청),광진구,subway,0.4793,202602_2호선_구의(광진구청),subway
2026-04-17_16:00_강동구,2026-04-17,16:00,강동구,정책현장,"직장인,지역주민","현장방문,산업,직장인,오후",1,서울역,중구,subway,0.9642,202602_1호선_서울역,subway
2026-04-17_16:00_강동구,2026-04-17,16:00,강동구,정책현장,"직장인,지역주민","현장방문,산업,직장인,오후",2,잠실(송파구청),송파구,subway,0.9611,202602_2호선_잠실(송파구청),subway
2026-04-17_16:00_강동구,2026-04-17,16:00,강동구,정책현장,"직장인,지역주민","현장방문,산업,직장인,오후",3,강남,강남구,subway,0.9318,202602_2호선_강남,subway
2026-04-17_16:00_강동구,2026-04-17,16:00,강동구,정책현장,"직장인,지역주민","현장방문,산업,직장인,오후",4,홍대입구,마포구,subway,0.8656,202602_2호선_홍대입구,subway
2026-04-17_16:00_강동구,2026-04-17,16:00,강동구,정책현장,"직장인,지역주민","현장방문,산업,직장인,오후",5,고속터미널,서초구,subway,0.8161,202602_3호선_고속터미널,subway
2026-04-17_16:00_강동구,2026-04-17,16:00,강동구,정책현장,"직장인,지역주민","현장방문,산업,직장인,오후",6,삼성(무역센터),강남구,subway,0.7312,202602_2호선_삼성(무역센터),subway
2026-04-17_16:00_강동구,2026-04-17,16:00,강동구,정책현장,"직장인,지역주민","현장방문,산업,직장인,오후",7,성수,성동구,subway,0.7287,202602_2호선_성수,subway
2026-04-17_16:00_강동구,2026-04-17,16:00,강동구,정책현장,"직장인,지역주민","현장방문,산업,직장인,오후",8,선릉,강남구,subway,0.7238,202602_2호선_선릉,subway
2026-04-17_16:00_강동구,2026-04-17,16:00,강동구,정책현장,"직장인,지역주민","현장방문,산업,직장인,오후",9,용산,용산구,subway,0.7194,202602_경부선_용산,subway
2026-04-17_16:00_강동구,2026-04-17,16:00,강동구,정책현장,"직장인,지역주민","현장방문,산업,직장인,오후",10,구로디지털단지,구로구,subway,0.6961,202602_2호선_구로디지털단지,subway
2026-04-17_16:00_강동구,2026-04-17,16:00,강동구,정책현장,"직장인,지역주민","현장방문,산업,직장인,오후",11,신림,관악구,subway,0.6921,202602_2호선_신림,subway
2026-04-17_16:00_강동구,2026-04-17,16:00,강동구,정책현장,"직장인,지역주민","현장방문,산업,직장인,오후",12,을지로입구,중구,subway,0.6806,202602_2호선_을지로입구,subway
2026-04-17_16:00_강동구,2026-04-17,16:00,강동구,정책현장,"직장인,지역주민","현장방문,산업,직장인,오후",13,신도림,구로구,subway,0.6595,202602_2호선_신도림,subway
2026-04-17_16:00_강동구,2026-04-17,16:00,강동구,정책현장,"직장인,지역주민","현장방문,산업,직장인,오후",14,영등포,영등포구,subway,0.6567,202602_경부선_영등포,subway
2026-04-17_16:00_강동구,2026-04-17,16:00,강동구,정책현장,"직장인,지역주민","현장방문,산업,직장인,오후",15,역삼,강남구,subway,0.6459,202602_2호선_역삼,subway
2026-04-17_16:00_강동구,2026-04-17,16:00,강동구,정책현장,"직장인,지역주민","현장방문,산업,직장인,오후",16,서울대입구(관악구청),관악구,subway,0.628,202602_2호선_서울대입구(관악구청),subway
2026-04-17_16:00_강동구,2026-04-17,16:00,강동구,정책현장,"직장인,지역주민","현장방문,산업,직장인,오후",17,수원,,subway,0.6164,202602_경부선_수원,subway
2026-04-17_16:00_강동구,2026-04-17,16:00,강동구,정책현장,"직장인,지역주민","현장방문,산업,직장인,오후",18,종각,종로구,subway,0.5903,202602_1호선_종각,subway
2026-04-17_16:00_강동구,2026-04-17,16:00,강동구,정책현장,"직장인,지역주민","현장방문,산업,직장인,오후",19,가산디지털단지,금천구,subway,0.586,202602_7호선_가산디지털단지,subway
2026-04-17_16:00_강동구,2026-04-17,16:00,강동구,정책현장,"직장인,지역주민","현장방문,산업,직장인,오후",20,사당,동작구,subway,0.5846,202602_2호선_사당,subway
2026-04-17_16:00_강동구,2026-04-17,16:00,강동구,정책현장,"직장인,지역주민","현장방문,산업,직장인,오후",21,신촌,,subway,0.5808,202602_2호선_신촌,subway
2026-04-17_16:00_강동구,2026-04-17,16:00,강동구,정책현장,"직장인,지역주민","현장방문,산업,직장인,오후",22,혜화,종로구,subway,0.5759,202602_4호선_혜화,subway
2026-04-17_16:00_강동구,2026-04-17,16:00,강동구,정책현장,"직장인,지역주민","현장방문,산업,직장인,오후",23,명동,중구,subway,0.5738,202602_4호선_명동,subway
2026-04-17_16:00_강동구,2026-04-17,16:00,강동구,정책현장,"직장인,지역주민","현장방문,산업,직장인,오후",24,연신내,은평구,subway,0.5711,202602_3호선_연신내,subway
2026-04-17_16:00_강동구,2026-04-17,16:00,강동구,정책현장,"직장인,지역주민","현장방문,산업,직장인,오후",25,회현(남대문시장),,subway,0.5558,202602_4호선_회현(남대문시장),subway
2026-04-17_16:00_강동구,2026-04-17,16:00,강동구,정책현장,"직장인,지역주민","현장방문,산업,직장인,오후",26,남부터미널(예술의전당),,subway,0.5541,202602_3호선_남부터미널(예술의전당),subway
2026-04-17_16:00_강동구,2026-04-17,16:00,강동구,정책현장,"직장인,지역주민","현장방문,산업,직장인,오후",27,건대입구,광진구,subway,0.5488,202602_2호선_건대입구,subway
2026-04-17_16:00_강동구,2026-04-17,16:00,강동구,정책현장,"직장인,지역주민","현장방문,산업,직장인,오후",28,양재(서초구청),서초구,subway,0.5482,202602_3호선_양재(서초구청),subway
2026-04-17_16:00_강동구,2026-04-17,16:00,강동구,정책현장,"직장인,지역주민","현장방문,산업,직장인,오후",29,광화문(세종문화회관),,subway,0.5464,202602_5호선_광화문(세종문화회관),subway
2026-04-17_16:00_강동구,2026-04-17,16:00,강동구,정책현장,"직장인,지역주민","현장방문,산업,직장인,오후",30,안국,,subway,0.545,202602_3호선_안국,subway
2026-04-17_16:00_강동구,2026-04-17,16:00,강동구,정책현장,"직장인,지역주민","현장방문,산업,직장인,오후",31,수유(강북구청),강북구,subway,0.5395,202602_4호선_수유(강북구청),subway
2026-04-17_16:00_강동구,2026-04-17,16:00,강동구,정책현장,"직장인,지역주민","현장방문,산업,직장인,오후",32,부천,,subway,0.5328,202602_경인선_부천,subway
2026-04-17_16:00_강동구,2026-04-17,16:00,강동구,정책현장,"직장인,지역주민","현장방문,산업,직장인,오후",33,종로3가,,subway,0.5286,202602_1호선_종로3가,subway
2026-04-17_16:00_강동구,2026-04-17,16:00,강동구,정책현장,"직장인,지역주민","현장방문,산업,직장인,오후",34,압구정,압구,subway,0.5273,202602_3호선_압구정,subway
2026-04-17_16:00_강동구,2026-04-17,16:00,강동구,정책현장,"직장인,지역주민","현장방문,산업,직장인,오후",35,종로5가,,subway,0.5253,202602_1호선_종로5가,subway
2026-04-17_16:00_강동구,2026-04-17,16:00,강동구,정책현장,"직장인,지역주민","현장방문,산업,직장인,오후",36,청량리(서울시립대입구),서울시립대입구,subway,0.5223,202602_1호선_청량리(서울시립대입구),subway
2026-04-17_16:00_강동구,2026-04-17,16:00,강동구,정책현장,"직장인,지역주민","현장방문,산업,직장인,오후",37,부평,,subway,0.5188,202602_경인선_부평,subway
2026-04-17_16:00_강동구,2026-04-17,16:00,강동구,정책현장,"직장인,지역주민","현장방문,산업,직장인,오후",38,경복궁(정부서울청사),,subway,0.5131,202602_3호선_경복궁(정부서울청사),subway
2026-04-17_16:00_강동구,2026-04-17,16:00,강동구,정책현장,"직장인,지역주민","현장방문,산업,직장인,오후",39,여의도,영등포구,subway,0.5131,202602_9호선_여의도,subway
2026-04-17_16:00_강동구,2026-04-17,16:00,강동구,정책현장,"직장인,지역주민","현장방문,산업,직장인,오후",40,신논현,,subway,0.5119,202602_9호선_신논현,subway
2026-04-17_16:00_강동구,2026-04-17,16:00,강동구,정책현장,"직장인,지역주민","현장방문,산업,직장인,오후",41,창동,,subway,0.5047,202602_4호선_창동,subway
2026-04-17_16:00_강동구,2026-04-17,16:00,강동구,정책현장,"직장인,지역주민","현장방문,산업,직장인,오후",42,교대(법원.검찰청),,subway,0.504,202602_2호선_교대(법원.검찰청),subway
2026-04-17_16:00_강동구,2026-04-17,16:00,강동구,정책현장,"직장인,지역주민","현장방문,산업,직장인,오후",43,강변(동서울터미널),,subway,0.4969,202602_2호선_강변(동서울터미널),subway
2026-04-17_16:00_강동구,2026-04-17,16:00,강동구,정책현장,"직장인,지역주민","현장방문,산업,직장인,오후",44,충무로,,subway,0.492,202602_4호선_충무로,subway
2026-04-17_16:00_강동구,2026-04-17,16:00,강동구,정책현장,"직장인,지역주민","현장방문,산업,직장인,오후",45,합정,마포구,subway,0.4906,202602_2호선_합정,subway
2026-04-17_16:00_강동구,2026-04-17,16:00,강동구,정책현장,"직장인,지역주민","현장방문,산업,직장인,오후",46,쌍문,도봉구,subway,0.4837,202602_4호선_쌍문,subway
2026-04-17_16:00_강동구,2026-04-17,16:00,강동구,정책현장,"직장인,지역주민","현장방문,산업,직장인,오후",47,범계,,subway,0.4824,202602_과천선_범계,subway
2026-04-17_16:00_강동구,2026-04-17,16:00,강동구,정책현장,"직장인,지역주민","현장방문,산업,직장인,오후",48,동대문,,subway,0.4821,202602_4호선_동대문,subway
2026-04-17_16:00_강동구,2026-04-17,16:00,강동구,정책현장,"직장인,지역주민","현장방문,산업,직장인,오후",49,시청,,subway,0.4795,202602_1호선_시청,subway
2026-04-17_16:00_강동구,2026-04-17,16:00,강동구,정책현장,"직장인,지역주민","현장방문,산업,직장인,오후",50,구의(광진구청),광진구,subway,0.4793,202602_2호선_구의(광진구청),subway
2026-04-17_16:35_강동구,2026-04-17,16:35,강동구,교통거점,"직장인,지역주민","교통,공사현장,현장방문,오후",1,서울역,중구,subway,0.9642,202602_1호선_서울역,subway
2026-04-17_16:35_강동구,2026-04-17,16:35,강동구,교통거점,"직장인,지역주민","교통,공사현장,현장방문,오후",2,잠실(송파구청),송파구,subway,0.9611,202602_2호선_잠실(송파구청),subway
2026-04-17_16:35_강동구,2026-04-17,16:35,강동구,교통거점,"직장인,지역주민","교통,공사현장,현장방문,오후",3,강남,강남구,subway,0.9318,202602_2호선_강남,subway
2026-04-17_16:35_강동구,2026-04-17,16:35,강동구,교통거점,"직장인,지역주민","교통,공사현장,현장방문,오후",4,홍대입구,마포구,subway,0.8656,202602_2호선_홍대입구,subway
2026-04-17_16:35_강동구,2026-04-17,16:35,강동구,교통거점,"직장인,지역주민","교통,공사현장,현장방문,오후",5,고속터미널,서초구,subway,0.8161,202602_3호선_고속터미널,subway
2026-04-17_16:35_강동구,2026-04-17,16:35,강동구,교통거점,"직장인,지역주민","교통,공사현장,현장방문,오후",6,삼성(무역센터),강남구,subway,0.7312,202602_2호선_삼성(무역센터),subway
2026-04-17_16:35_강동구,2026-04-17,16:35,강동구,교통거점,"직장인,지역주민","교통,공사현장,현장방문,오후",7,성수,성동구,subway,0.7287,202602_2호선_성수,subway
2026-04-17_16:35_강동구,2026-04-17,16:35,강동구,교통거점,"직장인,지역주민","교통,공사현장,현장방문,오후",8,선릉,강남구,subway,0.7238,202602_2호선_선릉,subway
2026-04-17_16:35_강동구,2026-04-17,16:35,강동구,교통거점,"직장인,지역주민","교통,공사현장,현장방문,오후",9,용산,용산구,subway,0.7194,202602_경부선_용산,subway
2026-04-17_16:35_강동구,2026-04-17,16:35,강동구,교통거점,"직장인,지역주민","교통,공사현장,현장방문,오후",10,구로디지털단지,구로구,subway,0.6961,202602_2호선_구로디지털단지,subway
2026-04-17_16:35_강동구,2026-04-17,16:35,강동구,교통거점,"직장인,지역주민","교통,공사현장,현장방문,오후",11,신림,관악구,subway,0.6921,202602_2호선_신림,subway
2026-04-17_16:35_강동구,2026-04-17,16:35,강동구,교통거점,"직장인,지역주민","교통,공사현장,현장방문,오후",12,을지로입구,중구,subway,0.6806,202602_2호선_을지로입구,subway
2026-04-17_16:35_강동구,2026-04-17,16:35,강동구,교통거점,"직장인,지역주민","교통,공사현장,현장방문,오후",13,신도림,구로구,subway,0.6595,202602_2호선_신도림,subway
2026-04-17_16:35_강동구,2026-04-17,16:35,강동구,교통거점,"직장인,지역주민","교통,공사현장,현장방문,오후",14,영등포,영등포구,subway,0.6567,202602_경부선_영등포,subway
2026-04-17_16:35_강동구,2026-04-17,16:35,강동구,교통거점,"직장인,지역주민","교통,공사현장,현장방문,오후",15,역삼,강남구,subway,0.6459,202602_2호선_역삼,subway
2026-04-17_16:35_강동구,2026-04-17,16:35,강동구,교통거점,"직장인,지역주민","교통,공사현장,현장방문,오후",16,서울대입구(관악구청),관악구,subway,0.628,202602_2호선_서울대입구(관악구청),subway
2026-04-17_16:35_강동구,2026-04-17,16:35,강동구,교통거점,"직장인,지역주민","교통,공사현장,현장방문,오후",17,수원,,subway,0.6164,202602_경부선_수원,subway
2026-04-17_16:35_강동구,2026-04-17,16:35,강동구,교통거점,"직장인,지역주민","교통,공사현장,현장방문,오후",18,종각,종로구,subway,0.5903,202602_1호선_종각,subway
2026-04-17_16:35_강동구,2026-04-17,16:35,강동구,교통거점,"직장인,지역주민","교통,공사현장,현장방문,오후",19,가산디지털단지,금천구,subway,0.586,202602_7호선_가산디지털단지,subway
2026-04-17_16:35_강동구,2026-04-17,16:35,강동구,교통거점,"직장인,지역주민","교통,공사현장,현장방문,오후",20,사당,동작구,subway,0.5846,202602_2호선_사당,subway
2026-04-17_16:35_강동구,2026-04-17,16:35,강동구,교통거점,"직장인,지역주민","교통,공사현장,현장방문,오후",21,신촌,,subway,0.5808,202602_2호선_신촌,subway
2026-04-17_16:35_강동구,2026-04-17,16:35,강동구,교통거점,"직장인,지역주민","교통,공사현장,현장방문,오후",22,혜화,종로구,subway,0.5759,202602_4호선_혜화,subway
2026-04-17_16:35_강동구,2026-04-17,16:35,강동구,교통거점,"직장인,지역주민","교통,공사현장,현장방문,오후",23,명동,중구,subway,0.5738,202602_4호선_명동,subway
2026-04-17_16:35_강동구,2026-04-17,16:35,강동구,교통거점,"직장인,지역주민","교통,공사현장,현장방문,오후",24,연신내,은평구,subway,0.5711,202602_3호선_연신내,subway
2026-04-17_16:35_강동구,2026-04-17,16:35,강동구,교통거점,"직장인,지역주민","교통,공사현장,현장방문,오후",25,회현(남대문시장),,subway,0.5558,202602_4호선_회현(남대문시장),subway
2026-04-17_16:35_강동구,2026-04-17,16:35,강동구,교통거점,"직장인,지역주민","교통,공사현장,현장방문,오후",26,남부터미널(예술의전당),,subway,0.5541,202602_3호선_남부터미널(예술의전당),subway
2026-04-17_16:35_강동구,2026-04-17,16:35,강동구,교통거점,"직장인,지역주민","교통,공사현장,현장방문,오후",27,건대입구,광진구,subway,0.5488,202602_2호선_건대입구,subway
2026-04-17_16:35_강동구,2026-04-17,16:35,강동구,교통거점,"직장인,지역주민","교통,공사현장,현장방문,오후",28,양재(서초구청),서초구,subway,0.5482,202602_3호선_양재(서초구청),subway
2026-04-17_16:35_강동구,2026-04-17,16:35,강동구,교통거점,"직장인,지역주민","교통,공사현장,현장방문,오후",29,광화문(세종문화회관),,subway,0.5464,202602_5호선_광화문(세종문화회관),subway
2026-04-17_16:35_강동구,2026-04-17,16:35,강동구,교통거점,"직장인,지역주민","교통,공사현장,현장방문,오후",30,안국,,subway,0.545,202602_3호선_안국,subway
2026-04-17_16:35_강동구,2026-04-17,16:35,강동구,교통거점,"직장인,지역주민","교통,공사현장,현장방문,오후",31,수유(강북구청),강북구,subway,0.5395,202602_4호선_수유(강북구청),subway
2026-04-17_16:35_강동구,2026-04-17,16:35,강동구,교통거점,"직장인,지역주민","교통,공사현장,현장방문,오후",32,부천,,subway,0.5328,202602_경인선_부천,subway
2026-04-17_16:35_강동구,2026-04-17,16:35,강동구,교통거점,"직장인,지역주민","교통,공사현장,현장방문,오후",33,종로3가,,subway,0.5286,202602_1호선_종로3가,subway
2026-04-17_16:35_강동구,2026-04-17,16:35,강동구,교통거점,"직장인,지역주민","교통,공사현장,현장방문,오후",34,압구정,압구,subway,0.5273,202602_3호선_압구정,subway
2026-04-17_16:35_강동구,2026-04-17,16:35,강동구,교통거점,"직장인,지역주민","교통,공사현장,현장방문,오후",35,종로5가,,subway,0.5253,202602_1호선_종로5가,subway
2026-04-17_16:35_강동구,2026-04-17,16:35,강동구,교통거점,"직장인,지역주민","교통,공사현장,현장방문,오후",36,청량리(서울시립대입구),서울시립대입구,subway,0.5223,202602_1호선_청량리(서울시립대입구),subway
2026-04-17_16:35_강동구,2026-04-17,16:35,강동구,교통거점,"직장인,지역주민","교통,공사현장,현장방문,오후",37,부평,,subway,0.5188,202602_경인선_부평,subway
2026-04-17_16:35_강동구,2026-04-17,16:35,강동구,교통거점,"직장인,지역주민","교통,공사현장,현장방문,오후",38,경복궁(정부서울청사),,subway,0.5131,202602_3호선_경복궁(정부서울청사),subway
2026-04-17_16:35_강동구,2026-04-17,16:35,강동구,교통거점,"직장인,지역주민","교통,공사현장,현장방문,오후",39,여의도,영등포구,subway,0.5131,202602_9호선_여의도,subway
2026-04-17_16:35_강동구,2026-04-17,16:35,강동구,교통거점,"직장인,지역주민","교통,공사현장,현장방문,오후",40,신논현,,subway,0.5119,202602_9호선_신논현,subway
2026-04-17_16:35_강동구,2026-04-17,16:35,강동구,교통거점,"직장인,지역주민","교통,공사현장,현장방문,오후",41,창동,,subway,0.5047,202602_4호선_창동,subway
2026-04-17_16:35_강동구,2026-04-17,16:35,강동구,교통거점,"직장인,지역주민","교통,공사현장,현장방문,오후",42,교대(법원.검찰청),,subway,0.504,202602_2호선_교대(법원.검찰청),subway
2026-04-17_16:35_강동구,2026-04-17,16:35,강동구,교통거점,"직장인,지역주민","교통,공사현장,현장방문,오후",43,강변(동서울터미널),,subway,0.4969,202602_2호선_강변(동서울터미널),subway
2026-04-17_16:35_강동구,2026-04-17,16:35,강동구,교통거점,"직장인,지역주민","교통,공사현장,현장방문,오후",44,충무로,,subway,0.492,202602_4호선_충무로,subway
2026-04-17_16:35_강동구,2026-04-17,16:35,강동구,교통거점,"직장인,지역주민","교통,공사현장,현장방문,오후",45,합정,마포구,subway,0.4906,202602_2호선_합정,subway
2026-04-17_16:35_강동구,2026-04-17,16:35,강동구,교통거점,"직장인,지역주민","교통,공사현장,현장방문,오후",46,쌍문,도봉구,subway,0.4837,202602_4호선_쌍문,subway
2026-04-17_16:35_강동구,2026-04-17,16:35,강동구,교통거점,"직장인,지역주민","교통,공사현장,현장방문,오후",47,범계,,subway,0.4824,202602_과천선_범계,subway
2026-04-17_16:35_강동구,2026-04-17,16:35,강동구,교통거점,"직장인,지역주민","교통,공사현장,현장방문,오후",48,동대문,,subway,0.4821,202602_4호선_동대문,subway
2026-04-17_16:35_강동구,2026-04-17,16:35,강동구,교통거점,"직장인,지역주민","교통,공사현장,현장방문,오후",49,시청,,subway,0.4795,202602_1호선_시청,subway
2026-04-17_16:35_강동구,2026-04-17,16:35,강동구,교통거점,"직장인,지역주민","교통,공사현장,현장방문,오후",50,구의(광진구청),광진구,subway,0.4793,202602_2호선_구의(광진구청),subway
2026-04-19_14:40_노원구,2026-04-19,14:40,노원구,공원,"지역주민,일반시민","공원,축제,주말,지역주민",1,서울역,중구,subway,0.9642,202602_1호선_서울역,subway
2026-04-19_14:40_노원구,2026-04-19,14:40,노원구,공원,"지역주민,일반시민","공원,축제,주말,지역주민",2,잠실(송파구청),송파구,subway,0.9611,202602_2호선_잠실(송파구청),subway
2026-04-19_14:40_노원구,2026-04-19,14:40,노원구,공원,"지역주민,일반시민","공원,축제,주말,지역주민",3,강남,강남구,subway,0.9318,202602_2호선_강남,subway
2026-04-19_14:40_노원구,2026-04-19,14:40,노원구,공원,"지역주민,일반시민","공원,축제,주말,지역주민",4,홍대입구,마포구,subway,0.8656,202602_2호선_홍대입구,subway
2026-04-19_14:40_노원구,2026-04-19,14:40,노원구,공원,"지역주민,일반시민","공원,축제,주말,지역주민",5,고속터미널,서초구,subway,0.8161,202602_3호선_고속터미널,subway
2026-04-19_14:40_노원구,2026-04-19,14:40,노원구,공원,"지역주민,일반시민","공원,축제,주말,지역주민",6,삼성(무역센터),강남구,subway,0.7312,202602_2호선_삼성(무역센터),subway
2026-04-19_14:40_노원구,2026-04-19,14:40,노원구,공원,"지역주민,일반시민","공원,축제,주말,지역주민",7,성수,성동구,subway,0.7287,202602_2호선_성수,subway
2026-04-19_14:40_노원구,2026-04-19,14:40,노원구,공원,"지역주민,일반시민","공원,축제,주말,지역주민",8,선릉,강남구,subway,0.7238,202602_2호선_선릉,subway
2026-04-19_14:40_노원구,2026-04-19,14:40,노원구,공원,"지역주민,일반시민","공원,축제,주말,지역주민",9,용산,용산구,subway,0.7194,202602_경부선_용산,subway
2026-04-19_14:40_노원구,2026-04-19,14:40,노원구,공원,"지역주민,일반시민","공원,축제,주말,지역주민",10,노원,노원구,subway,0.4421,202602_7호선_노원,subway
2026-04-19_14:40_노원구,2026-04-19,14:40,노원구,공원,"지역주민,일반시민","공원,축제,주말,지역주민",11,역곡,,subway,0.4409,202602_경인선_역곡,subway
2026-04-19_14:40_노원구,2026-04-19,14:40,노원구,공원,"지역주민,일반시민","공원,축제,주말,지역주민",12,잠실새내,,subway,0.4401,202602_2호선_잠실새내,subway
2026-04-19_14:40_노원구,2026-04-19,14:40,노원구,공원,"지역주민,일반시민","공원,축제,주말,지역주민",13,봉천,관악구,subway,0.4399,202602_2호선_봉천,subway
2026-04-19_14:40_노원구,2026-04-19,14:40,노원구,공원,"지역주민,일반시민","공원,축제,주말,지역주민",14,신용산,,subway,0.4387,202602_4호선_신용산,subway
2026-04-19_14:40_노원구,2026-04-19,14:40,노원구,공원,"지역주민,일반시민","공원,축제,주말,지역주민",15,성신여대입구(돈암),성신여대입구,subway,0.4381,202602_4호선_성신여대입구(돈암),subway
2026-04-19_14:40_노원구,2026-04-19,14:40,노원구,공원,"지역주민,일반시민","공원,축제,주말,지역주민",16,송내,,subway,0.4377,202602_경인선_송내,subway
2026-04-19_14:40_노원구,2026-04-19,14:40,노원구,공원,"지역주민,일반시민","공원,축제,주말,지역주민",17,안양,,subway,0.4354,202602_경부선_안양,subway
2026-04-19_14:40_노원구,2026-04-19,14:40,노원구,공원,"지역주민,일반시민","공원,축제,주말,지역주민",18,동대문역사문화공원(DDP),,subway,0.4314,202602_4호선_동대문역사문화공원(DDP),subway
2026-04-19_14:40_노원구,2026-04-19,14:40,노원구,공원,"지역주민,일반시민","공원,축제,주말,지역주민",19,모란,,subway,0.4303,202602_분당선_모란,subway
2026-04-19_14:40_노원구,2026-04-19,14:40,노원구,공원,"지역주민,일반시민","공원,축제,주말,지역주민",20,문정,,subway,0.4272,202602_8호선_문정,subway
2026-04-19_14:40_노원구,2026-04-19,14:40,노원구,공원,"지역주민,일반시민","공원,축제,주말,지역주민",21,영등포구청,영등포구,subway,0.427,202602_2호선_영등포구청,subway
2026-04-19_14:40_노원구,2026-04-19,14:40,노원구,공원,"지역주민,일반시민","공원,축제,주말,지역주민",22,의정부,,subway,0.4268,202602_경원선_의정부,subway
2026-04-19_14:40_노원구,2026-04-19,14:40,노원구,공원,"지역주민,일반시민","공원,축제,주말,지역주민",23,가양,,subway,0.4264,202602_9호선_가양,subway
2026-04-19_14:40_노원구,2026-04-19,14:40,노원구,공원,"지역주민,일반시민","공원,축제,주말,지역주민",24,개봉,,subway,0.4263,202602_경인선_개봉,subway
2026-04-19_14:40_노원구,2026-04-19,14:40,노원구,공원,"지역주민,일반시민","공원,축제,주말,지역주민",25,오목교(목동운동장앞),,subway,0.4257,202602_5호선_오목교(목동운동장앞),subway
2026-04-19_14:40_노원구,2026-04-19,14:40,노원구,공원,"지역주민,일반시민","공원,축제,주말,지역주민",26,철산,,subway,0.4195,202602_7호선_철산,subway
2026-04-19_14:40_노원구,2026-04-19,14:40,노원구,공원,"지역주민,일반시민","공원,축제,주말,지역주민",27,총신대입구(이수),총신대입구,subway,0.4191,202602_4호선_총신대입구(이수),subway
2026-04-19_14:40_노원구,2026-04-19,14:40,노원구,공원,"지역주민,일반시민","공원,축제,주말,지역주민",28,문래,,subway,0.4174,202602_2호선_문래,subway
2026-04-19_14:40_노원구,2026-04-19,14:40,노원구,공원,"지역주민,일반시민","공원,축제,주말,지역주민",29,길음,,subway,0.4167,202602_4호선_길음,subway
2026-04-19_14:40_노원구,2026-04-19,14:40,노원구,공원,"지역주민,일반시민","공원,축제,주말,지역주민",30,수서,,subway,0.4151,202602_3호선_수서,subway
2026-04-19_14:40_노원구,2026-04-19,14:40,노원구,공원,"지역주민,일반시민","공원,축제,주말,지역주민",31,학동,,subway,0.4143,202602_7호선_학동,subway
2026-04-19_14:40_노원구,2026-04-19,14:40,노원구,공원,"지역주민,일반시민","공원,축제,주말,지역주민",32,이촌(국립중앙박물관),,subway,0.4131,202602_4호선_이촌(국립중앙박물관),subway
2026-04-19_14:40_노원구,2026-04-19,14:40,노원구,공원,"지역주민,일반시민","공원,축제,주말,지역주민",33,압구정로데오,압구,subway,0.4059,202602_분당선_압구정로데오,subway
2026-04-19_14:40_노원구,2026-04-19,14:40,노원구,공원,"지역주민,일반시민","공원,축제,주말,지역주민",34,상계,,subway,0.4056,202602_4호선_상계,subway
2026-04-19_14:40_노원구,2026-04-19,14:40,노원구,공원,"지역주민,일반시민","공원,축제,주말,지역주민",35,강동,,subway,0.4044,202602_5호선_강동,subway
2026-04-19_14:40_노원구,2026-04-19,14:40,노원구,공원,"지역주민,일반시민","공원,축제,주말,지역주민",36,중앙,,subway,0.4029,202602_안산선_중앙,subway
2026-04-19_14:40_노원구,2026-04-19,14:40,노원구,공원,"지역주민,일반시민","공원,축제,주말,지역주민",37,삼송,,subway,0.4025,202602_일산선_삼송,subway
2026-04-19_14:40_노원구,2026-04-19,14:40,노원구,공원,"지역주민,일반시민","공원,축제,주말,지역주민",38,장한평,,subway,0.4015,202602_5호선_장한평,subway
2026-04-19_14:40_노원구,2026-04-19,14:40,노원구,공원,"지역주민,일반시민","공원,축제,주말,지역주민",39,홍제,,subway,0.4014,202602_3호선_홍제,subway
2026-04-19_14:40_노원구,2026-04-19,14:40,노원구,공원,"지역주민,일반시민","공원,축제,주말,지역주민",40,망원,,subway,0.401,202602_6호선_망원,subway
2026-04-19_14:40_노원구,2026-04-19,14:40,노원구,공원,"지역주민,일반시민","공원,축제,주말,지역주민",41,공덕,,subway,0.4007,202602_6호선_공덕,subway
2026-04-19_14:40_노원구,2026-04-19,14:40,노원구,공원,"지역주민,일반시민","공원,축제,주말,지역주민",42,주안,,subway,0.4006,202602_경인선_주안,subway
2026-04-19_14:40_노원구,2026-04-19,14:40,노원구,공원,"지역주민,일반시민","공원,축제,주말,지역주민",43,당산,영등포구,subway,0.3993,202602_9호선_당산,subway
2026-04-19_14:40_노원구,2026-04-19,14:40,노원구,공원,"지역주민,일반시민","공원,축제,주말,지역주민",44,하계,,subway,0.3981,202602_7호선_하계,subway
2026-04-19_14:40_노원구,2026-04-19,14:40,노원구,공원,"지역주민,일반시민","공원,축제,주말,지역주민",45,미사,,subway,0.397,202602_5호선_미사,subway
2026-04-19_14:40_노원구,2026-04-19,14:40,노원구,공원,"지역주민,일반시민","공원,축제,주말,지역주민",46,상봉,,subway,0.3959,202602_7호선_상봉,subway
2026-04-19_14:40_노원구,2026-04-19,14:40,노원구,공원,"지역주민,일반시민","공원,축제,주말,지역주민",47,청담,,subway,0.3954,202602_7호선_청담,subway
2026-04-19_14:40_노원구,2026-04-19,14:40,노원구,공원,"지역주민,일반시민","공원,축제,주말,지역주민",48,화정,,subway,0.3954,202602_일산선_화정,subway
2026-04-19_14:40_노원구,2026-04-19,14:40,노원구,공원,"지역주민,일반시민","공원,축제,주말,지역주민",49,동묘앞,,subway,0.3941,202602_1호선_동묘앞,subway
2026-04-19_14:40_노원구,2026-04-19,14:40,노원구,공원,"지역주민,일반시민","공원,축제,주말,지역주민",50,구로,,subway,0.3939,202602_경부선_구로,subway
2026-04-22_18:00_은평구,2026-04-22,18:00,은평구,공원,"지역주민,직장인,일반시민","하천,퇴근시간,거리인사,지역주민",1,서울역,중구,subway,0.9642,202602_1호선_서울역,subway
2026-04-22_18:00_은평구,2026-04-22,18:00,은평구,공원,"지역주민,직장인,일반시민","하천,퇴근시간,거리인사,지역주민",2,잠실(송파구청),송파구,subway,0.9611,202602_2호선_잠실(송파구청),subway
2026-04-22_18:00_은평구,2026-04-22,18:00,은평구,공원,"지역주민,직장인,일반시민","하천,퇴근시간,거리인사,지역주민",3,강남,강남구,subway,0.9318,202602_2호선_강남,subway
2026-04-22_18:00_은평구,2026-04-22,18:00,은평구,공원,"지역주민,직장인,일반시민","하천,퇴근시간,거리인사,지역주민",4,홍대입구,마포구,subway,0.8656,202602_2호선_홍대입구,subway
2026-04-22_18:00_은평구,2026-04-22,18:00,은평구,공원,"지역주민,직장인,일반시민","하천,퇴근시간,거리인사,지역주민",5,고속터미널,서초구,subway,0.8161,202602_3호선_고속터미널,subway
2026-04-22_18:00_은평구,2026-04-22,18:00,은평구,공원,"지역주민,직장인,일반시민","하천,퇴근시간,거리인사,지역주민",6,삼성(무역센터),강남구,subway,0.7312,202602_2호선_삼성(무역센터),subway
2026-04-22_18:00_은평구,2026-04-22,18:00,은평구,공원,"지역주민,직장인,일반시민","하천,퇴근시간,거리인사,지역주민",7,성수,성동구,subway,0.7287,202602_2호선_성수,subway
2026-04-22_18:00_은평구,2026-04-22,18:00,은평구,공원,"지역주민,직장인,일반시민","하천,퇴근시간,거리인사,지역주민",8,선릉,강남구,subway,0.7238,202602_2호선_선릉,subway
2026-04-22_18:00_은평구,2026-04-22,18:00,은평구,공원,"지역주민,직장인,일반시민","하천,퇴근시간,거리인사,지역주민",9,용산,용산구,subway,0.7194,202602_경부선_용산,subway
2026-04-22_18:00_은평구,2026-04-22,18:00,은평구,공원,"지역주민,직장인,일반시민","하천,퇴근시간,거리인사,지역주민",10,연신내,은평구,subway,0.5711,202602_3호선_연신내,subway
2026-04-22_18:00_은평구,2026-04-22,18:00,은평구,공원,"지역주민,직장인,일반시민","하천,퇴근시간,거리인사,지역주민",11,회현(남대문시장),,subway,0.5558,202602_4호선_회현(남대문시장),subway
2026-04-22_18:00_은평구,2026-04-22,18:00,은평구,공원,"지역주민,직장인,일반시민","하천,퇴근시간,거리인사,지역주민",12,남부터미널(예술의전당),,subway,0.5541,202602_3호선_남부터미널(예술의전당),subway
2026-04-22_18:00_은평구,2026-04-22,18:00,은평구,공원,"지역주민,직장인,일반시민","하천,퇴근시간,거리인사,지역주민",13,건대입구,광진구,subway,0.5488,202602_2호선_건대입구,subway
2026-04-22_18:00_은평구,2026-04-22,18:00,은평구,공원,"지역주민,직장인,일반시민","하천,퇴근시간,거리인사,지역주민",14,양재(서초구청),서초구,subway,0.5482,202602_3호선_양재(서초구청),subway
2026-04-22_18:00_은평구,2026-04-22,18:00,은평구,공원,"지역주민,직장인,일반시민","하천,퇴근시간,거리인사,지역주민",15,광화문(세종문화회관),,subway,0.5464,202602_5호선_광화문(세종문화회관),subway
2026-04-22_18:00_은평구,2026-04-22,18:00,은평구,공원,"지역주민,직장인,일반시민","하천,퇴근시간,거리인사,지역주민",16,안국,,subway,0.545,202602_3호선_안국,subway
2026-04-22_18:00_은평구,2026-04-22,18:00,은평구,공원,"지역주민,직장인,일반시민","하천,퇴근시간,거리인사,지역주민",17,수유(강북구청),강북구,subway,0.5395,202602_4호선_수유(강북구청),subway
2026-04-22_18:00_은평구,2026-04-22,18:00,은평구,공원,"지역주민,직장인,일반시민","하천,퇴근시간,거리인사,지역주민",18,부천,,subway,0.5328,202602_경인선_부천,subway
2026-04-22_18:00_은평구,2026-04-22,18:00,은평구,공원,"지역주민,직장인,일반시민","하천,퇴근시간,거리인사,지역주민",19,종로3가,,subway,0.5286,202602_1호선_종로3가,subway
2026-04-22_18:00_은평구,2026-04-22,18:00,은평구,공원,"지역주민,직장인,일반시민","하천,퇴근시간,거리인사,지역주민",20,압구정,압구,subway,0.5273,202602_3호선_압구정,subway
2026-04-22_18:00_은평구,2026-04-22,18:00,은평구,공원,"지역주민,직장인,일반시민","하천,퇴근시간,거리인사,지역주민",21,종로5가,,subway,0.5253,202602_1호선_종로5가,subway
2026-04-22_18:00_은평구,2026-04-22,18:00,은평구,공원,"지역주민,직장인,일반시민","하천,퇴근시간,거리인사,지역주민",22,청량리(서울시립대입구),서울시립대입구,subway,0.5223,202602_1호선_청량리(서울시립대입구),subway
2026-04-22_18:00_은평구,2026-04-22,18:00,은평구,공원,"지역주민,직장인,일반시민","하천,퇴근시간,거리인사,지역주민",23,부평,,subway,0.5188,202602_경인선_부평,subway
2026-04-22_18:00_은평구,2026-04-22,18:00,은평구,공원,"지역주민,직장인,일반시민","하천,퇴근시간,거리인사,지역주민",24,경복궁(정부서울청사),,subway,0.5131,202602_3호선_경복궁(정부서울청사),subway
2026-04-22_18:00_은평구,2026-04-22,18:00,은평구,공원,"지역주민,직장인,일반시민","하천,퇴근시간,거리인사,지역주민",25,여의도,영등포구,subway,0.5131,202602_9호선_여의도,subway
2026-04-22_18:00_은평구,2026-04-22,18:00,은평구,공원,"지역주민,직장인,일반시민","하천,퇴근시간,거리인사,지역주민",26,신논현,,subway,0.5119,202602_9호선_신논현,subway
2026-04-22_18:00_은평구,2026-04-22,18:00,은평구,공원,"지역주민,직장인,일반시민","하천,퇴근시간,거리인사,지역주민",27,창동,,subway,0.5047,202602_4호선_창동,subway
2026-04-22_18:00_은평구,2026-04-22,18:00,은평구,공원,"지역주민,직장인,일반시민","하천,퇴근시간,거리인사,지역주민",28,교대(법원.검찰청),,subway,0.504,202602_2호선_교대(법원.검찰청),subway
2026-04-22_18:00_은평구,2026-04-22,18:00,은평구,공원,"지역주민,직장인,일반시민","하천,퇴근시간,거리인사,지역주민",29,강변(동서울터미널),,subway,0.4969,202602_2호선_강변(동서울터미널),subway
2026-04-22_18:00_은평구,2026-04-22,18:00,은평구,공원,"지역주민,직장인,일반시민","하천,퇴근시간,거리인사,지역주민",30,충무로,,subway,0.492,202602_4호선_충무로,subway
2026-04-22_18:00_은평구,2026-04-22,18:00,은평구,공원,"지역주민,직장인,일반시민","하천,퇴근시간,거리인사,지역주민",31,합정,마포구,subway,0.4906,202602_2호선_합정,subway
2026-04-22_18:00_은평구,2026-04-22,18:00,은평구,공원,"지역주민,직장인,일반시민","하천,퇴근시간,거리인사,지역주민",32,쌍문,도봉구,subway,0.4837,202602_4호선_쌍문,subway
2026-04-22_18:00_은평구,2026-04-22,18:00,은평구,공원,"지역주민,직장인,일반시민","하천,퇴근시간,거리인사,지역주민",33,범계,,subway,0.4824,202602_과천선_범계,subway
2026-04-22_18:00_은평구,2026-04-22,18:00,은평구,공원,"지역주민,직장인,일반시민","하천,퇴근시간,거리인사,지역주민",34,동대문,,subway,0.4821,202602_4호선_동대문,subway
2026-04-22_18:00_은평구,2026-04-22,18:00,은평구,공원,"지역주민,직장인,일반시민","하천,퇴근시간,거리인사,지역주민",35,시청,,subway,0.4795,202602_1호선_시청,subway
2026-04-22_18:00_은평구,2026-04-22,18:00,은평구,공원,"지역주민,직장인,일반시민","하천,퇴근시간,거리인사,지역주민",36,구의(광진구청),광진구,subway,0.4793,202602_2호선_구의(광진구청),subway
2026-04-22_18:00_은평구,2026-04-22,18:00,은평구,공원,"지역주민,직장인,일반시민","하천,퇴근시간,거리인사,지역주민",37,야탑,,subway,0.4791,202602_분당선_야탑,subway
2026-04-22_18:00_은평구,2026-04-22,18:00,은평구,공원,"지역주민,직장인,일반시민","하천,퇴근시간,거리인사,지역주민",38,미아사거리,,subway,0.4779,202602_4호선_미아사거리,subway
2026-04-22_18:00_은평구,2026-04-22,18:00,은평구,공원,"지역주민,직장인,일반시민","하천,퇴근시간,거리인사,지역주민",39,회기,,subway,0.4762,202602_중앙선_회기,subway
2026-04-22_18:00_은평구,2026-04-22,18:00,은평구,공원,"지역주민,직장인,일반시민","하천,퇴근시간,거리인사,지역주민",40,화곡,강서구,subway,0.4745,202602_5호선_화곡,subway
2026-04-22_18:00_은평구,2026-04-22,18:00,은평구,공원,"지역주민,직장인,일반시민","하천,퇴근시간,거리인사,지역주민",41,금정,,subway,0.474,202602_경부선_금정,subway
2026-04-22_18:00_은평구,2026-04-22,18:00,은평구,공원,"지역주민,직장인,일반시민","하천,퇴근시간,거리인사,지역주민",42,낙성대(강감찬),관악구,subway,0.4696,202602_2호선_낙성대(강감찬),subway
2026-04-22_18:00_은평구,2026-04-22,18:00,은평구,공원,"지역주민,직장인,일반시민","하천,퇴근시간,거리인사,지역주민",43,신사,,subway,0.4661,202602_3호선_신사,subway
2026-04-22_18:00_은평구,2026-04-22,18:00,은평구,공원,"지역주민,직장인,일반시민","하천,퇴근시간,거리인사,지역주민",44,까치산,강서구,subway,0.4631,202602_5호선_까치산,subway
2026-04-22_18:00_은평구,2026-04-22,18:00,은평구,공원,"지역주민,직장인,일반시민","하천,퇴근시간,거리인사,지역주민",45,발산,,subway,0.4623,202602_5호선_발산,subway
2026-04-22_18:00_은평구,2026-04-22,18:00,은평구,공원,"지역주민,직장인,일반시민","하천,퇴근시간,거리인사,지역주민",46,노량진,,subway,0.4611,202602_9호선_노량진,subway
2026-04-22_18:00_은평구,2026-04-22,18:00,은평구,공원,"지역주민,직장인,일반시민","하천,퇴근시간,거리인사,지역주민",47,서현,,subway,0.4571,202602_분당선_서현,subway
2026-04-22_18:00_은평구,2026-04-22,18:00,은평구,공원,"지역주민,직장인,일반시민","하천,퇴근시간,거리인사,지역주민",48,봉은사,,subway,0.4561,202602_9호선2~3단계_봉은사,subway
2026-04-22_18:00_은평구,2026-04-22,18:00,은평구,공원,"지역주민,직장인,일반시민","하천,퇴근시간,거리인사,지역주민",49,인덕원,,subway,0.4552,202602_과천선_인덕원,subway
2026-04-22_18:00_은평구,2026-04-22,18:00,은평구,공원,"지역주민,직장인,일반시민","하천,퇴근시간,거리인사,지역주민",50,제기동,,subway,0.455,202602_1호선_제기동,subway
2026-04-24_14:45_성동구,2026-04-24,14:45,성동구,골목상권,"상인,지역주민,장애인","골목상권,오픈세레모니,사회적가치,오후",1,남대문시장,중구,market,0.7056,중구_남대문시장,market
2026-04-24_14:45_성동구,2026-04-24,14:45,성동구,골목상권,"상인,지역주민,장애인","골목상권,오픈세레모니,사회적가치,오후",2,동대문종합시장,종로구,market,0.6301,종로구_동대문종합시장,market
2026-04-24_14:45_성동구,2026-04-24,14:45,성동구,골목상권,"상인,지역주민,장애인","골목상권,오픈세레모니,사회적가치,오후",3,장안 마실 골목형상점가,동대문구,market,0.6299,동대문구_장안_마실_골목형상점가,market
2026-04-24_14:45_성동구,2026-04-24,14:45,성동구,골목상권,"상인,지역주민,장애인","골목상권,오픈세레모니,사회적가치,오후",4,천호로데오거리상점가,강동구,market,0.5914,강동구_천호로데오거리상점가,market
2026-04-24_14:45_성동구,2026-04-24,14:45,성동구,골목상권,"상인,지역주민,장애인","골목상권,오픈세레모니,사회적가치,오후",5,마장축산물시장,성동구,market,0.5116,성동구_마장축산물시장,market
2026-04-24_14:45_성동구,2026-04-24,14:45,성동구,골목상권,"상인,지역주민,장애인","골목상권,오픈세레모니,사회적가치,오후",6,성동용답상가시장,성동구,market,0.4816,성동구_성동용답상가시장,market
2026-04-24_14:45_성동구,2026-04-24,14:45,성동구,골목상권,"상인,지역주민,장애인","골목상권,오픈세레모니,사회적가치,오후",7,송정벚꽃골목형상점가,성동구,market,0.4775,성동구_송정벚꽃골목형상점가,market
2026-04-24_14:45_성동구,2026-04-24,14:45,성동구,골목상권,"상인,지역주민,장애인","골목상권,오픈세레모니,사회적가치,오후",8,사근살곶이골목형상점가시장,성동구,market,0.474,성동구_사근살곶이골목형상점가시장,market
2026-04-24_14:45_성동구,2026-04-24,14:45,성동구,골목상권,"상인,지역주민,장애인","골목상권,오픈세레모니,사회적가치,오후",9,금남시장,성동구,market,0.4707,성동구_금남시장,market
2026-04-24_14:45_성동구,2026-04-24,14:45,성동구,골목상권,"상인,지역주민,장애인","골목상권,오픈세레모니,사회적가치,오후",10,뚝도시장,성동구,market,0.4683,성동구_뚝도시장,market
2026-04-24_14:45_성동구,2026-04-24,14:45,성동구,골목상권,"상인,지역주민,장애인","골목상권,오픈세레모니,사회적가치,오후",11,답십리현대시장,동대문구,market,0.4683,동대문구_답십리현대시장,market
2026-04-24_14:45_성동구,2026-04-24,14:45,성동구,골목상권,"상인,지역주민,장애인","골목상권,오픈세레모니,사회적가치,오후",12,대림골목시장,은평구,market,0.4683,은평구_대림골목시장,market
2026-04-24_14:45_성동구,2026-04-24,14:45,성동구,골목상권,"상인,지역주민,장애인","골목상권,오픈세레모니,사회적가치,오후",13,배밭골골목형상점가,성북구,market,0.4683,성북구_배밭골골목형상점가,market
2026-04-24_14:45_성동구,2026-04-24,14:45,성동구,골목상권,"상인,지역주민,장애인","골목상권,오픈세레모니,사회적가치,오후",14,고분다리전통시장,강동구,market,0.4682,강동구_고분다리전통시장,market
2026-04-24_14:45_성동구,2026-04-24,14:45,성동구,골목상권,"상인,지역주민,장애인","골목상권,오픈세레모니,사회적가치,오후",15,오목내길골목형상점가,양천구,market,0.4682,양천구_오목내길골목형상점가,market
2026-04-24_14:45_성동구,2026-04-24,14:45,성동구,골목상권,"상인,지역주민,장애인","골목상권,오픈세레모니,사회적가치,오후",16,강서행복한길골목형상점가,강서구,market,0.4681,강서구_강서행복한길골목형상점가,market
2026-04-24_14:45_성동구,2026-04-24,14:45,성동구,골목상권,"상인,지역주민,장애인","골목상권,오픈세레모니,사회적가치,오후",17,개봉중앙 골목형상점가,구로구,market,0.4681,구로구_개봉중앙_골목형상점가,market
2026-04-24_14:45_성동구,2026-04-24,14:45,성동구,골목상권,"상인,지역주민,장애인","골목상권,오픈세레모니,사회적가치,오후",18,수유전통시장,강북구,market,0.4681,강북구_수유전통시장,market
2026-04-24_14:45_성동구,2026-04-24,14:45,성동구,골목상권,"상인,지역주민,장애인","골목상권,오픈세레모니,사회적가치,오후",19,명동남산골 골목형상점가,중구,market,0.468,중구_명동남산골_골목형상점가,market
2026-04-24_16:50_성동구,2026-04-24,16:50,성동구,전통시장,"상인,지역주민","전통시장,지역상권,오후",1,남대문시장,중구,market,0.7056,중구_남대문시장,market
2026-04-24_16:50_성동구,2026-04-24,16:50,성동구,전통시장,"상인,지역주민","전통시장,지역상권,오후",2,동대문종합시장,종로구,market,0.6301,종로구_동대문종합시장,market
2026-04-24_16:50_성동구,2026-04-24,16:50,성동구,전통시장,"상인,지역주민","전통시장,지역상권,오후",3,장안 마실 골목형상점가,동대문구,market,0.6299,동대문구_장안_마실_골목형상점가,market
2026-04-24_16:50_성동구,2026-04-24,16:50,성동구,전통시장,"상인,지역주민","전통시장,지역상권,오후",4,천호로데오거리상점가,강동구,market,0.5914,강동구_천호로데오거리상점가,market
2026-04-24_16:50_성동구,2026-04-24,16:50,성동구,전통시장,"상인,지역주민","전통시장,지역상권,오후",5,마장축산물시장,성동구,market,0.5116,성동구_마장축산물시장,market
2026-04-24_16:50_성동구,2026-04-24,16:50,성동구,전통시장,"상인,지역주민","전통시장,지역상권,오후",6,성동용답상가시장,성동구,market,0.4816,성동구_성동용답상가시장,market
2026-04-24_16:50_성동구,2026-04-24,16:50,성동구,전통시장,"상인,지역주민","전통시장,지역상권,오후",7,송정벚꽃골목형상점가,성동구,market,0.4775,성동구_송정벚꽃골목형상점가,market
2026-04-24_16:50_성동구,2026-04-24,16:50,성동구,전통시장,"상인,지역주민","전통시장,지역상권,오후",8,사근살곶이골목형상점가시장,성동구,market,0.474,성동구_사근살곶이골목형상점가시장,market
2026-04-24_16:50_성동구,2026-04-24,16:50,성동구,전통시장,"상인,지역주민","전통시장,지역상권,오후",9,금남시장,성동구,market,0.4707,성동구_금남시장,market
2026-04-24_16:50_성동구,2026-04-24,16:50,성동구,전통시장,"상인,지역주민","전통시장,지역상권,오후",10,뚝도시장,성동구,market,0.4683,성동구_뚝도시장,market
2026-04-24_16:50_성동구,2026-04-24,16:50,성동구,전통시장,"상인,지역주민","전통시장,지역상권,오후",11,답십리현대시장,동대문구,market,0.4683,동대문구_답십리현대시장,market
2026-04-24_16:50_성동구,2026-04-24,16:50,성동구,전통시장,"상인,지역주민","전통시장,지역상권,오후",12,대림골목시장,은평구,market,0.4683,은평구_대림골목시장,market
2026-04-24_16:50_성동구,2026-04-24,16:50,성동구,전통시장,"상인,지역주민","전통시장,지역상권,오후",13,배밭골골목형상점가,성북구,market,0.4683,성북구_배밭골골목형상점가,market
2026-04-24_16:50_성동구,2026-04-24,16:50,성동구,전통시장,"상인,지역주민","전통시장,지역상권,오후",14,고분다리전통시장,강동구,market,0.4682,강동구_고분다리전통시장,market
2026-04-24_16:50_성동구,2026-04-24,16:50,성동구,전통시장,"상인,지역주민","전통시장,지역상권,오후",15,오목내길골목형상점가,양천구,market,0.4682,양천구_오목내길골목형상점가,market
2026-04-24_16:50_성동구,2026-04-24,16:50,성동구,전통시장,"상인,지역주민","전통시장,지역상권,오후",16,강서행복한길골목형상점가,강서구,market,0.4681,강서구_강서행복한길골목형상점가,market
2026-04-24_16:50_성동구,2026-04-24,16:50,성동구,전통시장,"상인,지역주민","전통시장,지역상권,오후",17,개봉중앙 골목형상점가,구로구,market,0.4681,구로구_개봉중앙_골목형상점가,market
2026-04-24_16:50_성동구,2026-04-24,16:50,성동구,전통시장,"상인,지역주민","전통시장,지역상권,오후",18,수유전통시장,강북구,market,0.4681,강북구_수유전통시장,market
2026-04-24_16:50_성동구,2026-04-24,16:50,성동구,전통시장,"상인,지역주민","전통시장,지역상권,오후",19,명동남산골 골목형상점가,중구,market,0.468,중구_명동남산골_골목형상점가,market
2026-04-25_09:00_서초구,2026-04-25,09:00,서초구,공원,"체육인,일반시민,지역주민","러닝,체육,주말,한강,오전",1,신림,관악구,subway,0.9468,202602_2호선_신림,subway
2026-04-25_09:00_서초구,2026-04-25,09:00,서초구,공원,"체육인,일반시민,지역주민","러닝,체육,주말,한강,오전",2,잠실(송파구청),송파구,subway,0.8013,202602_2호선_잠실(송파구청),subway
2026-04-25_09:00_서초구,2026-04-25,09:00,서초구,공원,"체육인,일반시민,지역주민","러닝,체육,주말,한강,오전",3,서울역,중구,subway,0.7902,202602_1호선_서울역,subway
2026-04-25_09:00_서초구,2026-04-25,09:00,서초구,공원,"체육인,일반시민,지역주민","러닝,체육,주말,한강,오전",4,구로디지털단지,구로구,subway,0.776,202602_2호선_구로디지털단지,subway
2026-04-25_09:00_서초구,2026-04-25,09:00,서초구,공원,"체육인,일반시민,지역주민","러닝,체육,주말,한강,오전",5,서울대입구(관악구청),관악구,subway,0.7382,202602_2호선_서울대입구(관악구청),subway
2026-04-25_09:00_서초구,2026-04-25,09:00,서초구,공원,"체육인,일반시민,지역주민","러닝,체육,주말,한강,오전",6,신도림,구로구,subway,0.7139,202602_2호선_신도림,subway
2026-04-25_09:00_서초구,2026-04-25,09:00,서초구,공원,"체육인,일반시민,지역주민","러닝,체육,주말,한강,오전",7,연신내,은평구,subway,0.667,202602_3호선_연신내,subway
2026-04-25_09:00_서초구,2026-04-25,09:00,서초구,공원,"체육인,일반시민,지역주민","러닝,체육,주말,한강,오전",8,까치산,강서구,subway,0.6301,202602_5호선_까치산,subway
2026-04-25_09:00_서초구,2026-04-25,09:00,서초구,공원,"체육인,일반시민,지역주민","러닝,체육,주말,한강,오전",9,고속터미널,서초구,subway,0.4976,202602_3호선_고속터미널,subway
2026-04-25_09:00_서초구,2026-04-25,09:00,서초구,공원,"체육인,일반시민,지역주민","러닝,체육,주말,한강,오전",10,양재(서초구청),서초구,subway,0.4286,202602_3호선_양재(서초구청),subway
2026-04-25_09:00_서초구,2026-04-25,09:00,서초구,공원,"체육인,일반시민,지역주민","러닝,체육,주말,한강,오전",11,성신여대입구(돈암),성신여대입구,subway,0.4275,202602_4호선_성신여대입구(돈암),subway
2026-04-25_09:00_서초구,2026-04-25,09:00,서초구,공원,"체육인,일반시민,지역주민","러닝,체육,주말,한강,오전",12,주안,,subway,0.4264,202602_경인선_주안,subway
2026-04-25_09:00_서초구,2026-04-25,09:00,서초구,공원,"체육인,일반시민,지역주민","러닝,체육,주말,한강,오전",13,성균관대,,subway,0.4254,202602_경부선_성균관대,subway
2026-04-25_09:00_서초구,2026-04-25,09:00,서초구,공원,"체육인,일반시민,지역주민","러닝,체육,주말,한강,오전",14,총신대입구(이수),총신대입구,subway,0.4254,202602_4호선_총신대입구(이수),subway
2026-04-25_09:00_서초구,2026-04-25,09:00,서초구,공원,"체육인,일반시민,지역주민","러닝,체육,주말,한강,오전",15,성수,성동구,subway,0.4239,202602_2호선_성수,subway
2026-04-25_09:00_서초구,2026-04-25,09:00,서초구,공원,"체육인,일반시민,지역주민","러닝,체육,주말,한강,오전",16,합정,마포구,subway,0.4234,202602_2호선_합정,subway
2026-04-25_09:00_서초구,2026-04-25,09:00,서초구,공원,"체육인,일반시민,지역주민","러닝,체육,주말,한강,오전",17,남부터미널(예술의전당),,subway,0.423,202602_3호선_남부터미널(예술의전당),subway
2026-04-25_09:00_서초구,2026-04-25,09:00,서초구,공원,"체육인,일반시민,지역주민","러닝,체육,주말,한강,오전",18,불광,,subway,0.4201,202602_3호선_불광,subway
2026-04-25_09:00_서초구,2026-04-25,09:00,서초구,공원,"체육인,일반시민,지역주민","러닝,체육,주말,한강,오전",19,의정부,,subway,0.4193,202602_경원선_의정부,subway
2026-04-25_09:00_서초구,2026-04-25,09:00,서초구,공원,"체육인,일반시민,지역주민","러닝,체육,주말,한강,오전",20,화정,,subway,0.4184,202602_일산선_화정,subway
2026-04-25_09:00_서초구,2026-04-25,09:00,서초구,공원,"체육인,일반시민,지역주민","러닝,체육,주말,한강,오전",21,우장산,,subway,0.418,202602_5호선_우장산,subway
2026-04-25_09:00_서초구,2026-04-25,09:00,서초구,공원,"체육인,일반시민,지역주민","러닝,체육,주말,한강,오전",22,오목교(목동운동장앞),,subway,0.4179,202602_5호선_오목교(목동운동장앞),subway
2026-04-25_09:00_서초구,2026-04-25,09:00,서초구,공원,"체육인,일반시민,지역주민","러닝,체육,주말,한강,오전",23,동암,,subway,0.4163,202602_경인선_동암,subway
2026-04-25_09:00_서초구,2026-04-25,09:00,서초구,공원,"체육인,일반시민,지역주민","러닝,체육,주말,한강,오전",24,평촌,,subway,0.4163,202602_과천선_평촌,subway
2026-04-25_09:00_서초구,2026-04-25,09:00,서초구,공원,"체육인,일반시민,지역주민","러닝,체육,주말,한강,오전",25,수서,,subway,0.4162,202602_분당선_수서,subway
2026-04-25_09:00_서초구,2026-04-25,09:00,서초구,공원,"체육인,일반시민,지역주민","러닝,체육,주말,한강,오전",26,중앙,,subway,0.4155,202602_안산선_중앙,subway
2026-04-25_09:00_서초구,2026-04-25,09:00,서초구,공원,"체육인,일반시민,지역주민","러닝,체육,주말,한강,오전",27,천호(풍납토성),,subway,0.415,202602_8호선_천호(풍납토성),subway
2026-04-25_09:00_서초구,2026-04-25,09:00,서초구,공원,"체육인,일반시민,지역주민","러닝,체육,주말,한강,오전",28,새절(신사),,subway,0.4127,202602_6호선_새절(신사),subway
2026-04-25_09:00_서초구,2026-04-25,09:00,서초구,공원,"체육인,일반시민,지역주민","러닝,체육,주말,한강,오전",29,산본,,subway,0.4123,202602_안산선_산본,subway
2026-04-25_09:00_서초구,2026-04-25,09:00,서초구,공원,"체육인,일반시민,지역주민","러닝,체육,주말,한강,오전",30,미아(서울사이버대학),,subway,0.4122,202602_4호선_미아(서울사이버대학),subway
2026-04-25_09:00_서초구,2026-04-25,09:00,서초구,공원,"체육인,일반시민,지역주민","러닝,체육,주말,한강,오전",31,회룡,,subway,0.4114,202602_경원선_회룡,subway
2026-04-25_09:00_서초구,2026-04-25,09:00,서초구,공원,"체육인,일반시민,지역주민","러닝,체육,주말,한강,오전",32,태평,,subway,0.4109,202602_분당선_태평,subway
2026-04-25_09:00_서초구,2026-04-25,09:00,서초구,공원,"체육인,일반시민,지역주민","러닝,체육,주말,한강,오전",33,중앙보훈병원,,subway,0.4102,202602_9호선2~3단계_중앙보훈병원,subway
2026-04-25_09:00_서초구,2026-04-25,09:00,서초구,공원,"체육인,일반시민,지역주민","러닝,체육,주말,한강,오전",34,영등포구청,영등포구,subway,0.4079,202602_2호선_영등포구청,subway
2026-04-25_09:00_서초구,2026-04-25,09:00,서초구,공원,"체육인,일반시민,지역주민","러닝,체육,주말,한강,오전",35,상왕십리,,subway,0.4076,202602_2호선_상왕십리,subway
2026-04-25_09:00_서초구,2026-04-25,09:00,서초구,공원,"체육인,일반시민,지역주민","러닝,체육,주말,한강,오전",36,천왕,,subway,0.4073,202602_7호선_천왕,subway
2026-04-25_09:00_서초구,2026-04-25,09:00,서초구,공원,"체육인,일반시민,지역주민","러닝,체육,주말,한강,오전",37,삼성(무역센터),강남구,subway,0.4072,202602_2호선_삼성(무역센터),subway
2026-04-25_09:00_서초구,2026-04-25,09:00,서초구,공원,"체육인,일반시민,지역주민","러닝,체육,주말,한강,오전",38,신논현,,subway,0.4064,202602_9호선_신논현,subway
2026-04-25_09:00_서초구,2026-04-25,09:00,서초구,공원,"체육인,일반시민,지역주민","러닝,체육,주말,한강,오전",39,등촌,,subway,0.4063,202602_9호선_등촌,subway
2026-04-25_09:00_서초구,2026-04-25,09:00,서초구,공원,"체육인,일반시민,지역주민","러닝,체육,주말,한강,오전",40,장지,,subway,0.4047,202602_8호선_장지,subway
2026-04-25_09:00_서초구,2026-04-25,09:00,서초구,공원,"체육인,일반시민,지역주민","러닝,체육,주말,한강,오전",41,남한산성입구(성남법원.검찰청),남한산성입구,subway,0.4046,202602_8호선_남한산성입구(성남법원.검찰청),subway
2026-04-25_09:00_서초구,2026-04-25,09:00,서초구,공원,"체육인,일반시민,지역주민","러닝,체육,주말,한강,오전",42,아차산(어린이대공원후문),,subway,0.4044,202602_5호선_아차산(어린이대공원후문),subway
2026-04-25_09:00_서초구,2026-04-25,09:00,서초구,공원,"체육인,일반시민,지역주민","러닝,체육,주말,한강,오전",43,문래,,subway,0.4025,202602_2호선_문래,subway
2026-04-25_09:00_서초구,2026-04-25,09:00,서초구,공원,"체육인,일반시민,지역주민","러닝,체육,주말,한강,오전",44,병점,,subway,0.402,202602_경부선_병점,subway
2026-04-25_09:00_서초구,2026-04-25,09:00,서초구,공원,"체육인,일반시민,지역주민","러닝,체육,주말,한강,오전",45,역삼,강남구,subway,0.4011,202602_2호선_역삼,subway
2026-04-25_09:00_서초구,2026-04-25,09:00,서초구,공원,"체육인,일반시민,지역주민","러닝,체육,주말,한강,오전",46,군자(능동),,subway,0.4001,202602_7호선_군자(능동),subway
2026-04-25_09:00_서초구,2026-04-25,09:00,서초구,공원,"체육인,일반시민,지역주민","러닝,체육,주말,한강,오전",47,돌곶이,,subway,0.3998,202602_6호선_돌곶이,subway
2026-04-25_09:00_서초구,2026-04-25,09:00,서초구,공원,"체육인,일반시민,지역주민","러닝,체육,주말,한강,오전",48,디지털미디어시티,,subway,0.3997,202602_6호선_디지털미디어시티,subway
2026-04-25_09:00_서초구,2026-04-25,09:00,서초구,공원,"체육인,일반시민,지역주민","러닝,체육,주말,한강,오전",49,을지로입구,중구,subway,0.3993,202602_2호선_을지로입구,subway
2026-04-25_09:00_서초구,2026-04-25,09:00,서초구,공원,"체육인,일반시민,지역주민","러닝,체육,주말,한강,오전",50,가산디지털단지,금천구,subway,0.3985,202602_7호선_가산디지털단지,subway
2026-04-25_11:40_중구,2026-04-25,11:40,중구,전통시장,"상인,지역주민,관광객","전통시장,지역상권,주말,오전",1,남대문시장,중구,market,0.6592,중구_남대문시장,market
2026-04-25_11:40_중구,2026-04-25,11:40,중구,전통시장,"상인,지역주민,관광객","전통시장,지역상권,주말,오전",2,평화시장,중구,market,0.5064,중구_평화시장,market
2026-04-25_11:40_중구,2026-04-25,11:40,중구,전통시장,"상인,지역주민,관광객","전통시장,지역상권,주말,오전",3,삼익패션타운,중구,market,0.4758,중구_삼익패션타운,market
2026-04-25_11:40_중구,2026-04-25,11:40,중구,전통시장,"상인,지역주민,관광객","전통시장,지역상권,주말,오전",4,동평화시장,중구,market,0.4662,중구_동평화시장,market
2026-04-25_11:40_중구,2026-04-25,11:40,중구,전통시장,"상인,지역주민,관광객","전통시장,지역상권,주말,오전",5,청평화시장,중구,market,0.4559,중구_청평화시장,market
2026-04-25_11:40_중구,2026-04-25,11:40,중구,전통시장,"상인,지역주민,관광객","전통시장,지역상권,주말,오전",6,방산시장,중구,market,0.4531,중구_방산시장,market
2026-04-25_11:40_중구,2026-04-25,11:40,중구,전통시장,"상인,지역주민,관광객","전통시장,지역상권,주말,오전",7,신평화패션타운,중구,market,0.4529,중구_신평화패션타운,market
2026-04-25_11:40_중구,2026-04-25,11:40,중구,전통시장,"상인,지역주민,관광객","전통시장,지역상권,주말,오전",8,광희패션몰,중구,market,0.4509,중구_광희패션몰,market
2026-04-25_11:40_중구,2026-04-25,11:40,중구,전통시장,"상인,지역주민,관광객","전통시장,지역상권,주말,오전",9,통일상가,중구,market,0.4472,중구_통일상가,market
2026-04-25_11:40_중구,2026-04-25,11:40,중구,전통시장,"상인,지역주민,관광객","전통시장,지역상권,주말,오전",10,중부시장,중구,market,0.4423,중구_중부시장,market
2026-04-25_11:40_중구,2026-04-25,11:40,중구,전통시장,"상인,지역주민,관광객","전통시장,지역상권,주말,오전",11,연신내골목형상점가,은평구,market,0.4413,은평구_연신내골목형상점가,market
2026-04-25_11:40_중구,2026-04-25,11:40,중구,전통시장,"상인,지역주민,관광객","전통시장,지역상권,주말,오전",12,신설동 들락거리 골목형상점가,동대문구,market,0.4403,동대문구_신설동_들락거리_골목형상점가,market
2026-04-25_11:40_중구,2026-04-25,11:40,중구,전통시장,"상인,지역주민,관광객","전통시장,지역상권,주말,오전",13,제일평화시장,중구,market,0.4399,중구_제일평화시장,market
2026-04-25_11:40_중구,2026-04-25,11:40,중구,전통시장,"상인,지역주민,관광객","전통시장,지역상권,주말,오전",14,강서구청먹자골목 골목형상점가,강서구,market,0.4395,강서구_강서구청먹자골목_골목형상점가,market
2026-04-25_11:40_중구,2026-04-25,11:40,중구,전통시장,"상인,지역주민,관광객","전통시장,지역상권,주말,오전",15,약수시장 골목형상점가,중구,market,0.4376,중구_약수시장_골목형상점가,market
2026-04-25_11:40_중구,2026-04-25,11:40,중구,전통시장,"상인,지역주민,관광객","전통시장,지역상권,주말,오전",16,이수미로 골목형상점가,동작구,market,0.4371,동작구_이수미로_골목형상점가,market
2026-04-25_11:40_중구,2026-04-25,11:40,중구,전통시장,"상인,지역주민,관광객","전통시장,지역상권,주말,오전",17,경동시장,동대문구,market,0.4368,동대문구_경동시장,market
2026-04-25_11:40_중구,2026-04-25,11:40,중구,전통시장,"상인,지역주민,관광객","전통시장,지역상권,주말,오전",18,동화상가,중구,market,0.4357,중구_동화상가,market
2026-04-25_11:40_중구,2026-04-25,11:40,중구,전통시장,"상인,지역주민,관광객","전통시장,지역상권,주말,오전",19,대명여울빛거리시장,금천구,market,0.4352,금천구_대명여울빛거리시장,market
2026-04-25_11:40_중구,2026-04-25,11:40,중구,전통시장,"상인,지역주민,관광객","전통시장,지역상권,주말,오전",20,숭례문수입상가,중구,market,0.4352,중구_숭례문수입상가,market
2026-04-25_11:40_중구,2026-04-25,11:40,중구,전통시장,"상인,지역주민,관광객","전통시장,지역상권,주말,오전",21,방이시장,송파구,market,0.4351,송파구_방이시장,market
2026-04-25_11:40_중구,2026-04-25,11:40,중구,전통시장,"상인,지역주민,관광객","전통시장,지역상권,주말,오전",22,장신구거리,강동구,market,0.4349,강동구_장신구거리,market
2026-04-25_11:40_중구,2026-04-25,11:40,중구,전통시장,"상인,지역주민,관광객","전통시장,지역상권,주말,오전",23,남평화시장,중구,market,0.4348,중구_남평화시장,market
2026-04-25_11:40_중구,2026-04-25,11:40,중구,전통시장,"상인,지역주민,관광객","전통시장,지역상권,주말,오전",24,성동용답상가시장,성동구,market,0.4344,성동구_성동용답상가시장,market
2026-04-25_11:40_중구,2026-04-25,11:40,중구,전통시장,"상인,지역주민,관광객","전통시장,지역상권,주말,오전",25,불광먹자골목형상점가,은평구,market,0.434,은평구_불광먹자골목형상점가,market
2026-04-25_11:40_중구,2026-04-25,11:40,중구,전통시장,"상인,지역주민,관광객","전통시장,지역상권,주말,오전",26,남구로시장,구로구,market,0.4339,구로구_남구로시장,market
2026-04-25_11:40_중구,2026-04-25,11:40,중구,전통시장,"상인,지역주민,관광객","전통시장,지역상권,주말,오전",27,비단길현대시장,금천구,market,0.4335,금천구_비단길현대시장,market
2026-04-25_11:40_중구,2026-04-25,11:40,중구,전통시장,"상인,지역주민,관광객","전통시장,지역상권,주말,오전",28,신당 미래유산 먹거리 골목형상점가,중구,market,0.4331,중구_신당_미래유산_먹거리_골목형상점가,market
2026-04-25_11:40_중구,2026-04-25,11:40,중구,전통시장,"상인,지역주민,관광객","전통시장,지역상권,주말,오전",29,제기동 고대앞마을 골목형상점가,동대문구,market,0.4327,동대문구_제기동_고대앞마을_골목형상점가,market
2026-04-25_11:40_중구,2026-04-25,11:40,중구,전통시장,"상인,지역주민,관광객","전통시장,지역상권,주말,오전",30,그라운드고척 골목형상점가,구로구,market,0.432,구로구_그라운드고척_골목형상점가,market
2026-04-25_11:40_중구,2026-04-25,11:40,중구,전통시장,"상인,지역주민,관광객","전통시장,지역상권,주말,오전",31,까치산시장,강서구,market,0.432,강서구_까치산시장,market
2026-04-25_11:40_중구,2026-04-25,11:40,중구,전통시장,"상인,지역주민,관광객","전통시장,지역상권,주말,오전",32,가양역사거리 골목형상점가,강서구,market,0.4316,강서구_가양역사거리_골목형상점가,market
2026-04-25_11:40_중구,2026-04-25,11:40,중구,전통시장,"상인,지역주민,관광객","전통시장,지역상권,주말,오전",33,풍납시장,송파구,market,0.4315,송파구_풍납시장,market
2026-04-25_11:40_중구,2026-04-25,11:40,중구,전통시장,"상인,지역주민,관광객","전통시장,지역상권,주말,오전",34,남부골목시장,강서구,market,0.4314,강서구_남부골목시장,market
2026-04-25_11:40_중구,2026-04-25,11:40,중구,전통시장,"상인,지역주민,관광객","전통시장,지역상권,주말,오전",35,서울중앙시장,중구,market,0.431,중구_서울중앙시장,market
2026-04-25_11:40_중구,2026-04-25,11:40,중구,전통시장,"상인,지역주민,관광객","전통시장,지역상권,주말,오전",36,영등포청과시장,영등포구,market,0.4308,영등포구_영등포청과시장,market
2026-04-25_11:40_중구,2026-04-25,11:40,중구,전통시장,"상인,지역주민,관광객","전통시장,지역상권,주말,오전",37,장충남소영길 골목형상점가,중구,market,0.4305,중구_장충남소영길_골목형상점가,market
2026-04-25_11:40_중구,2026-04-25,11:40,중구,전통시장,"상인,지역주민,관광객","전통시장,지역상권,주말,오전",38,아현시장,마포구,market,0.4304,마포구_아현시장,market
2026-04-25_11:40_중구,2026-04-25,11:40,중구,전통시장,"상인,지역주민,관광객","전통시장,지역상권,주말,오전",39,방산종합시장,중구,market,0.4303,중구_방산종합시장,market
2026-04-25_11:40_중구,2026-04-25,11:40,중구,전통시장,"상인,지역주민,관광객","전통시장,지역상권,주말,오전",40,송정벚꽃골목형상점가,성동구,market,0.4303,성동구_송정벚꽃골목형상점가,market
2026-04-25_11:40_중구,2026-04-25,11:40,중구,전통시장,"상인,지역주민,관광객","전통시장,지역상권,주말,오전",41,우림골목시장,중랑구,market,0.4303,중랑구_우림골목시장,market
2026-04-25_11:40_중구,2026-04-25,11:40,중구,전통시장,"상인,지역주민,관광객","전통시장,지역상권,주말,오전",42,신성전통시장,광진구,market,0.4298,광진구_신성전통시장,market
2026-04-25_11:40_중구,2026-04-25,11:40,중구,전통시장,"상인,지역주민,관광객","전통시장,지역상권,주말,오전",43,신중부시장,중구,market,0.4297,중구_신중부시장,market
2026-04-25_11:40_중구,2026-04-25,11:40,중구,전통시장,"상인,지역주민,관광객","전통시장,지역상권,주말,오전",44,숭실마루길 골목형상점가,동작구,market,0.4293,동작구_숭실마루길_골목형상점가,market
2026-04-25_11:40_중구,2026-04-25,11:40,중구,전통시장,"상인,지역주민,관광객","전통시장,지역상권,주말,오전",45,신도봉시장,도봉구,market,0.4293,도봉구_신도봉시장,market
2026-04-25_11:40_중구,2026-04-25,11:40,중구,전통시장,"상인,지역주민,관광객","전통시장,지역상권,주말,오전",46,연남동골목형상점가,마포구,market,0.4292,마포구_연남동골목형상점가,market
2026-04-25_11:40_중구,2026-04-25,11:40,중구,전통시장,"상인,지역주민,관광객","전통시장,지역상권,주말,오전",47,새마을시장,송파구,market,0.4291,송파구_새마을시장,market
2026-04-25_11:40_중구,2026-04-25,11:40,중구,전통시장,"상인,지역주민,관광객","전통시장,지역상권,주말,오전",48,동원전통종합시장,중랑구,market,0.4289,중랑구_동원전통종합시장,market
2026-04-25_11:40_중구,2026-04-25,11:40,중구,전통시장,"상인,지역주민,관광객","전통시장,지역상권,주말,오전",49,월곡달빛오거리골목형상점가,성북구,market,0.4287,성북구_월곡달빛오거리골목형상점가,market
2026-04-25_11:40_중구,2026-04-25,11:40,중구,전통시장,"상인,지역주민,관광객","전통시장,지역상권,주말,오전",50,자양전통시장,광진구,market,0.4287,광진구_자양전통시장,market
2026-04-26_11:55_영등포구,2026-04-26,11:55,영등포구,복지시설,"노년층,취약계층,지역주민","복지,봉사,오찬,주말",1,성수1가2동노인복지관 대현분소,성동구,senior_friendly,0.9585,C0000006935,senior_friendly
2026-04-26_11:55_영등포구,2026-04-26,11:55,영등포구,복지시설,"노년층,취약계층,지역주민","복지,봉사,오찬,주말",2,강남구립 도곡1노인복지관,강남구,senior_friendly,0.9536,C0609608169,senior_friendly
2026-04-26_11:55_영등포구,2026-04-26,11:55,영등포구,복지시설,"노년층,취약계층,지역주민","복지,봉사,오찬,주말",3,강동구립 해공노인복지관,강동구,senior_friendly,0.952,A5818,senior_friendly
2026-04-26_11:55_영등포구,2026-04-26,11:55,영등포구,복지시설,"노년층,취약계층,지역주민","복지,봉사,오찬,주말",4,구립 자양노인복지관,광진구,senior_friendly,0.9487,C0608070655,senior_friendly
2026-04-26_11:55_영등포구,2026-04-26,11:55,영등포구,복지시설,"노년층,취약계층,지역주민","복지,봉사,오찬,주말",5,구립갈현노인복지관,은평구,senior_friendly,0.947,A2247,senior_friendly
2026-04-26_11:55_영등포구,2026-04-26,11:55,영등포구,복지시설,"노년층,취약계층,지역주민","복지,봉사,오찬,주말",6,용강 노인복지관,마포구,senior_friendly,0.9454,G0811,senior_friendly
2026-04-26_11:55_영등포구,2026-04-26,11:55,영등포구,복지시설,"노년층,취약계층,지역주민","복지,봉사,오찬,주말",7,북가좌노인복지관,서대문구,senior_friendly,0.9454,A1599,senior_friendly
2026-04-26_11:55_영등포구,2026-04-26,11:55,영등포구,복지시설,"노년층,취약계층,지역주민","복지,봉사,오찬,주말",8,청파노인복지관,용산구,senior_friendly,0.9438,A4195,senior_friendly
2026-04-26_11:55_영등포구,2026-04-26,11:55,영등포구,복지시설,"노년층,취약계층,지역주민","복지,봉사,오찬,주말",9,약수노인복지관,중구,senior_friendly,0.9438,A2255,senior_friendly
2026-04-26_11:55_영등포구,2026-04-26,11:55,영등포구,복지시설,"노년층,취약계층,지역주민","복지,봉사,오찬,주말",10,구립영등포노인종합복지관,영등포구,senior_friendly,0.9248,A4035,senior_friendly
2026-04-26_11:55_영등포구,2026-04-26,11:55,영등포구,복지시설,"노년층,취약계층,지역주민","복지,봉사,오찬,주말",11,구립신내노인종합복지관,중랑구,senior_friendly,0.9231,A3015,senior_friendly
2026-04-26_11:55_영등포구,2026-04-26,11:55,영등포구,복지시설,"노년층,취약계층,지역주민","복지,봉사,오찬,주말",12,금천호암노인종합복지관,금천구,senior_friendly,0.9231,A6518,senior_friendly
2026-04-26_11:55_영등포구,2026-04-26,11:55,영등포구,복지시설,"노년층,취약계층,지역주민","복지,봉사,오찬,주말",13,시립성북노인종합복지관,성북구,senior_friendly,0.9231,A2733,senior_friendly
2026-04-26_11:55_영등포구,2026-04-26,11:55,영등포구,복지시설,"노년층,취약계층,지역주민","복지,봉사,오찬,주말",14,사당어르신종합복지관,동작구,senior_friendly,0.9215,G1437,senior_friendly
2026-04-26_11:55_영등포구,2026-04-26,11:55,영등포구,복지시설,"노년층,취약계층,지역주민","복지,봉사,오찬,주말",15,양천어르신종합복지관,양천구,senior_friendly,0.9215,A1732,senior_friendly
2026-04-26_11:55_영등포구,2026-04-26,11:55,영등포구,복지시설,"노년층,취약계층,지역주민","복지,봉사,오찬,주말",16,강북노인종합복지관,강북구,senior_friendly,0.9198,A1174,senior_friendly
2026-04-26_11:55_영등포구,2026-04-26,11:55,영등포구,복지시설,"노년층,취약계층,지역주민","복지,봉사,오찬,주말",17,관악노인종합복지관,관악구,senior_friendly,0.9198,A2776,senior_friendly
2026-04-26_11:55_영등포구,2026-04-26,11:55,영등포구,복지시설,"노년층,취약계층,지역주민","복지,봉사,오찬,주말",18,구로노인종합복지관,구로구,senior_friendly,0.9198,A7146,senior_friendly
2026-04-26_11:55_영등포구,2026-04-26,11:55,영등포구,복지시설,"노년층,취약계층,지역주민","복지,봉사,오찬,주말",19,도봉노인종합복지관,도봉구,senior_friendly,0.9198,A5899,senior_friendly
2026-04-26_11:55_영등포구,2026-04-26,11:55,영등포구,복지시설,"노년층,취약계층,지역주민","복지,봉사,오찬,주말",20,문정노인종합복지관,송파구,senior_friendly,0.9198,C0608954445,senior_friendly
2026-04-26_11:55_영등포구,2026-04-26,11:55,영등포구,복지시설,"노년층,취약계층,지역주민","복지,봉사,오찬,주말",21,종로노인종합복지관,종로구,senior_friendly,0.9198,A3971,senior_friendly
2026-04-27_10:20_서초구,2026-04-27,10:20,서초구,정책현장,"일반시민,지역주민","약국,민생,현장방문,오전",1,신림,관악구,subway,0.9468,202602_2호선_신림,subway
2026-04-27_10:20_서초구,2026-04-27,10:20,서초구,정책현장,"일반시민,지역주민","약국,민생,현장방문,오전",2,잠실(송파구청),송파구,subway,0.8013,202602_2호선_잠실(송파구청),subway
2026-04-27_10:20_서초구,2026-04-27,10:20,서초구,정책현장,"일반시민,지역주민","약국,민생,현장방문,오전",3,서울역,중구,subway,0.7902,202602_1호선_서울역,subway
2026-04-27_10:20_서초구,2026-04-27,10:20,서초구,정책현장,"일반시민,지역주민","약국,민생,현장방문,오전",4,구로디지털단지,구로구,subway,0.776,202602_2호선_구로디지털단지,subway
2026-04-27_10:20_서초구,2026-04-27,10:20,서초구,정책현장,"일반시민,지역주민","약국,민생,현장방문,오전",5,서울대입구(관악구청),관악구,subway,0.7382,202602_2호선_서울대입구(관악구청),subway
2026-04-27_10:20_서초구,2026-04-27,10:20,서초구,정책현장,"일반시민,지역주민","약국,민생,현장방문,오전",6,신도림,구로구,subway,0.7139,202602_2호선_신도림,subway
2026-04-27_10:20_서초구,2026-04-27,10:20,서초구,정책현장,"일반시민,지역주민","약국,민생,현장방문,오전",7,연신내,은평구,subway,0.667,202602_3호선_연신내,subway
2026-04-27_10:20_서초구,2026-04-27,10:20,서초구,정책현장,"일반시민,지역주민","약국,민생,현장방문,오전",8,까치산,강서구,subway,0.6301,202602_5호선_까치산,subway
2026-04-27_10:20_서초구,2026-04-27,10:20,서초구,정책현장,"일반시민,지역주민","약국,민생,현장방문,오전",9,고속터미널,서초구,subway,0.4976,202602_3호선_고속터미널,subway
2026-04-27_10:20_서초구,2026-04-27,10:20,서초구,정책현장,"일반시민,지역주민","약국,민생,현장방문,오전",10,양재(서초구청),서초구,subway,0.4286,202602_3호선_양재(서초구청),subway
2026-04-27_10:20_서초구,2026-04-27,10:20,서초구,정책현장,"일반시민,지역주민","약국,민생,현장방문,오전",11,성신여대입구(돈암),성신여대입구,subway,0.4275,202602_4호선_성신여대입구(돈암),subway
2026-04-27_10:20_서초구,2026-04-27,10:20,서초구,정책현장,"일반시민,지역주민","약국,민생,현장방문,오전",12,주안,,subway,0.4264,202602_경인선_주안,subway
2026-04-27_10:20_서초구,2026-04-27,10:20,서초구,정책현장,"일반시민,지역주민","약국,민생,현장방문,오전",13,성균관대,,subway,0.4254,202602_경부선_성균관대,subway
2026-04-27_10:20_서초구,2026-04-27,10:20,서초구,정책현장,"일반시민,지역주민","약국,민생,현장방문,오전",14,총신대입구(이수),총신대입구,subway,0.4254,202602_4호선_총신대입구(이수),subway
2026-04-27_10:20_서초구,2026-04-27,10:20,서초구,정책현장,"일반시민,지역주민","약국,민생,현장방문,오전",15,성수,성동구,subway,0.4239,202602_2호선_성수,subway
2026-04-27_10:20_서초구,2026-04-27,10:20,서초구,정책현장,"일반시민,지역주민","약국,민생,현장방문,오전",16,합정,마포구,subway,0.4234,202602_2호선_합정,subway
2026-04-27_10:20_서초구,2026-04-27,10:20,서초구,정책현장,"일반시민,지역주민","약국,민생,현장방문,오전",17,남부터미널(예술의전당),,subway,0.423,202602_3호선_남부터미널(예술의전당),subway
2026-04-27_10:20_서초구,2026-04-27,10:20,서초구,정책현장,"일반시민,지역주민","약국,민생,현장방문,오전",18,불광,,subway,0.4201,202602_3호선_불광,subway
2026-04-27_10:20_서초구,2026-04-27,10:20,서초구,정책현장,"일반시민,지역주민","약국,민생,현장방문,오전",19,의정부,,subway,0.4193,202602_경원선_의정부,subway
2026-04-27_10:20_서초구,2026-04-27,10:20,서초구,정책현장,"일반시민,지역주민","약국,민생,현장방문,오전",20,화정,,subway,0.4184,202602_일산선_화정,subway
2026-04-27_10:20_서초구,2026-04-27,10:20,서초구,정책현장,"일반시민,지역주민","약국,민생,현장방문,오전",21,우장산,,subway,0.418,202602_5호선_우장산,subway
2026-04-27_10:20_서초구,2026-04-27,10:20,서초구,정책현장,"일반시민,지역주민","약국,민생,현장방문,오전",22,오목교(목동운동장앞),,subway,0.4179,202602_5호선_오목교(목동운동장앞),subway
2026-04-27_10:20_서초구,2026-04-27,10:20,서초구,정책현장,"일반시민,지역주민","약국,민생,현장방문,오전",23,동암,,subway,0.4163,202602_경인선_동암,subway
2026-04-27_10:20_서초구,2026-04-27,10:20,서초구,정책현장,"일반시민,지역주민","약국,민생,현장방문,오전",24,평촌,,subway,0.4163,202602_과천선_평촌,subway
2026-04-27_10:20_서초구,2026-04-27,10:20,서초구,정책현장,"일반시민,지역주민","약국,민생,현장방문,오전",25,수서,,subway,0.4162,202602_분당선_수서,subway
2026-04-27_10:20_서초구,2026-04-27,10:20,서초구,정책현장,"일반시민,지역주민","약국,민생,현장방문,오전",26,중앙,,subway,0.4155,202602_안산선_중앙,subway
2026-04-27_10:20_서초구,2026-04-27,10:20,서초구,정책현장,"일반시민,지역주민","약국,민생,현장방문,오전",27,천호(풍납토성),,subway,0.415,202602_8호선_천호(풍납토성),subway
2026-04-27_10:20_서초구,2026-04-27,10:20,서초구,정책현장,"일반시민,지역주민","약국,민생,현장방문,오전",28,새절(신사),,subway,0.4127,202602_6호선_새절(신사),subway
2026-04-27_10:20_서초구,2026-04-27,10:20,서초구,정책현장,"일반시민,지역주민","약국,민생,현장방문,오전",29,산본,,subway,0.4123,202602_안산선_산본,subway
2026-04-27_10:20_서초구,2026-04-27,10:20,서초구,정책현장,"일반시민,지역주민","약국,민생,현장방문,오전",30,미아(서울사이버대학),,subway,0.4122,202602_4호선_미아(서울사이버대학),subway
2026-04-27_10:20_서초구,2026-04-27,10:20,서초구,정책현장,"일반시민,지역주민","약국,민생,현장방문,오전",31,회룡,,subway,0.4114,202602_경원선_회룡,subway
2026-04-27_10:20_서초구,2026-04-27,10:20,서초구,정책현장,"일반시민,지역주민","약국,민생,현장방문,오전",32,태평,,subway,0.4109,202602_분당선_태평,subway
2026-04-27_10:20_서초구,2026-04-27,10:20,서초구,정책현장,"일반시민,지역주민","약국,민생,현장방문,오전",33,중앙보훈병원,,subway,0.4102,202602_9호선2~3단계_중앙보훈병원,subway
2026-04-27_10:20_서초구,2026-04-27,10:20,서초구,정책현장,"일반시민,지역주민","약국,민생,현장방문,오전",34,영등포구청,영등포구,subway,0.4079,202602_2호선_영등포구청,subway
2026-04-27_10:20_서초구,2026-04-27,10:20,서초구,정책현장,"일반시민,지역주민","약국,민생,현장방문,오전",35,상왕십리,,subway,0.4076,202602_2호선_상왕십리,subway
2026-04-27_10:20_서초구,2026-04-27,10:20,서초구,정책현장,"일반시민,지역주민","약국,민생,현장방문,오전",36,천왕,,subway,0.4073,202602_7호선_천왕,subway
2026-04-27_10:20_서초구,2026-04-27,10:20,서초구,정책현장,"일반시민,지역주민","약국,민생,현장방문,오전",37,삼성(무역센터),강남구,subway,0.4072,202602_2호선_삼성(무역센터),subway
2026-04-27_10:20_서초구,2026-04-27,10:20,서초구,정책현장,"일반시민,지역주민","약국,민생,현장방문,오전",38,신논현,,subway,0.4064,202602_9호선_신논현,subway
2026-04-27_10:20_서초구,2026-04-27,10:20,서초구,정책현장,"일반시민,지역주민","약국,민생,현장방문,오전",39,등촌,,subway,0.4063,202602_9호선_등촌,subway
2026-04-27_10:20_서초구,2026-04-27,10:20,서초구,정책현장,"일반시민,지역주민","약국,민생,현장방문,오전",40,장지,,subway,0.4047,202602_8호선_장지,subway
2026-04-27_10:20_서초구,2026-04-27,10:20,서초구,정책현장,"일반시민,지역주민","약국,민생,현장방문,오전",41,남한산성입구(성남법원.검찰청),남한산성입구,subway,0.4046,202602_8호선_남한산성입구(성남법원.검찰청),subway
2026-04-27_10:20_서초구,2026-04-27,10:20,서초구,정책현장,"일반시민,지역주민","약국,민생,현장방문,오전",42,아차산(어린이대공원후문),,subway,0.4044,202602_5호선_아차산(어린이대공원후문),subway
2026-04-27_10:20_서초구,2026-04-27,10:20,서초구,정책현장,"일반시민,지역주민","약국,민생,현장방문,오전",43,문래,,subway,0.4025,202602_2호선_문래,subway
2026-04-27_10:20_서초구,2026-04-27,10:20,서초구,정책현장,"일반시민,지역주민","약국,민생,현장방문,오전",44,병점,,subway,0.402,202602_경부선_병점,subway
2026-04-27_10:20_서초구,2026-04-27,10:20,서초구,정책현장,"일반시민,지역주민","약국,민생,현장방문,오전",45,역삼,강남구,subway,0.4011,202602_2호선_역삼,subway
2026-04-27_10:20_서초구,2026-04-27,10:20,서초구,정책현장,"일반시민,지역주민","약국,민생,현장방문,오전",46,군자(능동),,subway,0.4001,202602_7호선_군자(능동),subway
2026-04-27_10:20_서초구,2026-04-27,10:20,서초구,정책현장,"일반시민,지역주민","약국,민생,현장방문,오전",47,돌곶이,,subway,0.3998,202602_6호선_돌곶이,subway
2026-04-27_10:20_서초구,2026-04-27,10:20,서초구,정책현장,"일반시민,지역주민","약국,민생,현장방문,오전",48,디지털미디어시티,,subway,0.3997,202602_6호선_디지털미디어시티,subway
2026-04-27_10:20_서초구,2026-04-27,10:20,서초구,정책현장,"일반시민,지역주민","약국,민생,현장방문,오전",49,을지로입구,중구,subway,0.3993,202602_2호선_을지로입구,subway
2026-04-27_10:20_서초구,2026-04-27,10:20,서초구,정책현장,"일반시민,지역주민","약국,민생,현장방문,오전",50,가산디지털단지,금천구,subway,0.3985,202602_7호선_가산디지털단지,subway
2026-04-27_11:00_서초구,2026-04-27,11:00,서초구,골목상권,"상인,지역주민,이동인구","지하상가,교통거점,지역상권,오전",1,남대문시장,중구,market,0.6592,중구_남대문시장,market
2026-04-27_11:00_서초구,2026-04-27,11:00,서초구,골목상권,"상인,지역주민,이동인구","지하상가,교통거점,지역상권,오전",2,동대문종합시장,종로구,market,0.5837,종로구_동대문종합시장,market
2026-04-27_11:00_서초구,2026-04-27,11:00,서초구,골목상권,"상인,지역주민,이동인구","지하상가,교통거점,지역상권,오전",3,장안 마실 골목형상점가,동대문구,market,0.5827,동대문구_장안_마실_골목형상점가,market
2026-04-27_11:00_서초구,2026-04-27,11:00,서초구,골목상권,"상인,지역주민,이동인구","지하상가,교통거점,지역상권,오전",4,천호로데오거리상점가,강동구,market,0.5458,강동구_천호로데오거리상점가,market
2026-04-27_11:00_서초구,2026-04-27,11:00,서초구,골목상권,"상인,지역주민,이동인구","지하상가,교통거점,지역상권,오전",5,광장전통시장,종로구,market,0.5242,종로구_광장전통시장,market
2026-04-27_11:00_서초구,2026-04-27,11:00,서초구,골목상권,"상인,지역주민,이동인구","지하상가,교통거점,지역상권,오전",6,가락몰 골목형상점가,송파구,market,0.514,송파구_가락몰_골목형상점가,market
2026-04-27_11:00_서초구,2026-04-27,11:00,서초구,골목상권,"상인,지역주민,이동인구","지하상가,교통거점,지역상권,오전",7,평화시장,중구,market,0.5064,중구_평화시장,market
2026-04-27_11:00_서초구,2026-04-27,11:00,서초구,골목상권,"상인,지역주민,이동인구","지하상가,교통거점,지역상권,오전",8,서울약령시장,동대문구,market,0.5054,동대문구_서울약령시장,market
2026-04-27_11:00_서초구,2026-04-27,11:00,서초구,골목상권,"상인,지역주민,이동인구","지하상가,교통거점,지역상권,오전",9,영등포유통상가,영등포구,market,0.4917,영등포구_영등포유통상가,market
2026-04-27_11:00_서초구,2026-04-27,11:00,서초구,골목상권,"상인,지역주민,이동인구","지하상가,교통거점,지역상권,오전",10,광장시장,종로구,market,0.479,종로구_광장시장,market
2026-04-27_11:00_서초구,2026-04-27,11:00,서초구,골목상권,"상인,지역주민,이동인구","지하상가,교통거점,지역상권,오전",11,삼익패션타운,중구,market,0.4758,중구_삼익패션타운,market
2026-04-27_11:00_서초구,2026-04-27,11:00,서초구,골목상권,"상인,지역주민,이동인구","지하상가,교통거점,지역상권,오전",12,노량진수산시장골목형상점가,동작구,market,0.4672,동작구_노량진수산시장골목형상점가,market
2026-04-27_11:00_서초구,2026-04-27,11:00,서초구,골목상권,"상인,지역주민,이동인구","지하상가,교통거점,지역상권,오전",13,동평화시장,중구,market,0.4662,중구_동평화시장,market
2026-04-27_11:00_서초구,2026-04-27,11:00,서초구,골목상권,"상인,지역주민,이동인구","지하상가,교통거점,지역상권,오전",14,마장축산물시장,성동구,market,0.4644,성동구_마장축산물시장,market
2026-04-27_11:00_서초구,2026-04-27,11:00,서초구,골목상권,"상인,지역주민,이동인구","지하상가,교통거점,지역상권,오전",15,청평화시장,중구,market,0.4559,중구_청평화시장,market
2026-04-27_11:00_서초구,2026-04-27,11:00,서초구,골목상권,"상인,지역주민,이동인구","지하상가,교통거점,지역상권,오전",16,방산시장,중구,market,0.4531,중구_방산시장,market
2026-04-27_11:00_서초구,2026-04-27,11:00,서초구,골목상권,"상인,지역주민,이동인구","지하상가,교통거점,지역상권,오전",17,신평화패션타운,중구,market,0.4529,중구_신평화패션타운,market
2026-04-27_11:00_서초구,2026-04-27,11:00,서초구,골목상권,"상인,지역주민,이동인구","지하상가,교통거점,지역상권,오전",18,광희패션몰,중구,market,0.4509,중구_광희패션몰,market
2026-04-27_11:00_서초구,2026-04-27,11:00,서초구,골목상권,"상인,지역주민,이동인구","지하상가,교통거점,지역상권,오전",19,동대문종합시장D동,종로구,market,0.4504,종로구_동대문종합시장D동,market
2026-04-27_11:00_서초구,2026-04-27,11:00,서초구,골목상권,"상인,지역주민,이동인구","지하상가,교통거점,지역상권,오전",20,통일상가,중구,market,0.4472,중구_통일상가,market
2026-04-27_11:00_서초구,2026-04-27,11:00,서초구,골목상권,"상인,지역주민,이동인구","지하상가,교통거점,지역상권,오전",21,공항동 먹자골목 골목형상점가,강서구,market,0.4468,강서구_공항동_먹자골목_골목형상점가,market
2026-04-27_11:00_서초구,2026-04-27,11:00,서초구,골목상권,"상인,지역주민,이동인구","지하상가,교통거점,지역상권,오전",22,영등포시장기계공구상가,영등포구,market,0.4468,영등포구_영등포시장기계공구상가,market
2026-04-27_11:00_서초구,2026-04-27,11:00,서초구,골목상권,"상인,지역주민,이동인구","지하상가,교통거점,지역상권,오전",23,신림별빛거리 골목형상점가,관악구,market,0.4446,관악구_신림별빛거리_골목형상점가,market
2026-04-27_11:00_서초구,2026-04-27,11:00,서초구,골목상권,"상인,지역주민,이동인구","지하상가,교통거점,지역상권,오전",24,오류버들시장 골목형상점가,구로구,market,0.4443,구로구_오류버들시장_골목형상점가,market
2026-04-27_11:00_서초구,2026-04-27,11:00,서초구,골목상권,"상인,지역주민,이동인구","지하상가,교통거점,지역상권,오전",25,중부시장,중구,market,0.4423,중구_중부시장,market
2026-04-27_11:00_서초구,2026-04-27,11:00,서초구,골목상권,"상인,지역주민,이동인구","지하상가,교통거점,지역상권,오전",26,연신내골목형상점가,은평구,market,0.4413,은평구_연신내골목형상점가,market
2026-04-27_11:00_서초구,2026-04-27,11:00,서초구,골목상권,"상인,지역주민,이동인구","지하상가,교통거점,지역상권,오전",27,신설동 들락거리 골목형상점가,동대문구,market,0.4403,동대문구_신설동_들락거리_골목형상점가,market
2026-04-27_11:00_서초구,2026-04-27,11:00,서초구,골목상권,"상인,지역주민,이동인구","지하상가,교통거점,지역상권,오전",28,제일평화시장,중구,market,0.4399,중구_제일평화시장,market
2026-04-27_11:00_서초구,2026-04-27,11:00,서초구,골목상권,"상인,지역주민,이동인구","지하상가,교통거점,지역상권,오전",29,강서구청먹자골목 골목형상점가,강서구,market,0.4395,강서구_강서구청먹자골목_골목형상점가,market
2026-04-27_11:00_서초구,2026-04-27,11:00,서초구,골목상권,"상인,지역주민,이동인구","지하상가,교통거점,지역상권,오전",30,약수시장 골목형상점가,중구,market,0.4376,중구_약수시장_골목형상점가,market
2026-04-27_11:00_서초구,2026-04-27,11:00,서초구,골목상권,"상인,지역주민,이동인구","지하상가,교통거점,지역상권,오전",31,이수미로 골목형상점가,동작구,market,0.4371,동작구_이수미로_골목형상점가,market
2026-04-27_11:00_서초구,2026-04-27,11:00,서초구,골목상권,"상인,지역주민,이동인구","지하상가,교통거점,지역상권,오전",32,경동시장,동대문구,market,0.4368,동대문구_경동시장,market
2026-04-27_11:00_서초구,2026-04-27,11:00,서초구,골목상권,"상인,지역주민,이동인구","지하상가,교통거점,지역상권,오전",33,동화상가,중구,market,0.4357,중구_동화상가,market
2026-04-27_11:00_서초구,2026-04-27,11:00,서초구,골목상권,"상인,지역주민,이동인구","지하상가,교통거점,지역상권,오전",34,대명여울빛거리시장,금천구,market,0.4352,금천구_대명여울빛거리시장,market
2026-04-27_11:00_서초구,2026-04-27,11:00,서초구,골목상권,"상인,지역주민,이동인구","지하상가,교통거점,지역상권,오전",35,숭례문수입상가,중구,market,0.4352,중구_숭례문수입상가,market
2026-04-27_11:00_서초구,2026-04-27,11:00,서초구,골목상권,"상인,지역주민,이동인구","지하상가,교통거점,지역상권,오전",36,방이시장,송파구,market,0.4351,송파구_방이시장,market
2026-04-27_11:00_서초구,2026-04-27,11:00,서초구,골목상권,"상인,지역주민,이동인구","지하상가,교통거점,지역상권,오전",37,장신구거리,강동구,market,0.4349,강동구_장신구거리,market
2026-04-27_11:00_서초구,2026-04-27,11:00,서초구,골목상권,"상인,지역주민,이동인구","지하상가,교통거점,지역상권,오전",38,남평화시장,중구,market,0.4348,중구_남평화시장,market
2026-04-27_11:00_서초구,2026-04-27,11:00,서초구,골목상권,"상인,지역주민,이동인구","지하상가,교통거점,지역상권,오전",39,성동용답상가시장,성동구,market,0.4344,성동구_성동용답상가시장,market
2026-04-27_11:00_서초구,2026-04-27,11:00,서초구,골목상권,"상인,지역주민,이동인구","지하상가,교통거점,지역상권,오전",40,불광먹자골목형상점가,은평구,market,0.434,은평구_불광먹자골목형상점가,market
2026-04-27_11:00_서초구,2026-04-27,11:00,서초구,골목상권,"상인,지역주민,이동인구","지하상가,교통거점,지역상권,오전",41,남구로시장,구로구,market,0.4339,구로구_남구로시장,market
2026-04-27_11:00_서초구,2026-04-27,11:00,서초구,골목상권,"상인,지역주민,이동인구","지하상가,교통거점,지역상권,오전",42,비단길현대시장,금천구,market,0.4335,금천구_비단길현대시장,market
2026-04-27_11:00_서초구,2026-04-27,11:00,서초구,골목상권,"상인,지역주민,이동인구","지하상가,교통거점,지역상권,오전",43,신당 미래유산 먹거리 골목형상점가,중구,market,0.4331,중구_신당_미래유산_먹거리_골목형상점가,market
2026-04-27_11:00_서초구,2026-04-27,11:00,서초구,골목상권,"상인,지역주민,이동인구","지하상가,교통거점,지역상권,오전",44,제기동 고대앞마을 골목형상점가,동대문구,market,0.4327,동대문구_제기동_고대앞마을_골목형상점가,market
2026-04-27_11:00_서초구,2026-04-27,11:00,서초구,골목상권,"상인,지역주민,이동인구","지하상가,교통거점,지역상권,오전",45,그라운드고척 골목형상점가,구로구,market,0.432,구로구_그라운드고척_골목형상점가,market
2026-04-27_11:00_서초구,2026-04-27,11:00,서초구,골목상권,"상인,지역주민,이동인구","지하상가,교통거점,지역상권,오전",46,까치산시장,강서구,market,0.432,강서구_까치산시장,market
2026-04-27_11:00_서초구,2026-04-27,11:00,서초구,골목상권,"상인,지역주민,이동인구","지하상가,교통거점,지역상권,오전",47,가양역사거리 골목형상점가,강서구,market,0.4316,강서구_가양역사거리_골목형상점가,market
2026-04-27_11:00_서초구,2026-04-27,11:00,서초구,골목상권,"상인,지역주민,이동인구","지하상가,교통거점,지역상권,오전",48,풍납시장,송파구,market,0.4315,송파구_풍납시장,market
2026-04-27_11:00_서초구,2026-04-27,11:00,서초구,골목상권,"상인,지역주민,이동인구","지하상가,교통거점,지역상권,오전",49,남부골목시장,강서구,market,0.4314,강서구_남부골목시장,market
2026-04-27_11:00_서초구,2026-04-27,11:00,서초구,골목상권,"상인,지역주민,이동인구","지하상가,교통거점,지역상권,오전",50,서울중앙시장,중구,market,0.431,중구_서울중앙시장,market
2026-04-29_10:50_성북구,2026-04-29,10:50,성북구,재개발/도시개발현장,지역주민,"재개발,주거,현장방문,오전",1,신림,관악구,subway,0.9468,202602_2호선_신림,subway
2026-04-29_10:50_성북구,2026-04-29,10:50,성북구,재개발/도시개발현장,지역주민,"재개발,주거,현장방문,오전",2,잠실(송파구청),송파구,subway,0.8013,202602_2호선_잠실(송파구청),subway
2026-04-29_10:50_성북구,2026-04-29,10:50,성북구,재개발/도시개발현장,지역주민,"재개발,주거,현장방문,오전",3,서울역,중구,subway,0.7902,202602_1호선_서울역,subway
2026-04-29_10:50_성북구,2026-04-29,10:50,성북구,재개발/도시개발현장,지역주민,"재개발,주거,현장방문,오전",4,구로디지털단지,구로구,subway,0.776,202602_2호선_구로디지털단지,subway
2026-04-29_10:50_성북구,2026-04-29,10:50,성북구,재개발/도시개발현장,지역주민,"재개발,주거,현장방문,오전",5,서울대입구(관악구청),관악구,subway,0.7382,202602_2호선_서울대입구(관악구청),subway
2026-04-29_10:50_성북구,2026-04-29,10:50,성북구,재개발/도시개발현장,지역주민,"재개발,주거,현장방문,오전",6,신도림,구로구,subway,0.7139,202602_2호선_신도림,subway
2026-04-29_10:50_성북구,2026-04-29,10:50,성북구,재개발/도시개발현장,지역주민,"재개발,주거,현장방문,오전",7,연신내,은평구,subway,0.667,202602_3호선_연신내,subway
2026-04-29_10:50_성북구,2026-04-29,10:50,성북구,재개발/도시개발현장,지역주민,"재개발,주거,현장방문,오전",8,까치산,강서구,subway,0.6301,202602_5호선_까치산,subway
2026-04-29_10:50_성북구,2026-04-29,10:50,성북구,재개발/도시개발현장,지역주민,"재개발,주거,현장방문,오전",9,화곡,강서구,subway,0.6251,202602_5호선_화곡,subway
2026-04-29_10:50_성북구,2026-04-29,10:50,성북구,재개발/도시개발현장,지역주민,"재개발,주거,현장방문,오전",10,쌍문,도봉구,subway,0.623,202602_4호선_쌍문,subway
2026-04-29_10:50_성북구,2026-04-29,10:50,성북구,재개발/도시개발현장,지역주민,"재개발,주거,현장방문,오전",11,수유(강북구청),강북구,subway,0.6126,202602_4호선_수유(강북구청),subway
2026-04-29_10:50_성북구,2026-04-29,10:50,성북구,재개발/도시개발현장,지역주민,"재개발,주거,현장방문,오전",12,홍대입구,마포구,subway,0.5848,202602_2호선_홍대입구,subway
2026-04-29_10:50_성북구,2026-04-29,10:50,성북구,재개발/도시개발현장,지역주민,"재개발,주거,현장방문,오전",13,신대방,동작구,subway,0.5796,202602_2호선_신대방,subway
2026-04-29_10:50_성북구,2026-04-29,10:50,성북구,재개발/도시개발현장,지역주민,"재개발,주거,현장방문,오전",14,낙성대(강감찬),관악구,subway,0.5749,202602_2호선_낙성대(강감찬),subway
2026-04-29_10:50_성북구,2026-04-29,10:50,성북구,재개발/도시개발현장,지역주민,"재개발,주거,현장방문,오전",15,사당,동작구,subway,0.5744,202602_2호선_사당,subway
2026-04-29_10:50_성북구,2026-04-29,10:50,성북구,재개발/도시개발현장,지역주민,"재개발,주거,현장방문,오전",16,구의(광진구청),광진구,subway,0.5673,202602_2호선_구의(광진구청),subway
2026-04-29_10:50_성북구,2026-04-29,10:50,성북구,재개발/도시개발현장,지역주민,"재개발,주거,현장방문,오전",17,부천,,subway,0.5664,202602_경인선_부천,subway
2026-04-29_10:50_성북구,2026-04-29,10:50,성북구,재개발/도시개발현장,지역주민,"재개발,주거,현장방문,오전",18,역곡,,subway,0.5647,202602_경인선_역곡,subway
2026-04-29_10:50_성북구,2026-04-29,10:50,성북구,재개발/도시개발현장,지역주민,"재개발,주거,현장방문,오전",19,봉천,관악구,subway,0.561,202602_2호선_봉천,subway
2026-04-29_10:50_성북구,2026-04-29,10:50,성북구,재개발/도시개발현장,지역주민,"재개발,주거,현장방문,오전",20,강남,강남구,subway,0.554,202602_2호선_강남,subway
2026-04-29_10:50_성북구,2026-04-29,10:50,성북구,재개발/도시개발현장,지역주민,"재개발,주거,현장방문,오전",21,범계,,subway,0.5379,202602_과천선_범계,subway
2026-04-29_10:50_성북구,2026-04-29,10:50,성북구,재개발/도시개발현장,지역주민,"재개발,주거,현장방문,오전",22,개봉,,subway,0.5331,202602_경인선_개봉,subway
2026-04-29_10:50_성북구,2026-04-29,10:50,성북구,재개발/도시개발현장,지역주민,"재개발,주거,현장방문,오전",23,금정,,subway,0.5323,202602_경부선_금정,subway
2026-04-29_10:50_성북구,2026-04-29,10:50,성북구,재개발/도시개발현장,지역주민,"재개발,주거,현장방문,오전",24,미아사거리,,subway,0.5321,202602_4호선_미아사거리,subway
2026-04-29_10:50_성북구,2026-04-29,10:50,성북구,재개발/도시개발현장,지역주민,"재개발,주거,현장방문,오전",25,강변(동서울터미널),,subway,0.5297,202602_2호선_강변(동서울터미널),subway
2026-04-29_10:50_성북구,2026-04-29,10:50,성북구,재개발/도시개발현장,지역주민,"재개발,주거,현장방문,오전",26,수원,,subway,0.523,202602_경부선_수원,subway
2026-04-29_10:50_성북구,2026-04-29,10:50,성북구,재개발/도시개발현장,지역주민,"재개발,주거,현장방문,오전",27,송내,,subway,0.5226,202602_경인선_송내,subway
2026-04-29_10:50_성북구,2026-04-29,10:50,성북구,재개발/도시개발현장,지역주민,"재개발,주거,현장방문,오전",28,창동,,subway,0.5223,202602_4호선_창동,subway
2026-04-29_10:50_성북구,2026-04-29,10:50,성북구,재개발/도시개발현장,지역주민,"재개발,주거,현장방문,오전",29,부평,,subway,0.5208,202602_경인선_부평,subway
2026-04-29_10:50_성북구,2026-04-29,10:50,성북구,재개발/도시개발현장,지역주민,"재개발,주거,현장방문,오전",30,대림(구로구청),구로구,subway,0.5172,202602_2호선_대림(구로구청),subway
2026-04-29_10:50_성북구,2026-04-29,10:50,성북구,재개발/도시개발현장,지역주민,"재개발,주거,현장방문,오전",31,건대입구,광진구,subway,0.5155,202602_2호선_건대입구,subway
2026-04-29_10:50_성북구,2026-04-29,10:50,성북구,재개발/도시개발현장,지역주민,"재개발,주거,현장방문,오전",32,광명사거리,,subway,0.5149,202602_7호선_광명사거리,subway
2026-04-29_10:50_성북구,2026-04-29,10:50,성북구,재개발/도시개발현장,지역주민,"재개발,주거,현장방문,오전",33,철산,,subway,0.5142,202602_7호선_철산,subway
2026-04-29_10:50_성북구,2026-04-29,10:50,성북구,재개발/도시개발현장,지역주민,"재개발,주거,현장방문,오전",34,노량진,,subway,0.5103,202602_9호선_노량진,subway
2026-04-29_10:50_성북구,2026-04-29,10:50,성북구,재개발/도시개발현장,지역주민,"재개발,주거,현장방문,오전",35,길음,,subway,0.508,202602_4호선_길음,subway
2026-04-29_10:50_성북구,2026-04-29,10:50,성북구,재개발/도시개발현장,지역주민,"재개발,주거,현장방문,오전",36,구파발,,subway,0.5022,202602_3호선_구파발,subway
2026-04-29_10:50_성북구,2026-04-29,10:50,성북구,재개발/도시개발현장,지역주민,"재개발,주거,현장방문,오전",37,고속터미널,서초구,subway,0.4976,202602_3호선_고속터미널,subway
2026-04-29_10:50_성북구,2026-04-29,10:50,성북구,재개발/도시개발현장,지역주민,"재개발,주거,현장방문,오전",38,안양,,subway,0.4939,202602_경부선_안양,subway
2026-04-29_10:50_성북구,2026-04-29,10:50,성북구,재개발/도시개발현장,지역주민,"재개발,주거,현장방문,오전",39,염창,,subway,0.4918,202602_9호선_염창,subway
2026-04-29_10:50_성북구,2026-04-29,10:50,성북구,재개발/도시개발현장,지역주민,"재개발,주거,현장방문,오전",40,인덕원,,subway,0.4902,202602_과천선_인덕원,subway
2026-04-29_10:50_성북구,2026-04-29,10:50,성북구,재개발/도시개발현장,지역주민,"재개발,주거,현장방문,오전",41,가양,,subway,0.4861,202602_9호선_가양,subway
2026-04-29_10:50_성북구,2026-04-29,10:50,성북구,재개발/도시개발현장,지역주민,"재개발,주거,현장방문,오전",42,상계,,subway,0.4845,202602_4호선_상계,subway
2026-04-29_10:50_성북구,2026-04-29,10:50,성북구,재개발/도시개발현장,지역주민,"재개발,주거,현장방문,오전",43,삼송,,subway,0.483,202602_일산선_삼송,subway
2026-04-29_10:50_성북구,2026-04-29,10:50,성북구,재개발/도시개발현장,지역주민,"재개발,주거,현장방문,오전",44,응암,,subway,0.4783,202602_6호선_응암,subway
2026-04-29_10:50_성북구,2026-04-29,10:50,성북구,재개발/도시개발현장,지역주민,"재개발,주거,현장방문,오전",45,회기,,subway,0.4749,202602_중앙선_회기,subway
2026-04-29_10:50_성북구,2026-04-29,10:50,성북구,재개발/도시개발현장,지역주민,"재개발,주거,현장방문,오전",46,영등포,영등포구,subway,0.4735,202602_경부선_영등포,subway
2026-04-29_10:50_성북구,2026-04-29,10:50,성북구,재개발/도시개발현장,지역주민,"재개발,주거,현장방문,오전",47,잠실새내,,subway,0.4725,202602_2호선_잠실새내,subway
2026-04-29_10:50_성북구,2026-04-29,10:50,성북구,재개발/도시개발현장,지역주민,"재개발,주거,현장방문,오전",48,홍제,,subway,0.4585,202602_3호선_홍제,subway
2026-04-29_10:50_성북구,2026-04-29,10:50,성북구,재개발/도시개발현장,지역주민,"재개발,주거,현장방문,오전",49,암사,,subway,0.4559,202602_8호선_암사,subway
2026-04-29_10:50_성북구,2026-04-29,10:50,성북구,재개발/도시개발현장,지역주민,"재개발,주거,현장방문,오전",50,용산,용산구,subway,0.4554,202602_경부선_용산,subway
2026-04-29_12:00_성북구,2026-04-29,12:00,성북구,교통거점,"지역주민,직장인","교통,차고지,현장방문,생활현장",1,서울역,중구,subway,0.9642,202602_1호선_서울역,subway
2026-04-29_12:00_성북구,2026-04-29,12:00,성북구,교통거점,"지역주민,직장인","교통,차고지,현장방문,생활현장",2,잠실(송파구청),송파구,subway,0.9611,202602_2호선_잠실(송파구청),subway
2026-04-29_12:00_성북구,2026-04-29,12:00,성북구,교통거점,"지역주민,직장인","교통,차고지,현장방문,생활현장",3,강남,강남구,subway,0.9318,202602_2호선_강남,subway
2026-04-29_12:00_성북구,2026-04-29,12:00,성북구,교통거점,"지역주민,직장인","교통,차고지,현장방문,생활현장",4,홍대입구,마포구,subway,0.8656,202602_2호선_홍대입구,subway
2026-04-29_12:00_성북구,2026-04-29,12:00,성북구,교통거점,"지역주민,직장인","교통,차고지,현장방문,생활현장",5,고속터미널,서초구,subway,0.8161,202602_3호선_고속터미널,subway
2026-04-29_12:00_성북구,2026-04-29,12:00,성북구,교통거점,"지역주민,직장인","교통,차고지,현장방문,생활현장",6,삼성(무역센터),강남구,subway,0.7312,202602_2호선_삼성(무역센터),subway
2026-04-29_12:00_성북구,2026-04-29,12:00,성북구,교통거점,"지역주민,직장인","교통,차고지,현장방문,생활현장",7,성수,성동구,subway,0.7287,202602_2호선_성수,subway
2026-04-29_12:00_성북구,2026-04-29,12:00,성북구,교통거점,"지역주민,직장인","교통,차고지,현장방문,생활현장",8,선릉,강남구,subway,0.7238,202602_2호선_선릉,subway
2026-04-29_12:00_성북구,2026-04-29,12:00,성북구,교통거점,"지역주민,직장인","교통,차고지,현장방문,생활현장",9,용산,용산구,subway,0.7194,202602_경부선_용산,subway
2026-04-29_12:00_성북구,2026-04-29,12:00,성북구,교통거점,"지역주민,직장인","교통,차고지,현장방문,생활현장",10,구로디지털단지,구로구,subway,0.6961,202602_2호선_구로디지털단지,subway
2026-04-29_12:00_성북구,2026-04-29,12:00,성북구,교통거점,"지역주민,직장인","교통,차고지,현장방문,생활현장",11,신림,관악구,subway,0.6921,202602_2호선_신림,subway
2026-04-29_12:00_성북구,2026-04-29,12:00,성북구,교통거점,"지역주민,직장인","교통,차고지,현장방문,생활현장",12,을지로입구,중구,subway,0.6806,202602_2호선_을지로입구,subway
2026-04-29_12:00_성북구,2026-04-29,12:00,성북구,교통거점,"지역주민,직장인","교통,차고지,현장방문,생활현장",13,신도림,구로구,subway,0.6595,202602_2호선_신도림,subway
2026-04-29_12:00_성북구,2026-04-29,12:00,성북구,교통거점,"지역주민,직장인","교통,차고지,현장방문,생활현장",14,영등포,영등포구,subway,0.6567,202602_경부선_영등포,subway
2026-04-29_12:00_성북구,2026-04-29,12:00,성북구,교통거점,"지역주민,직장인","교통,차고지,현장방문,생활현장",15,역삼,강남구,subway,0.6459,202602_2호선_역삼,subway
2026-04-29_12:00_성북구,2026-04-29,12:00,성북구,교통거점,"지역주민,직장인","교통,차고지,현장방문,생활현장",16,서울대입구(관악구청),관악구,subway,0.628,202602_2호선_서울대입구(관악구청),subway
2026-04-29_12:00_성북구,2026-04-29,12:00,성북구,교통거점,"지역주민,직장인","교통,차고지,현장방문,생활현장",17,수원,,subway,0.6164,202602_경부선_수원,subway
2026-04-29_12:00_성북구,2026-04-29,12:00,성북구,교통거점,"지역주민,직장인","교통,차고지,현장방문,생활현장",18,종각,종로구,subway,0.5903,202602_1호선_종각,subway
2026-04-29_12:00_성북구,2026-04-29,12:00,성북구,교통거점,"지역주민,직장인","교통,차고지,현장방문,생활현장",19,가산디지털단지,금천구,subway,0.586,202602_7호선_가산디지털단지,subway
2026-04-29_12:00_성북구,2026-04-29,12:00,성북구,교통거점,"지역주민,직장인","교통,차고지,현장방문,생활현장",20,사당,동작구,subway,0.5846,202602_2호선_사당,subway
2026-04-29_12:00_성북구,2026-04-29,12:00,성북구,교통거점,"지역주민,직장인","교통,차고지,현장방문,생활현장",21,신촌,,subway,0.5808,202602_2호선_신촌,subway
2026-04-29_12:00_성북구,2026-04-29,12:00,성북구,교통거점,"지역주민,직장인","교통,차고지,현장방문,생활현장",22,혜화,종로구,subway,0.5759,202602_4호선_혜화,subway
2026-04-29_12:00_성북구,2026-04-29,12:00,성북구,교통거점,"지역주민,직장인","교통,차고지,현장방문,생활현장",23,명동,중구,subway,0.5738,202602_4호선_명동,subway
2026-04-29_12:00_성북구,2026-04-29,12:00,성북구,교통거점,"지역주민,직장인","교통,차고지,현장방문,생활현장",24,연신내,은평구,subway,0.5711,202602_3호선_연신내,subway
2026-04-29_12:00_성북구,2026-04-29,12:00,성북구,교통거점,"지역주민,직장인","교통,차고지,현장방문,생활현장",25,회현(남대문시장),,subway,0.5558,202602_4호선_회현(남대문시장),subway
2026-04-29_12:00_성북구,2026-04-29,12:00,성북구,교통거점,"지역주민,직장인","교통,차고지,현장방문,생활현장",26,남부터미널(예술의전당),,subway,0.5541,202602_3호선_남부터미널(예술의전당),subway
2026-04-29_12:00_성북구,2026-04-29,12:00,성북구,교통거점,"지역주민,직장인","교통,차고지,현장방문,생활현장",27,건대입구,광진구,subway,0.5488,202602_2호선_건대입구,subway
2026-04-29_12:00_성북구,2026-04-29,12:00,성북구,교통거점,"지역주민,직장인","교통,차고지,현장방문,생활현장",28,양재(서초구청),서초구,subway,0.5482,202602_3호선_양재(서초구청),subway
2026-04-29_12:00_성북구,2026-04-29,12:00,성북구,교통거점,"지역주민,직장인","교통,차고지,현장방문,생활현장",29,광화문(세종문화회관),,subway,0.5464,202602_5호선_광화문(세종문화회관),subway
2026-04-29_12:00_성북구,2026-04-29,12:00,성북구,교통거점,"지역주민,직장인","교통,차고지,현장방문,생활현장",30,안국,,subway,0.545,202602_3호선_안국,subway
2026-04-29_12:00_성북구,2026-04-29,12:00,성북구,교통거점,"지역주민,직장인","교통,차고지,현장방문,생활현장",31,수유(강북구청),강북구,subway,0.5395,202602_4호선_수유(강북구청),subway
2026-04-29_12:00_성북구,2026-04-29,12:00,성북구,교통거점,"지역주민,직장인","교통,차고지,현장방문,생활현장",32,부천,,subway,0.5328,202602_경인선_부천,subway
2026-04-29_12:00_성북구,2026-04-29,12:00,성북구,교통거점,"지역주민,직장인","교통,차고지,현장방문,생활현장",33,종로3가,,subway,0.5286,202602_1호선_종로3가,subway
2026-04-29_12:00_성북구,2026-04-29,12:00,성북구,교통거점,"지역주민,직장인","교통,차고지,현장방문,생활현장",34,압구정,압구,subway,0.5273,202602_3호선_압구정,subway
2026-04-29_12:00_성북구,2026-04-29,12:00,성북구,교통거점,"지역주민,직장인","교통,차고지,현장방문,생활현장",35,종로5가,,subway,0.5253,202602_1호선_종로5가,subway
2026-04-29_12:00_성북구,2026-04-29,12:00,성북구,교통거점,"지역주민,직장인","교통,차고지,현장방문,생활현장",36,청량리(서울시립대입구),서울시립대입구,subway,0.5223,202602_1호선_청량리(서울시립대입구),subway
2026-04-29_12:00_성북구,2026-04-29,12:00,성북구,교통거점,"지역주민,직장인","교통,차고지,현장방문,생활현장",37,부평,,subway,0.5188,202602_경인선_부평,subway
2026-04-29_12:00_성북구,2026-04-29,12:00,성북구,교통거점,"지역주민,직장인","교통,차고지,현장방문,생활현장",38,경복궁(정부서울청사),,subway,0.5131,202602_3호선_경복궁(정부서울청사),subway
2026-04-29_12:00_성북구,2026-04-29,12:00,성북구,교통거점,"지역주민,직장인","교통,차고지,현장방문,생활현장",39,여의도,영등포구,subway,0.5131,202602_9호선_여의도,subway
2026-04-29_12:00_성북구,2026-04-29,12:00,성북구,교통거점,"지역주민,직장인","교통,차고지,현장방문,생활현장",40,신논현,,subway,0.5119,202602_9호선_신논현,subway
2026-04-29_12:00_성북구,2026-04-29,12:00,성북구,교통거점,"지역주민,직장인","교통,차고지,현장방문,생활현장",41,창동,,subway,0.5047,202602_4호선_창동,subway
2026-04-29_12:00_성북구,2026-04-29,12:00,성북구,교통거점,"지역주민,직장인","교통,차고지,현장방문,생활현장",42,교대(법원.검찰청),,subway,0.504,202602_2호선_교대(법원.검찰청),subway
2026-04-29_12:00_성북구,2026-04-29,12:00,성북구,교통거점,"지역주민,직장인","교통,차고지,현장방문,생활현장",43,강변(동서울터미널),,subway,0.4969,202602_2호선_강변(동서울터미널),subway
2026-04-29_12:00_성북구,2026-04-29,12:00,성북구,교통거점,"지역주민,직장인","교통,차고지,현장방문,생활현장",44,충무로,,subway,0.492,202602_4호선_충무로,subway
2026-04-29_12:00_성북구,2026-04-29,12:00,성북구,교통거점,"지역주민,직장인","교통,차고지,현장방문,생활현장",45,합정,마포구,subway,0.4906,202602_2호선_합정,subway
2026-04-29_12:00_성북구,2026-04-29,12:00,성북구,교통거점,"지역주민,직장인","교통,차고지,현장방문,생활현장",46,쌍문,도봉구,subway,0.4837,202602_4호선_쌍문,subway
2026-04-29_12:00_성북구,2026-04-29,12:00,성북구,교통거점,"지역주민,직장인","교통,차고지,현장방문,생활현장",47,범계,,subway,0.4824,202602_과천선_범계,subway
2026-04-29_12:00_성북구,2026-04-29,12:00,성북구,교통거점,"지역주민,직장인","교통,차고지,현장방문,생활현장",48,동대문,,subway,0.4821,202602_4호선_동대문,subway
2026-04-29_12:00_성북구,2026-04-29,12:00,성북구,교통거점,"지역주민,직장인","교통,차고지,현장방문,생활현장",49,시청,,subway,0.4795,202602_1호선_시청,subway
2026-04-29_12:00_성북구,2026-04-29,12:00,성북구,교통거점,"지역주민,직장인","교통,차고지,현장방문,생활현장",50,구의(광진구청),광진구,subway,0.4793,202602_2호선_구의(광진구청),subway
2026-04-30_05:00_양천구,2026-04-30,05:00,양천구,노동현장,"노동자,직장인","노동,교통,새벽,현장방문",1,신림,관악구,subway,0.9468,202602_2호선_신림,subway
2026-04-30_05:00_양천구,2026-04-30,05:00,양천구,노동현장,"노동자,직장인","노동,교통,새벽,현장방문",2,잠실(송파구청),송파구,subway,0.8013,202602_2호선_잠실(송파구청),subway
2026-04-30_05:00_양천구,2026-04-30,05:00,양천구,노동현장,"노동자,직장인","노동,교통,새벽,현장방문",3,서울역,중구,subway,0.7902,202602_1호선_서울역,subway
2026-04-30_05:00_양천구,2026-04-30,05:00,양천구,노동현장,"노동자,직장인","노동,교통,새벽,현장방문",4,구로디지털단지,구로구,subway,0.776,202602_2호선_구로디지털단지,subway
2026-04-30_05:00_양천구,2026-04-30,05:00,양천구,노동현장,"노동자,직장인","노동,교통,새벽,현장방문",5,서울대입구(관악구청),관악구,subway,0.7382,202602_2호선_서울대입구(관악구청),subway
2026-04-30_05:00_양천구,2026-04-30,05:00,양천구,노동현장,"노동자,직장인","노동,교통,새벽,현장방문",6,신도림,구로구,subway,0.7139,202602_2호선_신도림,subway
2026-04-30_05:00_양천구,2026-04-30,05:00,양천구,노동현장,"노동자,직장인","노동,교통,새벽,현장방문",7,연신내,은평구,subway,0.667,202602_3호선_연신내,subway
2026-04-30_05:00_양천구,2026-04-30,05:00,양천구,노동현장,"노동자,직장인","노동,교통,새벽,현장방문",8,까치산,강서구,subway,0.6301,202602_5호선_까치산,subway
2026-04-30_05:00_양천구,2026-04-30,05:00,양천구,노동현장,"노동자,직장인","노동,교통,새벽,현장방문",9,화곡,강서구,subway,0.6251,202602_5호선_화곡,subway
2026-04-30_05:00_양천구,2026-04-30,05:00,양천구,노동현장,"노동자,직장인","노동,교통,새벽,현장방문",10,쌍문,도봉구,subway,0.623,202602_4호선_쌍문,subway
2026-04-30_05:00_양천구,2026-04-30,05:00,양천구,노동현장,"노동자,직장인","노동,교통,새벽,현장방문",11,수유(강북구청),강북구,subway,0.6126,202602_4호선_수유(강북구청),subway
2026-04-30_05:00_양천구,2026-04-30,05:00,양천구,노동현장,"노동자,직장인","노동,교통,새벽,현장방문",12,홍대입구,마포구,subway,0.5848,202602_2호선_홍대입구,subway
2026-04-30_05:00_양천구,2026-04-30,05:00,양천구,노동현장,"노동자,직장인","노동,교통,새벽,현장방문",13,신대방,동작구,subway,0.5796,202602_2호선_신대방,subway
2026-04-30_05:00_양천구,2026-04-30,05:00,양천구,노동현장,"노동자,직장인","노동,교통,새벽,현장방문",14,낙성대(강감찬),관악구,subway,0.5749,202602_2호선_낙성대(강감찬),subway
2026-04-30_05:00_양천구,2026-04-30,05:00,양천구,노동현장,"노동자,직장인","노동,교통,새벽,현장방문",15,사당,동작구,subway,0.5744,202602_2호선_사당,subway
2026-04-30_05:00_양천구,2026-04-30,05:00,양천구,노동현장,"노동자,직장인","노동,교통,새벽,현장방문",16,구의(광진구청),광진구,subway,0.5673,202602_2호선_구의(광진구청),subway
2026-04-30_05:00_양천구,2026-04-30,05:00,양천구,노동현장,"노동자,직장인","노동,교통,새벽,현장방문",17,부천,,subway,0.5664,202602_경인선_부천,subway
2026-04-30_05:00_양천구,2026-04-30,05:00,양천구,노동현장,"노동자,직장인","노동,교통,새벽,현장방문",18,역곡,,subway,0.5647,202602_경인선_역곡,subway
2026-04-30_05:00_양천구,2026-04-30,05:00,양천구,노동현장,"노동자,직장인","노동,교통,새벽,현장방문",19,봉천,관악구,subway,0.561,202602_2호선_봉천,subway
2026-04-30_05:00_양천구,2026-04-30,05:00,양천구,노동현장,"노동자,직장인","노동,교통,새벽,현장방문",20,강남,강남구,subway,0.554,202602_2호선_강남,subway
2026-04-30_05:00_양천구,2026-04-30,05:00,양천구,노동현장,"노동자,직장인","노동,교통,새벽,현장방문",21,범계,,subway,0.5379,202602_과천선_범계,subway
2026-04-30_05:00_양천구,2026-04-30,05:00,양천구,노동현장,"노동자,직장인","노동,교통,새벽,현장방문",22,개봉,,subway,0.5331,202602_경인선_개봉,subway
2026-04-30_05:00_양천구,2026-04-30,05:00,양천구,노동현장,"노동자,직장인","노동,교통,새벽,현장방문",23,금정,,subway,0.5323,202602_경부선_금정,subway
2026-04-30_05:00_양천구,2026-04-30,05:00,양천구,노동현장,"노동자,직장인","노동,교통,새벽,현장방문",24,미아사거리,,subway,0.5321,202602_4호선_미아사거리,subway
2026-04-30_05:00_양천구,2026-04-30,05:00,양천구,노동현장,"노동자,직장인","노동,교통,새벽,현장방문",25,강변(동서울터미널),,subway,0.5297,202602_2호선_강변(동서울터미널),subway
2026-04-30_05:00_양천구,2026-04-30,05:00,양천구,노동현장,"노동자,직장인","노동,교통,새벽,현장방문",26,수원,,subway,0.523,202602_경부선_수원,subway
2026-04-30_05:00_양천구,2026-04-30,05:00,양천구,노동현장,"노동자,직장인","노동,교통,새벽,현장방문",27,송내,,subway,0.5226,202602_경인선_송내,subway
2026-04-30_05:00_양천구,2026-04-30,05:00,양천구,노동현장,"노동자,직장인","노동,교통,새벽,현장방문",28,창동,,subway,0.5223,202602_4호선_창동,subway
2026-04-30_05:00_양천구,2026-04-30,05:00,양천구,노동현장,"노동자,직장인","노동,교통,새벽,현장방문",29,부평,,subway,0.5208,202602_경인선_부평,subway
2026-04-30_05:00_양천구,2026-04-30,05:00,양천구,노동현장,"노동자,직장인","노동,교통,새벽,현장방문",30,대림(구로구청),구로구,subway,0.5172,202602_2호선_대림(구로구청),subway
2026-04-30_05:00_양천구,2026-04-30,05:00,양천구,노동현장,"노동자,직장인","노동,교통,새벽,현장방문",31,건대입구,광진구,subway,0.5155,202602_2호선_건대입구,subway
2026-04-30_05:00_양천구,2026-04-30,05:00,양천구,노동현장,"노동자,직장인","노동,교통,새벽,현장방문",32,광명사거리,,subway,0.5149,202602_7호선_광명사거리,subway
2026-04-30_05:00_양천구,2026-04-30,05:00,양천구,노동현장,"노동자,직장인","노동,교통,새벽,현장방문",33,철산,,subway,0.5142,202602_7호선_철산,subway
2026-04-30_05:00_양천구,2026-04-30,05:00,양천구,노동현장,"노동자,직장인","노동,교통,새벽,현장방문",34,노량진,,subway,0.5103,202602_9호선_노량진,subway
2026-04-30_05:00_양천구,2026-04-30,05:00,양천구,노동현장,"노동자,직장인","노동,교통,새벽,현장방문",35,길음,,subway,0.508,202602_4호선_길음,subway
2026-04-30_05:00_양천구,2026-04-30,05:00,양천구,노동현장,"노동자,직장인","노동,교통,새벽,현장방문",36,구파발,,subway,0.5022,202602_3호선_구파발,subway
2026-04-30_05:00_양천구,2026-04-30,05:00,양천구,노동현장,"노동자,직장인","노동,교통,새벽,현장방문",37,고속터미널,서초구,subway,0.4976,202602_3호선_고속터미널,subway
2026-04-30_05:00_양천구,2026-04-30,05:00,양천구,노동현장,"노동자,직장인","노동,교통,새벽,현장방문",38,안양,,subway,0.4939,202602_경부선_안양,subway
2026-04-30_05:00_양천구,2026-04-30,05:00,양천구,노동현장,"노동자,직장인","노동,교통,새벽,현장방문",39,염창,,subway,0.4918,202602_9호선_염창,subway
2026-04-30_05:00_양천구,2026-04-30,05:00,양천구,노동현장,"노동자,직장인","노동,교통,새벽,현장방문",40,인덕원,,subway,0.4902,202602_과천선_인덕원,subway
2026-04-30_05:00_양천구,2026-04-30,05:00,양천구,노동현장,"노동자,직장인","노동,교통,새벽,현장방문",41,가양,,subway,0.4861,202602_9호선_가양,subway
2026-04-30_05:00_양천구,2026-04-30,05:00,양천구,노동현장,"노동자,직장인","노동,교통,새벽,현장방문",42,상계,,subway,0.4845,202602_4호선_상계,subway
2026-04-30_05:00_양천구,2026-04-30,05:00,양천구,노동현장,"노동자,직장인","노동,교통,새벽,현장방문",43,삼송,,subway,0.483,202602_일산선_삼송,subway
2026-04-30_05:00_양천구,2026-04-30,05:00,양천구,노동현장,"노동자,직장인","노동,교통,새벽,현장방문",44,응암,,subway,0.4783,202602_6호선_응암,subway
2026-04-30_05:00_양천구,2026-04-30,05:00,양천구,노동현장,"노동자,직장인","노동,교통,새벽,현장방문",45,회기,,subway,0.4749,202602_중앙선_회기,subway
2026-04-30_05:00_양천구,2026-04-30,05:00,양천구,노동현장,"노동자,직장인","노동,교통,새벽,현장방문",46,영등포,영등포구,subway,0.4735,202602_경부선_영등포,subway
2026-04-30_05:00_양천구,2026-04-30,05:00,양천구,노동현장,"노동자,직장인","노동,교통,새벽,현장방문",47,잠실새내,,subway,0.4725,202602_2호선_잠실새내,subway
2026-04-30_05:00_양천구,2026-04-30,05:00,양천구,노동현장,"노동자,직장인","노동,교통,새벽,현장방문",48,홍제,,subway,0.4585,202602_3호선_홍제,subway
2026-04-30_05:00_양천구,2026-04-30,05:00,양천구,노동현장,"노동자,직장인","노동,교통,새벽,현장방문",49,암사,,subway,0.4559,202602_8호선_암사,subway
2026-04-30_05:00_양천구,2026-04-30,05:00,양천구,노동현장,"노동자,직장인","노동,교통,새벽,현장방문",50,용산,용산구,subway,0.4554,202602_경부선_용산,subway
2026-04-30_05:40_양천구,2026-04-30,05:40,양천구,노동현장,"노동자,직장인","노동,버스,새벽,현장방문",1,양천어르신종합복지관,양천구,senior_friendly,0.746,A1732,senior_friendly
2026-04-30_05:40_양천구,2026-04-30,05:40,양천구,노동현장,"노동자,직장인","노동,버스,새벽,현장방문",2,계남근린공원,양천구,park,0.6437,31,park
2026-04-30_05:40_양천구,2026-04-30,05:40,양천구,노동현장,"노동자,직장인","노동,버스,새벽,현장방문",3,서서울호수공원,양천구,park,0.6335,92,park
2026-04-30_05:40_양천구,2026-04-30,05:40,양천구,노동현장,"노동자,직장인","노동,버스,새벽,현장방문",4,갈산근린공원,양천구,park,0.6227,43,park
2026-04-30_05:40_양천구,2026-04-30,05:40,양천구,노동현장,"노동자,직장인","노동,버스,새벽,현장방문",5,용왕산근린공원,양천구,park,0.612,75,park
2026-04-30_05:40_양천구,2026-04-30,05:40,양천구,노동현장,"노동자,직장인","노동,버스,새벽,현장방문",6,파리근린공원,양천구,park,0.6047,33,park
2026-04-30_05:40_양천구,2026-04-30,05:40,양천구,노동현장,"노동자,직장인","노동,버스,새벽,현장방문",7,신영시장,양천구,market,0.4237,양천구_신영시장,market
2026-04-30_05:40_양천구,2026-04-30,05:40,양천구,노동현장,"노동자,직장인","노동,버스,새벽,현장방문",8,목동깨비시장,양천구,market,0.423,양천구_목동깨비시장,market
2026-04-30_05:40_양천구,2026-04-30,05:40,양천구,노동현장,"노동자,직장인","노동,버스,새벽,현장방문",9,목2동시장,양천구,market,0.4223,양천구_목2동시장,market
2026-04-30_05:40_양천구,2026-04-30,05:40,양천구,노동현장,"노동자,직장인","노동,버스,새벽,현장방문",10,목사랑시장,양천구,market,0.4216,양천구_목사랑시장,market
2026-04-30_05:40_양천구,2026-04-30,05:40,양천구,노동현장,"노동자,직장인","노동,버스,새벽,현장방문",11,성내전통시장,강동구,market,0.4216,강동구_성내전통시장,market
2026-04-30_05:40_양천구,2026-04-30,05:40,양천구,노동현장,"노동자,직장인","노동,버스,새벽,현장방문",12,장미원골목시장,강북구,market,0.4216,강북구_장미원골목시장,market
2026-04-30_05:40_양천구,2026-04-30,05:40,양천구,노동현장,"노동자,직장인","노동,버스,새벽,현장방문",13,노량진 만나로 골목형상점가,동작구,market,0.4215,동작구_노량진_만나로_골목형상점가,market
2026-04-30_05:40_양천구,2026-04-30,05:40,양천구,노동현장,"노동자,직장인","노동,버스,새벽,현장방문",14,월정로시장,양천구,market,0.4215,양천구_월정로시장,market
2026-04-30_05:40_양천구,2026-04-30,05:40,양천구,노동현장,"노동자,직장인","노동,버스,새벽,현장방문",15,장미꽃빛거리 골목형상점가,중랑구,market,0.4215,중랑구_장미꽃빛거리_골목형상점가,market
2026-04-30_05:40_양천구,2026-04-30,05:40,양천구,노동현장,"노동자,직장인","노동,버스,새벽,현장방문",16,선유로운골목형상점가,영등포구,market,0.4214,영등포구_선유로운골목형상점가,market
2026-04-30_05:40_양천구,2026-04-30,05:40,양천구,노동현장,"노동자,직장인","노동,버스,새벽,현장방문",17,봉우시장 골목형상점가,중랑구,market,0.4213,중랑구_봉우시장_골목형상점가,market
2026-04-30_05:40_양천구,2026-04-30,05:40,양천구,노동현장,"노동자,직장인","노동,버스,새벽,현장방문",18,영천시장,서대문구,market,0.4213,서대문구_영천시장,market
2026-04-30_05:40_양천구,2026-04-30,05:40,양천구,노동현장,"노동자,직장인","노동,버스,새벽,현장방문",19,화곡본동시장,강서구,market,0.4213,강서구_화곡본동시장,market
2026-04-30_05:40_양천구,2026-04-30,05:40,양천구,노동현장,"노동자,직장인","노동,버스,새벽,현장방문",20,꿈의숲장곡골목형상점가,성북구,market,0.4212,성북구_꿈의숲장곡골목형상점가,market
2026-04-30_05:40_양천구,2026-04-30,05:40,양천구,노동현장,"노동자,직장인","노동,버스,새벽,현장방문",21,남이동길골목형상점가,서대문구,market,0.4212,서대문구_남이동길골목형상점가,market
2026-04-30_05:40_양천구,2026-04-30,05:40,양천구,노동현장,"노동자,직장인","노동,버스,새벽,현장방문",22,답십리현대시장,동대문구,market,0.4212,동대문구_답십리현대시장,market
2026-04-30_05:40_양천구,2026-04-30,05:40,양천구,노동현장,"노동자,직장인","노동,버스,새벽,현장방문",23,뚝도시장,성동구,market,0.4212,성동구_뚝도시장,market
2026-04-30_05:40_양천구,2026-04-30,05:40,양천구,노동현장,"노동자,직장인","노동,버스,새벽,현장방문",24,망원동월드컵시장,마포구,market,0.4212,마포구_망원동월드컵시장,market
2026-04-30_05:40_양천구,2026-04-30,05:40,양천구,노동현장,"노동자,직장인","노동,버스,새벽,현장방문",25,대림골목시장,은평구,market,0.4211,은평구_대림골목시장,market
2026-04-30_05:40_양천구,2026-04-30,05:40,양천구,노동현장,"노동자,직장인","노동,버스,새벽,현장방문",26,배밭골골목형상점가,성북구,market,0.4211,성북구_배밭골골목형상점가,market
2026-04-30_05:40_양천구,2026-04-30,05:40,양천구,노동현장,"노동자,직장인","노동,버스,새벽,현장방문",27,강서행복한길골목형상점가,강서구,market,0.421,강서구_강서행복한길골목형상점가,market
2026-04-30_05:40_양천구,2026-04-30,05:40,양천구,노동현장,"노동자,직장인","노동,버스,새벽,현장방문",28,개봉중앙 골목형상점가,구로구,market,0.421,구로구_개봉중앙_골목형상점가,market
2026-04-30_05:40_양천구,2026-04-30,05:40,양천구,노동현장,"노동자,직장인","노동,버스,새벽,현장방문",29,고분다리전통시장,강동구,market,0.421,강동구_고분다리전통시장,market
2026-04-30_05:40_양천구,2026-04-30,05:40,양천구,노동현장,"노동자,직장인","노동,버스,새벽,현장방문",30,수유전통시장,강북구,market,0.421,강북구_수유전통시장,market
2026-04-30_05:40_양천구,2026-04-30,05:40,양천구,노동현장,"노동자,직장인","노동,버스,새벽,현장방문",31,오목내길골목형상점가,양천구,market,0.421,양천구_오목내길골목형상점가,market
2026-04-30_05:40_양천구,2026-04-30,05:40,양천구,노동현장,"노동자,직장인","노동,버스,새벽,현장방문",32,명동남산골 골목형상점가,중구,market,0.4208,중구_명동남산골_골목형상점가,market
2026-04-30_05:40_양천구,2026-04-30,05:40,양천구,노동현장,"노동자,직장인","노동,버스,새벽,현장방문",33,불광,,subway,0.4201,202602_3호선_불광,subway
2026-04-30_05:40_양천구,2026-04-30,05:40,양천구,노동현장,"노동자,직장인","노동,버스,새벽,현장방문",34,의정부,,subway,0.4193,202602_경원선_의정부,subway
2026-04-30_05:40_양천구,2026-04-30,05:40,양천구,노동현장,"노동자,직장인","노동,버스,새벽,현장방문",35,화정,,subway,0.4184,202602_일산선_화정,subway
2026-04-30_05:40_양천구,2026-04-30,05:40,양천구,노동현장,"노동자,직장인","노동,버스,새벽,현장방문",36,우장산,,subway,0.418,202602_5호선_우장산,subway
2026-04-30_05:40_양천구,2026-04-30,05:40,양천구,노동현장,"노동자,직장인","노동,버스,새벽,현장방문",37,오목교(목동운동장앞),,subway,0.4179,202602_5호선_오목교(목동운동장앞),subway
2026-04-30_05:40_양천구,2026-04-30,05:40,양천구,노동현장,"노동자,직장인","노동,버스,새벽,현장방문",38,동암,,subway,0.4163,202602_경인선_동암,subway
2026-04-30_05:40_양천구,2026-04-30,05:40,양천구,노동현장,"노동자,직장인","노동,버스,새벽,현장방문",39,평촌,,subway,0.4163,202602_과천선_평촌,subway
2026-04-30_05:40_양천구,2026-04-30,05:40,양천구,노동현장,"노동자,직장인","노동,버스,새벽,현장방문",40,수서,,subway,0.4162,202602_분당선_수서,subway
2026-04-30_05:40_양천구,2026-04-30,05:40,양천구,노동현장,"노동자,직장인","노동,버스,새벽,현장방문",41,중앙,,subway,0.4155,202602_안산선_중앙,subway
2026-04-30_05:40_양천구,2026-04-30,05:40,양천구,노동현장,"노동자,직장인","노동,버스,새벽,현장방문",42,천호(풍납토성),,subway,0.415,202602_8호선_천호(풍납토성),subway
2026-04-30_05:40_양천구,2026-04-30,05:40,양천구,노동현장,"노동자,직장인","노동,버스,새벽,현장방문",43,새절(신사),,subway,0.4127,202602_6호선_새절(신사),subway
2026-04-30_05:40_양천구,2026-04-30,05:40,양천구,노동현장,"노동자,직장인","노동,버스,새벽,현장방문",44,산본,,subway,0.4123,202602_안산선_산본,subway
2026-04-30_05:40_양천구,2026-04-30,05:40,양천구,노동현장,"노동자,직장인","노동,버스,새벽,현장방문",45,미아(서울사이버대학),,subway,0.4122,202602_4호선_미아(서울사이버대학),subway
2026-04-30_05:40_양천구,2026-04-30,05:40,양천구,노동현장,"노동자,직장인","노동,버스,새벽,현장방문",46,회룡,,subway,0.4114,202602_경원선_회룡,subway
2026-04-30_05:40_양천구,2026-04-30,05:40,양천구,노동현장,"노동자,직장인","노동,버스,새벽,현장방문",47,태평,,subway,0.4109,202602_분당선_태평,subway
2026-04-30_05:40_양천구,2026-04-30,05:40,양천구,노동현장,"노동자,직장인","노동,버스,새벽,현장방문",48,중앙보훈병원,,subway,0.4102,202602_9호선2~3단계_중앙보훈병원,subway
2026-04-30_05:40_양천구,2026-04-30,05:40,양천구,노동현장,"노동자,직장인","노동,버스,새벽,현장방문",49,영등포구청,영등포구,subway,0.4079,202602_2호선_영등포구청,subway
2026-04-30_05:40_양천구,2026-04-30,05:40,양천구,노동현장,"노동자,직장인","노동,버스,새벽,현장방문",50,상왕십리,,subway,0.4076,202602_2호선_상왕십리,subway
2026-04-30_15:00_금천구,2026-04-30,15:00,금천구,전통시장,"상인,지역주민","전통시장,상권,지역방문,오후",1,남대문시장,중구,market,0.7056,중구_남대문시장,market
2026-04-30_15:00_금천구,2026-04-30,15:00,금천구,전통시장,"상인,지역주민","전통시장,상권,지역방문,오후",2,동대문종합시장,종로구,market,0.6301,종로구_동대문종합시장,market
2026-04-30_15:00_금천구,2026-04-30,15:00,금천구,전통시장,"상인,지역주민","전통시장,상권,지역방문,오후",3,장안 마실 골목형상점가,동대문구,market,0.6299,동대문구_장안_마실_골목형상점가,market
2026-04-30_15:00_금천구,2026-04-30,15:00,금천구,전통시장,"상인,지역주민","전통시장,상권,지역방문,오후",4,천호로데오거리상점가,강동구,market,0.5914,강동구_천호로데오거리상점가,market
2026-04-30_15:00_금천구,2026-04-30,15:00,금천구,전통시장,"상인,지역주민","전통시장,상권,지역방문,오후",5,광장전통시장,종로구,market,0.5714,종로구_광장전통시장,market
2026-04-30_15:00_금천구,2026-04-30,15:00,금천구,전통시장,"상인,지역주민","전통시장,상권,지역방문,오후",6,대명여울빛거리시장,금천구,market,0.4824,금천구_대명여울빛거리시장,market
2026-04-30_15:00_금천구,2026-04-30,15:00,금천구,전통시장,"상인,지역주민","전통시장,상권,지역방문,오후",7,비단길현대시장,금천구,market,0.4807,금천구_비단길현대시장,market
2026-04-30_15:00_금천구,2026-04-30,15:00,금천구,전통시장,"상인,지역주민","전통시장,상권,지역방문,오후",8,법원단지길 상점가,금천구,market,0.4739,금천구_법원단지길_상점가,market
2026-04-30_15:00_금천구,2026-04-30,15:00,금천구,전통시장,"상인,지역주민","전통시장,상권,지역방문,오후",9,별빛남문시장,금천구,market,0.4734,금천구_별빛남문시장,market
2026-04-30_15:00_금천구,2026-04-30,15:00,금천구,전통시장,"상인,지역주민","전통시장,상권,지역방문,오후",10,정훈한마음골목시장,금천구,market,0.4713,금천구_정훈한마음골목시장,market
2026-04-30_15:00_금천구,2026-04-30,15:00,금천구,전통시장,"상인,지역주민","전통시장,상권,지역방문,오후",11,북촌계동길 골목형상점가,종로구,market,0.4713,종로구_북촌계동길_골목형상점가,market
2026-04-30_15:00_금천구,2026-04-30,15:00,금천구,전통시장,"상인,지역주민","전통시장,상권,지역방문,오후",12,신원시장,관악구,market,0.4713,관악구_신원시장,market
2026-04-30_15:00_금천구,2026-04-30,15:00,금천구,전통시장,"상인,지역주민","전통시장,상권,지역방문,오후",13,오패산로 골목형상점가,강북구,market,0.4713,강북구_오패산로_골목형상점가,market
2026-04-30_15:00_금천구,2026-04-30,15:00,금천구,전통시장,"상인,지역주민","전통시장,상권,지역방문,오후",14,청량리농수산물시장,동대문구,market,0.4713,동대문구_청량리농수산물시장,market
2026-04-30_15:00_금천구,2026-04-30,15:00,금천구,전통시장,"상인,지역주민","전통시장,상권,지역방문,오후",15,답십리건축자재시장,동대문구,market,0.4712,동대문구_답십리건축자재시장,market
2026-04-30_15:00_금천구,2026-04-30,15:00,금천구,전통시장,"상인,지역주민","전통시장,상권,지역방문,오후",16,영동교골목시장,광진구,market,0.4712,광진구_영동교골목시장,market
2026-04-30_15:00_금천구,2026-04-30,15:00,금천구,전통시장,"상인,지역주민","전통시장,상권,지역방문,오후",17,자양한강전통시장,광진구,market,0.4712,광진구_자양한강전통시장,market
2026-04-30_15:00_금천구,2026-04-30,15:00,금천구,전통시장,"상인,지역주민","전통시장,상권,지역방문,오후",18,청량리청과물시장,동대문구,market,0.4712,동대문구_청량리청과물시장,market
2026-04-30_15:00_금천구,2026-04-30,15:00,금천구,전통시장,"상인,지역주민","전통시장,상권,지역방문,오후",19,공항대로 골목형상점가,강서구,market,0.471,강서구_공항대로_골목형상점가,market
2026-04-30_15:00_금천구,2026-04-30,15:00,금천구,전통시장,"상인,지역주민","전통시장,상권,지역방문,오후",20,우이골목시장골목형상점가,강북구,market,0.471,강북구_우이골목시장골목형상점가,market
2026-04-30_15:00_금천구,2026-04-30,15:00,금천구,전통시장,"상인,지역주민","전통시장,상권,지역방문,오후",21,조원동펭귄시장,관악구,market,0.471,관악구_조원동펭귄시장,market
2026-04-30_15:00_금천구,2026-04-30,15:00,금천구,전통시장,"상인,지역주민","전통시장,상권,지역방문,오후",22,대조시장,은평구,market,0.4709,은평구_대조시장,market
2026-04-30_15:00_금천구,2026-04-30,15:00,금천구,전통시장,"상인,지역주민","전통시장,상권,지역방문,오후",23,방신전통시장,강서구,market,0.4709,강서구_방신전통시장,market
2026-04-30_15:00_금천구,2026-04-30,15:00,금천구,전통시장,"상인,지역주민","전통시장,상권,지역방문,오후",24,신영시장,양천구,market,0.4709,양천구_신영시장,market
2026-04-30_15:00_금천구,2026-04-30,15:00,금천구,전통시장,"상인,지역주민","전통시장,상권,지역방문,오후",25,인수로골목형상점가,강북구,market,0.4709,강북구_인수로골목형상점가,market
2026-04-30_15:00_금천구,2026-04-30,15:00,금천구,전통시장,"상인,지역주민","전통시장,상권,지역방문,오후",26,영등포전통시장,영등포구,market,0.4708,영등포구_영등포전통시장,market
2026-04-30_15:00_금천구,2026-04-30,15:00,금천구,전통시장,"상인,지역주민","전통시장,상권,지역방문,오후",27,경동광성상가,동대문구,market,0.4707,동대문구_경동광성상가,market
2026-04-30_15:00_금천구,2026-04-30,15:00,금천구,전통시장,"상인,지역주민","전통시장,상권,지역방문,오후",28,금남시장,성동구,market,0.4707,성동구_금남시장,market
2026-04-30_15:00_금천구,2026-04-30,15:00,금천구,전통시장,"상인,지역주민","전통시장,상권,지역방문,오후",29,성북천골목형상점가,성북구,market,0.4707,성북구_성북천골목형상점가,market
2026-04-30_15:00_금천구,2026-04-30,15:00,금천구,전통시장,"상인,지역주민","전통시장,상권,지역방문,오후",30,신대방1동 온누리길 골목형상점가,동작구,market,0.4707,동작구_신대방1동_온누리길_골목형상점가,market
2026-04-30_15:00_금천구,2026-04-30,15:00,금천구,전통시장,"상인,지역주민","전통시장,상권,지역방문,오후",31,남성역골목시장,동작구,market,0.4706,동작구_남성역골목시장,market
2026-04-30_15:00_금천구,2026-04-30,15:00,금천구,전통시장,"상인,지역주민","전통시장,상권,지역방문,오후",32,사가정51길 골목형상점가,중랑구,market,0.4706,중랑구_사가정51길_골목형상점가,market
2026-04-30_15:00_금천구,2026-04-30,15:00,금천구,전통시장,"상인,지역주민","전통시장,상권,지역방문,오후",33,청량리수산시장,동대문구,market,0.4706,동대문구_청량리수산시장,market
2026-04-30_15:00_금천구,2026-04-30,15:00,금천구,전통시장,"상인,지역주민","전통시장,상권,지역방문,오후",34,가리봉시장,구로구,market,0.4705,구로구_가리봉시장,market
2026-04-30_15:00_금천구,2026-04-30,15:00,금천구,전통시장,"상인,지역주민","전통시장,상권,지역방문,오후",35,돌곶이시장,성북구,market,0.4704,성북구_돌곶이시장,market
2026-04-30_15:00_금천구,2026-04-30,15:00,금천구,전통시장,"상인,지역주민","전통시장,상권,지역방문,오후",36,백운시장,도봉구,market,0.4704,도봉구_백운시장,market
2026-04-30_15:00_금천구,2026-04-30,15:00,금천구,전통시장,"상인,지역주민","전통시장,상권,지역방문,오후",37,관악신사시장,관악구,market,0.4703,관악구_관악신사시장,market
2026-04-30_15:00_금천구,2026-04-30,15:00,금천구,전통시장,"상인,지역주민","전통시장,상권,지역방문,오후",38,목동깨비시장,양천구,market,0.4702,양천구_목동깨비시장,market
2026-04-30_15:00_금천구,2026-04-30,15:00,금천구,전통시장,"상인,지역주민","전통시장,상권,지역방문,오후",39,수유재래시장,강북구,market,0.4702,강북구_수유재래시장,market
2026-04-30_15:00_금천구,2026-04-30,15:00,금천구,전통시장,"상인,지역주민","전통시장,상권,지역방문,오후",40,중랑동부시장,중랑구,market,0.4702,중랑구_중랑동부시장,market
2026-04-30_15:00_금천구,2026-04-30,15:00,금천구,전통시장,"상인,지역주민","전통시장,상권,지역방문,오후",41,공항골목시장 골목형상점가,강서구,market,0.4701,강서구_공항골목시장_골목형상점가,market
2026-04-30_15:00_금천구,2026-04-30,15:00,금천구,전통시장,"상인,지역주민","전통시장,상권,지역방문,오후",42,묵동도깨비시장 골목형상점가,중랑구,market,0.4701,중랑구_묵동도깨비시장_골목형상점가,market
2026-04-30_15:00_금천구,2026-04-30,15:00,금천구,전통시장,"상인,지역주민","전통시장,상권,지역방문,오후",43,솔샘시장 골목형상점가,강북구,market,0.4701,강북구_솔샘시장_골목형상점가,market
2026-04-30_15:00_금천구,2026-04-30,15:00,금천구,전통시장,"상인,지역주민","전통시장,상권,지역방문,오후",44,화곡중앙시장,강서구,market,0.4701,강서구_화곡중앙시장,market
2026-04-30_15:00_금천구,2026-04-30,15:00,금천구,전통시장,"상인,지역주민","전통시장,상권,지역방문,오후",45,인헌시장,관악구,market,0.4699,관악구_인헌시장,market
2026-04-30_15:00_금천구,2026-04-30,15:00,금천구,전통시장,"상인,지역주민","전통시장,상권,지역방문,오후",46,태능 골목형상점가,중랑구,market,0.4699,중랑구_태능_골목형상점가,market
2026-04-30_15:00_금천구,2026-04-30,15:00,금천구,전통시장,"상인,지역주민","전통시장,상권,지역방문,오후",47,홍대레드로드골목형상점가,마포구,market,0.4699,마포구_홍대레드로드골목형상점가,market
2026-04-30_15:00_금천구,2026-04-30,15:00,금천구,전통시장,"상인,지역주민","전통시장,상권,지역방문,오후",48,둔촌역전통시장,강동구,market,0.4698,강동구_둔촌역전통시장,market
2026-04-30_15:00_금천구,2026-04-30,15:00,금천구,전통시장,"상인,지역주민","전통시장,상권,지역방문,오후",49,포방터시장,서대문구,market,0.4698,서대문구_포방터시장,market
2026-04-30_15:00_금천구,2026-04-30,15:00,금천구,전통시장,"상인,지역주민","전통시장,상권,지역방문,오후",50,봉제산길 골목형상점가,강서구,market,0.4697,강서구_봉제산길_골목형상점가,market
2026-05-01_14:00_마포구,2026-05-01,14:00,마포구,노동현장,"노동자,일반시민","노동절,노동,집회,기념행사",1,홍대입구,마포구,subway,0.8656,202602_2호선_홍대입구,subway
2026-05-01_14:00_마포구,2026-05-01,14:00,마포구,노동현장,"노동자,일반시민","노동절,노동,집회,기념행사",2,용강 노인복지관,마포구,senior_friendly,0.7839,G0811,senior_friendly
2026-05-01_14:00_마포구,2026-05-01,14:00,마포구,노동현장,"노동자,일반시민","노동절,노동,집회,기념행사",3,월드컵공원,마포구,park,0.7425,5,park
2026-05-01_14:00_마포구,2026-05-01,14:00,마포구,노동현장,"노동자,일반시민","노동절,노동,집회,기념행사",4,문화비축기지,마포구,park,0.634,127,park
2026-05-01_14:00_마포구,2026-05-01,14:00,마포구,노동현장,"노동자,일반시민","노동절,노동,집회,기념행사",5,와우근린공원,마포구,park,0.6305,102,park
2026-05-01_14:00_마포구,2026-05-01,14:00,마포구,노동현장,"노동자,일반시민","노동절,노동,집회,기념행사",6,상암근린공원,마포구,park,0.6243,101,park
2026-05-01_14:00_마포구,2026-05-01,14:00,마포구,노동현장,"노동자,일반시민","노동절,노동,집회,기념행사",7,외국인묘지공원,마포구,park,0.5815,70,park
2026-05-01_14:00_마포구,2026-05-01,14:00,마포구,노동현장,"노동자,일반시민","노동절,노동,집회,기념행사",8,합정,마포구,subway,0.4906,202602_2호선_합정,subway
2026-05-01_14:00_마포구,2026-05-01,14:00,마포구,노동현장,"노동자,일반시민","노동절,노동,집회,기념행사",9,아현시장,마포구,market,0.4776,마포구_아현시장,market
2026-05-01_14:00_마포구,2026-05-01,14:00,마포구,노동현장,"노동자,일반시민","노동절,노동,집회,기념행사",10,연남동골목형상점가,마포구,market,0.4764,마포구_연남동골목형상점가,market
2026-05-01_14:00_마포구,2026-05-01,14:00,마포구,노동현장,"노동자,일반시민","노동절,노동,집회,기념행사",11,새마을시장,송파구,market,0.4763,송파구_새마을시장,market
2026-05-01_14:00_마포구,2026-05-01,14:00,마포구,노동현장,"노동자,일반시민","노동절,노동,집회,기념행사",12,회기,,subway,0.4762,202602_중앙선_회기,subway
2026-05-01_14:00_마포구,2026-05-01,14:00,마포구,노동현장,"노동자,일반시민","노동절,노동,집회,기념행사",13,동원전통종합시장,중랑구,market,0.4761,중랑구_동원전통종합시장,market
2026-05-01_14:00_마포구,2026-05-01,14:00,마포구,노동현장,"노동자,일반시민","노동절,노동,집회,기념행사",14,길동복조리시장,강동구,market,0.4759,강동구_길동복조리시장,market
2026-05-01_14:00_마포구,2026-05-01,14:00,마포구,노동현장,"노동자,일반시민","노동절,노동,집회,기념행사",15,송화벽화시장,강서구,market,0.4759,강서구_송화벽화시장,market
2026-05-01_14:00_마포구,2026-05-01,14:00,마포구,노동현장,"노동자,일반시민","노동절,노동,집회,기념행사",16,월곡달빛오거리골목형상점가,성북구,market,0.4759,성북구_월곡달빛오거리골목형상점가,market
2026-05-01_14:00_마포구,2026-05-01,14:00,마포구,노동현장,"노동자,일반시민","노동절,노동,집회,기념행사",17,자양전통시장,광진구,market,0.4758,광진구_자양전통시장,market
2026-05-01_14:00_마포구,2026-05-01,14:00,마포구,노동현장,"노동자,일반시민","노동절,노동,집회,기념행사",18,마천중앙시장,송파구,market,0.4757,송파구_마천중앙시장,market
2026-05-01_14:00_마포구,2026-05-01,14:00,마포구,노동현장,"노동자,일반시민","노동절,노동,집회,기념행사",19,석계음식문화거리,성북구,market,0.4756,성북구_석계음식문화거리,market
2026-05-01_14:00_마포구,2026-05-01,14:00,마포구,노동현장,"노동자,일반시민","노동절,노동,집회,기념행사",20,성대전통시장,동작구,market,0.4756,동작구_성대전통시장,market
2026-05-01_14:00_마포구,2026-05-01,14:00,마포구,노동현장,"노동자,일반시민","노동절,노동,집회,기념행사",21,중곡제일골목시장,광진구,market,0.4754,광진구_중곡제일골목시장,market
2026-05-01_14:00_마포구,2026-05-01,14:00,마포구,노동현장,"노동자,일반시민","노동절,노동,집회,기념행사",22,영동전통시장,강남구,market,0.4753,강남구_영동전통시장,market
2026-05-01_14:00_마포구,2026-05-01,14:00,마포구,노동현장,"노동자,일반시민","노동절,노동,집회,기념행사",23,암사종합시장,강동구,market,0.4752,강동구_암사종합시장,market
2026-05-01_14:00_마포구,2026-05-01,14:00,마포구,노동현장,"노동자,일반시민","노동절,노동,집회,기념행사",24,건리단길골목형상점가,광진구,market,0.4751,광진구_건리단길골목형상점가,market
2026-05-01_14:00_마포구,2026-05-01,14:00,마포구,노동현장,"노동자,일반시민","노동절,노동,집회,기념행사",25,용산용문시장,용산구,market,0.4751,용산구_용산용문시장,market
2026-05-01_14:00_마포구,2026-05-01,14:00,마포구,노동현장,"노동자,일반시민","노동절,노동,집회,기념행사",26,자양15번가 골목형상점가,광진구,market,0.475,광진구_자양15번가_골목형상점가,market
2026-05-01_14:00_마포구,2026-05-01,14:00,마포구,노동현장,"노동자,일반시민","노동절,노동,집회,기념행사",27,종암북바위길골목형상점가,성북구,market,0.4748,성북구_종암북바위길골목형상점가,market
2026-05-01_14:00_마포구,2026-05-01,14:00,마포구,노동현장,"노동자,일반시민","노동절,노동,집회,기념행사",28,황학시장,중구,market,0.4747,중구_황학시장,market
2026-05-01_14:00_마포구,2026-05-01,14:00,마포구,노동현장,"노동자,일반시민","노동절,노동,집회,기념행사",29,공릉동도깨비시장,노원구,market,0.4746,노원구_공릉동도깨비시장,market
2026-05-01_14:00_마포구,2026-05-01,14:00,마포구,노동현장,"노동자,일반시민","노동절,노동,집회,기념행사",30,녹두S밸리 골목형상점가,관악구,market,0.4746,관악구_녹두S밸리_골목형상점가,market
2026-05-01_14:00_마포구,2026-05-01,14:00,마포구,노동현장,"노동자,일반시민","노동절,노동,집회,기념행사",31,남성사계시장(남성시장),동작구,market,0.4745,동작구_남성사계시장(남성시장),market
2026-05-01_14:00_마포구,2026-05-01,14:00,마포구,노동현장,"노동자,일반시민","노동절,노동,집회,기념행사",32,화곡,강서구,subway,0.4745,202602_5호선_화곡,subway
2026-05-01_14:00_마포구,2026-05-01,14:00,마포구,노동현장,"노동자,일반시민","노동절,노동,집회,기념행사",33,장한평역  먹자 골목형상점가,동대문구,market,0.4743,동대문구_장한평역__먹자_골목형상점가,market
2026-05-01_14:00_마포구,2026-05-01,14:00,마포구,노동현장,"노동자,일반시민","노동절,노동,집회,기념행사",34,금정,,subway,0.474,202602_경부선_금정,subway
2026-05-01_14:00_마포구,2026-05-01,14:00,마포구,노동현장,"노동자,일반시민","노동절,노동,집회,기념행사",35,사근살곶이골목형상점가시장,성동구,market,0.474,성동구_사근살곶이골목형상점가시장,market
2026-05-01_14:00_마포구,2026-05-01,14:00,마포구,노동현장,"노동자,일반시민","노동절,노동,집회,기념행사",36,법원단지길 상점가,금천구,market,0.4739,금천구_법원단지길_상점가,market
2026-05-01_14:00_마포구,2026-05-01,14:00,마포구,노동현장,"노동자,일반시민","노동절,노동,집회,기념행사",37,상계중앙시장,노원구,market,0.4739,노원구_상계중앙시장,market
2026-05-01_14:00_마포구,2026-05-01,14:00,마포구,노동현장,"노동자,일반시민","노동절,노동,집회,기념행사",38,행운담길 골목형상점가,관악구,market,0.4739,관악구_행운담길_골목형상점가,market
2026-05-01_14:00_마포구,2026-05-01,14:00,마포구,노동현장,"노동자,일반시민","노동절,노동,집회,기념행사",39,돈암시장,성북구,market,0.4738,성북구_돈암시장,market
2026-05-01_14:00_마포구,2026-05-01,14:00,마포구,노동현장,"노동자,일반시민","노동절,노동,집회,기념행사",40,불광천나들이거리골목형상점가,은평구,market,0.4738,은평구_불광천나들이거리골목형상점가,market
2026-05-01_14:00_마포구,2026-05-01,14:00,마포구,노동현장,"노동자,일반시민","노동절,노동,집회,기념행사",41,상봉먹자 골목형상점가,중랑구,market,0.4738,중랑구_상봉먹자_골목형상점가,market
2026-05-01_14:00_마포구,2026-05-01,14:00,마포구,노동현장,"노동자,일반시민","노동절,노동,집회,기념행사",42,흑석시장 골목형상점가,동작구,market,0.4738,동작구_흑석시장_골목형상점가,market
2026-05-01_14:00_마포구,2026-05-01,14:00,마포구,노동현장,"노동자,일반시민","노동절,노동,집회,기념행사",43,구로시장,구로구,market,0.4737,구로구_구로시장,market
2026-05-01_14:00_마포구,2026-05-01,14:00,마포구,노동현장,"노동자,일반시민","노동절,노동,집회,기념행사",44,동대문문구?완구거리,종로구,market,0.4736,종로구_동대문문구?완구거리,market
2026-05-01_14:00_마포구,2026-05-01,14:00,마포구,노동현장,"노동자,일반시민","노동절,노동,집회,기념행사",45,별빛남문시장,금천구,market,0.4734,금천구_별빛남문시장,market
2026-05-01_14:00_마포구,2026-05-01,14:00,마포구,노동현장,"노동자,일반시민","노동절,노동,집회,기념행사",46,녹두 골목형상점가,관악구,market,0.4733,관악구_녹두_골목형상점가,market
2026-05-01_14:00_마포구,2026-05-01,14:00,마포구,노동현장,"노동자,일반시민","노동절,노동,집회,기념행사",47,방학동도깨비시장,도봉구,market,0.4733,도봉구_방학동도깨비시장,market
2026-05-01_14:00_마포구,2026-05-01,14:00,마포구,노동현장,"노동자,일반시민","노동절,노동,집회,기념행사",48,경희담길 골목형상점가,동대문구,market,0.4732,동대문구_경희담길_골목형상점가,market
2026-05-01_14:00_마포구,2026-05-01,14:00,마포구,노동현장,"노동자,일반시민","노동절,노동,집회,기념행사",49,석촌시장,송파구,market,0.4732,송파구_석촌시장,market
2026-05-01_14:00_마포구,2026-05-01,14:00,마포구,노동현장,"노동자,일반시민","노동절,노동,집회,기념행사",50,상도전통시장,동작구,market,0.4731,동작구_상도전통시장,market
2026-05-02_07:00_마포구,2026-05-02,07:00,마포구,체육시설,"여성,체육인,일반시민","체육행사,여성,주말,오전",1,봉은공원,강남구,park,0.7275,64,park
2026-05-02_07:00_마포구,2026-05-02,07:00,마포구,체육시설,"여성,체육인,일반시민","체육행사,여성,주말,오전",2,월드컵공원,마포구,park,0.7248,5,park
2026-05-02_07:00_마포구,2026-05-02,07:00,마포구,체육시설,"여성,체육인,일반시민","체육행사,여성,주말,오전",3,중랑캠핑숲,중랑구,park,0.7213,93,park
2026-05-02_07:00_마포구,2026-05-02,07:00,마포구,체육시설,"여성,체육인,일반시민","체육행사,여성,주말,오전",4,백련근린공원,서대문구,park,0.7077,59,park
2026-05-02_07:00_마포구,2026-05-02,07:00,마포구,체육시설,"여성,체육인,일반시민","체육행사,여성,주말,오전",5,남산공원,중구,park,0.6998,1,park
2026-05-02_07:00_마포구,2026-05-02,07:00,마포구,체육시설,"여성,체육인,일반시민","체육행사,여성,주말,오전",6,안산도시자연공원,서대문구,park,0.6971,57,park
2026-05-02_07:00_마포구,2026-05-02,07:00,마포구,체육시설,"여성,체육인,일반시민","체육행사,여성,주말,오전",7,문화비축기지,마포구,park,0.6163,127,park
2026-05-02_07:00_마포구,2026-05-02,07:00,마포구,체육시설,"여성,체육인,일반시민","체육행사,여성,주말,오전",8,와우근린공원,마포구,park,0.6129,102,park
2026-05-02_07:00_마포구,2026-05-02,07:00,마포구,체육시설,"여성,체육인,일반시민","체육행사,여성,주말,오전",9,상암근린공원,마포구,park,0.6077,101,park
2026-05-02_07:00_마포구,2026-05-02,07:00,마포구,체육시설,"여성,체육인,일반시민","체육행사,여성,주말,오전",10,외국인묘지공원,마포구,park,0.565,70,park
2026-05-02_07:00_마포구,2026-05-02,07:00,마포구,체육시설,"여성,체육인,일반시민","체육행사,여성,주말,오전",11,샛마을근린공원,강동구,park,0.5638,12,park
2026-05-02_07:00_마포구,2026-05-02,07:00,마포구,체육시설,"여성,체육인,일반시민","체육행사,여성,주말,오전",12,서울대공원,,park,0.5511,3,park
2026-05-02_07:00_마포구,2026-05-02,07:00,마포구,체육시설,"여성,체육인,일반시민","체육행사,여성,주말,오전",13,경춘선숲길,노원구,park,0.5485,128,park
2026-05-02_07:00_마포구,2026-05-02,07:00,마포구,체육시설,"여성,체육인,일반시민","체육행사,여성,주말,오전",14,매화근린공원,강서구,park,0.5416,10,park
2026-05-02_07:00_마포구,2026-05-02,07:00,마포구,체육시설,"여성,체육인,일반시민","체육행사,여성,주말,오전",15,올림픽공원,송파구,park,0.4817,65,park
2026-05-02_07:00_마포구,2026-05-02,07:00,마포구,체육시설,"여성,체육인,일반시민","체육행사,여성,주말,오전",16,진관근린공원(구파발폭포),은평구,park,0.4701,7,park
2026-05-02_07:00_마포구,2026-05-02,07:00,마포구,체육시설,"여성,체육인,일반시민","체육행사,여성,주말,오전",17,감로천생태공원(관악산),금천구,park,0.4499,26,park
2026-05-02_07:00_마포구,2026-05-02,07:00,마포구,체육시설,"여성,체육인,일반시민","체육행사,여성,주말,오전",18,서소문역사공원,중구,park,0.4459,132,park
2026-05-02_07:00_마포구,2026-05-02,07:00,마포구,체육시설,"여성,체육인,일반시민","체육행사,여성,주말,오전",19,순화문화공원,중구,park,0.4459,133,park
2026-05-02_10:00_동대문구,2026-05-02,10:00,동대문구,복지시설,"노년층,취약계층,지역주민","복지,나눔,현장방문",1,성수1가2동노인복지관 대현분소,성동구,senior_friendly,0.9585,C0000006935,senior_friendly
2026-05-02_10:00_동대문구,2026-05-02,10:00,동대문구,복지시설,"노년층,취약계층,지역주민","복지,나눔,현장방문",2,강남구립 도곡1노인복지관,강남구,senior_friendly,0.9536,C0609608169,senior_friendly
2026-05-02_10:00_동대문구,2026-05-02,10:00,동대문구,복지시설,"노년층,취약계층,지역주민","복지,나눔,현장방문",3,강동구립 해공노인복지관,강동구,senior_friendly,0.952,A5818,senior_friendly
2026-05-02_10:00_동대문구,2026-05-02,10:00,동대문구,복지시설,"노년층,취약계층,지역주민","복지,나눔,현장방문",4,구립 자양노인복지관,광진구,senior_friendly,0.9487,C0608070655,senior_friendly
2026-05-02_10:00_동대문구,2026-05-02,10:00,동대문구,복지시설,"노년층,취약계층,지역주민","복지,나눔,현장방문",5,구립갈현노인복지관,은평구,senior_friendly,0.947,A2247,senior_friendly
2026-05-02_10:00_동대문구,2026-05-02,10:00,동대문구,복지시설,"노년층,취약계층,지역주민","복지,나눔,현장방문",6,용강 노인복지관,마포구,senior_friendly,0.9454,G0811,senior_friendly
2026-05-02_10:00_동대문구,2026-05-02,10:00,동대문구,복지시설,"노년층,취약계층,지역주민","복지,나눔,현장방문",7,북가좌노인복지관,서대문구,senior_friendly,0.9454,A1599,senior_friendly
2026-05-02_10:00_동대문구,2026-05-02,10:00,동대문구,복지시설,"노년층,취약계층,지역주민","복지,나눔,현장방문",8,청파노인복지관,용산구,senior_friendly,0.9438,A4195,senior_friendly
2026-05-02_10:00_동대문구,2026-05-02,10:00,동대문구,복지시설,"노년층,취약계층,지역주민","복지,나눔,현장방문",9,약수노인복지관,중구,senior_friendly,0.9438,A2255,senior_friendly
2026-05-02_10:00_동대문구,2026-05-02,10:00,동대문구,복지시설,"노년층,취약계층,지역주민","복지,나눔,현장방문",10,서울시립동대문노인종합복지관,동대문구,senior_friendly,0.928,A3206,senior_friendly
2026-05-02_10:00_동대문구,2026-05-02,10:00,동대문구,복지시설,"노년층,취약계층,지역주민","복지,나눔,현장방문",11,서울시립강서노인종합복지관,강서구,senior_friendly,0.9264,A2771,senior_friendly
2026-05-02_10:00_동대문구,2026-05-02,10:00,동대문구,복지시설,"노년층,취약계층,지역주민","복지,나눔,현장방문",12,서초구립방배노인종합복지관,서초구,senior_friendly,0.9264,Z0629,senior_friendly
2026-05-02_10:00_동대문구,2026-05-02,10:00,동대문구,복지시설,"노년층,취약계층,지역주민","복지,나눔,현장방문",13,구립영등포노인종합복지관,영등포구,senior_friendly,0.9248,A4035,senior_friendly
2026-05-02_10:00_동대문구,2026-05-02,10:00,동대문구,복지시설,"노년층,취약계층,지역주민","복지,나눔,현장방문",14,구립신내노인종합복지관,중랑구,senior_friendly,0.9231,A3015,senior_friendly
2026-05-02_10:00_동대문구,2026-05-02,10:00,동대문구,복지시설,"노년층,취약계층,지역주민","복지,나눔,현장방문",15,금천호암노인종합복지관,금천구,senior_friendly,0.9231,A6518,senior_friendly
2026-05-02_10:00_동대문구,2026-05-02,10:00,동대문구,복지시설,"노년층,취약계층,지역주민","복지,나눔,현장방문",16,시립성북노인종합복지관,성북구,senior_friendly,0.9231,A2733,senior_friendly
2026-05-02_10:00_동대문구,2026-05-02,10:00,동대문구,복지시설,"노년층,취약계층,지역주민","복지,나눔,현장방문",17,사당어르신종합복지관,동작구,senior_friendly,0.9215,G1437,senior_friendly
2026-05-02_10:00_동대문구,2026-05-02,10:00,동대문구,복지시설,"노년층,취약계층,지역주민","복지,나눔,현장방문",18,양천어르신종합복지관,양천구,senior_friendly,0.9215,A1732,senior_friendly
2026-05-02_10:00_동대문구,2026-05-02,10:00,동대문구,복지시설,"노년층,취약계층,지역주민","복지,나눔,현장방문",19,강북노인종합복지관,강북구,senior_friendly,0.9198,A1174,senior_friendly
2026-05-02_10:00_동대문구,2026-05-02,10:00,동대문구,복지시설,"노년층,취약계층,지역주민","복지,나눔,현장방문",20,관악노인종합복지관,관악구,senior_friendly,0.9198,A2776,senior_friendly
2026-05-02_10:00_동대문구,2026-05-02,10:00,동대문구,복지시설,"노년층,취약계층,지역주민","복지,나눔,현장방문",21,구로노인종합복지관,구로구,senior_friendly,0.9198,A7146,senior_friendly
2026-05-02_10:00_동대문구,2026-05-02,10:00,동대문구,복지시설,"노년층,취약계층,지역주민","복지,나눔,현장방문",22,도봉노인종합복지관,도봉구,senior_friendly,0.9198,A5899,senior_friendly
2026-05-02_10:00_동대문구,2026-05-02,10:00,동대문구,복지시설,"노년층,취약계층,지역주민","복지,나눔,현장방문",23,문정노인종합복지관,송파구,senior_friendly,0.9198,C0608954445,senior_friendly
2026-05-02_10:00_동대문구,2026-05-02,10:00,동대문구,복지시설,"노년층,취약계층,지역주민","복지,나눔,현장방문",24,종로노인종합복지관,종로구,senior_friendly,0.9198,A3971,senior_friendly
2026-05-03_08:30_용산구,2026-05-03,08:30,용산구,체육시설,"체육인,지역주민","체육행사,축구,개회식",1,신림,관악구,subway,0.9468,202602_2호선_신림,subway
2026-05-03_08:30_용산구,2026-05-03,08:30,용산구,체육시설,"체육인,지역주민","체육행사,축구,개회식",2,잠실(송파구청),송파구,subway,0.8013,202602_2호선_잠실(송파구청),subway
2026-05-03_08:30_용산구,2026-05-03,08:30,용산구,체육시설,"체육인,지역주민","체육행사,축구,개회식",3,서울역,중구,subway,0.7902,202602_1호선_서울역,subway
2026-05-03_08:30_용산구,2026-05-03,08:30,용산구,체육시설,"체육인,지역주민","체육행사,축구,개회식",4,구로디지털단지,구로구,subway,0.776,202602_2호선_구로디지털단지,subway
2026-05-03_08:30_용산구,2026-05-03,08:30,용산구,체육시설,"체육인,지역주민","체육행사,축구,개회식",5,서울대입구(관악구청),관악구,subway,0.7382,202602_2호선_서울대입구(관악구청),subway
2026-05-03_08:30_용산구,2026-05-03,08:30,용산구,체육시설,"체육인,지역주민","체육행사,축구,개회식",6,신도림,구로구,subway,0.7139,202602_2호선_신도림,subway
2026-05-03_08:30_용산구,2026-05-03,08:30,용산구,체육시설,"체육인,지역주민","체육행사,축구,개회식",7,연신내,은평구,subway,0.667,202602_3호선_연신내,subway
2026-05-03_08:30_용산구,2026-05-03,08:30,용산구,체육시설,"체육인,지역주민","체육행사,축구,개회식",8,까치산,강서구,subway,0.6301,202602_5호선_까치산,subway
2026-05-03_08:30_용산구,2026-05-03,08:30,용산구,체육시설,"체육인,지역주민","체육행사,축구,개회식",9,화곡,강서구,subway,0.6251,202602_5호선_화곡,subway
2026-05-03_08:30_용산구,2026-05-03,08:30,용산구,체육시설,"체육인,지역주민","체육행사,축구,개회식",10,용산,용산구,subway,0.4554,202602_경부선_용산,subway
2026-05-03_08:30_용산구,2026-05-03,08:30,용산구,체육시설,"체육인,지역주민","체육행사,축구,개회식",11,장한평,,subway,0.4549,202602_5호선_장한평,subway
2026-05-03_08:30_용산구,2026-05-03,08:30,용산구,체육시설,"체육인,지역주민","체육행사,축구,개회식",12,하계,,subway,0.4543,202602_7호선_하계,subway
2026-05-03_08:30_용산구,2026-05-03,08:30,용산구,체육시설,"체육인,지역주민","체육행사,축구,개회식",13,녹번,,subway,0.4525,202602_3호선_녹번,subway
2026-05-03_08:30_용산구,2026-05-03,08:30,용산구,체육시설,"체육인,지역주민","체육행사,축구,개회식",14,청량리(서울시립대입구),서울시립대입구,subway,0.4495,202602_1호선_청량리(서울시립대입구),subway
2026-05-03_08:30_용산구,2026-05-03,08:30,용산구,체육시설,"체육인,지역주민","체육행사,축구,개회식",15,야탑,,subway,0.4481,202602_분당선_야탑,subway
2026-05-03_08:30_용산구,2026-05-03,08:30,용산구,체육시설,"체육인,지역주민","체육행사,축구,개회식",16,모란,,subway,0.4473,202602_분당선_모란,subway
2026-05-03_08:30_용산구,2026-05-03,08:30,용산구,체육시설,"체육인,지역주민","체육행사,축구,개회식",17,미사,,subway,0.4467,202602_5호선_미사,subway
2026-05-03_08:30_용산구,2026-05-03,08:30,용산구,체육시설,"체육인,지역주민","체육행사,축구,개회식",18,상봉,,subway,0.4465,202602_7호선_상봉,subway
2026-05-03_08:30_용산구,2026-05-03,08:30,용산구,체육시설,"체육인,지역주민","체육행사,축구,개회식",19,선릉,강남구,subway,0.4454,202602_2호선_선릉,subway
2026-05-03_08:30_용산구,2026-05-03,08:30,용산구,체육시설,"체육인,지역주민","체육행사,축구,개회식",20,신촌,,subway,0.444,202602_2호선_신촌,subway
2026-05-03_08:30_용산구,2026-05-03,08:30,용산구,체육시설,"체육인,지역주민","체육행사,축구,개회식",21,강동,,subway,0.4436,202602_5호선_강동,subway
2026-05-03_08:30_용산구,2026-05-03,08:30,용산구,체육시설,"체육인,지역주민","체육행사,축구,개회식",22,답십리,,subway,0.4433,202602_5호선_답십리,subway
2026-05-03_08:30_용산구,2026-05-03,08:30,용산구,체육시설,"체육인,지역주민","체육행사,축구,개회식",23,신정(은행정),,subway,0.4408,202602_5호선_신정(은행정),subway
2026-05-03_08:30_용산구,2026-05-03,08:30,용산구,체육시설,"체육인,지역주민","체육행사,축구,개회식",24,사가정,,subway,0.4364,202602_7호선_사가정,subway
2026-05-03_08:30_용산구,2026-05-03,08:30,용산구,체육시설,"체육인,지역주민","체육행사,축구,개회식",25,상일동,,subway,0.4348,202602_5호선_상일동,subway
2026-05-03_08:30_용산구,2026-05-03,08:30,용산구,체육시설,"체육인,지역주민","체육행사,축구,개회식",26,신대방삼거리,,subway,0.433,202602_7호선_신대방삼거리,subway
2026-05-03_08:30_용산구,2026-05-03,08:30,용산구,체육시설,"체육인,지역주민","체육행사,축구,개회식",27,면목,,subway,0.4325,202602_7호선_면목,subway
2026-05-03_08:30_용산구,2026-05-03,08:30,용산구,체육시설,"체육인,지역주민","체육행사,축구,개회식",28,당산,영등포구,subway,0.4319,202602_9호선_당산,subway
2026-05-03_08:30_용산구,2026-05-03,08:30,용산구,체육시설,"체육인,지역주민","체육행사,축구,개회식",29,목동,,subway,0.4315,202602_5호선_목동,subway
2026-05-03_08:30_용산구,2026-05-03,08:30,용산구,체육시설,"체육인,지역주민","체육행사,축구,개회식",30,마들,,subway,0.4304,202602_7호선_마들,subway
2026-05-03_08:30_용산구,2026-05-03,08:30,용산구,체육시설,"체육인,지역주민","체육행사,축구,개회식",31,상록수,,subway,0.4297,202602_안산선_상록수,subway
2026-05-03_08:30_용산구,2026-05-03,08:30,용산구,체육시설,"체육인,지역주민","체육행사,축구,개회식",32,중계,,subway,0.4296,202602_7호선_중계,subway
2026-05-03_08:30_용산구,2026-05-03,08:30,용산구,체육시설,"체육인,지역주민","체육행사,축구,개회식",33,노원,노원구,subway,0.4295,202602_4호선_노원,subway
2026-05-03_08:30_용산구,2026-05-03,08:30,용산구,체육시설,"체육인,지역주민","체육행사,축구,개회식",34,양재(서초구청),서초구,subway,0.4286,202602_3호선_양재(서초구청),subway
2026-05-03_08:30_용산구,2026-05-03,08:30,용산구,체육시설,"체육인,지역주민","체육행사,축구,개회식",35,성신여대입구(돈암),성신여대입구,subway,0.4275,202602_4호선_성신여대입구(돈암),subway
2026-05-03_08:30_용산구,2026-05-03,08:30,용산구,체육시설,"체육인,지역주민","체육행사,축구,개회식",36,주안,,subway,0.4264,202602_경인선_주안,subway
2026-05-03_08:30_용산구,2026-05-03,08:30,용산구,체육시설,"체육인,지역주민","체육행사,축구,개회식",37,성균관대,,subway,0.4254,202602_경부선_성균관대,subway
2026-05-03_08:30_용산구,2026-05-03,08:30,용산구,체육시설,"체육인,지역주민","체육행사,축구,개회식",38,총신대입구(이수),총신대입구,subway,0.4254,202602_4호선_총신대입구(이수),subway
2026-05-03_08:30_용산구,2026-05-03,08:30,용산구,체육시설,"체육인,지역주민","체육행사,축구,개회식",39,성수,성동구,subway,0.4239,202602_2호선_성수,subway
2026-05-03_08:30_용산구,2026-05-03,08:30,용산구,체육시설,"체육인,지역주민","체육행사,축구,개회식",40,합정,마포구,subway,0.4234,202602_2호선_합정,subway
2026-05-03_08:30_용산구,2026-05-03,08:30,용산구,체육시설,"체육인,지역주민","체육행사,축구,개회식",41,남부터미널(예술의전당),,subway,0.423,202602_3호선_남부터미널(예술의전당),subway
2026-05-03_08:30_용산구,2026-05-03,08:30,용산구,체육시설,"체육인,지역주민","체육행사,축구,개회식",42,불광,,subway,0.4201,202602_3호선_불광,subway
2026-05-03_08:30_용산구,2026-05-03,08:30,용산구,체육시설,"체육인,지역주민","체육행사,축구,개회식",43,의정부,,subway,0.4193,202602_경원선_의정부,subway
2026-05-03_08:30_용산구,2026-05-03,08:30,용산구,체육시설,"체육인,지역주민","체육행사,축구,개회식",44,화정,,subway,0.4184,202602_일산선_화정,subway
2026-05-03_08:30_용산구,2026-05-03,08:30,용산구,체육시설,"체육인,지역주민","체육행사,축구,개회식",45,우장산,,subway,0.418,202602_5호선_우장산,subway
2026-05-03_08:30_용산구,2026-05-03,08:30,용산구,체육시설,"체육인,지역주민","체육행사,축구,개회식",46,오목교(목동운동장앞),,subway,0.4179,202602_5호선_오목교(목동운동장앞),subway
2026-05-03_08:30_용산구,2026-05-03,08:30,용산구,체육시설,"체육인,지역주민","체육행사,축구,개회식",47,동암,,subway,0.4163,202602_경인선_동암,subway
2026-05-03_08:30_용산구,2026-05-03,08:30,용산구,체육시설,"체육인,지역주민","체육행사,축구,개회식",48,평촌,,subway,0.4163,202602_과천선_평촌,subway
2026-05-03_08:30_용산구,2026-05-03,08:30,용산구,체육시설,"체육인,지역주민","체육행사,축구,개회식",49,수서,,subway,0.4162,202602_분당선_수서,subway
2026-05-03_08:30_용산구,2026-05-03,08:30,용산구,체육시설,"체육인,지역주민","체육행사,축구,개회식",50,중앙,,subway,0.4155,202602_안산선_중앙,subway
2026-05-04_14:30_영등포구,2026-05-04,14:30,영등포구,정책현장,"직장인,금융업 종사자","금융,현장방문,직장인",1,구립영등포노인종합복지관,영등포구,senior_friendly,0.7632,A4035,senior_friendly
2026-05-04_14:30_영등포구,2026-05-04,14:30,영등포구,정책현장,"직장인,금융업 종사자","금융,현장방문,직장인",2,여의도근린공원,영등포구,park,0.7046,13,park
2026-05-04_14:30_영등포구,2026-05-04,14:30,영등포구,정책현장,"직장인,금융업 종사자","금융,현장방문,직장인",3,영등포,영등포구,subway,0.6567,202602_경부선_영등포,subway
2026-05-04_14:30_영등포구,2026-05-04,14:30,영등포구,정책현장,"직장인,금융업 종사자","금융,현장방문,직장인",4,선유도근린공원,영등포구,park,0.6121,86,park
2026-05-04_14:30_영등포구,2026-05-04,14:30,영등포구,정책현장,"직장인,금융업 종사자","금융,현장방문,직장인",5,영등포근린공원,영등포구,park,0.6119,16,park
2026-05-04_14:30_영등포구,2026-05-04,14:30,영등포구,정책현장,"직장인,금융업 종사자","금융,현장방문,직장인",6,중마루근린공원,영등포구,park,0.6067,8,park
2026-05-04_14:30_영등포구,2026-05-04,14:30,영등포구,정책현장,"직장인,금융업 종사자","금융,현장방문,직장인",7,자매근린공원,영등포구,park,0.5863,51,park
2026-05-04_14:30_영등포구,2026-05-04,14:30,영등포구,정책현장,"직장인,금융업 종사자","금융,현장방문,직장인",8,영등포유통상가,영등포구,market,0.5381,영등포구_영등포유통상가,market
2026-05-04_14:30_영등포구,2026-05-04,14:30,영등포구,정책현장,"직장인,금융업 종사자","금융,현장방문,직장인",9,여의도,영등포구,subway,0.5131,202602_9호선_여의도,subway
2026-05-04_14:30_영등포구,2026-05-04,14:30,영등포구,정책현장,"직장인,금융업 종사자","금융,현장방문,직장인",10,영등포시장기계공구상가,영등포구,market,0.4939,영등포구_영등포시장기계공구상가,market
2026-05-04_14:30_영등포구,2026-05-04,14:30,영등포구,정책현장,"직장인,금융업 종사자","금융,현장방문,직장인",11,통일상가,중구,market,0.4936,중구_통일상가,market
2026-05-04_14:30_영등포구,2026-05-04,14:30,영등포구,정책현장,"직장인,금융업 종사자","금융,현장방문,직장인",12,충무로,,subway,0.492,202602_4호선_충무로,subway
2026-05-04_14:30_영등포구,2026-05-04,14:30,영등포구,정책현장,"직장인,금융업 종사자","금융,현장방문,직장인",13,신림별빛거리 골목형상점가,관악구,market,0.4918,관악구_신림별빛거리_골목형상점가,market
2026-05-04_14:30_영등포구,2026-05-04,14:30,영등포구,정책현장,"직장인,금융업 종사자","금융,현장방문,직장인",14,오류버들시장 골목형상점가,구로구,market,0.4915,구로구_오류버들시장_골목형상점가,market
2026-05-04_14:30_영등포구,2026-05-04,14:30,영등포구,정책현장,"직장인,금융업 종사자","금융,현장방문,직장인",15,합정,마포구,subway,0.4906,202602_2호선_합정,subway
2026-05-04_14:30_영등포구,2026-05-04,14:30,영등포구,정책현장,"직장인,금융업 종사자","금융,현장방문,직장인",16,중부시장,중구,market,0.4895,중구_중부시장,market
2026-05-04_14:30_영등포구,2026-05-04,14:30,영등포구,정책현장,"직장인,금융업 종사자","금융,현장방문,직장인",17,진관근린공원(구파발폭포),은평구,park,0.4877,7,park
2026-05-04_14:30_영등포구,2026-05-04,14:30,영등포구,정책현장,"직장인,금융업 종사자","금융,현장방문,직장인",18,신설동 들락거리 골목형상점가,동대문구,market,0.4875,동대문구_신설동_들락거리_골목형상점가,market
2026-05-04_14:30_영등포구,2026-05-04,14:30,영등포구,정책현장,"직장인,금융업 종사자","금융,현장방문,직장인",19,연신내골목형상점가,은평구,market,0.487,은평구_연신내골목형상점가,market
2026-05-04_14:30_영등포구,2026-05-04,14:30,영등포구,정책현장,"직장인,금융업 종사자","금융,현장방문,직장인",20,강서구청먹자골목 골목형상점가,강서구,market,0.4867,강서구_강서구청먹자골목_골목형상점가,market
2026-05-04_14:30_영등포구,2026-05-04,14:30,영등포구,정책현장,"직장인,금융업 종사자","금융,현장방문,직장인",21,제일평화시장,중구,market,0.4864,중구_제일평화시장,market
2026-05-04_14:30_영등포구,2026-05-04,14:30,영등포구,정책현장,"직장인,금융업 종사자","금융,현장방문,직장인",22,약수시장 골목형상점가,중구,market,0.4848,중구_약수시장_골목형상점가,market
2026-05-04_14:30_영등포구,2026-05-04,14:30,영등포구,정책현장,"직장인,금융업 종사자","금융,현장방문,직장인",23,이수미로 골목형상점가,동작구,market,0.4843,동작구_이수미로_골목형상점가,market
2026-05-04_14:30_영등포구,2026-05-04,14:30,영등포구,정책현장,"직장인,금융업 종사자","금융,현장방문,직장인",24,쌍문,도봉구,subway,0.4837,202602_4호선_쌍문,subway
2026-05-04_14:30_영등포구,2026-05-04,14:30,영등포구,정책현장,"직장인,금융업 종사자","금융,현장방문,직장인",25,경동시장,동대문구,market,0.4833,동대문구_경동시장,market
2026-05-04_14:30_영등포구,2026-05-04,14:30,영등포구,정책현장,"직장인,금융업 종사자","금융,현장방문,직장인",26,대명여울빛거리시장,금천구,market,0.4824,금천구_대명여울빛거리시장,market
2026-05-04_14:30_영등포구,2026-05-04,14:30,영등포구,정책현장,"직장인,금융업 종사자","금융,현장방문,직장인",27,범계,,subway,0.4824,202602_과천선_범계,subway
2026-05-04_14:30_영등포구,2026-05-04,14:30,영등포구,정책현장,"직장인,금융업 종사자","금융,현장방문,직장인",28,동화상가,중구,market,0.4822,중구_동화상가,market
2026-05-04_14:30_영등포구,2026-05-04,14:30,영등포구,정책현장,"직장인,금융업 종사자","금융,현장방문,직장인",29,방이시장,송파구,market,0.4822,송파구_방이시장,market
2026-05-04_14:30_영등포구,2026-05-04,14:30,영등포구,정책현장,"직장인,금융업 종사자","금융,현장방문,직장인",30,동대문,,subway,0.4821,202602_4호선_동대문,subway
2026-05-04_14:30_영등포구,2026-05-04,14:30,영등포구,정책현장,"직장인,금융업 종사자","금융,현장방문,직장인",31,성동용답상가시장,성동구,market,0.4816,성동구_성동용답상가시장,market
2026-05-04_14:30_영등포구,2026-05-04,14:30,영등포구,정책현장,"직장인,금융업 종사자","금융,현장방문,직장인",32,숭례문수입상가,중구,market,0.4816,중구_숭례문수입상가,market
2026-05-04_14:30_영등포구,2026-05-04,14:30,영등포구,정책현장,"직장인,금융업 종사자","금융,현장방문,직장인",33,남평화시장,중구,market,0.4813,중구_남평화시장,market
2026-05-04_14:30_영등포구,2026-05-04,14:30,영등포구,정책현장,"직장인,금융업 종사자","금융,현장방문,직장인",34,장신구거리,강동구,market,0.4813,강동구_장신구거리,market
2026-05-04_14:30_영등포구,2026-05-04,14:30,영등포구,정책현장,"직장인,금융업 종사자","금융,현장방문,직장인",35,불광먹자골목형상점가,은평구,market,0.4812,은평구_불광먹자골목형상점가,market
2026-05-04_14:30_영등포구,2026-05-04,14:30,영등포구,정책현장,"직장인,금융업 종사자","금융,현장방문,직장인",36,남구로시장,구로구,market,0.4811,구로구_남구로시장,market
2026-05-04_14:30_영등포구,2026-05-04,14:30,영등포구,정책현장,"직장인,금융업 종사자","금융,현장방문,직장인",37,비단길현대시장,금천구,market,0.4807,금천구_비단길현대시장,market
2026-05-04_14:30_영등포구,2026-05-04,14:30,영등포구,정책현장,"직장인,금융업 종사자","금융,현장방문,직장인",38,신당 미래유산 먹거리 골목형상점가,중구,market,0.4803,중구_신당_미래유산_먹거리_골목형상점가,market
2026-05-04_14:30_영등포구,2026-05-04,14:30,영등포구,정책현장,"직장인,금융업 종사자","금융,현장방문,직장인",39,제기동 고대앞마을 골목형상점가,동대문구,market,0.4799,동대문구_제기동_고대앞마을_골목형상점가,market
2026-05-04_14:30_영등포구,2026-05-04,14:30,영등포구,정책현장,"직장인,금융업 종사자","금융,현장방문,직장인",40,시청,,subway,0.4795,202602_1호선_시청,subway
2026-05-04_14:30_영등포구,2026-05-04,14:30,영등포구,정책현장,"직장인,금융업 종사자","금융,현장방문,직장인",41,구의(광진구청),광진구,subway,0.4793,202602_2호선_구의(광진구청),subway
2026-05-04_14:30_영등포구,2026-05-04,14:30,영등포구,정책현장,"직장인,금융업 종사자","금융,현장방문,직장인",42,그라운드고척 골목형상점가,구로구,market,0.4792,구로구_그라운드고척_골목형상점가,market
2026-05-04_14:30_영등포구,2026-05-04,14:30,영등포구,정책현장,"직장인,금융업 종사자","금융,현장방문,직장인",43,까치산시장,강서구,market,0.4792,강서구_까치산시장,market
2026-05-04_14:30_영등포구,2026-05-04,14:30,영등포구,정책현장,"직장인,금융업 종사자","금융,현장방문,직장인",44,야탑,,subway,0.4791,202602_분당선_야탑,subway
2026-05-04_14:30_영등포구,2026-05-04,14:30,영등포구,정책현장,"직장인,금융업 종사자","금융,현장방문,직장인",45,가양역사거리 골목형상점가,강서구,market,0.4788,강서구_가양역사거리_골목형상점가,market
2026-05-04_14:30_영등포구,2026-05-04,14:30,영등포구,정책현장,"직장인,금융업 종사자","금융,현장방문,직장인",46,풍납시장,송파구,market,0.4787,송파구_풍납시장,market
2026-05-04_14:30_영등포구,2026-05-04,14:30,영등포구,정책현장,"직장인,금융업 종사자","금융,현장방문,직장인",47,남부골목시장,강서구,market,0.4786,강서구_남부골목시장,market
2026-05-04_14:30_영등포구,2026-05-04,14:30,영등포구,정책현장,"직장인,금융업 종사자","금융,현장방문,직장인",48,서울중앙시장,중구,market,0.4782,중구_서울중앙시장,market
2026-05-04_14:30_영등포구,2026-05-04,14:30,영등포구,정책현장,"직장인,금융업 종사자","금융,현장방문,직장인",49,영등포청과시장,영등포구,market,0.478,영등포구_영등포청과시장,market
2026-05-04_14:30_영등포구,2026-05-04,14:30,영등포구,정책현장,"직장인,금융업 종사자","금융,현장방문,직장인",50,미아사거리,,subway,0.4779,202602_4호선_미아사거리,subway
2026-05-05_11:00_광진구,2026-05-05,11:00,광진구,어린이/가족시설,"가족/어린이,일반시민","어린이날,가족,축제,공원",1,봉은공원,강남구,park,0.7275,64,park
2026-05-05_11:00_광진구,2026-05-05,11:00,광진구,어린이/가족시설,"가족/어린이,일반시민","어린이날,가족,축제,공원",2,월드컵공원,마포구,park,0.7248,5,park
2026-05-05_11:00_광진구,2026-05-05,11:00,광진구,어린이/가족시설,"가족/어린이,일반시민","어린이날,가족,축제,공원",3,중랑캠핑숲,중랑구,park,0.7213,93,park
2026-05-05_11:00_광진구,2026-05-05,11:00,광진구,어린이/가족시설,"가족/어린이,일반시민","어린이날,가족,축제,공원",4,백련근린공원,서대문구,park,0.7077,59,park
2026-05-05_11:00_광진구,2026-05-05,11:00,광진구,어린이/가족시설,"가족/어린이,일반시민","어린이날,가족,축제,공원",5,남산공원,중구,park,0.6998,1,park
2026-05-05_11:00_광진구,2026-05-05,11:00,광진구,어린이/가족시설,"가족/어린이,일반시민","어린이날,가족,축제,공원",6,안산도시자연공원,서대문구,park,0.6971,57,park
2026-05-05_11:00_광진구,2026-05-05,11:00,광진구,어린이/가족시설,"가족/어린이,일반시민","어린이날,가족,축제,공원",7,여의도근린공원,영등포구,park,0.6858,13,park
2026-05-05_11:00_광진구,2026-05-05,11:00,광진구,어린이/가족시설,"가족/어린이,일반시민","어린이날,가족,축제,공원",8,초안산근린공원,도봉구,park,0.6845,48,park
2026-05-05_11:00_광진구,2026-05-05,11:00,광진구,어린이/가족시설,"가족/어린이,일반시민","어린이날,가족,축제,공원",9,어린이대공원,광진구,park,0.6201,18,park
2026-05-05_11:00_광진구,2026-05-05,11:00,광진구,어린이/가족시설,"가족/어린이,일반시민","어린이날,가족,축제,공원",10,아차산공원,광진구,park,0.5971,114,park
2026-05-05_11:00_광진구,2026-05-05,11:00,광진구,어린이/가족시설,"가족/어린이,일반시민","어린이날,가족,축제,공원",11,꿩고개근린공원,강서구,park,0.5968,38,park
2026-05-05_11:00_광진구,2026-05-05,11:00,광진구,어린이/가족시설,"가족/어린이,일반시민","어린이날,가족,축제,공원",12,선유도근린공원,영등포구,park,0.5956,86,park
2026-05-05_11:00_광진구,2026-05-05,11:00,광진구,어린이/가족시설,"가족/어린이,일반시민","어린이날,가족,축제,공원",13,영등포근린공원,영등포구,park,0.5954,16,park
2026-05-05_11:00_광진구,2026-05-05,11:00,광진구,어린이/가족시설,"가족/어린이,일반시민","어린이날,가족,축제,공원",14,궁산근린공원,강서구,park,0.5946,36,park
2026-05-05_11:00_광진구,2026-05-05,11:00,광진구,어린이/가족시설,"가족/어린이,일반시민","어린이날,가족,축제,공원",15,샘말공원(관악산근린공원 샘말지구),관악구,park,0.59,108,park
2026-05-05_11:00_광진구,2026-05-05,11:00,광진구,어린이/가족시설,"가족/어린이,일반시민","어린이날,가족,축제,공원",16,염창근린공원,강서구,park,0.5899,58,park
2026-05-05_11:00_광진구,2026-05-05,11:00,광진구,어린이/가족시설,"가족/어린이,일반시민","어린이날,가족,축제,공원",17,동명근린공원,강동구,park,0.5893,49,park
2026-05-05_11:00_광진구,2026-05-05,11:00,광진구,어린이/가족시설,"가족/어린이,일반시민","어린이날,가족,축제,공원",18,중마루근린공원,영등포구,park,0.5891,8,park
2026-05-05_11:00_광진구,2026-05-05,11:00,광진구,어린이/가족시설,"가족/어린이,일반시민","어린이날,가족,축제,공원",19,발바닥공원,도봉구,park,0.5888,98,park
2026-05-05_11:00_광진구,2026-05-05,11:00,광진구,어린이/가족시설,"가족/어린이,일반시민","어린이날,가족,축제,공원",20,성수근린공원,성동구,park,0.5878,11,park
2026-05-05_11:00_광진구,2026-05-05,11:00,광진구,어린이/가족시설,"가족/어린이,일반시민","어린이날,가족,축제,공원",21,달맞이근린공원,성동구,park,0.5851,104,park
2026-05-05_11:00_광진구,2026-05-05,11:00,광진구,어린이/가족시설,"가족/어린이,일반시민","어린이날,가족,축제,공원",22,서울창포원,도봉구,park,0.5824,90,park
2026-05-05_11:00_광진구,2026-05-05,11:00,광진구,어린이/가족시설,"가족/어린이,일반시민","어린이날,가족,축제,공원",23,금천폭포근린공원,금천구,park,0.5781,96,park
2026-05-05_11:00_광진구,2026-05-05,11:00,광진구,어린이/가족시설,"가족/어린이,일반시민","어린이날,가족,축제,공원",24,삼일근린공원,동작구,park,0.5778,78,park
2026-05-05_11:00_광진구,2026-05-05,11:00,광진구,어린이/가족시설,"가족/어린이,일반시민","어린이날,가족,축제,공원",25,숭인근린공원,종로구,park,0.5775,124,park
2026-05-05_11:00_광진구,2026-05-05,11:00,광진구,어린이/가족시설,"가족/어린이,일반시민","어린이날,가족,축제,공원",26,마로니에공원,종로구,park,0.5773,50,park
2026-05-05_11:00_광진구,2026-05-05,11:00,광진구,어린이/가족시설,"가족/어린이,일반시민","어린이날,가족,축제,공원",27,허준공원,강서구,park,0.5765,34,park
2026-05-05_11:00_광진구,2026-05-05,11:00,광진구,어린이/가족시설,"가족/어린이,일반시민","어린이날,가족,축제,공원",28,도산근린공원,강남구,park,0.5757,46,park
2026-05-05_11:00_광진구,2026-05-05,11:00,광진구,어린이/가족시설,"가족/어린이,일반시민","어린이날,가족,축제,공원",29,GTX연신849광장(구 물빛공원),은평구,park,0.5753,123,park
2026-05-05_11:00_광진구,2026-05-05,11:00,광진구,어린이/가족시설,"가족/어린이,일반시민","어린이날,가족,축제,공원",30,허브천문공원,강동구,park,0.5742,122,park
2026-05-05_11:00_광진구,2026-05-05,11:00,광진구,어린이/가족시설,"가족/어린이,일반시민","어린이날,가족,축제,공원",31,탑골근린공원,종로구,park,0.5734,42,park
2026-05-05_11:00_광진구,2026-05-05,11:00,광진구,어린이/가족시설,"가족/어린이,일반시민","어린이날,가족,축제,공원",32,간데메근린공원,동대문구,park,0.5732,14,park
2026-05-05_11:00_광진구,2026-05-05,11:00,광진구,어린이/가족시설,"가족/어린이,일반시민","어린이날,가족,축제,공원",33,금천체육공원(관악산),금천구,park,0.5731,95,park
2026-05-05_11:00_광진구,2026-05-05,11:00,광진구,어린이/가족시설,"가족/어린이,일반시민","어린이날,가족,축제,공원",34,자매근린공원,영등포구,park,0.5698,51,park
2026-05-05_11:00_광진구,2026-05-05,11:00,광진구,어린이/가족시설,"가족/어린이,일반시민","어린이날,가족,축제,공원",35,외국인묘지공원,마포구,park,0.565,70,park
2026-05-05_11:00_광진구,2026-05-05,11:00,광진구,어린이/가족시설,"가족/어린이,일반시민","어린이날,가족,축제,공원",36,샛마을근린공원,강동구,park,0.5638,12,park
2026-05-05_11:00_광진구,2026-05-05,11:00,광진구,어린이/가족시설,"가족/어린이,일반시민","어린이날,가족,축제,공원",37,서울대공원,,park,0.5511,3,park
2026-05-05_11:00_광진구,2026-05-05,11:00,광진구,어린이/가족시설,"가족/어린이,일반시민","어린이날,가족,축제,공원",38,경춘선숲길,노원구,park,0.5485,128,park
2026-05-05_11:00_광진구,2026-05-05,11:00,광진구,어린이/가족시설,"가족/어린이,일반시민","어린이날,가족,축제,공원",39,매화근린공원,강서구,park,0.5416,10,park
2026-05-05_11:00_광진구,2026-05-05,11:00,광진구,어린이/가족시설,"가족/어린이,일반시민","어린이날,가족,축제,공원",40,올림픽공원,송파구,park,0.4817,65,park
2026-05-05_11:00_광진구,2026-05-05,11:00,광진구,어린이/가족시설,"가족/어린이,일반시민","어린이날,가족,축제,공원",41,진관근린공원(구파발폭포),은평구,park,0.4701,7,park
2026-05-05_11:00_광진구,2026-05-05,11:00,광진구,어린이/가족시설,"가족/어린이,일반시민","어린이날,가족,축제,공원",42,감로천생태공원(관악산),금천구,park,0.4499,26,park
2026-05-05_11:00_광진구,2026-05-05,11:00,광진구,어린이/가족시설,"가족/어린이,일반시민","어린이날,가족,축제,공원",43,서소문역사공원,중구,park,0.4459,132,park
2026-05-05_11:00_광진구,2026-05-05,11:00,광진구,어린이/가족시설,"가족/어린이,일반시민","어린이날,가족,축제,공원",44,순화문화공원,중구,park,0.4459,133,park
2026-05-05_13:00_송파구,2026-05-05,13:00,송파구,체육시설,"가족/어린이,체육인,일반시민","야구장,체육시설,어린이날,현장방문",1,봉은공원,강남구,park,0.7451,64,park
2026-05-05_13:00_송파구,2026-05-05,13:00,송파구,체육시설,"가족/어린이,체육인,일반시민","야구장,체육시설,어린이날,현장방문",2,월드컵공원,마포구,park,0.7425,5,park
2026-05-05_13:00_송파구,2026-05-05,13:00,송파구,체육시설,"가족/어린이,체육인,일반시민","야구장,체육시설,어린이날,현장방문",3,중랑캠핑숲,중랑구,park,0.7412,93,park
2026-05-05_13:00_송파구,2026-05-05,13:00,송파구,체육시설,"가족/어린이,체육인,일반시민","야구장,체육시설,어린이날,현장방문",4,장지근린공원,송파구,park,0.6518,52,park
2026-05-05_13:00_송파구,2026-05-05,13:00,송파구,체육시설,"가족/어린이,체육인,일반시민","야구장,체육시설,어린이날,현장방문",5,아시아근린공원,송파구,park,0.6515,55,park
2026-05-05_13:00_송파구,2026-05-05,13:00,송파구,체육시설,"가족/어린이,체육인,일반시민","야구장,체육시설,어린이날,현장방문",6,오금근린공원,송파구,park,0.6432,60,park
2026-05-05_13:00_송파구,2026-05-05,13:00,송파구,체육시설,"가족/어린이,체육인,일반시민","야구장,체육시설,어린이날,현장방문",7,문정근린공원,송파구,park,0.6261,105,park
2026-05-05_13:00_송파구,2026-05-05,13:00,송파구,체육시설,"가족/어린이,체육인,일반시민","야구장,체육시설,어린이날,현장방문",8,송파나루근린공원(석촌호수),송파구,park,0.6193,85,park
2026-05-05_13:00_송파구,2026-05-05,13:00,송파구,체육시설,"가족/어린이,체육인,일반시민","야구장,체육시설,어린이날,현장방문",9,천마근린공원,송파구,park,0.6141,44,park
2026-05-05_13:00_송파구,2026-05-05,13:00,송파구,체육시설,"가족/어린이,체육인,일반시민","야구장,체육시설,어린이날,현장방문",10,올림픽공원,송파구,park,0.4994,65,park
2026-05-05_13:00_송파구,2026-05-05,13:00,송파구,체육시설,"가족/어린이,체육인,일반시민","야구장,체육시설,어린이날,현장방문",11,진관근린공원(구파발폭포),은평구,park,0.4877,7,park
2026-05-05_13:00_송파구,2026-05-05,13:00,송파구,체육시설,"가족/어린이,체육인,일반시민","야구장,체육시설,어린이날,현장방문",12,감로천생태공원(관악산),금천구,park,0.4664,26,park
2026-05-05_13:00_송파구,2026-05-05,13:00,송파구,체육시설,"가족/어린이,체육인,일반시민","야구장,체육시설,어린이날,현장방문",13,서소문역사공원,중구,park,0.4624,132,park
2026-05-05_13:00_송파구,2026-05-05,13:00,송파구,체육시설,"가족/어린이,체육인,일반시민","야구장,체육시설,어린이날,현장방문",14,순화문화공원,중구,park,0.4624,133,park
2026-05-06_10:40_중구,2026-05-06,10:40,중구,복지시설,"노년층,일반시민","어버이날,노년층,기념행사,복지",1,성수1가2동노인복지관 대현분소,성동구,senior_friendly,0.9585,C0000006935,senior_friendly
2026-05-06_10:40_중구,2026-05-06,10:40,중구,복지시설,"노년층,일반시민","어버이날,노년층,기념행사,복지",2,강남구립 도곡1노인복지관,강남구,senior_friendly,0.9536,C0609608169,senior_friendly
2026-05-06_10:40_중구,2026-05-06,10:40,중구,복지시설,"노년층,일반시민","어버이날,노년층,기념행사,복지",3,강동구립 해공노인복지관,강동구,senior_friendly,0.952,A5818,senior_friendly
2026-05-06_10:40_중구,2026-05-06,10:40,중구,복지시설,"노년층,일반시민","어버이날,노년층,기념행사,복지",4,구립 자양노인복지관,광진구,senior_friendly,0.9487,C0608070655,senior_friendly
2026-05-06_10:40_중구,2026-05-06,10:40,중구,복지시설,"노년층,일반시민","어버이날,노년층,기념행사,복지",5,구립갈현노인복지관,은평구,senior_friendly,0.947,A2247,senior_friendly
2026-05-06_10:40_중구,2026-05-06,10:40,중구,복지시설,"노년층,일반시민","어버이날,노년층,기념행사,복지",6,용강 노인복지관,마포구,senior_friendly,0.9454,G0811,senior_friendly
2026-05-06_10:40_중구,2026-05-06,10:40,중구,복지시설,"노년층,일반시민","어버이날,노년층,기념행사,복지",7,북가좌노인복지관,서대문구,senior_friendly,0.9454,A1599,senior_friendly
2026-05-06_10:40_중구,2026-05-06,10:40,중구,복지시설,"노년층,일반시민","어버이날,노년층,기념행사,복지",8,청파노인복지관,용산구,senior_friendly,0.9438,A4195,senior_friendly
2026-05-06_10:40_중구,2026-05-06,10:40,중구,복지시설,"노년층,일반시민","어버이날,노년층,기념행사,복지",9,약수노인복지관,중구,senior_friendly,0.9438,A2255,senior_friendly
2026-05-06_10:40_중구,2026-05-06,10:40,중구,복지시설,"노년층,일반시민","어버이날,노년층,기념행사,복지",10,공릉노인복지관,노원구,senior_friendly,0.9438,A7040,senior_friendly
2026-05-06_10:40_중구,2026-05-06,10:40,중구,복지시설,"노년층,일반시민","어버이날,노년층,기념행사,복지",11,서울시립동대문노인종합복지관,동대문구,senior_friendly,0.928,A3206,senior_friendly
2026-05-06_10:40_중구,2026-05-06,10:40,중구,복지시설,"노년층,일반시민","어버이날,노년층,기념행사,복지",12,서울시립강서노인종합복지관,강서구,senior_friendly,0.9264,A2771,senior_friendly
2026-05-06_10:40_중구,2026-05-06,10:40,중구,복지시설,"노년층,일반시민","어버이날,노년층,기념행사,복지",13,서초구립방배노인종합복지관,서초구,senior_friendly,0.9264,Z0629,senior_friendly
2026-05-06_10:40_중구,2026-05-06,10:40,중구,복지시설,"노년층,일반시민","어버이날,노년층,기념행사,복지",14,구립영등포노인종합복지관,영등포구,senior_friendly,0.9248,A4035,senior_friendly
2026-05-06_10:40_중구,2026-05-06,10:40,중구,복지시설,"노년층,일반시민","어버이날,노년층,기념행사,복지",15,구립신내노인종합복지관,중랑구,senior_friendly,0.9231,A3015,senior_friendly
2026-05-06_10:40_중구,2026-05-06,10:40,중구,복지시설,"노년층,일반시민","어버이날,노년층,기념행사,복지",16,금천호암노인종합복지관,금천구,senior_friendly,0.9231,A6518,senior_friendly
2026-05-06_10:40_중구,2026-05-06,10:40,중구,복지시설,"노년층,일반시민","어버이날,노년층,기념행사,복지",17,시립성북노인종합복지관,성북구,senior_friendly,0.9231,A2733,senior_friendly
2026-05-06_10:40_중구,2026-05-06,10:40,중구,복지시설,"노년층,일반시민","어버이날,노년층,기념행사,복지",18,사당어르신종합복지관,동작구,senior_friendly,0.9215,G1437,senior_friendly
2026-05-06_10:40_중구,2026-05-06,10:40,중구,복지시설,"노년층,일반시민","어버이날,노년층,기념행사,복지",19,양천어르신종합복지관,양천구,senior_friendly,0.9215,A1732,senior_friendly
2026-05-06_10:40_중구,2026-05-06,10:40,중구,복지시설,"노년층,일반시민","어버이날,노년층,기념행사,복지",20,강북노인종합복지관,강북구,senior_friendly,0.9198,A1174,senior_friendly
2026-05-06_10:40_중구,2026-05-06,10:40,중구,복지시설,"노년층,일반시민","어버이날,노년층,기념행사,복지",21,관악노인종합복지관,관악구,senior_friendly,0.9198,A2776,senior_friendly
2026-05-06_10:40_중구,2026-05-06,10:40,중구,복지시설,"노년층,일반시민","어버이날,노년층,기념행사,복지",22,구로노인종합복지관,구로구,senior_friendly,0.9198,A7146,senior_friendly
2026-05-06_10:40_중구,2026-05-06,10:40,중구,복지시설,"노년층,일반시민","어버이날,노년층,기념행사,복지",23,도봉노인종합복지관,도봉구,senior_friendly,0.9198,A5899,senior_friendly
2026-05-06_10:40_중구,2026-05-06,10:40,중구,복지시설,"노년층,일반시민","어버이날,노년층,기념행사,복지",24,문정노인종합복지관,송파구,senior_friendly,0.9198,C0608954445,senior_friendly
2026-05-06_10:40_중구,2026-05-06,10:40,중구,복지시설,"노년층,일반시민","어버이날,노년층,기념행사,복지",25,종로노인종합복지관,종로구,senior_friendly,0.9198,A3971,senior_friendly
2026-05-07_16:00_송파구,2026-05-07,16:00,송파구,재개발/도시개발현장,지역주민,"재개발,주거,현장방문,송파",1,서울역,중구,subway,0.9642,202602_1호선_서울역,subway
2026-05-07_16:00_송파구,2026-05-07,16:00,송파구,재개발/도시개발현장,지역주민,"재개발,주거,현장방문,송파",2,잠실(송파구청),송파구,subway,0.9611,202602_2호선_잠실(송파구청),subway
2026-05-07_16:00_송파구,2026-05-07,16:00,송파구,재개발/도시개발현장,지역주민,"재개발,주거,현장방문,송파",3,강남,강남구,subway,0.9318,202602_2호선_강남,subway
2026-05-07_16:00_송파구,2026-05-07,16:00,송파구,재개발/도시개발현장,지역주민,"재개발,주거,현장방문,송파",4,홍대입구,마포구,subway,0.8656,202602_2호선_홍대입구,subway
2026-05-07_16:00_송파구,2026-05-07,16:00,송파구,재개발/도시개발현장,지역주민,"재개발,주거,현장방문,송파",5,고속터미널,서초구,subway,0.8161,202602_3호선_고속터미널,subway
2026-05-07_16:00_송파구,2026-05-07,16:00,송파구,재개발/도시개발현장,지역주민,"재개발,주거,현장방문,송파",6,삼성(무역센터),강남구,subway,0.7312,202602_2호선_삼성(무역센터),subway
2026-05-07_16:00_송파구,2026-05-07,16:00,송파구,재개발/도시개발현장,지역주민,"재개발,주거,현장방문,송파",7,성수,성동구,subway,0.7287,202602_2호선_성수,subway
2026-05-07_16:00_송파구,2026-05-07,16:00,송파구,재개발/도시개발현장,지역주민,"재개발,주거,현장방문,송파",8,선릉,강남구,subway,0.7238,202602_2호선_선릉,subway
2026-05-07_16:00_송파구,2026-05-07,16:00,송파구,재개발/도시개발현장,지역주민,"재개발,주거,현장방문,송파",9,용산,용산구,subway,0.7194,202602_경부선_용산,subway
2026-05-07_16:00_송파구,2026-05-07,16:00,송파구,재개발/도시개발현장,지역주민,"재개발,주거,현장방문,송파",10,구로디지털단지,구로구,subway,0.6961,202602_2호선_구로디지털단지,subway
2026-05-07_16:00_송파구,2026-05-07,16:00,송파구,재개발/도시개발현장,지역주민,"재개발,주거,현장방문,송파",11,신림,관악구,subway,0.6921,202602_2호선_신림,subway
2026-05-07_16:00_송파구,2026-05-07,16:00,송파구,재개발/도시개발현장,지역주민,"재개발,주거,현장방문,송파",12,을지로입구,중구,subway,0.6806,202602_2호선_을지로입구,subway
2026-05-07_16:00_송파구,2026-05-07,16:00,송파구,재개발/도시개발현장,지역주민,"재개발,주거,현장방문,송파",13,신도림,구로구,subway,0.6595,202602_2호선_신도림,subway
2026-05-07_16:00_송파구,2026-05-07,16:00,송파구,재개발/도시개발현장,지역주민,"재개발,주거,현장방문,송파",14,영등포,영등포구,subway,0.6567,202602_경부선_영등포,subway
2026-05-07_16:00_송파구,2026-05-07,16:00,송파구,재개발/도시개발현장,지역주민,"재개발,주거,현장방문,송파",15,역삼,강남구,subway,0.6459,202602_2호선_역삼,subway
2026-05-07_16:00_송파구,2026-05-07,16:00,송파구,재개발/도시개발현장,지역주민,"재개발,주거,현장방문,송파",16,서울대입구(관악구청),관악구,subway,0.628,202602_2호선_서울대입구(관악구청),subway
2026-05-07_16:00_송파구,2026-05-07,16:00,송파구,재개발/도시개발현장,지역주민,"재개발,주거,현장방문,송파",17,수원,,subway,0.6164,202602_경부선_수원,subway
2026-05-07_16:00_송파구,2026-05-07,16:00,송파구,재개발/도시개발현장,지역주민,"재개발,주거,현장방문,송파",18,종각,종로구,subway,0.5903,202602_1호선_종각,subway
2026-05-07_16:00_송파구,2026-05-07,16:00,송파구,재개발/도시개발현장,지역주민,"재개발,주거,현장방문,송파",19,가산디지털단지,금천구,subway,0.586,202602_7호선_가산디지털단지,subway
2026-05-07_16:00_송파구,2026-05-07,16:00,송파구,재개발/도시개발현장,지역주민,"재개발,주거,현장방문,송파",20,사당,동작구,subway,0.5846,202602_2호선_사당,subway
2026-05-07_16:00_송파구,2026-05-07,16:00,송파구,재개발/도시개발현장,지역주민,"재개발,주거,현장방문,송파",21,신촌,,subway,0.5808,202602_2호선_신촌,subway
2026-05-07_16:00_송파구,2026-05-07,16:00,송파구,재개발/도시개발현장,지역주민,"재개발,주거,현장방문,송파",22,혜화,종로구,subway,0.5759,202602_4호선_혜화,subway
2026-05-07_16:00_송파구,2026-05-07,16:00,송파구,재개발/도시개발현장,지역주민,"재개발,주거,현장방문,송파",23,명동,중구,subway,0.5738,202602_4호선_명동,subway
2026-05-07_16:00_송파구,2026-05-07,16:00,송파구,재개발/도시개발현장,지역주민,"재개발,주거,현장방문,송파",24,연신내,은평구,subway,0.5711,202602_3호선_연신내,subway
2026-05-07_16:00_송파구,2026-05-07,16:00,송파구,재개발/도시개발현장,지역주민,"재개발,주거,현장방문,송파",25,회현(남대문시장),,subway,0.5558,202602_4호선_회현(남대문시장),subway
2026-05-07_16:00_송파구,2026-05-07,16:00,송파구,재개발/도시개발현장,지역주민,"재개발,주거,현장방문,송파",26,남부터미널(예술의전당),,subway,0.5541,202602_3호선_남부터미널(예술의전당),subway
2026-05-07_16:00_송파구,2026-05-07,16:00,송파구,재개발/도시개발현장,지역주민,"재개발,주거,현장방문,송파",27,건대입구,광진구,subway,0.5488,202602_2호선_건대입구,subway
2026-05-07_16:00_송파구,2026-05-07,16:00,송파구,재개발/도시개발현장,지역주민,"재개발,주거,현장방문,송파",28,양재(서초구청),서초구,subway,0.5482,202602_3호선_양재(서초구청),subway
2026-05-07_16:00_송파구,2026-05-07,16:00,송파구,재개발/도시개발현장,지역주민,"재개발,주거,현장방문,송파",29,광화문(세종문화회관),,subway,0.5464,202602_5호선_광화문(세종문화회관),subway
2026-05-07_16:00_송파구,2026-05-07,16:00,송파구,재개발/도시개발현장,지역주민,"재개발,주거,현장방문,송파",30,안국,,subway,0.545,202602_3호선_안국,subway
2026-05-07_16:00_송파구,2026-05-07,16:00,송파구,재개발/도시개발현장,지역주민,"재개발,주거,현장방문,송파",31,수유(강북구청),강북구,subway,0.5395,202602_4호선_수유(강북구청),subway
2026-05-07_16:00_송파구,2026-05-07,16:00,송파구,재개발/도시개발현장,지역주민,"재개발,주거,현장방문,송파",32,부천,,subway,0.5328,202602_경인선_부천,subway
2026-05-07_16:00_송파구,2026-05-07,16:00,송파구,재개발/도시개발현장,지역주민,"재개발,주거,현장방문,송파",33,종로3가,,subway,0.5286,202602_1호선_종로3가,subway
2026-05-07_16:00_송파구,2026-05-07,16:00,송파구,재개발/도시개발현장,지역주민,"재개발,주거,현장방문,송파",34,압구정,압구,subway,0.5273,202602_3호선_압구정,subway
2026-05-07_16:00_송파구,2026-05-07,16:00,송파구,재개발/도시개발현장,지역주민,"재개발,주거,현장방문,송파",35,종로5가,,subway,0.5253,202602_1호선_종로5가,subway
2026-05-07_16:00_송파구,2026-05-07,16:00,송파구,재개발/도시개발현장,지역주민,"재개발,주거,현장방문,송파",36,청량리(서울시립대입구),서울시립대입구,subway,0.5223,202602_1호선_청량리(서울시립대입구),subway
2026-05-07_16:00_송파구,2026-05-07,16:00,송파구,재개발/도시개발현장,지역주민,"재개발,주거,현장방문,송파",37,부평,,subway,0.5188,202602_경인선_부평,subway
2026-05-07_16:00_송파구,2026-05-07,16:00,송파구,재개발/도시개발현장,지역주민,"재개발,주거,현장방문,송파",38,경복궁(정부서울청사),,subway,0.5131,202602_3호선_경복궁(정부서울청사),subway
2026-05-07_16:00_송파구,2026-05-07,16:00,송파구,재개발/도시개발현장,지역주민,"재개발,주거,현장방문,송파",39,여의도,영등포구,subway,0.5131,202602_9호선_여의도,subway
2026-05-07_16:00_송파구,2026-05-07,16:00,송파구,재개발/도시개발현장,지역주민,"재개발,주거,현장방문,송파",40,신논현,,subway,0.5119,202602_9호선_신논현,subway
2026-05-07_16:00_송파구,2026-05-07,16:00,송파구,재개발/도시개발현장,지역주민,"재개발,주거,현장방문,송파",41,창동,,subway,0.5047,202602_4호선_창동,subway
2026-05-07_16:00_송파구,2026-05-07,16:00,송파구,재개발/도시개발현장,지역주민,"재개발,주거,현장방문,송파",42,교대(법원.검찰청),,subway,0.504,202602_2호선_교대(법원.검찰청),subway
2026-05-07_16:00_송파구,2026-05-07,16:00,송파구,재개발/도시개발현장,지역주민,"재개발,주거,현장방문,송파",43,강변(동서울터미널),,subway,0.4969,202602_2호선_강변(동서울터미널),subway
2026-05-07_16:00_송파구,2026-05-07,16:00,송파구,재개발/도시개발현장,지역주민,"재개발,주거,현장방문,송파",44,충무로,,subway,0.492,202602_4호선_충무로,subway
2026-05-07_16:00_송파구,2026-05-07,16:00,송파구,재개발/도시개발현장,지역주민,"재개발,주거,현장방문,송파",45,합정,마포구,subway,0.4906,202602_2호선_합정,subway
2026-05-07_16:00_송파구,2026-05-07,16:00,송파구,재개발/도시개발현장,지역주민,"재개발,주거,현장방문,송파",46,쌍문,도봉구,subway,0.4837,202602_4호선_쌍문,subway
2026-05-07_16:00_송파구,2026-05-07,16:00,송파구,재개발/도시개발현장,지역주민,"재개발,주거,현장방문,송파",47,범계,,subway,0.4824,202602_과천선_범계,subway
2026-05-07_16:00_송파구,2026-05-07,16:00,송파구,재개발/도시개발현장,지역주민,"재개발,주거,현장방문,송파",48,동대문,,subway,0.4821,202602_4호선_동대문,subway
2026-05-07_16:00_송파구,2026-05-07,16:00,송파구,재개발/도시개발현장,지역주민,"재개발,주거,현장방문,송파",49,시청,,subway,0.4795,202602_1호선_시청,subway
2026-05-07_16:00_송파구,2026-05-07,16:00,송파구,재개발/도시개발현장,지역주민,"재개발,주거,현장방문,송파",50,구의(광진구청),광진구,subway,0.4793,202602_2호선_구의(광진구청),subway
2026-05-07_17:00_송파구,2026-05-07,17:00,송파구,전통시장,"상인,지역주민","전통시장,상권,송파,오후",1,남대문시장,중구,market,0.7056,중구_남대문시장,market
2026-05-07_17:00_송파구,2026-05-07,17:00,송파구,전통시장,"상인,지역주민","전통시장,상권,송파,오후",2,동대문종합시장,종로구,market,0.6301,종로구_동대문종합시장,market
2026-05-07_17:00_송파구,2026-05-07,17:00,송파구,전통시장,"상인,지역주민","전통시장,상권,송파,오후",3,장안 마실 골목형상점가,동대문구,market,0.6299,동대문구_장안_마실_골목형상점가,market
2026-05-07_17:00_송파구,2026-05-07,17:00,송파구,전통시장,"상인,지역주민","전통시장,상권,송파,오후",4,천호로데오거리상점가,강동구,market,0.5914,강동구_천호로데오거리상점가,market
2026-05-07_17:00_송파구,2026-05-07,17:00,송파구,전통시장,"상인,지역주민","전통시장,상권,송파,오후",5,가락몰 골목형상점가,송파구,market,0.5612,송파구_가락몰_골목형상점가,market
2026-05-07_17:00_송파구,2026-05-07,17:00,송파구,전통시장,"상인,지역주민","전통시장,상권,송파,오후",6,방이시장,송파구,market,0.4822,송파구_방이시장,market
2026-05-07_17:00_송파구,2026-05-07,17:00,송파구,전통시장,"상인,지역주민","전통시장,상권,송파,오후",7,풍납시장,송파구,market,0.4787,송파구_풍납시장,market
2026-05-07_17:00_송파구,2026-05-07,17:00,송파구,전통시장,"상인,지역주민","전통시장,상권,송파,오후",8,새마을시장,송파구,market,0.4763,송파구_새마을시장,market
2026-05-07_17:00_송파구,2026-05-07,17:00,송파구,전통시장,"상인,지역주민","전통시장,상권,송파,오후",9,마천중앙시장,송파구,market,0.4757,송파구_마천중앙시장,market
2026-05-07_17:00_송파구,2026-05-07,17:00,송파구,전통시장,"상인,지역주민","전통시장,상권,송파,오후",10,석촌시장,송파구,market,0.4732,송파구_석촌시장,market
2026-05-07_17:00_송파구,2026-05-07,17:00,송파구,전통시장,"상인,지역주민","전통시장,상권,송파,오후",11,경희담길 골목형상점가,동대문구,market,0.4732,동대문구_경희담길_골목형상점가,market
2026-05-07_17:00_송파구,2026-05-07,17:00,송파구,전통시장,"상인,지역주민","전통시장,상권,송파,오후",12,사가정시장,중랑구,market,0.4731,중랑구_사가정시장,market
2026-05-07_17:00_송파구,2026-05-07,17:00,송파구,전통시장,"상인,지역주민","전통시장,상권,송파,오후",13,상도전통시장,동작구,market,0.4731,동작구_상도전통시장,market
2026-05-07_17:00_송파구,2026-05-07,17:00,송파구,전통시장,"상인,지역주민","전통시장,상권,송파,오후",14,정릉시장,성북구,market,0.473,성북구_정릉시장,market
2026-05-07_17:00_송파구,2026-05-07,17:00,송파구,전통시장,"상인,지역주민","전통시장,상권,송파,오후",15,면목시장(골목형),중랑구,market,0.4729,중랑구_면목시장(골목형),market
2026-05-07_17:00_송파구,2026-05-07,17:00,송파구,전통시장,"상인,지역주민","전통시장,상권,송파,오후",16,동묘시장,종로구,market,0.4726,종로구_동묘시장,market
2026-05-07_17:00_송파구,2026-05-07,17:00,송파구,전통시장,"상인,지역주민","전통시장,상권,송파,오후",17,본동인정시장,동작구,market,0.4726,동작구_본동인정시장,market
2026-05-07_17:00_송파구,2026-05-07,17:00,송파구,전통시장,"상인,지역주민","전통시장,상권,송파,오후",18,쌍문시장,도봉구,market,0.4726,도봉구_쌍문시장,market
2026-05-07_17:00_송파구,2026-05-07,17:00,송파구,전통시장,"상인,지역주민","전통시장,상권,송파,오후",19,충무로 골목형상점가,중구,market,0.4726,중구_충무로_골목형상점가,market
2026-05-07_17:00_송파구,2026-05-07,17:00,송파구,전통시장,"상인,지역주민","전통시장,상권,송파,오후",20,보라매다올길골목형상점가,동작구,market,0.4724,동작구_보라매다올길골목형상점가,market
2026-05-07_17:00_송파구,2026-05-07,17:00,송파구,전통시장,"상인,지역주민","전통시장,상권,송파,오후",21,신내구길 골목형상점가,중랑구,market,0.4722,중랑구_신내구길_골목형상점가,market
2026-05-07_17:00_송파구,2026-05-07,17:00,송파구,전통시장,"상인,지역주민","전통시장,상권,송파,오후",22,강북북부골목시장,강북구,market,0.4721,강북구_강북북부골목시장,market
2026-05-07_17:00_송파구,2026-05-07,17:00,송파구,전통시장,"상인,지역주민","전통시장,상권,송파,오후",23,망원시장,마포구,market,0.4721,마포구_망원시장,market
2026-05-07_17:00_송파구,2026-05-07,17:00,송파구,전통시장,"상인,지역주민","전통시장,상권,송파,오후",24,신당오길 골목형상점가,중구,market,0.472,중구_신당오길_골목형상점가,market
2026-05-07_17:00_송파구,2026-05-07,17:00,송파구,전통시장,"상인,지역주민","전통시장,상권,송파,오후",25,창신골목시장,종로구,market,0.472,종로구_창신골목시장,market
2026-05-07_17:00_송파구,2026-05-07,17:00,송파구,전통시장,"상인,지역주민","전통시장,상권,송파,오후",26,청량리종합시장,동대문구,market,0.472,동대문구_청량리종합시장,market
2026-05-07_17:00_송파구,2026-05-07,17:00,송파구,전통시장,"상인,지역주민","전통시장,상권,송파,오후",27,포수말골목형상점가,은평구,market,0.4718,은평구_포수말골목형상점가,market
2026-05-07_17:00_송파구,2026-05-07,17:00,송파구,전통시장,"상인,지역주민","전통시장,상권,송파,오후",28,미소상인회 골목형상점가,강북구,market,0.4717,강북구_미소상인회_골목형상점가,market
2026-05-07_17:00_송파구,2026-05-07,17:00,송파구,전통시장,"상인,지역주민","전통시장,상권,송파,오후",29,삼성동시장,관악구,market,0.4717,관악구_삼성동시장,market
2026-05-07_17:00_송파구,2026-05-07,17:00,송파구,전통시장,"상인,지역주민","전통시장,상권,송파,오후",30,신중앙시장,중구,market,0.4717,중구_신중앙시장,market
2026-05-07_17:00_송파구,2026-05-07,17:00,송파구,전통시장,"상인,지역주민","전통시장,상권,송파,오후",31,화양제일골목시장,광진구,market,0.4717,광진구_화양제일골목시장,market
2026-05-07_17:00_송파구,2026-05-07,17:00,송파구,전통시장,"상인,지역주민","전통시장,상권,송파,오후",32,동화동 골목형상점가,중구,market,0.4716,중구_동화동_골목형상점가,market
2026-05-07_17:00_송파구,2026-05-07,17:00,송파구,전통시장,"상인,지역주민","전통시장,상권,송파,오후",33,송정역 카페거리 골목형상점가,강서구,market,0.4716,강서구_송정역_카페거리_골목형상점가,market
2026-05-07_17:00_송파구,2026-05-07,17:00,송파구,전통시장,"상인,지역주민","전통시장,상권,송파,오후",34,창동신창시장,도봉구,market,0.4716,도봉구_창동신창시장,market
2026-05-07_17:00_송파구,2026-05-07,17:00,송파구,전통시장,"상인,지역주민","전통시장,상권,송파,오후",35,회기역골목형상점가,동대문구,market,0.4716,동대문구_회기역골목형상점가,market
2026-05-07_17:00_송파구,2026-05-07,17:00,송파구,전통시장,"상인,지역주민","전통시장,상권,송파,오후",36,세종마을음식문화거리,종로구,market,0.4714,종로구_세종마을음식문화거리,market
2026-05-07_17:00_송파구,2026-05-07,17:00,송파구,전통시장,"상인,지역주민","전통시장,상권,송파,오후",37,북촌계동길 골목형상점가,종로구,market,0.4713,종로구_북촌계동길_골목형상점가,market
2026-05-07_17:00_송파구,2026-05-07,17:00,송파구,전통시장,"상인,지역주민","전통시장,상권,송파,오후",38,신원시장,관악구,market,0.4713,관악구_신원시장,market
2026-05-07_17:00_송파구,2026-05-07,17:00,송파구,전통시장,"상인,지역주민","전통시장,상권,송파,오후",39,오패산로 골목형상점가,강북구,market,0.4713,강북구_오패산로_골목형상점가,market
2026-05-07_17:00_송파구,2026-05-07,17:00,송파구,전통시장,"상인,지역주민","전통시장,상권,송파,오후",40,정훈한마음골목시장,금천구,market,0.4713,금천구_정훈한마음골목시장,market
2026-05-07_17:00_송파구,2026-05-07,17:00,송파구,전통시장,"상인,지역주민","전통시장,상권,송파,오후",41,청량리농수산물시장,동대문구,market,0.4713,동대문구_청량리농수산물시장,market
2026-05-07_17:00_송파구,2026-05-07,17:00,송파구,전통시장,"상인,지역주민","전통시장,상권,송파,오후",42,답십리건축자재시장,동대문구,market,0.4712,동대문구_답십리건축자재시장,market
2026-05-07_17:00_송파구,2026-05-07,17:00,송파구,전통시장,"상인,지역주민","전통시장,상권,송파,오후",43,영동교골목시장,광진구,market,0.4712,광진구_영동교골목시장,market
2026-05-07_17:00_송파구,2026-05-07,17:00,송파구,전통시장,"상인,지역주민","전통시장,상권,송파,오후",44,자양한강전통시장,광진구,market,0.4712,광진구_자양한강전통시장,market
2026-05-07_17:00_송파구,2026-05-07,17:00,송파구,전통시장,"상인,지역주민","전통시장,상권,송파,오후",45,청량리청과물시장,동대문구,market,0.4712,동대문구_청량리청과물시장,market
2026-05-07_17:00_송파구,2026-05-07,17:00,송파구,전통시장,"상인,지역주민","전통시장,상권,송파,오후",46,공항대로 골목형상점가,강서구,market,0.471,강서구_공항대로_골목형상점가,market
2026-05-07_17:00_송파구,2026-05-07,17:00,송파구,전통시장,"상인,지역주민","전통시장,상권,송파,오후",47,우이골목시장골목형상점가,강북구,market,0.471,강북구_우이골목시장골목형상점가,market
2026-05-07_17:00_송파구,2026-05-07,17:00,송파구,전통시장,"상인,지역주민","전통시장,상권,송파,오후",48,조원동펭귄시장,관악구,market,0.471,관악구_조원동펭귄시장,market
2026-05-07_17:00_송파구,2026-05-07,17:00,송파구,전통시장,"상인,지역주민","전통시장,상권,송파,오후",49,신영시장,양천구,market,0.4709,양천구_신영시장,market
2026-05-07_17:00_송파구,2026-05-07,17:00,송파구,전통시장,"상인,지역주민","전통시장,상권,송파,오후",50,인수로골목형상점가,강북구,market,0.4709,강북구_인수로골목형상점가,market
2026-05-08_15:00_강남구,2026-05-08,15:00,강남구,재개발/도시개발현장,지역주민,"재건축,주거,현장방문,강남",1,서울역,중구,subway,0.9642,202602_1호선_서울역,subway
2026-05-08_15:00_강남구,2026-05-08,15:00,강남구,재개발/도시개발현장,지역주민,"재건축,주거,현장방문,강남",2,잠실(송파구청),송파구,subway,0.9611,202602_2호선_잠실(송파구청),subway
2026-05-08_15:00_강남구,2026-05-08,15:00,강남구,재개발/도시개발현장,지역주민,"재건축,주거,현장방문,강남",3,강남,강남구,subway,0.9318,202602_2호선_강남,subway
2026-05-08_15:00_강남구,2026-05-08,15:00,강남구,재개발/도시개발현장,지역주민,"재건축,주거,현장방문,강남",4,홍대입구,마포구,subway,0.8656,202602_2호선_홍대입구,subway
2026-05-08_15:00_강남구,2026-05-08,15:00,강남구,재개발/도시개발현장,지역주민,"재건축,주거,현장방문,강남",5,고속터미널,서초구,subway,0.8161,202602_3호선_고속터미널,subway
2026-05-08_15:00_강남구,2026-05-08,15:00,강남구,재개발/도시개발현장,지역주민,"재건축,주거,현장방문,강남",6,삼성(무역센터),강남구,subway,0.7312,202602_2호선_삼성(무역센터),subway
2026-05-08_15:00_강남구,2026-05-08,15:00,강남구,재개발/도시개발현장,지역주민,"재건축,주거,현장방문,강남",7,성수,성동구,subway,0.7287,202602_2호선_성수,subway
2026-05-08_15:00_강남구,2026-05-08,15:00,강남구,재개발/도시개발현장,지역주민,"재건축,주거,현장방문,강남",8,선릉,강남구,subway,0.7238,202602_2호선_선릉,subway
2026-05-08_15:00_강남구,2026-05-08,15:00,강남구,재개발/도시개발현장,지역주민,"재건축,주거,현장방문,강남",9,역삼,강남구,subway,0.6459,202602_2호선_역삼,subway
2026-05-08_15:00_강남구,2026-05-08,15:00,강남구,재개발/도시개발현장,지역주민,"재건축,주거,현장방문,강남",10,강남구청,강남구,subway,0.364,202602_7호선_강남구청,subway
2026-05-08_15:00_강남구,2026-05-08,15:00,강남구,재개발/도시개발현장,지역주민,"재건축,주거,현장방문,강남",11,어린이대공원(세종대),,subway,0.3639,202602_7호선_어린이대공원(세종대),subway
2026-05-08_15:00_강남구,2026-05-08,15:00,강남구,재개발/도시개발현장,지역주민,"재건축,주거,현장방문,강남",12,숙대입구(갈월),숙대입구,subway,0.3634,202602_4호선_숙대입구(갈월),subway
2026-05-08_15:00_강남구,2026-05-08,15:00,강남구,재개발/도시개발현장,지역주민,"재건축,주거,현장방문,강남",13,성균관대,,subway,0.3631,202602_경부선_성균관대,subway
2026-05-08_15:00_강남구,2026-05-08,15:00,강남구,재개발/도시개발현장,지역주민,"재건축,주거,현장방문,강남",14,신대방삼거리,,subway,0.3631,202602_7호선_신대방삼거리,subway
2026-05-08_15:00_강남구,2026-05-08,15:00,강남구,재개발/도시개발현장,지역주민,"재건축,주거,현장방문,강남",15,마포구청,마포구,subway,0.3615,202602_6호선_마포구청,subway
2026-05-08_15:00_강남구,2026-05-08,15:00,강남구,재개발/도시개발현장,지역주민,"재건축,주거,현장방문,강남",16,수원시청,,subway,0.3601,202602_분당선_수원시청,subway
2026-05-08_15:00_강남구,2026-05-08,15:00,강남구,재개발/도시개발현장,지역주민,"재건축,주거,현장방문,강남",17,안산,,subway,0.3592,202602_안산선_안산,subway
2026-05-08_15:00_강남구,2026-05-08,15:00,강남구,재개발/도시개발현장,지역주민,"재건축,주거,현장방문,강남",18,상왕십리,,subway,0.3589,202602_2호선_상왕십리,subway
2026-05-08_15:00_강남구,2026-05-08,15:00,강남구,재개발/도시개발현장,지역주민,"재건축,주거,현장방문,강남",19,수내,,subway,0.3584,202602_분당선_수내,subway
2026-05-08_15:00_강남구,2026-05-08,15:00,강남구,재개발/도시개발현장,지역주민,"재건축,주거,현장방문,강남",20,중계,,subway,0.3581,202602_7호선_중계,subway
2026-05-08_15:00_강남구,2026-05-08,15:00,강남구,재개발/도시개발현장,지역주민,"재건축,주거,현장방문,강남",21,일원,,subway,0.3578,202602_3호선_일원,subway
2026-05-08_15:00_강남구,2026-05-08,15:00,강남구,재개발/도시개발현장,지역주민,"재건축,주거,현장방문,강남",22,마포,,subway,0.3576,202602_5호선_마포,subway
2026-05-08_15:00_강남구,2026-05-08,15:00,강남구,재개발/도시개발현장,지역주민,"재건축,주거,현장방문,강남",23,녹번,,subway,0.3573,202602_3호선_녹번,subway
2026-05-08_15:00_강남구,2026-05-08,15:00,강남구,재개발/도시개발현장,지역주민,"재건축,주거,현장방문,강남",24,면목,,subway,0.3573,202602_7호선_면목,subway
2026-05-08_15:00_강남구,2026-05-08,15:00,강남구,재개발/도시개발현장,지역주민,"재건축,주거,현장방문,강남",25,남구로,남구,subway,0.3563,202602_7호선_남구로,subway
2026-05-08_15:00_강남구,2026-05-08,15:00,강남구,재개발/도시개발현장,지역주민,"재건축,주거,현장방문,강남",26,망포,,subway,0.3562,202602_분당선_망포,subway
2026-05-08_15:00_강남구,2026-05-08,15:00,강남구,재개발/도시개발현장,지역주민,"재건축,주거,현장방문,강남",27,상일동,,subway,0.3562,202602_5호선_상일동,subway
2026-05-08_15:00_강남구,2026-05-08,15:00,강남구,재개발/도시개발현장,지역주민,"재건축,주거,현장방문,강남",28,둔촌동,,subway,0.3554,202602_5호선_둔촌동,subway
2026-05-08_15:00_강남구,2026-05-08,15:00,강남구,재개발/도시개발현장,지역주민,"재건축,주거,현장방문,강남",29,상록수,,subway,0.3552,202602_안산선_상록수,subway
2026-05-08_15:00_강남구,2026-05-08,15:00,강남구,재개발/도시개발현장,지역주민,"재건축,주거,현장방문,강남",30,대치,,subway,0.3547,202602_3호선_대치,subway
2026-05-08_15:00_강남구,2026-05-08,15:00,강남구,재개발/도시개발현장,지역주민,"재건축,주거,현장방문,강남",31,정부과천청사,,subway,0.3546,202602_과천선_정부과천청사,subway
2026-05-08_15:00_강남구,2026-05-08,15:00,강남구,재개발/도시개발현장,지역주민,"재건축,주거,현장방문,강남",32,인천공항2터미널,,subway,0.3524,202602_공항철도 1호선_인천공항2터미널,subway
2026-05-08_15:00_강남구,2026-05-08,15:00,강남구,재개발/도시개발현장,지역주민,"재건축,주거,현장방문,강남",33,태평,,subway,0.3518,202602_분당선_태평,subway
2026-05-08_15:00_강남구,2026-05-08,15:00,강남구,재개발/도시개발현장,지역주민,"재건축,주거,현장방문,강남",34,수락산,,subway,0.3514,202602_7호선_수락산,subway
2026-05-08_15:00_강남구,2026-05-08,15:00,강남구,재개발/도시개발현장,지역주민,"재건축,주거,현장방문,강남",35,회룡,,subway,0.3507,202602_경원선_회룡,subway
2026-05-08_15:00_강남구,2026-05-08,15:00,강남구,재개발/도시개발현장,지역주민,"재건축,주거,현장방문,강남",36,디지털미디어시티,,subway,0.3506,202602_6호선_디지털미디어시티,subway
2026-05-08_15:00_강남구,2026-05-08,15:00,강남구,재개발/도시개발현장,지역주민,"재건축,주거,현장방문,강남",37,안암(고대병원앞),,subway,0.3505,202602_6호선_안암(고대병원앞),subway
2026-05-08_15:00_강남구,2026-05-08,15:00,강남구,재개발/도시개발현장,지역주민,"재건축,주거,현장방문,강남",38,약수,,subway,0.3504,202602_3호선_약수,subway
2026-05-08_15:00_강남구,2026-05-08,15:00,강남구,재개발/도시개발현장,지역주민,"재건축,주거,현장방문,강남",39,매봉,,subway,0.3498,202602_3호선_매봉,subway
2026-05-08_15:00_강남구,2026-05-08,15:00,강남구,재개발/도시개발현장,지역주민,"재건축,주거,현장방문,강남",40,마들,,subway,0.3494,202602_7호선_마들,subway
2026-05-08_15:00_강남구,2026-05-08,15:00,강남구,재개발/도시개발현장,지역주민,"재건축,주거,현장방문,강남",41,영등포시장,,subway,0.3493,202602_5호선_영등포시장,subway
2026-05-08_15:00_강남구,2026-05-08,15:00,강남구,재개발/도시개발현장,지역주민,"재건축,주거,현장방문,강남",42,공릉(서울과학기술대),,subway,0.3488,202602_7호선_공릉(서울과학기술대),subway
2026-05-08_15:00_강남구,2026-05-08,15:00,강남구,재개발/도시개발현장,지역주민,"재건축,주거,현장방문,강남",43,중앙보훈병원,,subway,0.3472,202602_9호선2~3단계_중앙보훈병원,subway
2026-05-08_15:00_강남구,2026-05-08,15:00,강남구,재개발/도시개발현장,지역주민,"재건축,주거,현장방문,강남",44,죽전,,subway,0.3465,202602_분당선_죽전,subway
2026-05-08_15:00_강남구,2026-05-08,15:00,강남구,재개발/도시개발현장,지역주민,"재건축,주거,현장방문,강남",45,등촌,,subway,0.3441,202602_9호선_등촌,subway
2026-05-08_15:00_강남구,2026-05-08,15:00,강남구,재개발/도시개발현장,지역주민,"재건축,주거,현장방문,강남",46,서울숲,,subway,0.3437,202602_분당선_서울숲,subway
2026-05-08_15:00_강남구,2026-05-08,15:00,강남구,재개발/도시개발현장,지역주민,"재건축,주거,현장방문,강남",47,신정(은행정),,subway,0.3429,202602_5호선_신정(은행정),subway
2026-05-08_15:00_강남구,2026-05-08,15:00,강남구,재개발/도시개발현장,지역주민,"재건축,주거,현장방문,강남",48,외대앞,,subway,0.3427,202602_경원선_외대앞,subway
2026-05-08_15:00_강남구,2026-05-08,15:00,강남구,재개발/도시개발현장,지역주민,"재건축,주거,현장방문,강남",49,숭실대입구(살피재),숭실대입구,subway,0.3423,202602_7호선_숭실대입구(살피재),subway
2026-05-08_15:00_강남구,2026-05-08,15:00,강남구,재개발/도시개발현장,지역주민,"재건축,주거,현장방문,강남",50,화서,,subway,0.3419,202602_경부선_화서,subway
2026-05-09_11:45_영등포구,2026-05-09,11:45,영등포구,공원,"지역주민,일반시민","공원,생태,현장방문,주말",1,신림,관악구,subway,0.9468,202602_2호선_신림,subway
2026-05-09_11:45_영등포구,2026-05-09,11:45,영등포구,공원,"지역주민,일반시민","공원,생태,현장방문,주말",2,잠실(송파구청),송파구,subway,0.8013,202602_2호선_잠실(송파구청),subway
2026-05-09_11:45_영등포구,2026-05-09,11:45,영등포구,공원,"지역주민,일반시민","공원,생태,현장방문,주말",3,서울역,중구,subway,0.7902,202602_1호선_서울역,subway
2026-05-09_11:45_영등포구,2026-05-09,11:45,영등포구,공원,"지역주민,일반시민","공원,생태,현장방문,주말",4,구로디지털단지,구로구,subway,0.776,202602_2호선_구로디지털단지,subway
2026-05-09_11:45_영등포구,2026-05-09,11:45,영등포구,공원,"지역주민,일반시민","공원,생태,현장방문,주말",5,서울대입구(관악구청),관악구,subway,0.7382,202602_2호선_서울대입구(관악구청),subway
2026-05-09_11:45_영등포구,2026-05-09,11:45,영등포구,공원,"지역주민,일반시민","공원,생태,현장방문,주말",6,신도림,구로구,subway,0.7139,202602_2호선_신도림,subway
2026-05-09_11:45_영등포구,2026-05-09,11:45,영등포구,공원,"지역주민,일반시민","공원,생태,현장방문,주말",7,연신내,은평구,subway,0.667,202602_3호선_연신내,subway
2026-05-09_11:45_영등포구,2026-05-09,11:45,영등포구,공원,"지역주민,일반시민","공원,생태,현장방문,주말",8,영등포,영등포구,subway,0.4735,202602_경부선_영등포,subway
2026-05-09_11:45_영등포구,2026-05-09,11:45,영등포구,공원,"지역주민,일반시민","공원,생태,현장방문,주말",9,당산,영등포구,subway,0.4319,202602_9호선_당산,subway
2026-05-09_11:45_영등포구,2026-05-09,11:45,영등포구,공원,"지역주민,일반시민","공원,생태,현장방문,주말",10,영등포구청,영등포구,subway,0.4079,202602_2호선_영등포구청,subway
2026-05-09_11:45_영등포구,2026-05-09,11:45,영등포구,공원,"지역주민,일반시민","공원,생태,현장방문,주말",11,상왕십리,,subway,0.4076,202602_2호선_상왕십리,subway
2026-05-09_11:45_영등포구,2026-05-09,11:45,영등포구,공원,"지역주민,일반시민","공원,생태,현장방문,주말",12,천왕,,subway,0.4073,202602_7호선_천왕,subway
2026-05-09_11:45_영등포구,2026-05-09,11:45,영등포구,공원,"지역주민,일반시민","공원,생태,현장방문,주말",13,삼성(무역센터),강남구,subway,0.4072,202602_2호선_삼성(무역센터),subway
2026-05-09_11:45_영등포구,2026-05-09,11:45,영등포구,공원,"지역주민,일반시민","공원,생태,현장방문,주말",14,신논현,,subway,0.4064,202602_9호선_신논현,subway
2026-05-09_11:45_영등포구,2026-05-09,11:45,영등포구,공원,"지역주민,일반시민","공원,생태,현장방문,주말",15,등촌,,subway,0.4063,202602_9호선_등촌,subway
2026-05-09_11:45_영등포구,2026-05-09,11:45,영등포구,공원,"지역주민,일반시민","공원,생태,현장방문,주말",16,장지,,subway,0.4047,202602_8호선_장지,subway
2026-05-09_11:45_영등포구,2026-05-09,11:45,영등포구,공원,"지역주민,일반시민","공원,생태,현장방문,주말",17,남한산성입구(성남법원.검찰청),남한산성입구,subway,0.4046,202602_8호선_남한산성입구(성남법원.검찰청),subway
2026-05-09_11:45_영등포구,2026-05-09,11:45,영등포구,공원,"지역주민,일반시민","공원,생태,현장방문,주말",18,아차산(어린이대공원후문),,subway,0.4044,202602_5호선_아차산(어린이대공원후문),subway
2026-05-09_11:45_영등포구,2026-05-09,11:45,영등포구,공원,"지역주민,일반시민","공원,생태,현장방문,주말",19,문래,,subway,0.4025,202602_2호선_문래,subway
2026-05-09_11:45_영등포구,2026-05-09,11:45,영등포구,공원,"지역주민,일반시민","공원,생태,현장방문,주말",20,병점,,subway,0.402,202602_경부선_병점,subway
2026-05-09_11:45_영등포구,2026-05-09,11:45,영등포구,공원,"지역주민,일반시민","공원,생태,현장방문,주말",21,역삼,강남구,subway,0.4011,202602_2호선_역삼,subway
2026-05-09_11:45_영등포구,2026-05-09,11:45,영등포구,공원,"지역주민,일반시민","공원,생태,현장방문,주말",22,군자(능동),,subway,0.4001,202602_7호선_군자(능동),subway
2026-05-09_11:45_영등포구,2026-05-09,11:45,영등포구,공원,"지역주민,일반시민","공원,생태,현장방문,주말",23,돌곶이,,subway,0.3998,202602_6호선_돌곶이,subway
2026-05-09_11:45_영등포구,2026-05-09,11:45,영등포구,공원,"지역주민,일반시민","공원,생태,현장방문,주말",24,디지털미디어시티,,subway,0.3997,202602_6호선_디지털미디어시티,subway
2026-05-09_11:45_영등포구,2026-05-09,11:45,영등포구,공원,"지역주민,일반시민","공원,생태,현장방문,주말",25,을지로입구,중구,subway,0.3993,202602_2호선_을지로입구,subway
2026-05-09_11:45_영등포구,2026-05-09,11:45,영등포구,공원,"지역주민,일반시민","공원,생태,현장방문,주말",26,가산디지털단지,금천구,subway,0.3985,202602_7호선_가산디지털단지,subway
2026-05-09_11:45_영등포구,2026-05-09,11:45,영등포구,공원,"지역주민,일반시민","공원,생태,현장방문,주말",27,망포,,subway,0.3983,202602_분당선_망포,subway
2026-05-09_11:45_영등포구,2026-05-09,11:45,영등포구,공원,"지역주민,일반시민","공원,생태,현장방문,주말",28,마포구청,마포구,subway,0.3973,202602_6호선_마포구청,subway
2026-05-09_11:45_영등포구,2026-05-09,11:45,영등포구,공원,"지역주민,일반시민","공원,생태,현장방문,주말",29,석계,,subway,0.3964,202602_6호선_석계,subway
2026-05-09_11:45_영등포구,2026-05-09,11:45,영등포구,공원,"지역주민,일반시민","공원,생태,현장방문,주말",30,독산,,subway,0.3949,202602_경부선_독산,subway
2026-05-09_11:45_영등포구,2026-05-09,11:45,영등포구,공원,"지역주민,일반시민","공원,생태,현장방문,주말",31,단대오거리,,subway,0.3948,202602_8호선_단대오거리,subway
2026-05-09_11:45_영등포구,2026-05-09,11:45,영등포구,공원,"지역주민,일반시민","공원,생태,현장방문,주말",32,수락산,,subway,0.3924,202602_7호선_수락산,subway
2026-05-09_11:45_영등포구,2026-05-09,11:45,영등포구,공원,"지역주민,일반시민","공원,생태,현장방문,주말",33,둔촌동,,subway,0.391,202602_5호선_둔촌동,subway
2026-05-09_11:45_영등포구,2026-05-09,11:45,영등포구,공원,"지역주민,일반시민","공원,생태,현장방문,주말",34,서현,,subway,0.391,202602_분당선_서현,subway
2026-05-09_11:45_영등포구,2026-05-09,11:45,영등포구,공원,"지역주민,일반시민","공원,생태,현장방문,주말",35,잠실나루,,subway,0.391,202602_2호선_잠실나루,subway
2026-05-09_11:45_영등포구,2026-05-09,11:45,영등포구,공원,"지역주민,일반시민","공원,생태,현장방문,주말",36,화랑대(서울여대입구),서울여대입구,subway,0.3907,202602_6호선_화랑대(서울여대입구),subway
2026-05-09_11:45_영등포구,2026-05-09,11:45,영등포구,공원,"지역주민,일반시민","공원,생태,현장방문,주말",37,교대(법원.검찰청),,subway,0.3904,202602_2호선_교대(법원.검찰청),subway
2026-05-09_11:45_영등포구,2026-05-09,11:45,영등포구,공원,"지역주민,일반시민","공원,생태,현장방문,주말",38,오류동,,subway,0.39,202602_경인선_오류동,subway
2026-05-09_11:45_영등포구,2026-05-09,11:45,영등포구,공원,"지역주민,일반시민","공원,생태,현장방문,주말",39,원당,,subway,0.3874,202602_일산선_원당,subway
2026-05-09_11:45_영등포구,2026-05-09,11:45,영등포구,공원,"지역주민,일반시민","공원,생태,현장방문,주말",40,신풍,,subway,0.3864,202602_7호선_신풍,subway
2026-05-09_11:45_영등포구,2026-05-09,11:45,영등포구,공원,"지역주민,일반시민","공원,생태,현장방문,주말",41,남성,,subway,0.3854,202602_7호선_남성,subway
2026-05-09_11:45_영등포구,2026-05-09,11:45,영등포구,공원,"지역주민,일반시민","공원,생태,현장방문,주말",42,혜화,종로구,subway,0.3843,202602_4호선_혜화,subway
2026-05-09_11:45_영등포구,2026-05-09,11:45,영등포구,공원,"지역주민,일반시민","공원,생태,현장방문,주말",43,신당,,subway,0.3842,202602_2호선_신당,subway
2026-05-09_11:45_영등포구,2026-05-09,11:45,영등포구,공원,"지역주민,일반시민","공원,생태,현장방문,주말",44,원흥,,subway,0.3836,202602_일산선_원흥,subway
2026-05-09_11:45_영등포구,2026-05-09,11:45,영등포구,공원,"지역주민,일반시민","공원,생태,현장방문,주말",45,발산,,subway,0.3801,202602_5호선_발산,subway
2026-05-09_11:45_영등포구,2026-05-09,11:45,영등포구,공원,"지역주민,일반시민","공원,생태,현장방문,주말",46,신정네거리,,subway,0.38,202602_2호선_신정네거리,subway
2026-05-09_11:45_영등포구,2026-05-09,11:45,영등포구,공원,"지역주민,일반시민","공원,생태,현장방문,주말",47,숭실대입구(살피재),숭실대입구,subway,0.3781,202602_7호선_숭실대입구(살피재),subway
2026-05-09_11:45_영등포구,2026-05-09,11:45,영등포구,공원,"지역주민,일반시민","공원,생태,현장방문,주말",48,중화,,subway,0.3781,202602_7호선_중화,subway
2026-05-09_11:45_영등포구,2026-05-09,11:45,영등포구,공원,"지역주민,일반시민","공원,생태,현장방문,주말",49,계양,,subway,0.3767,202602_공항철도 1호선_계양,subway
2026-05-09_11:45_영등포구,2026-05-09,11:45,영등포구,공원,"지역주민,일반시민","공원,생태,현장방문,주말",50,왕십리(성동구청),성동구,subway,0.3758,202602_2호선_왕십리(성동구청),subway
2026-05-09_13:30_영등포구,2026-05-09,13:30,영등포구,노동현장,"노동자,직장인","택시,노동,인터뷰,공원",1,봉은공원,강남구,park,0.7451,64,park
2026-05-09_13:30_영등포구,2026-05-09,13:30,영등포구,노동현장,"노동자,직장인","택시,노동,인터뷰,공원",2,월드컵공원,마포구,park,0.7425,5,park
2026-05-09_13:30_영등포구,2026-05-09,13:30,영등포구,노동현장,"노동자,직장인","택시,노동,인터뷰,공원",3,중랑캠핑숲,중랑구,park,0.7412,93,park
2026-05-09_13:30_영등포구,2026-05-09,13:30,영등포구,노동현장,"노동자,직장인","택시,노동,인터뷰,공원",4,백련근린공원,서대문구,park,0.7275,59,park
2026-05-09_13:30_영등포구,2026-05-09,13:30,영등포구,노동현장,"노동자,직장인","택시,노동,인터뷰,공원",5,남산공원,중구,park,0.7185,1,park
2026-05-09_13:30_영등포구,2026-05-09,13:30,영등포구,노동현장,"노동자,직장인","택시,노동,인터뷰,공원",6,여의도근린공원,영등포구,park,0.7046,13,park
2026-05-09_13:30_영등포구,2026-05-09,13:30,영등포구,노동현장,"노동자,직장인","택시,노동,인터뷰,공원",7,선유도근린공원,영등포구,park,0.6121,86,park
2026-05-09_13:30_영등포구,2026-05-09,13:30,영등포구,노동현장,"노동자,직장인","택시,노동,인터뷰,공원",8,영등포근린공원,영등포구,park,0.6119,16,park
2026-05-09_13:30_영등포구,2026-05-09,13:30,영등포구,노동현장,"노동자,직장인","택시,노동,인터뷰,공원",9,중마루근린공원,영등포구,park,0.6067,8,park
2026-05-09_13:30_영등포구,2026-05-09,13:30,영등포구,노동현장,"노동자,직장인","택시,노동,인터뷰,공원",10,자매근린공원,영등포구,park,0.5863,51,park
2026-05-09_13:30_영등포구,2026-05-09,13:30,영등포구,노동현장,"노동자,직장인","택시,노동,인터뷰,공원",11,외국인묘지공원,마포구,park,0.5815,70,park
2026-05-09_13:30_영등포구,2026-05-09,13:30,영등포구,노동현장,"노동자,직장인","택시,노동,인터뷰,공원",12,샛마을근린공원,강동구,park,0.5803,12,park
2026-05-09_13:30_영등포구,2026-05-09,13:30,영등포구,노동현장,"노동자,직장인","택시,노동,인터뷰,공원",13,서울대공원,,park,0.5676,3,park
2026-05-09_13:30_영등포구,2026-05-09,13:30,영등포구,노동현장,"노동자,직장인","택시,노동,인터뷰,공원",14,경춘선숲길,노원구,park,0.5672,128,park
2026-05-09_13:30_영등포구,2026-05-09,13:30,영등포구,노동현장,"노동자,직장인","택시,노동,인터뷰,공원",15,매화근린공원,강서구,park,0.5581,10,park
2026-05-09_13:30_영등포구,2026-05-09,13:30,영등포구,노동현장,"노동자,직장인","택시,노동,인터뷰,공원",16,올림픽공원,송파구,park,0.4994,65,park
2026-05-09_13:30_영등포구,2026-05-09,13:30,영등포구,노동현장,"노동자,직장인","택시,노동,인터뷰,공원",17,진관근린공원(구파발폭포),은평구,park,0.4877,7,park
2026-05-09_13:30_영등포구,2026-05-09,13:30,영등포구,노동현장,"노동자,직장인","택시,노동,인터뷰,공원",18,감로천생태공원(관악산),금천구,park,0.4664,26,park
2026-05-09_13:30_영등포구,2026-05-09,13:30,영등포구,노동현장,"노동자,직장인","택시,노동,인터뷰,공원",19,서소문역사공원,중구,park,0.4624,132,park
2026-05-09_13:30_영등포구,2026-05-09,13:30,영등포구,노동현장,"노동자,직장인","택시,노동,인터뷰,공원",20,순화문화공원,중구,park,0.4624,133,park
2026-05-11_10:00_강서구,2026-05-11,10:00,강서구,정책현장,"청년,직장인,전문가","AI,미래산업,현장방문,마곡",1,서울식물원,강서구,park,0.6609,131,park
2026-05-11_10:00_강서구,2026-05-11,10:00,강서구,정책현장,"청년,직장인,전문가","AI,미래산업,현장방문,마곡",2,방화근린공원,강서구,park,0.6584,54,park
2026-05-11_10:00_강서구,2026-05-11,10:00,강서구,정책현장,"청년,직장인,전문가","AI,미래산업,현장방문,마곡",3,우장산근린공원,강서구,park,0.6338,77,park
2026-05-11_10:00_강서구,2026-05-11,10:00,강서구,정책현장,"청년,직장인,전문가","AI,미래산업,현장방문,마곡",4,봉제산공원,강서구,park,0.6165,89,park
2026-05-11_10:00_강서구,2026-05-11,10:00,강서구,정책현장,"청년,직장인,전문가","AI,미래산업,현장방문,마곡",5,개화근린공원,강서구,park,0.6086,113,park
2026-05-11_10:00_강서구,2026-05-11,10:00,강서구,정책현장,"청년,직장인,전문가","AI,미래산업,현장방문,마곡",6,꿩고개근린공원,강서구,park,0.5968,38,park
2026-05-11_10:00_강서구,2026-05-11,10:00,강서구,정책현장,"청년,직장인,전문가","AI,미래산업,현장방문,마곡",7,궁산근린공원,강서구,park,0.5946,36,park
2026-05-11_10:00_강서구,2026-05-11,10:00,강서구,정책현장,"청년,직장인,전문가","AI,미래산업,현장방문,마곡",8,염창근린공원,강서구,park,0.5899,58,park
2026-05-11_10:00_강서구,2026-05-11,10:00,강서구,정책현장,"청년,직장인,전문가","AI,미래산업,현장방문,마곡",9,허준공원,강서구,park,0.5765,34,park
2026-05-11_10:00_강서구,2026-05-11,10:00,강서구,정책현장,"청년,직장인,전문가","AI,미래산업,현장방문,마곡",10,매화근린공원,강서구,park,0.5416,10,park
2026-05-11_10:00_강서구,2026-05-11,10:00,강서구,정책현장,"청년,직장인,전문가","AI,미래산업,현장방문,마곡",11,올림픽공원,송파구,park,0.4817,65,park
2026-05-11_10:00_강서구,2026-05-11,10:00,강서구,정책현장,"청년,직장인,전문가","AI,미래산업,현장방문,마곡",12,진관근린공원(구파발폭포),은평구,park,0.4701,7,park
2026-05-11_10:00_강서구,2026-05-11,10:00,강서구,정책현장,"청년,직장인,전문가","AI,미래산업,현장방문,마곡",13,감로천생태공원(관악산),금천구,park,0.4499,26,park
2026-05-11_10:00_강서구,2026-05-11,10:00,강서구,정책현장,"청년,직장인,전문가","AI,미래산업,현장방문,마곡",14,서소문역사공원,중구,park,0.4459,132,park
2026-05-11_10:00_강서구,2026-05-11,10:00,강서구,정책현장,"청년,직장인,전문가","AI,미래산업,현장방문,마곡",15,순화문화공원,중구,park,0.4459,133,park
2026-05-14_14:00_중구,2026-05-14,14:00,중구,골목상권,"소상공인,상인","소상공인,골목상권,간담회,정동",1,남대문시장,중구,market,0.7056,중구_남대문시장,market
2026-05-14_14:00_중구,2026-05-14,14:00,중구,골목상권,"소상공인,상인","소상공인,골목상권,간담회,정동",2,평화시장,중구,market,0.5528,중구_평화시장,market
2026-05-14_14:00_중구,2026-05-14,14:00,중구,골목상권,"소상공인,상인","소상공인,골목상권,간담회,정동",3,삼익패션타운,중구,market,0.5222,중구_삼익패션타운,market
2026-05-14_14:00_중구,2026-05-14,14:00,중구,골목상권,"소상공인,상인","소상공인,골목상권,간담회,정동",4,동평화시장,중구,market,0.5126,중구_동평화시장,market
2026-05-14_14:00_중구,2026-05-14,14:00,중구,골목상권,"소상공인,상인","소상공인,골목상권,간담회,정동",5,청평화시장,중구,market,0.5024,중구_청평화시장,market
2026-05-14_14:00_중구,2026-05-14,14:00,중구,골목상권,"소상공인,상인","소상공인,골목상권,간담회,정동",6,신평화패션타운,중구,market,0.4993,중구_신평화패션타운,market
2026-05-14_14:00_중구,2026-05-14,14:00,중구,골목상권,"소상공인,상인","소상공인,골목상권,간담회,정동",7,방산시장,중구,market,0.4988,중구_방산시장,market
2026-05-14_14:00_중구,2026-05-14,14:00,중구,골목상권,"소상공인,상인","소상공인,골목상권,간담회,정동",8,광희패션몰,중구,market,0.4973,중구_광희패션몰,market
2026-05-14_14:00_중구,2026-05-14,14:00,중구,골목상권,"소상공인,상인","소상공인,골목상권,간담회,정동",9,통일상가,중구,market,0.4936,중구_통일상가,market
2026-05-14_14:00_중구,2026-05-14,14:00,중구,골목상권,"소상공인,상인","소상공인,골목상권,간담회,정동",10,중부시장,중구,market,0.4895,중구_중부시장,market
2026-05-14_14:00_중구,2026-05-14,14:00,중구,골목상권,"소상공인,상인","소상공인,골목상권,간담회,정동",11,신설동 들락거리 골목형상점가,동대문구,market,0.4875,동대문구_신설동_들락거리_골목형상점가,market
2026-05-14_14:00_중구,2026-05-14,14:00,중구,골목상권,"소상공인,상인","소상공인,골목상권,간담회,정동",12,연신내골목형상점가,은평구,market,0.487,은평구_연신내골목형상점가,market
2026-05-14_14:00_중구,2026-05-14,14:00,중구,골목상권,"소상공인,상인","소상공인,골목상권,간담회,정동",13,강서구청먹자골목 골목형상점가,강서구,market,0.4867,강서구_강서구청먹자골목_골목형상점가,market
2026-05-14_14:00_중구,2026-05-14,14:00,중구,골목상권,"소상공인,상인","소상공인,골목상권,간담회,정동",14,제일평화시장,중구,market,0.4864,중구_제일평화시장,market
2026-05-14_14:00_중구,2026-05-14,14:00,중구,골목상권,"소상공인,상인","소상공인,골목상권,간담회,정동",15,약수시장 골목형상점가,중구,market,0.4848,중구_약수시장_골목형상점가,market
2026-05-14_14:00_중구,2026-05-14,14:00,중구,골목상권,"소상공인,상인","소상공인,골목상권,간담회,정동",16,이수미로 골목형상점가,동작구,market,0.4843,동작구_이수미로_골목형상점가,market
2026-05-14_14:00_중구,2026-05-14,14:00,중구,골목상권,"소상공인,상인","소상공인,골목상권,간담회,정동",17,경동시장,동대문구,market,0.4833,동대문구_경동시장,market
2026-05-14_14:00_중구,2026-05-14,14:00,중구,골목상권,"소상공인,상인","소상공인,골목상권,간담회,정동",18,대명여울빛거리시장,금천구,market,0.4824,금천구_대명여울빛거리시장,market
2026-05-14_14:00_중구,2026-05-14,14:00,중구,골목상권,"소상공인,상인","소상공인,골목상권,간담회,정동",19,동화상가,중구,market,0.4822,중구_동화상가,market
2026-05-14_14:00_중구,2026-05-14,14:00,중구,골목상권,"소상공인,상인","소상공인,골목상권,간담회,정동",20,방이시장,송파구,market,0.4822,송파구_방이시장,market
2026-05-14_14:00_중구,2026-05-14,14:00,중구,골목상권,"소상공인,상인","소상공인,골목상권,간담회,정동",21,성동용답상가시장,성동구,market,0.4816,성동구_성동용답상가시장,market
2026-05-14_14:00_중구,2026-05-14,14:00,중구,골목상권,"소상공인,상인","소상공인,골목상권,간담회,정동",22,숭례문수입상가,중구,market,0.4816,중구_숭례문수입상가,market
2026-05-14_14:00_중구,2026-05-14,14:00,중구,골목상권,"소상공인,상인","소상공인,골목상권,간담회,정동",23,남평화시장,중구,market,0.4813,중구_남평화시장,market
2026-05-14_14:00_중구,2026-05-14,14:00,중구,골목상권,"소상공인,상인","소상공인,골목상권,간담회,정동",24,장신구거리,강동구,market,0.4813,강동구_장신구거리,market
2026-05-14_14:00_중구,2026-05-14,14:00,중구,골목상권,"소상공인,상인","소상공인,골목상권,간담회,정동",25,불광먹자골목형상점가,은평구,market,0.4812,은평구_불광먹자골목형상점가,market
2026-05-14_14:00_중구,2026-05-14,14:00,중구,골목상권,"소상공인,상인","소상공인,골목상권,간담회,정동",26,남구로시장,구로구,market,0.4811,구로구_남구로시장,market
2026-05-14_14:00_중구,2026-05-14,14:00,중구,골목상권,"소상공인,상인","소상공인,골목상권,간담회,정동",27,비단길현대시장,금천구,market,0.4807,금천구_비단길현대시장,market
2026-05-14_14:00_중구,2026-05-14,14:00,중구,골목상권,"소상공인,상인","소상공인,골목상권,간담회,정동",28,신당 미래유산 먹거리 골목형상점가,중구,market,0.4803,중구_신당_미래유산_먹거리_골목형상점가,market
2026-05-14_14:00_중구,2026-05-14,14:00,중구,골목상권,"소상공인,상인","소상공인,골목상권,간담회,정동",29,제기동 고대앞마을 골목형상점가,동대문구,market,0.4799,동대문구_제기동_고대앞마을_골목형상점가,market
2026-05-14_14:00_중구,2026-05-14,14:00,중구,골목상권,"소상공인,상인","소상공인,골목상권,간담회,정동",30,그라운드고척 골목형상점가,구로구,market,0.4792,구로구_그라운드고척_골목형상점가,market
2026-05-14_14:00_중구,2026-05-14,14:00,중구,골목상권,"소상공인,상인","소상공인,골목상권,간담회,정동",31,까치산시장,강서구,market,0.4792,강서구_까치산시장,market
2026-05-14_14:00_중구,2026-05-14,14:00,중구,골목상권,"소상공인,상인","소상공인,골목상권,간담회,정동",32,가양역사거리 골목형상점가,강서구,market,0.4788,강서구_가양역사거리_골목형상점가,market
2026-05-14_14:00_중구,2026-05-14,14:00,중구,골목상권,"소상공인,상인","소상공인,골목상권,간담회,정동",33,풍납시장,송파구,market,0.4787,송파구_풍납시장,market
2026-05-14_14:00_중구,2026-05-14,14:00,중구,골목상권,"소상공인,상인","소상공인,골목상권,간담회,정동",34,남부골목시장,강서구,market,0.4786,강서구_남부골목시장,market
2026-05-14_14:00_중구,2026-05-14,14:00,중구,골목상권,"소상공인,상인","소상공인,골목상권,간담회,정동",35,서울중앙시장,중구,market,0.4782,중구_서울중앙시장,market
2026-05-14_14:00_중구,2026-05-14,14:00,중구,골목상권,"소상공인,상인","소상공인,골목상권,간담회,정동",36,영등포청과시장,영등포구,market,0.478,영등포구_영등포청과시장,market
2026-05-14_14:00_중구,2026-05-14,14:00,중구,골목상권,"소상공인,상인","소상공인,골목상권,간담회,정동",37,장충남소영길 골목형상점가,중구,market,0.4777,중구_장충남소영길_골목형상점가,market
2026-05-14_14:00_중구,2026-05-14,14:00,중구,골목상권,"소상공인,상인","소상공인,골목상권,간담회,정동",38,아현시장,마포구,market,0.4776,마포구_아현시장,market
2026-05-14_14:00_중구,2026-05-14,14:00,중구,골목상권,"소상공인,상인","소상공인,골목상권,간담회,정동",39,송정벚꽃골목형상점가,성동구,market,0.4775,성동구_송정벚꽃골목형상점가,market
2026-05-14_14:00_중구,2026-05-14,14:00,중구,골목상권,"소상공인,상인","소상공인,골목상권,간담회,정동",40,우림골목시장,중랑구,market,0.4775,중랑구_우림골목시장,market
2026-05-14_14:00_중구,2026-05-14,14:00,중구,골목상권,"소상공인,상인","소상공인,골목상권,간담회,정동",41,신성전통시장,광진구,market,0.477,광진구_신성전통시장,market
2026-05-14_14:00_중구,2026-05-14,14:00,중구,골목상권,"소상공인,상인","소상공인,골목상권,간담회,정동",42,신중부시장,중구,market,0.4769,중구_신중부시장,market
2026-05-14_14:00_중구,2026-05-14,14:00,중구,골목상권,"소상공인,상인","소상공인,골목상권,간담회,정동",43,방산종합시장,중구,market,0.4767,중구_방산종합시장,market
2026-05-14_14:00_중구,2026-05-14,14:00,중구,골목상권,"소상공인,상인","소상공인,골목상권,간담회,정동",44,숭실마루길 골목형상점가,동작구,market,0.4765,동작구_숭실마루길_골목형상점가,market
2026-05-14_14:00_중구,2026-05-14,14:00,중구,골목상권,"소상공인,상인","소상공인,골목상권,간담회,정동",45,신도봉시장,도봉구,market,0.4765,도봉구_신도봉시장,market
2026-05-14_14:00_중구,2026-05-14,14:00,중구,골목상권,"소상공인,상인","소상공인,골목상권,간담회,정동",46,연남동골목형상점가,마포구,market,0.4764,마포구_연남동골목형상점가,market
2026-05-14_14:00_중구,2026-05-14,14:00,중구,골목상권,"소상공인,상인","소상공인,골목상권,간담회,정동",47,새마을시장,송파구,market,0.4763,송파구_새마을시장,market
2026-05-14_14:00_중구,2026-05-14,14:00,중구,골목상권,"소상공인,상인","소상공인,골목상권,간담회,정동",48,동원전통종합시장,중랑구,market,0.4761,중랑구_동원전통종합시장,market
2026-05-14_14:00_중구,2026-05-14,14:00,중구,골목상권,"소상공인,상인","소상공인,골목상권,간담회,정동",49,송화벽화시장,강서구,market,0.4759,강서구_송화벽화시장,market
2026-05-14_14:00_중구,2026-05-14,14:00,중구,골목상권,"소상공인,상인","소상공인,골목상권,간담회,정동",50,월곡달빛오거리골목형상점가,성북구,market,0.4759,성북구_월곡달빛오거리골목형상점가,market
2026-05-15_14:40_중랑구,2026-05-15,14:40,중랑구,공원,"지역주민,일반시민","지역축제,장미축제,공원,중랑",1,서울역,중구,subway,0.9642,202602_1호선_서울역,subway
2026-05-15_14:40_중랑구,2026-05-15,14:40,중랑구,공원,"지역주민,일반시민","지역축제,장미축제,공원,중랑",2,잠실(송파구청),송파구,subway,0.9611,202602_2호선_잠실(송파구청),subway
2026-05-15_14:40_중랑구,2026-05-15,14:40,중랑구,공원,"지역주민,일반시민","지역축제,장미축제,공원,중랑",3,강남,강남구,subway,0.9318,202602_2호선_강남,subway
2026-05-15_14:40_중랑구,2026-05-15,14:40,중랑구,공원,"지역주민,일반시민","지역축제,장미축제,공원,중랑",4,홍대입구,마포구,subway,0.8656,202602_2호선_홍대입구,subway
2026-05-15_14:40_중랑구,2026-05-15,14:40,중랑구,공원,"지역주민,일반시민","지역축제,장미축제,공원,중랑",5,고속터미널,서초구,subway,0.8161,202602_3호선_고속터미널,subway
2026-05-15_14:40_중랑구,2026-05-15,14:40,중랑구,공원,"지역주민,일반시민","지역축제,장미축제,공원,중랑",6,삼성(무역센터),강남구,subway,0.7312,202602_2호선_삼성(무역센터),subway
2026-05-15_14:40_중랑구,2026-05-15,14:40,중랑구,공원,"지역주민,일반시민","지역축제,장미축제,공원,중랑",7,성수,성동구,subway,0.7287,202602_2호선_성수,subway
2026-05-15_14:40_중랑구,2026-05-15,14:40,중랑구,공원,"지역주민,일반시민","지역축제,장미축제,공원,중랑",8,선릉,강남구,subway,0.7238,202602_2호선_선릉,subway
2026-05-15_14:40_중랑구,2026-05-15,14:40,중랑구,공원,"지역주민,일반시민","지역축제,장미축제,공원,중랑",9,용산,용산구,subway,0.7194,202602_경부선_용산,subway
2026-05-15_14:40_중랑구,2026-05-15,14:40,중랑구,공원,"지역주민,일반시민","지역축제,장미축제,공원,중랑",10,구로디지털단지,구로구,subway,0.6961,202602_2호선_구로디지털단지,subway
2026-05-15_14:40_중랑구,2026-05-15,14:40,중랑구,공원,"지역주민,일반시민","지역축제,장미축제,공원,중랑",11,신림,관악구,subway,0.6921,202602_2호선_신림,subway
2026-05-15_14:40_중랑구,2026-05-15,14:40,중랑구,공원,"지역주민,일반시민","지역축제,장미축제,공원,중랑",12,을지로입구,중구,subway,0.6806,202602_2호선_을지로입구,subway
2026-05-15_14:40_중랑구,2026-05-15,14:40,중랑구,공원,"지역주민,일반시민","지역축제,장미축제,공원,중랑",13,신도림,구로구,subway,0.6595,202602_2호선_신도림,subway
2026-05-15_14:40_중랑구,2026-05-15,14:40,중랑구,공원,"지역주민,일반시민","지역축제,장미축제,공원,중랑",14,영등포,영등포구,subway,0.6567,202602_경부선_영등포,subway
2026-05-15_14:40_중랑구,2026-05-15,14:40,중랑구,공원,"지역주민,일반시민","지역축제,장미축제,공원,중랑",15,역삼,강남구,subway,0.6459,202602_2호선_역삼,subway
2026-05-15_14:40_중랑구,2026-05-15,14:40,중랑구,공원,"지역주민,일반시민","지역축제,장미축제,공원,중랑",16,서울대입구(관악구청),관악구,subway,0.628,202602_2호선_서울대입구(관악구청),subway
2026-05-15_14:40_중랑구,2026-05-15,14:40,중랑구,공원,"지역주민,일반시민","지역축제,장미축제,공원,중랑",17,수원,,subway,0.6164,202602_경부선_수원,subway
2026-05-15_14:40_중랑구,2026-05-15,14:40,중랑구,공원,"지역주민,일반시민","지역축제,장미축제,공원,중랑",18,종각,종로구,subway,0.5903,202602_1호선_종각,subway
2026-05-15_14:40_중랑구,2026-05-15,14:40,중랑구,공원,"지역주민,일반시민","지역축제,장미축제,공원,중랑",19,가산디지털단지,금천구,subway,0.586,202602_7호선_가산디지털단지,subway
2026-05-15_14:40_중랑구,2026-05-15,14:40,중랑구,공원,"지역주민,일반시민","지역축제,장미축제,공원,중랑",20,사당,동작구,subway,0.5846,202602_2호선_사당,subway
2026-05-15_14:40_중랑구,2026-05-15,14:40,중랑구,공원,"지역주민,일반시민","지역축제,장미축제,공원,중랑",21,신촌,,subway,0.5808,202602_2호선_신촌,subway
2026-05-15_14:40_중랑구,2026-05-15,14:40,중랑구,공원,"지역주민,일반시민","지역축제,장미축제,공원,중랑",22,혜화,종로구,subway,0.5759,202602_4호선_혜화,subway
2026-05-15_14:40_중랑구,2026-05-15,14:40,중랑구,공원,"지역주민,일반시민","지역축제,장미축제,공원,중랑",23,명동,중구,subway,0.5738,202602_4호선_명동,subway
2026-05-15_14:40_중랑구,2026-05-15,14:40,중랑구,공원,"지역주민,일반시민","지역축제,장미축제,공원,중랑",24,연신내,은평구,subway,0.5711,202602_3호선_연신내,subway
2026-05-15_14:40_중랑구,2026-05-15,14:40,중랑구,공원,"지역주민,일반시민","지역축제,장미축제,공원,중랑",25,회현(남대문시장),,subway,0.5558,202602_4호선_회현(남대문시장),subway
2026-05-15_14:40_중랑구,2026-05-15,14:40,중랑구,공원,"지역주민,일반시민","지역축제,장미축제,공원,중랑",26,남부터미널(예술의전당),,subway,0.5541,202602_3호선_남부터미널(예술의전당),subway
2026-05-15_14:40_중랑구,2026-05-15,14:40,중랑구,공원,"지역주민,일반시민","지역축제,장미축제,공원,중랑",27,건대입구,광진구,subway,0.5488,202602_2호선_건대입구,subway
2026-05-15_14:40_중랑구,2026-05-15,14:40,중랑구,공원,"지역주민,일반시민","지역축제,장미축제,공원,중랑",28,양재(서초구청),서초구,subway,0.5482,202602_3호선_양재(서초구청),subway
2026-05-15_14:40_중랑구,2026-05-15,14:40,중랑구,공원,"지역주민,일반시민","지역축제,장미축제,공원,중랑",29,광화문(세종문화회관),,subway,0.5464,202602_5호선_광화문(세종문화회관),subway
2026-05-15_14:40_중랑구,2026-05-15,14:40,중랑구,공원,"지역주민,일반시민","지역축제,장미축제,공원,중랑",30,안국,,subway,0.545,202602_3호선_안국,subway
2026-05-15_14:40_중랑구,2026-05-15,14:40,중랑구,공원,"지역주민,일반시민","지역축제,장미축제,공원,중랑",31,수유(강북구청),강북구,subway,0.5395,202602_4호선_수유(강북구청),subway
2026-05-15_14:40_중랑구,2026-05-15,14:40,중랑구,공원,"지역주민,일반시민","지역축제,장미축제,공원,중랑",32,부천,,subway,0.5328,202602_경인선_부천,subway
2026-05-15_14:40_중랑구,2026-05-15,14:40,중랑구,공원,"지역주민,일반시민","지역축제,장미축제,공원,중랑",33,종로3가,,subway,0.5286,202602_1호선_종로3가,subway
2026-05-15_14:40_중랑구,2026-05-15,14:40,중랑구,공원,"지역주민,일반시민","지역축제,장미축제,공원,중랑",34,압구정,압구,subway,0.5273,202602_3호선_압구정,subway
2026-05-15_14:40_중랑구,2026-05-15,14:40,중랑구,공원,"지역주민,일반시민","지역축제,장미축제,공원,중랑",35,종로5가,,subway,0.5253,202602_1호선_종로5가,subway
2026-05-15_14:40_중랑구,2026-05-15,14:40,중랑구,공원,"지역주민,일반시민","지역축제,장미축제,공원,중랑",36,청량리(서울시립대입구),서울시립대입구,subway,0.5223,202602_1호선_청량리(서울시립대입구),subway
2026-05-15_14:40_중랑구,2026-05-15,14:40,중랑구,공원,"지역주민,일반시민","지역축제,장미축제,공원,중랑",37,부평,,subway,0.5188,202602_경인선_부평,subway
2026-05-15_14:40_중랑구,2026-05-15,14:40,중랑구,공원,"지역주민,일반시민","지역축제,장미축제,공원,중랑",38,경복궁(정부서울청사),,subway,0.5131,202602_3호선_경복궁(정부서울청사),subway
2026-05-15_14:40_중랑구,2026-05-15,14:40,중랑구,공원,"지역주민,일반시민","지역축제,장미축제,공원,중랑",39,여의도,영등포구,subway,0.5131,202602_9호선_여의도,subway
2026-05-15_14:40_중랑구,2026-05-15,14:40,중랑구,공원,"지역주민,일반시민","지역축제,장미축제,공원,중랑",40,신논현,,subway,0.5119,202602_9호선_신논현,subway
2026-05-15_14:40_중랑구,2026-05-15,14:40,중랑구,공원,"지역주민,일반시민","지역축제,장미축제,공원,중랑",41,창동,,subway,0.5047,202602_4호선_창동,subway
2026-05-15_14:40_중랑구,2026-05-15,14:40,중랑구,공원,"지역주민,일반시민","지역축제,장미축제,공원,중랑",42,교대(법원.검찰청),,subway,0.504,202602_2호선_교대(법원.검찰청),subway
2026-05-15_14:40_중랑구,2026-05-15,14:40,중랑구,공원,"지역주민,일반시민","지역축제,장미축제,공원,중랑",43,강변(동서울터미널),,subway,0.4969,202602_2호선_강변(동서울터미널),subway
2026-05-15_14:40_중랑구,2026-05-15,14:40,중랑구,공원,"지역주민,일반시민","지역축제,장미축제,공원,중랑",44,충무로,,subway,0.492,202602_4호선_충무로,subway
2026-05-15_14:40_중랑구,2026-05-15,14:40,중랑구,공원,"지역주민,일반시민","지역축제,장미축제,공원,중랑",45,합정,마포구,subway,0.4906,202602_2호선_합정,subway
2026-05-15_14:40_중랑구,2026-05-15,14:40,중랑구,공원,"지역주민,일반시민","지역축제,장미축제,공원,중랑",46,쌍문,도봉구,subway,0.4837,202602_4호선_쌍문,subway
2026-05-15_14:40_중랑구,2026-05-15,14:40,중랑구,공원,"지역주민,일반시민","지역축제,장미축제,공원,중랑",47,범계,,subway,0.4824,202602_과천선_범계,subway
2026-05-15_14:40_중랑구,2026-05-15,14:40,중랑구,공원,"지역주민,일반시민","지역축제,장미축제,공원,중랑",48,동대문,,subway,0.4821,202602_4호선_동대문,subway
2026-05-15_14:40_중랑구,2026-05-15,14:40,중랑구,공원,"지역주민,일반시민","지역축제,장미축제,공원,중랑",49,시청,,subway,0.4795,202602_1호선_시청,subway
2026-05-15_14:40_중랑구,2026-05-15,14:40,중랑구,공원,"지역주민,일반시민","지역축제,장미축제,공원,중랑",50,구의(광진구청),광진구,subway,0.4793,202602_2호선_구의(광진구청),subway
2026-05-16_10:00_송파구,2026-05-16,10:00,송파구,체육시설,"체육인,일반시민,가족/어린이","체육행사,시민축제,송파,주말",1,봉은공원,강남구,park,0.7275,64,park
2026-05-16_10:00_송파구,2026-05-16,10:00,송파구,체육시설,"체육인,일반시민,가족/어린이","체육행사,시민축제,송파,주말",2,월드컵공원,마포구,park,0.7248,5,park
2026-05-16_10:00_송파구,2026-05-16,10:00,송파구,체육시설,"체육인,일반시민,가족/어린이","체육행사,시민축제,송파,주말",3,중랑캠핑숲,중랑구,park,0.7213,93,park
2026-05-16_10:00_송파구,2026-05-16,10:00,송파구,체육시설,"체육인,일반시민,가족/어린이","체육행사,시민축제,송파,주말",4,장지근린공원,송파구,park,0.6341,52,park
2026-05-16_10:00_송파구,2026-05-16,10:00,송파구,체육시설,"체육인,일반시민,가족/어린이","체육행사,시민축제,송파,주말",5,아시아근린공원,송파구,park,0.6327,55,park
2026-05-16_10:00_송파구,2026-05-16,10:00,송파구,체육시설,"체육인,일반시민,가족/어린이","체육행사,시민축제,송파,주말",6,오금근린공원,송파구,park,0.6255,60,park
2026-05-16_10:00_송파구,2026-05-16,10:00,송파구,체육시설,"체육인,일반시민,가족/어린이","체육행사,시민축제,송파,주말",7,문정근린공원,송파구,park,0.6084,105,park
2026-05-16_10:00_송파구,2026-05-16,10:00,송파구,체육시설,"체육인,일반시민,가족/어린이","체육행사,시민축제,송파,주말",8,송파나루근린공원(석촌호수),송파구,park,0.6028,85,park
2026-05-16_10:00_송파구,2026-05-16,10:00,송파구,체육시설,"체육인,일반시민,가족/어린이","체육행사,시민축제,송파,주말",9,천마근린공원,송파구,park,0.5976,44,park
2026-05-16_10:00_송파구,2026-05-16,10:00,송파구,체육시설,"체육인,일반시민,가족/어린이","체육행사,시민축제,송파,주말",10,올림픽공원,송파구,park,0.4817,65,park
2026-05-16_10:00_송파구,2026-05-16,10:00,송파구,체육시설,"체육인,일반시민,가족/어린이","체육행사,시민축제,송파,주말",11,진관근린공원(구파발폭포),은평구,park,0.4701,7,park
2026-05-16_10:00_송파구,2026-05-16,10:00,송파구,체육시설,"체육인,일반시민,가족/어린이","체육행사,시민축제,송파,주말",12,감로천생태공원(관악산),금천구,park,0.4499,26,park
2026-05-16_10:00_송파구,2026-05-16,10:00,송파구,체육시설,"체육인,일반시민,가족/어린이","체육행사,시민축제,송파,주말",13,서소문역사공원,중구,park,0.4459,132,park
2026-05-16_10:00_송파구,2026-05-16,10:00,송파구,체육시설,"체육인,일반시민,가족/어린이","체육행사,시민축제,송파,주말",14,순화문화공원,중구,park,0.4459,133,park
2026-05-16_12:30_성동구,2026-05-16,12:30,성동구,골목상권,"청년,지역주민,상인","성수동,골목상권,인터뷰,현장방문",1,남대문시장,중구,market,0.7056,중구_남대문시장,market
2026-05-16_12:30_성동구,2026-05-16,12:30,성동구,골목상권,"청년,지역주민,상인","성수동,골목상권,인터뷰,현장방문",2,동대문종합시장,종로구,market,0.6301,종로구_동대문종합시장,market
2026-05-16_12:30_성동구,2026-05-16,12:30,성동구,골목상권,"청년,지역주민,상인","성수동,골목상권,인터뷰,현장방문",3,장안 마실 골목형상점가,동대문구,market,0.6299,동대문구_장안_마실_골목형상점가,market
2026-05-16_12:30_성동구,2026-05-16,12:30,성동구,골목상권,"청년,지역주민,상인","성수동,골목상권,인터뷰,현장방문",4,천호로데오거리상점가,강동구,market,0.5914,강동구_천호로데오거리상점가,market
2026-05-16_12:30_성동구,2026-05-16,12:30,성동구,골목상권,"청년,지역주민,상인","성수동,골목상권,인터뷰,현장방문",5,마장축산물시장,성동구,market,0.5116,성동구_마장축산물시장,market
2026-05-16_12:30_성동구,2026-05-16,12:30,성동구,골목상권,"청년,지역주민,상인","성수동,골목상권,인터뷰,현장방문",6,성동용답상가시장,성동구,market,0.4816,성동구_성동용답상가시장,market
2026-05-16_12:30_성동구,2026-05-16,12:30,성동구,골목상권,"청년,지역주민,상인","성수동,골목상권,인터뷰,현장방문",7,송정벚꽃골목형상점가,성동구,market,0.4775,성동구_송정벚꽃골목형상점가,market
2026-05-16_12:30_성동구,2026-05-16,12:30,성동구,골목상권,"청년,지역주민,상인","성수동,골목상권,인터뷰,현장방문",8,사근살곶이골목형상점가시장,성동구,market,0.474,성동구_사근살곶이골목형상점가시장,market
2026-05-16_12:30_성동구,2026-05-16,12:30,성동구,골목상권,"청년,지역주민,상인","성수동,골목상권,인터뷰,현장방문",9,금남시장,성동구,market,0.4707,성동구_금남시장,market
2026-05-16_12:30_성동구,2026-05-16,12:30,성동구,골목상권,"청년,지역주민,상인","성수동,골목상권,인터뷰,현장방문",10,뚝도시장,성동구,market,0.4683,성동구_뚝도시장,market
2026-05-16_12:30_성동구,2026-05-16,12:30,성동구,골목상권,"청년,지역주민,상인","성수동,골목상권,인터뷰,현장방문",11,답십리현대시장,동대문구,market,0.4683,동대문구_답십리현대시장,market
2026-05-16_12:30_성동구,2026-05-16,12:30,성동구,골목상권,"청년,지역주민,상인","성수동,골목상권,인터뷰,현장방문",12,대림골목시장,은평구,market,0.4683,은평구_대림골목시장,market
2026-05-16_12:30_성동구,2026-05-16,12:30,성동구,골목상권,"청년,지역주민,상인","성수동,골목상권,인터뷰,현장방문",13,배밭골골목형상점가,성북구,market,0.4683,성북구_배밭골골목형상점가,market
2026-05-16_12:30_성동구,2026-05-16,12:30,성동구,골목상권,"청년,지역주민,상인","성수동,골목상권,인터뷰,현장방문",14,고분다리전통시장,강동구,market,0.4682,강동구_고분다리전통시장,market
2026-05-16_12:30_성동구,2026-05-16,12:30,성동구,골목상권,"청년,지역주민,상인","성수동,골목상권,인터뷰,현장방문",15,오목내길골목형상점가,양천구,market,0.4682,양천구_오목내길골목형상점가,market
2026-05-16_12:30_성동구,2026-05-16,12:30,성동구,골목상권,"청년,지역주민,상인","성수동,골목상권,인터뷰,현장방문",16,강서행복한길골목형상점가,강서구,market,0.4681,강서구_강서행복한길골목형상점가,market
2026-05-16_12:30_성동구,2026-05-16,12:30,성동구,골목상권,"청년,지역주민,상인","성수동,골목상권,인터뷰,현장방문",17,개봉중앙 골목형상점가,구로구,market,0.4681,구로구_개봉중앙_골목형상점가,market
2026-05-16_12:30_성동구,2026-05-16,12:30,성동구,골목상권,"청년,지역주민,상인","성수동,골목상권,인터뷰,현장방문",18,수유전통시장,강북구,market,0.4681,강북구_수유전통시장,market
2026-05-16_12:30_성동구,2026-05-16,12:30,성동구,골목상권,"청년,지역주민,상인","성수동,골목상권,인터뷰,현장방문",19,명동남산골 골목형상점가,중구,market,0.468,중구_명동남산골_골목형상점가,market
2026-05-16_18:40_종로구,2026-05-16,18:40,종로구,종교시설,"종교인,일반시민","연등회,종교,축제,야간",1,종로노인종합복지관,종로구,senior_friendly,0.7583,A3971,senior_friendly
2026-05-16_18:40_종로구,2026-05-16,18:40,종로구,종교시설,"종교인,일반시민","연등회,종교,축제,야간",2,낙산근린공원,종로구,park,0.6884,22,park
2026-05-16_18:40_종로구,2026-05-16,18:40,종로구,종교시설,"종교인,일반시민","연등회,종교,축제,야간",3,북악산도시자연공원,종로구,park,0.6739,68,park
2026-05-16_18:40_종로구,2026-05-16,18:40,종로구,종교시설,"종교인,일반시민","연등회,종교,축제,야간",4,인왕산도시자연공원,종로구,park,0.6425,80,park
2026-05-16_18:40_종로구,2026-05-16,18:40,종로구,종교시설,"종교인,일반시민","연등회,종교,축제,야간",5,세종로공원,종로구,park,0.6373,107,park
2026-05-16_18:40_종로구,2026-05-16,18:40,종로구,종교시설,"종교인,일반시민","연등회,종교,축제,야간",6,경희궁,종로구,park,0.6317,29,park
2026-05-16_18:40_종로구,2026-05-16,18:40,종로구,종교시설,"종교인,일반시민","연등회,종교,축제,야간",7,동대문종합시장,종로구,market,0.6301,종로구_동대문종합시장,market
2026-05-16_18:40_종로구,2026-05-16,18:40,종로구,종교시설,"종교인,일반시민","연등회,종교,축제,야간",8,삼청근린공원,종로구,park,0.6253,79,park
2026-05-16_18:40_종로구,2026-05-16,18:40,종로구,종교시설,"종교인,일반시민","연등회,종교,축제,야간",9,광화문시민열린마당,종로구,park,0.6202,6,park
2026-05-16_18:40_종로구,2026-05-16,18:40,종로구,종교시설,"종교인,일반시민","연등회,종교,축제,야간",10,와룡근린공원,종로구,park,0.6141,66,park
2026-05-16_18:40_종로구,2026-05-16,18:40,종로구,종교시설,"종교인,일반시민","연등회,종교,축제,야간",11,천마근린공원,송파구,park,0.6141,44,park
2026-05-16_18:40_종로구,2026-05-16,18:40,종로구,종교시설,"종교인,일반시민","연등회,종교,축제,야간",12,사직근린공원,종로구,park,0.614,76,park
2026-05-16_18:40_종로구,2026-05-16,18:40,종로구,종교시설,"종교인,일반시민","연등회,종교,축제,야간",13,꿩고개근린공원,강서구,park,0.6133,38,park
2026-05-16_18:40_종로구,2026-05-16,18:40,종로구,종교시설,"종교인,일반시민","연등회,종교,축제,야간",14,선유도근린공원,영등포구,park,0.6121,86,park
2026-05-16_18:40_종로구,2026-05-16,18:40,종로구,종교시설,"종교인,일반시민","연등회,종교,축제,야간",15,영등포근린공원,영등포구,park,0.6119,16,park
2026-05-16_18:40_종로구,2026-05-16,18:40,종로구,종교시설,"종교인,일반시민","연등회,종교,축제,야간",16,궁산근린공원,강서구,park,0.6111,36,park
2026-05-16_18:40_종로구,2026-05-16,18:40,종로구,종교시설,"종교인,일반시민","연등회,종교,축제,야간",17,샘말공원(관악산근린공원 샘말지구),관악구,park,0.6076,108,park
2026-05-16_18:40_종로구,2026-05-16,18:40,종로구,종교시설,"종교인,일반시민","연등회,종교,축제,야간",18,중마루근린공원,영등포구,park,0.6067,8,park
2026-05-16_18:40_종로구,2026-05-16,18:40,종로구,종교시설,"종교인,일반시민","연등회,종교,축제,야간",19,발바닥공원,도봉구,park,0.6064,98,park
2026-05-16_18:40_종로구,2026-05-16,18:40,종로구,종교시설,"종교인,일반시민","연등회,종교,축제,야간",20,염창근린공원,강서구,park,0.6064,58,park
2026-05-16_18:40_종로구,2026-05-16,18:40,종로구,종교시설,"종교인,일반시민","연등회,종교,축제,야간",21,동명근린공원,강동구,park,0.6058,49,park
2026-05-16_18:40_종로구,2026-05-16,18:40,종로구,종교시설,"종교인,일반시민","연등회,종교,축제,야간",22,성수근린공원,성동구,park,0.6055,11,park
2026-05-16_18:40_종로구,2026-05-16,18:40,종로구,종교시설,"종교인,일반시민","연등회,종교,축제,야간",23,달맞이근린공원,성동구,park,0.6016,104,park
2026-05-16_18:40_종로구,2026-05-16,18:40,종로구,종교시설,"종교인,일반시민","연등회,종교,축제,야간",24,서울창포원,도봉구,park,0.5989,90,park
2026-05-16_18:40_종로구,2026-05-16,18:40,종로구,종교시설,"종교인,일반시민","연등회,종교,축제,야간",25,금천폭포근린공원,금천구,park,0.5958,96,park
2026-05-16_18:40_종로구,2026-05-16,18:40,종로구,종교시설,"종교인,일반시민","연등회,종교,축제,야간",26,마로니에공원,종로구,park,0.5949,50,park
2026-05-16_18:40_종로구,2026-05-16,18:40,종로구,종교시설,"종교인,일반시민","연등회,종교,축제,야간",27,삼일근린공원,동작구,park,0.5943,78,park
2026-05-16_18:40_종로구,2026-05-16,18:40,종로구,종교시설,"종교인,일반시민","연등회,종교,축제,야간",28,숭인근린공원,종로구,park,0.594,124,park
2026-05-16_18:40_종로구,2026-05-16,18:40,종로구,종교시설,"종교인,일반시민","연등회,종교,축제,야간",29,GTX연신849광장(구 물빛공원),은평구,park,0.593,123,park
2026-05-16_18:40_종로구,2026-05-16,18:40,종로구,종교시설,"종교인,일반시민","연등회,종교,축제,야간",30,허준공원,강서구,park,0.593,34,park
2026-05-16_18:40_종로구,2026-05-16,18:40,종로구,종교시설,"종교인,일반시민","연등회,종교,축제,야간",31,도산근린공원,강남구,park,0.5922,46,park
2026-05-16_18:40_종로구,2026-05-16,18:40,종로구,종교시설,"종교인,일반시민","연등회,종교,축제,야간",32,천호로데오거리상점가,강동구,market,0.5914,강동구_천호로데오거리상점가,market
2026-05-16_18:40_종로구,2026-05-16,18:40,종로구,종교시설,"종교인,일반시민","연등회,종교,축제,야간",33,허브천문공원,강동구,park,0.5907,122,park
2026-05-16_18:40_종로구,2026-05-16,18:40,종로구,종교시설,"종교인,일반시민","연등회,종교,축제,야간",34,종각,종로구,subway,0.5903,202602_1호선_종각,subway
2026-05-16_18:40_종로구,2026-05-16,18:40,종로구,종교시설,"종교인,일반시민","연등회,종교,축제,야간",35,탑골근린공원,종로구,park,0.5899,42,park
2026-05-16_18:40_종로구,2026-05-16,18:40,종로구,종교시설,"종교인,일반시민","연등회,종교,축제,야간",36,간데메근린공원,동대문구,park,0.5897,14,park
2026-05-16_18:40_종로구,2026-05-16,18:40,종로구,종교시설,"종교인,일반시민","연등회,종교,축제,야간",37,금천체육공원(관악산),금천구,park,0.5896,95,park
2026-05-16_18:40_종로구,2026-05-16,18:40,종로구,종교시설,"종교인,일반시민","연등회,종교,축제,야간",38,자매근린공원,영등포구,park,0.5863,51,park
2026-05-16_18:40_종로구,2026-05-16,18:40,종로구,종교시설,"종교인,일반시민","연등회,종교,축제,야간",39,가산디지털단지,금천구,subway,0.586,202602_7호선_가산디지털단지,subway
2026-05-16_18:40_종로구,2026-05-16,18:40,종로구,종교시설,"종교인,일반시민","연등회,종교,축제,야간",40,사당,동작구,subway,0.5846,202602_2호선_사당,subway
2026-05-16_18:40_종로구,2026-05-16,18:40,종로구,종교시설,"종교인,일반시민","연등회,종교,축제,야간",41,외국인묘지공원,마포구,park,0.5815,70,park
2026-05-16_18:40_종로구,2026-05-16,18:40,종로구,종교시설,"종교인,일반시민","연등회,종교,축제,야간",42,신촌,,subway,0.5808,202602_2호선_신촌,subway
2026-05-16_18:40_종로구,2026-05-16,18:40,종로구,종교시설,"종교인,일반시민","연등회,종교,축제,야간",43,샛마을근린공원,강동구,park,0.5803,12,park
2026-05-16_18:40_종로구,2026-05-16,18:40,종로구,종교시설,"종교인,일반시민","연등회,종교,축제,야간",44,혜화,종로구,subway,0.5759,202602_4호선_혜화,subway
2026-05-16_18:40_종로구,2026-05-16,18:40,종로구,종교시설,"종교인,일반시민","연등회,종교,축제,야간",45,명동,중구,subway,0.5738,202602_4호선_명동,subway
2026-05-16_18:40_종로구,2026-05-16,18:40,종로구,종교시설,"종교인,일반시민","연등회,종교,축제,야간",46,광장전통시장,종로구,market,0.5714,종로구_광장전통시장,market
2026-05-16_18:40_종로구,2026-05-16,18:40,종로구,종교시설,"종교인,일반시민","연등회,종교,축제,야간",47,연신내,은평구,subway,0.5711,202602_3호선_연신내,subway
2026-05-16_18:40_종로구,2026-05-16,18:40,종로구,종교시설,"종교인,일반시민","연등회,종교,축제,야간",48,서울대공원,,park,0.5676,3,park
2026-05-16_18:40_종로구,2026-05-16,18:40,종로구,종교시설,"종교인,일반시민","연등회,종교,축제,야간",49,경춘선숲길,노원구,park,0.5672,128,park
2026-05-16_18:40_종로구,2026-05-16,18:40,종로구,종교시설,"종교인,일반시민","연등회,종교,축제,야간",50,가락몰 골목형상점가,송파구,market,0.5612,송파구_가락몰_골목형상점가,market
