query_id,rank,recommended_place_name,recommended_district,recommended_place_type,baseline_score,raw_rank,district_bonus,place_type_bonus,time_bonus,context_bonus,target_bonus,rank_bonus,final_variant_score,score
OH_20260429_1030_성동구_쌍리단길생문시장_OH_0008,1,마장축산물시장,성동구,market,0.4644,5,1.0,1.0,0.7,0.35,0.75,0.918367,1.5344,1.5344
OH_20260429_1030_성동구_쌍리단길생문시장_OH_0008,2,성동용답상가시장,성동구,market,0.4344,6,1.0,1.0,0.7,0.35,0.75,0.897959,1.5044,1.5044
OH_20260429_1030_성동구_쌍리단길생문시장_OH_0008,3,송정벚꽃골목형상점가,성동구,market,0.4303,7,1.0,1.0,0.7,0.35,0.75,0.877551,1.5003,1.5003
OH_20260429_1030_성동구_쌍리단길생문시장_OH_0008,4,사근살곶이골목형상점가시장,성동구,market,0.4268,8,1.0,1.0,0.7,0.35,0.75,0.857143,1.4968,1.4968
OH_20260429_1030_성동구_쌍리단길생문시장_OH_0008,5,금남시장,성동구,market,0.4235,9,1.0,1.0,0.7,0.35,0.75,0.836735,1.4935,1.4935
OH_20260429_1030_성동구_쌍리단길생문시장_OH_0008,6,뚝도시장,성동구,market,0.4212,10,1.0,1.0,0.7,0.35,0.75,0.816327,1.4912,1.4912
OH_20260429_1030_성동구_쌍리단길생문시장_OH_0008,7,남대문시장,중구,market,0.6592,1,0.45,1.0,0.7,0.35,0.75,1.0,1.3442,1.3442
OH_20260429_1030_성동구_쌍리단길생문시장_OH_0008,8,장안 마실 골목형상점가,동대문구,market,0.5827,3,0.45,1.0,0.7,0.35,0.75,0.959184,1.2677,1.2677
OH_20260429_1030_성동구_쌍리단길생문시장_OH_0008,9,동대문종합시장,종로구,market,0.5837,2,0.25,1.0,0.7,0.35,0.75,0.979592,1.1287,1.1287
OH_20260429_1030_성동구_쌍리단길생문시장_OH_0008,10,답십리현대시장,동대문구,market,0.4212,13,0.45,1.0,0.7,0.35,0.75,0.755102,1.1062,1.1062
OH_20260501_1140_종로구_서울배달라이더현장_OH_0016,1,종로노인종합복지관,종로구,senior_friendly,0.7444,1,1.0,0.0,0.8,0.0,0.0,1.0,1.4444,1.4444
OH_20260501_1140_종로구_서울배달라이더현장_OH_0016,2,동대문종합시장,종로구,market,0.5837,24,1.0,0.35,0.7,0.12,0.0,0.530612,1.4127,1.4127
OH_20260501_1140_종로구_서울배달라이더현장_OH_0016,3,낙산근린공원,종로구,park,0.6697,2,1.0,0.0,0.4,0.0,0.0,0.979592,1.3697,1.3697
OH_20260501_1140_종로구_서울배달라이더현장_OH_0016,4,북악산도시자연공원,종로구,park,0.6574,3,1.0,0.0,0.4,0.0,0.0,0.959184,1.3574,1.3574
OH_20260501_1140_종로구_서울배달라이더현장_OH_0016,5,인왕산도시자연공원,종로구,park,0.626,4,1.0,0.0,0.4,0.0,0.0,0.938776,1.326,1.326
OH_20260501_1140_종로구_서울배달라이더현장_OH_0016,6,세종로공원,종로구,park,0.6186,5,1.0,0.0,0.4,0.0,0.0,0.918367,1.3186,1.3186
OH_20260501_1140_종로구_서울배달라이더현장_OH_0016,7,경희궁,종로구,park,0.6141,6,1.0,0.0,0.4,0.0,0.0,0.897959,1.3141,1.3141
OH_20260501_1140_종로구_서울배달라이더현장_OH_0016,8,삼청근린공원,종로구,park,0.6088,7,1.0,0.0,0.4,0.0,0.0,0.877551,1.3088,1.3088
OH_20260501_1140_종로구_서울배달라이더현장_OH_0016,9,광화문시민열린마당,종로구,park,0.6025,8,1.0,0.0,0.4,0.0,0.0,0.857143,1.3025,1.3025
OH_20260501_1140_종로구_서울배달라이더현장_OH_0016,10,와룡근린공원,종로구,park,0.5976,9,1.0,0.0,0.4,0.0,0.0,0.836735,1.2976,1.2976
OH_20260501_1550_성동구_서울숲_OH_0019,1,서울숲,성동구,park,0.6805,6,1.0,1.0,0.7,0.35,0.7,0.897959,1.7505,1.7505
OH_20260501_1550_성동구_서울숲_OH_0019,2,응봉공원 (대현산배수지공원),성동구,park,0.637,7,1.0,1.0,0.7,0.53,0.7,0.877551,1.743,1.743
OH_20260501_1550_성동구_서울숲_OH_0019,3,금호근린공원,성동구,park,0.6352,8,1.0,1.0,0.7,0.53,0.7,0.857143,1.7412,1.7412
OH_20260501_1550_성동구_서울숲_OH_0019,4,성수근린공원,성동구,park,0.6055,9,1.0,1.0,0.7,0.53,0.7,0.836735,1.7115,1.7115
OH_20260501_1550_성동구_서울숲_OH_0019,5,달맞이근린공원,성동구,park,0.6016,10,1.0,1.0,0.7,0.53,0.7,0.816327,1.7076,1.7076
OH_20260501_1550_성동구_서울숲_OH_0019,6,봉은공원,강남구,park,0.7451,1,0.45,1.0,0.7,0.53,0.7,1.0,1.4661,1.4661
OH_20260501_1550_성동구_서울숲_OH_0019,7,남산공원,중구,park,0.7185,5,0.45,1.0,0.7,0.53,0.7,0.918367,1.4395,1.4395
OH_20260501_1550_성동구_서울숲_OH_0019,8,도산근린공원,강남구,park,0.5922,18,0.45,1.0,0.7,0.53,0.7,0.653061,1.3132,1.3132
OH_20260501_1550_성동구_서울숲_OH_0019,9,간데메근린공원,동대문구,park,0.5897,21,0.45,1.0,0.7,0.53,0.7,0.591837,1.3107,1.3107
OH_20260501_1550_성동구_서울숲_OH_0019,10,서소문역사공원,중구,park,0.4624,32,0.45,1.0,0.7,0.53,0.7,0.367347,1.1834,1.1834
OH_20260501_1630_성동구_서울숲야외무대_OH_0020,1,서울숲,성동구,park,0.6805,6,1.0,1.0,0.7,0.35,0.7,0.897959,1.7505,1.7505
OH_20260501_1630_성동구_서울숲야외무대_OH_0020,2,응봉공원 (대현산배수지공원),성동구,park,0.637,7,1.0,1.0,0.7,0.53,0.7,0.877551,1.743,1.743
OH_20260501_1630_성동구_서울숲야외무대_OH_0020,3,금호근린공원,성동구,park,0.6352,8,1.0,1.0,0.7,0.53,0.7,0.857143,1.7412,1.7412
OH_20260501_1630_성동구_서울숲야외무대_OH_0020,4,성수근린공원,성동구,park,0.6055,9,1.0,1.0,0.7,0.53,0.7,0.836735,1.7115,1.7115
OH_20260501_1630_성동구_서울숲야외무대_OH_0020,5,달맞이근린공원,성동구,park,0.6016,10,1.0,1.0,0.7,0.53,0.7,0.816327,1.7076,1.7076
OH_20260501_1630_성동구_서울숲야외무대_OH_0020,6,봉은공원,강남구,park,0.7451,1,0.45,1.0,0.7,0.53,0.7,1.0,1.4661,1.4661
OH_20260501_1630_성동구_서울숲야외무대_OH_0020,7,남산공원,중구,park,0.7185,5,0.45,1.0,0.7,0.53,0.7,0.918367,1.4395,1.4395
OH_20260501_1630_성동구_서울숲야외무대_OH_0020,8,도산근린공원,강남구,park,0.5922,18,0.45,1.0,0.7,0.53,0.7,0.653061,1.3132,1.3132
OH_20260501_1630_성동구_서울숲야외무대_OH_0020,9,간데메근린공원,동대문구,park,0.5897,21,0.45,1.0,0.7,0.53,0.7,0.591837,1.3107,1.3107
OH_20260501_1630_성동구_서울숲야외무대_OH_0020,10,서소문역사공원,중구,park,0.4624,32,0.45,1.0,0.7,0.53,0.7,0.367347,1.1834,1.1834
OH_20260502_0700_마포구_상암동월드컵공원_OH_0021,1,월드컵공원,마포구,park,0.7248,2,1.0,1.0,0.15,0.35,0.7,0.979592,1.7948,1.7948
OH_20260502_0700_마포구_상암동월드컵공원_OH_0021,2,문화비축기지,마포구,park,0.6163,7,1.0,1.0,0.15,0.35,0.7,0.877551,1.6863,1.6863
OH_20260502_0700_마포구_상암동월드컵공원_OH_0021,3,와우근린공원,마포구,park,0.6129,8,1.0,1.0,0.15,0.35,0.7,0.857143,1.6829,1.6829
OH_20260502_0700_마포구_상암동월드컵공원_OH_0021,4,상암근린공원,마포구,park,0.6077,9,1.0,1.0,0.15,0.35,0.7,0.836735,1.6777,1.6777
OH_20260502_0700_마포구_상암동월드컵공원_OH_0021,5,외국인묘지공원,마포구,park,0.565,10,1.0,1.0,0.15,0.35,0.7,0.816327,1.635,1.635
OH_20260502_0700_마포구_상암동월드컵공원_OH_0021,6,백련근린공원,서대문구,park,0.7077,4,0.45,1.0,0.15,0.35,0.7,0.938776,1.3927,1.3927
OH_20260502_0700_마포구_상암동월드컵공원_OH_0021,7,안산도시자연공원,서대문구,park,0.6971,6,0.45,1.0,0.15,0.35,0.7,0.897959,1.3821,1.3821
OH_20260502_0700_마포구_상암동월드컵공원_OH_0021,8,매화근린공원,강서구,park,0.5416,14,0.45,1.0,0.15,0.35,0.7,0.734694,1.2266,1.2266
OH_20260502_0700_마포구_상암동월드컵공원_OH_0021,9,진관근린공원(구파발폭포),은평구,park,0.4701,16,0.45,1.0,0.15,0.35,0.7,0.693878,1.1551,1.1551
OH_20260502_0700_마포구_상암동월드컵공원_OH_0021,10,봉은공원,강남구,park,0.7275,1,0.0,1.0,0.15,0.35,0.7,1.0,1.0975,1.0975
OH_20260502_0930_성북구_상경청년자취방_OH_0022,1,시립성북노인종합복지관,성북구,senior_friendly,0.7477,1,1.0,0.0,0.2,0.0,0.0,1.0,1.4477,1.4477
OH_20260502_0930_성북구_상경청년자취방_OH_0022,2,청량공원,성북구,park,0.6438,2,1.0,0.0,0.15,0.0,0.0,0.979592,1.3438,1.3438
OH_20260502_0930_성북구_상경청년자취방_OH_0022,3,개운산근린공원,성북구,park,0.6322,3,1.0,0.0,0.15,0.0,0.0,0.959184,1.3322,1.3322
OH_20260502_0930_성북구_상경청년자취방_OH_0022,4,성북근린공원,성북구,park,0.6182,4,1.0,0.0,0.15,0.0,0.0,0.938776,1.3182,1.3182
OH_20260502_0930_성북구_상경청년자취방_OH_0022,5,월곡달빛오거리골목형상점가,성북구,market,0.4287,5,1.0,0.35,0.35,0.12,0.0,0.918367,1.2577,1.2577
OH_20260502_0930_성북구_상경청년자취방_OH_0022,6,석계음식문화거리,성북구,market,0.4284,6,1.0,0.35,0.35,0.12,0.0,0.897959,1.2574,1.2574
OH_20260502_0930_성북구_상경청년자취방_OH_0022,7,종암북바위길골목형상점가,성북구,market,0.4276,7,1.0,0.35,0.35,0.12,0.0,0.877551,1.2566,1.2566
OH_20260502_0930_성북구_상경청년자취방_OH_0022,8,돈암시장,성북구,market,0.4266,8,1.0,0.35,0.35,0.12,0.0,0.857143,1.2556,1.2556
OH_20260502_0930_성북구_상경청년자취방_OH_0022,9,정릉시장,성북구,market,0.4258,9,1.0,0.35,0.35,0.12,0.0,0.836735,1.2548,1.2548
OH_20260502_0930_성북구_상경청년자취방_OH_0022,10,성북천골목형상점가,성북구,market,0.4235,10,1.0,0.35,0.35,0.12,0.0,0.816327,1.2525,1.2525
OH_20260503_0830_용산구_효창운동장_OH_0027,1,용산용문시장,용산구,market,0.4279,9,1.0,1.0,0.35,0.35,0.75,0.836735,1.4979,1.4979
OH_20260503_0830_용산구_효창운동장_OH_0027,2,이촌종합시장,용산구,market,0.4223,10,1.0,1.0,0.35,0.35,0.75,0.816327,1.4923,1.4923
OH_20260503_0830_용산구_효창운동장_OH_0027,3,남대문시장,중구,market,0.6592,1,0.45,1.0,0.35,0.35,0.75,1.0,1.3442,1.3442
OH_20260503_0830_용산구_효창운동장_OH_0027,4,평화시장,중구,market,0.5064,7,0.45,1.0,0.35,0.35,0.75,0.877551,1.1914,1.1914
OH_20260503_0830_용산구_효창운동장_OH_0027,5,동대문종합시장,종로구,market,0.5837,2,0.25,1.0,0.35,0.35,0.75,0.979592,1.1287,1.1287
OH_20260503_0830_용산구_효창운동장_OH_0027,6,사당1동먹자골목상점가,동작구,market,0.422,16,0.45,1.0,0.35,0.35,0.75,0.693878,1.107,1.107
OH_20260503_0830_용산구_효창운동장_OH_0027,7,노량진 만나로 골목형상점가,동작구,market,0.4215,24,0.45,1.0,0.35,0.35,0.75,0.530612,1.1065,1.1065
OH_20260503_0830_용산구_효창운동장_OH_0027,8,뚝도시장,성동구,market,0.4212,34,0.45,1.0,0.35,0.35,0.75,0.326531,1.1062,1.1062
OH_20260503_0830_용산구_효창운동장_OH_0027,9,망원동월드컵시장,마포구,market,0.4212,35,0.45,1.0,0.35,0.35,0.75,0.306122,1.1062,1.1062
OH_20260503_0830_용산구_효창운동장_OH_0027,10,명동남산골 골목형상점가,중구,market,0.4208,43,0.45,1.0,0.35,0.35,0.75,0.142857,1.1058,1.1058
OH_20260504_1400_구로구_온수역_OH_0034,1,구로디지털단지,구로구,subway,0.6961,2,1.0,1.0,0.25,0.35,0.7,0.979592,1.7661,1.7661
OH_20260504_1400_구로구_온수역_OH_0034,2,신도림,구로구,subway,0.6595,3,1.0,1.0,0.25,0.35,0.7,0.959184,1.7295,1.7295
OH_20260504_1400_구로구_온수역_OH_0034,3,구로노인종합복지관,구로구,senior_friendly,0.7583,1,1.0,0.0,0.55,0.0,0.0,1.0,1.4583,1.4583
OH_20260504_1400_구로구_온수역_OH_0034,4,온수도시자연공원,구로구,park,0.6365,4,1.0,0.0,0.7,0.0,0.0,0.938776,1.3365,1.3365
OH_20260504_1400_구로구_온수역_OH_0034,5,고척근린공원,구로구,park,0.6349,5,1.0,0.0,0.7,0.0,0.0,0.918367,1.3349,1.3349
OH_20260504_1400_구로구_온수역_OH_0034,6,개웅산근린공원,구로구,park,0.6241,6,1.0,0.0,0.7,0.0,0.0,0.897959,1.3241,1.3241
OH_20260504_1400_구로구_온수역_OH_0034,7,오류버들시장 골목형상점가,구로구,market,0.4915,8,1.0,0.35,0.8,0.12,0.0,0.857143,1.3205,1.3205
OH_20260504_1400_구로구_온수역_OH_0034,8,푸른수목원,구로구,park,0.6164,7,1.0,0.0,0.7,0.0,0.0,0.877551,1.3164,1.3164
OH_20260504_1400_구로구_온수역_OH_0034,9,남구로시장,구로구,market,0.4811,9,1.0,0.35,0.8,0.12,0.0,0.836735,1.3101,1.3101
OH_20260504_1400_구로구_온수역_OH_0034,10,그라운드고척 골목형상점가,구로구,market,0.4792,10,1.0,0.35,0.8,0.12,0.0,0.816327,1.3082,1.3082
OH_20260505_1330_중구_서울광장_OH_0038,1,남산공원,중구,park,0.7185,5,1.0,1.0,0.65,0.53,0.7,0.918367,1.8245,1.8245
OH_20260505_1330_중구_서울광장_OH_0038,2,훈련원근린공원,중구,park,0.6359,7,1.0,1.0,0.65,0.53,0.7,0.877551,1.7419,1.7419
OH_20260505_1330_중구_서울광장_OH_0038,3,손기정체육공원,중구,park,0.6178,8,1.0,1.0,0.65,0.53,0.7,0.857143,1.7238,1.7238
OH_20260505_1330_중구_서울광장_OH_0038,4,순화문화공원,중구,park,0.4624,9,1.0,1.0,0.65,0.53,0.7,0.836735,1.5684,1.5684
OH_20260505_1330_중구_서울광장_OH_0038,5,서소문역사공원,중구,park,0.4624,10,1.0,1.0,0.65,0.53,0.7,0.816327,1.5684,1.5684
OH_20260505_1330_중구_서울광장_OH_0038,6,백련근린공원,서대문구,park,0.7275,4,0.45,1.0,0.65,0.53,0.7,0.938776,1.4485,1.4485
OH_20260505_1330_중구_서울광장_OH_0038,7,안산도시자연공원,서대문구,park,0.7158,6,0.45,1.0,0.65,0.53,0.7,0.897959,1.4368,1.4368
OH_20260505_1330_중구_서울광장_OH_0038,8,봉은공원,강남구,park,0.7451,1,0.0,1.0,0.65,0.53,0.7,1.0,1.1511,1.1511
OH_20260505_1330_중구_서울광장_OH_0038,9,월드컵공원,마포구,park,0.7425,2,0.0,1.0,0.65,0.53,0.7,0.979592,1.1485,1.1485
OH_20260505_1330_중구_서울광장_OH_0038,10,중랑캠핑숲,중랑구,park,0.7412,3,0.0,1.0,0.65,0.35,0.7,0.959184,1.1112,1.1112
OH_20260505_1430_중구_ddp_OH_0039,1,서울역,중구,subway,0.9642,1,1.0,0.2,0.25,0.12,0.7,1.0,1.7482,1.7482
OH_20260505_1430_중구_ddp_OH_0039,2,남대문시장,중구,market,0.7056,4,1.0,0.35,0.8,0.12,0.75,0.938776,1.5346,1.5346
OH_20260505_1430_중구_ddp_OH_0039,3,약수노인복지관,중구,senior_friendly,0.7822,2,1.0,0.0,0.55,0.0,0.25,0.979592,1.4822,1.4822
OH_20260505_1430_중구_ddp_OH_0039,4,을지로입구,중구,subway,0.6806,5,1.0,0.2,0.25,0.12,0.7,0.918367,1.4646,1.4646
OH_20260505_1430_중구_ddp_OH_0039,5,남산공원,중구,park,0.7185,3,1.0,0.0,0.7,0.0,0.7,0.959184,1.4185,1.4185
OH_20260505_1430_중구_ddp_OH_0039,6,평화시장,중구,market,0.5528,9,1.0,0.35,0.8,0.12,0.75,0.836735,1.3818,1.3818
OH_20260505_1430_중구_ddp_OH_0039,7,명동,중구,subway,0.5738,8,1.0,0.2,0.25,0.12,0.7,0.857143,1.3578,1.3578
OH_20260505_1430_중구_ddp_OH_0039,8,삼익패션타운,중구,market,0.5222,10,1.0,0.35,0.8,0.12,0.75,0.816327,1.3512,1.3512
OH_20260505_1430_중구_ddp_OH_0039,9,동평화시장,중구,market,0.5126,15,1.0,0.35,0.8,0.12,0.75,0.714286,1.3416,1.3416
OH_20260505_1430_중구_ddp_OH_0039,10,훈련원근린공원,중구,park,0.6359,6,1.0,0.0,0.7,0.0,0.7,0.897959,1.3359,1.3359
OH_20260505_1540_서초구_예술의전당_OH_0040,1,문화예술공원,서초구,park,0.6545,6,1.0,1.0,0.7,0.53,0.7,0.897959,1.7605,1.7605
OH_20260505_1540_서초구_예술의전당_OH_0040,2,청계산도시자연공원,서초구,park,0.65,7,1.0,1.0,0.7,0.53,0.7,0.877551,1.756,1.756
OH_20260505_1540_서초구_예술의전당_OH_0040,3,우면산도시자연공원,서초구,park,0.6495,8,1.0,1.0,0.7,0.53,0.7,0.857143,1.7555,1.7555
OH_20260505_1540_서초구_예술의전당_OH_0040,4,인능산도시자연공원,서초구,park,0.6437,9,1.0,1.0,0.7,0.53,0.7,0.836735,1.7497,1.7497
OH_20260505_1540_서초구_예술의전당_OH_0040,5,구룡산도시자연공원,서초구,park,0.6435,10,1.0,1.0,0.7,0.53,0.7,0.816327,1.7495,1.7495
OH_20260505_1540_서초구_예술의전당_OH_0040,6,매헌시민의숲,서초구,park,0.6618,5,1.0,1.0,0.7,0.35,0.7,0.918367,1.7318,1.7318
OH_20260505_1540_서초구_예술의전당_OH_0040,7,봉은공원,강남구,park,0.7451,1,0.45,1.0,0.7,0.53,0.7,1.0,1.4661,1.4661
OH_20260505_1540_서초구_예술의전당_OH_0040,8,효창근린공원,용산구,park,0.6361,20,0.45,1.0,0.7,0.53,0.7,0.612245,1.3571,1.3571
OH_20260505_1540_서초구_예술의전당_OH_0040,9,청담근린공원,강남구,park,0.6261,37,0.45,1.0,0.7,0.53,0.7,0.265306,1.3471,1.3471
OH_20260505_1540_서초구_예술의전당_OH_0040,10,광평근린공원,강남구,park,0.625,41,0.45,1.0,0.7,0.53,0.7,0.183673,1.346,1.346
OH_20260506_0640_성동구_마장동축산물시장_OH_0041,1,마장축산물시장,성동구,market,0.4644,5,1.0,1.0,0.5,0.35,0.75,0.918367,1.5344,1.5344
OH_20260506_0640_성동구_마장동축산물시장_OH_0041,2,성동용답상가시장,성동구,market,0.4344,6,1.0,1.0,0.5,0.35,0.75,0.897959,1.5044,1.5044
OH_20260506_0640_성동구_마장동축산물시장_OH_0041,3,송정벚꽃골목형상점가,성동구,market,0.4303,7,1.0,1.0,0.5,0.35,0.75,0.877551,1.5003,1.5003
OH_20260506_0640_성동구_마장동축산물시장_OH_0041,4,사근살곶이골목형상점가시장,성동구,market,0.4268,8,1.0,1.0,0.5,0.35,0.75,0.857143,1.4968,1.4968
OH_20260506_0640_성동구_마장동축산물시장_OH_0041,5,금남시장,성동구,market,0.4235,9,1.0,1.0,0.5,0.35,0.75,0.836735,1.4935,1.4935
OH_20260506_0640_성동구_마장동축산물시장_OH_0041,6,뚝도시장,성동구,market,0.4212,10,1.0,1.0,0.5,0.35,0.75,0.816327,1.4912,1.4912
OH_20260506_0640_성동구_마장동축산물시장_OH_0041,7,남대문시장,중구,market,0.6592,1,0.45,1.0,0.5,0.35,0.75,1.0,1.3442,1.3442
OH_20260506_0640_성동구_마장동축산물시장_OH_0041,8,장안 마실 골목형상점가,동대문구,market,0.5827,3,0.45,1.0,0.5,0.35,0.75,0.959184,1.2677,1.2677
OH_20260506_0640_성동구_마장동축산물시장_OH_0041,9,동대문종합시장,종로구,market,0.5837,2,0.25,1.0,0.5,0.35,0.75,0.979592,1.1287,1.1287
OH_20260506_0640_성동구_마장동축산물시장_OH_0041,10,답십리현대시장,동대문구,market,0.4212,13,0.45,1.0,0.5,0.35,0.75,0.755102,1.1062,1.1062
OH_20260506_1030_중구_장충체육관_OH_0042,1,약수노인복지관,중구,senior_friendly,0.9438,9,1.0,1.0,0.8,0.35,1.0,0.836735,2.0138,2.0138
OH_20260506_1030_중구_장충체육관_OH_0042,2,성수1가2동노인복지관 대현분소,성동구,senior_friendly,0.9585,1,0.45,1.0,0.8,0.35,1.0,1.0,1.6435,1.6435
OH_20260506_1030_중구_장충체육관_OH_0042,3,북가좌노인복지관,서대문구,senior_friendly,0.9454,7,0.45,1.0,0.8,0.35,1.0,0.877551,1.6304,1.6304
OH_20260506_1030_중구_장충체육관_OH_0042,4,청파노인복지관,용산구,senior_friendly,0.9438,8,0.45,1.0,0.8,0.35,1.0,0.857143,1.6288,1.6288
OH_20260506_1030_중구_장충체육관_OH_0042,5,종로노인종합복지관,종로구,senior_friendly,0.9198,25,0.45,1.0,0.8,0.35,1.0,0.510204,1.6048,1.6048
OH_20260506_1030_중구_장충체육관_OH_0042,6,강남구립 도곡1노인복지관,강남구,senior_friendly,0.9536,2,0.0,1.0,0.8,0.35,1.0,0.979592,1.3236,1.3236
OH_20260506_1030_중구_장충체육관_OH_0042,7,강동구립 해공노인복지관,강동구,senior_friendly,0.952,3,0.0,1.0,0.8,0.35,1.0,0.959184,1.322,1.322
OH_20260506_1030_중구_장충체육관_OH_0042,8,구립 자양노인복지관,광진구,senior_friendly,0.9487,4,0.0,1.0,0.8,0.35,1.0,0.938776,1.3187,1.3187
OH_20260506_1030_중구_장충체육관_OH_0042,9,구립갈현노인복지관,은평구,senior_friendly,0.947,5,0.0,1.0,0.8,0.35,1.0,0.918367,1.317,1.317
OH_20260506_1030_중구_장충체육관_OH_0042,10,용강 노인복지관,마포구,senior_friendly,0.9454,6,0.0,1.0,0.8,0.35,1.0,0.897959,1.3154,1.3154
OH_20260507_1000_영등포구_대림1구역재개발현장_OH_0047,1,영등포,영등포구,subway,0.4735,8,1.0,1.0,0.3,0.35,0.7,0.857143,1.5435,1.5435
OH_20260507_1000_영등포구_대림1구역재개발현장_OH_0047,2,당산,영등포구,subway,0.4319,9,1.0,1.0,0.3,0.35,0.7,0.836735,1.5019,1.5019
OH_20260507_1000_영등포구_대림1구역재개발현장_OH_0047,3,신림,관악구,subway,0.9468,1,0.25,1.0,0.3,0.35,0.7,1.0,1.4918,1.4918
OH_20260507_1000_영등포구_대림1구역재개발현장_OH_0047,4,영등포구청,영등포구,subway,0.4079,10,1.0,1.0,0.3,0.35,0.7,0.816327,1.4779,1.4779
OH_20260507_1000_영등포구_대림1구역재개발현장_OH_0047,5,구로디지털단지,구로구,subway,0.776,4,0.45,1.0,0.3,0.35,0.7,0.938776,1.461,1.461
OH_20260507_1000_영등포구_대림1구역재개발현장_OH_0047,6,신도림,구로구,subway,0.7139,6,0.45,1.0,0.3,0.35,0.7,0.897959,1.3989,1.3989
OH_20260507_1000_영등포구_대림1구역재개발현장_OH_0047,7,서울대입구(관악구청),관악구,subway,0.7382,5,0.25,1.0,0.3,0.35,0.7,0.918367,1.2832,1.2832
OH_20260507_1000_영등포구_대림1구역재개발현장_OH_0047,8,잠실(송파구청),송파구,subway,0.8013,2,0.0,1.0,0.3,0.35,0.7,0.979592,1.1713,1.1713
OH_20260507_1000_영등포구_대림1구역재개발현장_OH_0047,9,서울역,중구,subway,0.7902,3,0.0,1.0,0.3,0.35,0.7,0.959184,1.1602,1.1602
OH_20260507_1000_영등포구_대림1구역재개발현장_OH_0047,10,마포구청,마포구,subway,0.3973,28,0.45,1.0,0.3,0.35,0.7,0.44898,1.0823,1.0823
OH_20260507_1500_광진구_구의2동주택재개발후보지_OH_0050,1,잠실(송파구청),송파구,subway,0.9611,2,0.45,1.0,0.25,0.35,0.0,0.979592,1.6461,1.6461
OH_20260507_1500_광진구_구의2동주택재개발후보지_OH_0050,2,건대입구,광진구,subway,0.5488,9,1.0,1.0,0.25,0.35,0.0,0.836735,1.6188,1.6188
OH_20260507_1500_광진구_구의2동주택재개발후보지_OH_0050,3,강남,강남구,subway,0.9318,3,0.45,1.0,0.25,0.35,0.0,0.959184,1.6168,1.6168
OH_20260507_1500_광진구_구의2동주택재개발후보지_OH_0050,4,구의(광진구청),광진구,subway,0.4793,10,1.0,1.0,0.25,0.35,0.0,0.816327,1.5493,1.5493
OH_20260507_1500_광진구_구의2동주택재개발후보지_OH_0050,5,삼성(무역센터),강남구,subway,0.7312,6,0.45,1.0,0.25,0.35,0.0,0.897959,1.4162,1.4162
OH_20260507_1500_광진구_구의2동주택재개발후보지_OH_0050,6,성수,성동구,subway,0.7287,7,0.45,1.0,0.25,0.35,0.0,0.877551,1.4137,1.4137
OH_20260507_1500_광진구_구의2동주택재개발후보지_OH_0050,7,선릉,강남구,subway,0.7238,8,0.45,1.0,0.25,0.35,0.0,0.857143,1.4088,1.4088
OH_20260507_1500_광진구_구의2동주택재개발후보지_OH_0050,8,서울역,중구,subway,0.9642,1,0.0,1.0,0.25,0.35,0.0,1.0,1.3342,1.3342
OH_20260507_1500_광진구_구의2동주택재개발후보지_OH_0050,9,홍대입구,마포구,subway,0.8656,4,0.0,1.0,0.25,0.35,0.0,0.938776,1.2356,1.2356
OH_20260507_1500_광진구_구의2동주택재개발후보지_OH_0050,10,고속터미널,서초구,subway,0.8161,5,0.0,1.0,0.25,0.35,0.0,0.918367,1.1861,1.1861
OH_20260508_1030_중구_서울장애인종합복지관_OH_0052,1,약수노인복지관,중구,senior_friendly,0.9438,9,1.0,1.0,0.8,0.35,1.0,0.836735,2.0138,2.0138
OH_20260508_1030_중구_서울장애인종합복지관_OH_0052,2,성수1가2동노인복지관 대현분소,성동구,senior_friendly,0.9585,1,0.45,1.0,0.8,0.35,1.0,1.0,1.6435,1.6435
OH_20260508_1030_중구_서울장애인종합복지관_OH_0052,3,북가좌노인복지관,서대문구,senior_friendly,0.9454,7,0.45,1.0,0.8,0.35,1.0,0.877551,1.6304,1.6304
OH_20260508_1030_중구_서울장애인종합복지관_OH_0052,4,청파노인복지관,용산구,senior_friendly,0.9438,8,0.45,1.0,0.8,0.35,1.0,0.857143,1.6288,1.6288
OH_20260508_1030_중구_서울장애인종합복지관_OH_0052,5,종로노인종합복지관,종로구,senior_friendly,0.9198,25,0.45,1.0,0.8,0.35,1.0,0.510204,1.6048,1.6048
OH_20260508_1030_중구_서울장애인종합복지관_OH_0052,6,강남구립 도곡1노인복지관,강남구,senior_friendly,0.9536,2,0.0,1.0,0.8,0.35,1.0,0.979592,1.3236,1.3236
OH_20260508_1030_중구_서울장애인종합복지관_OH_0052,7,강동구립 해공노인복지관,강동구,senior_friendly,0.952,3,0.0,1.0,0.8,0.35,1.0,0.959184,1.322,1.322
OH_20260508_1030_중구_서울장애인종합복지관_OH_0052,8,구립 자양노인복지관,광진구,senior_friendly,0.9487,4,0.0,1.0,0.8,0.35,1.0,0.938776,1.3187,1.3187
OH_20260508_1030_중구_서울장애인종합복지관_OH_0052,9,구립갈현노인복지관,은평구,senior_friendly,0.947,5,0.0,1.0,0.8,0.35,1.0,0.918367,1.317,1.317
OH_20260508_1030_중구_서울장애인종합복지관_OH_0052,10,용강 노인복지관,마포구,senior_friendly,0.9454,6,0.0,1.0,0.8,0.35,1.0,0.897959,1.3154,1.3154
OH_20260508_1400_서대문구_가좌역광장_OH_0053,1,백련근린공원,서대문구,park,0.7275,4,1.0,1.0,0.7,0.53,0.0,0.938776,1.8335,1.8335
OH_20260508_1400_서대문구_가좌역광장_OH_0053,2,안산도시자연공원,서대문구,park,0.7158,6,1.0,1.0,0.7,0.53,0.0,0.897959,1.8218,1.8218
OH_20260508_1400_서대문구_가좌역광장_OH_0053,3,궁동근린공원,서대문구,park,0.6662,9,1.0,1.0,0.7,0.53,0.0,0.836735,1.7722,1.7722
OH_20260508_1400_서대문구_가좌역광장_OH_0053,4,독립근린공원,서대문구,park,0.6152,10,1.0,1.0,0.7,0.53,0.0,0.816327,1.7212,1.7212
OH_20260508_1400_서대문구_가좌역광장_OH_0053,5,월드컵공원,마포구,park,0.7425,2,0.45,1.0,0.7,0.53,0.0,0.979592,1.4635,1.4635
OH_20260508_1400_서대문구_가좌역광장_OH_0053,6,남산공원,중구,park,0.7185,5,0.45,1.0,0.7,0.53,0.0,0.918367,1.4395,1.4395
OH_20260508_1400_서대문구_가좌역광장_OH_0053,7,와룡근린공원,종로구,park,0.6141,12,0.45,1.0,0.7,0.53,0.0,0.77551,1.3351,1.3351
OH_20260508_1400_서대문구_가좌역광장_OH_0053,8,사직근린공원,종로구,park,0.614,14,0.45,1.0,0.7,0.53,0.0,0.734694,1.335,1.335
OH_20260508_1400_서대문구_가좌역광장_OH_0053,9,마로니에공원,종로구,park,0.5949,28,0.45,1.0,0.7,0.53,0.0,0.44898,1.3159,1.3159
OH_20260508_1400_서대문구_가좌역광장_OH_0053,10,숭인근린공원,종로구,park,0.594,30,0.45,1.0,0.7,0.53,0.0,0.408163,1.315,1.315
OH_20260509_1500_동대문구_청량리경동시장일대_OH_0058,1,장안 마실 골목형상점가,동대문구,market,0.6299,1,1.0,1.0,0.8,0.35,0.75,1.0,1.6999,1.6999
OH_20260509_1500_동대문구_청량리경동시장일대_OH_0058,2,서울약령시장,동대문구,market,0.5526,2,1.0,1.0,0.8,0.35,0.75,0.979592,1.6226,1.6226
OH_20260509_1500_동대문구_청량리경동시장일대_OH_0058,3,신설동 들락거리 골목형상점가,동대문구,market,0.4875,3,1.0,1.0,0.8,0.35,0.75,0.959184,1.5575,1.5575
OH_20260509_1500_동대문구_청량리경동시장일대_OH_0058,4,경동시장,동대문구,market,0.4833,4,1.0,1.0,0.8,0.35,0.75,0.938776,1.5533,1.5533
OH_20260509_1500_동대문구_청량리경동시장일대_OH_0058,5,제기동 고대앞마을 골목형상점가,동대문구,market,0.4799,5,1.0,1.0,0.8,0.35,0.75,0.918367,1.5499,1.5499
OH_20260509_1500_동대문구_청량리경동시장일대_OH_0058,6,장한평역  먹자 골목형상점가,동대문구,market,0.4743,6,1.0,1.0,0.8,0.35,0.75,0.897959,1.5443,1.5443
OH_20260509_1500_동대문구_청량리경동시장일대_OH_0058,7,경희담길 골목형상점가,동대문구,market,0.4732,7,1.0,1.0,0.8,0.35,0.75,0.877551,1.5432,1.5432
OH_20260509_1500_동대문구_청량리경동시장일대_OH_0058,8,청량리종합시장,동대문구,market,0.472,8,1.0,1.0,0.8,0.35,0.75,0.857143,1.542,1.542
OH_20260509_1500_동대문구_청량리경동시장일대_OH_0058,9,회기역골목형상점가,동대문구,market,0.4716,9,1.0,1.0,0.8,0.35,0.75,0.836735,1.5416,1.5416
OH_20260509_1500_동대문구_청량리경동시장일대_OH_0058,10,청량리농수산물시장,동대문구,market,0.4713,10,1.0,1.0,0.8,0.35,0.75,0.816327,1.5413,1.5413
OH_20260511_1420_구로구_고척1동이동약자현장_OH_0062,1,구로디지털단지,구로구,subway,0.6961,2,1.0,0.2,0.25,0.12,0.7,0.979592,1.4801,1.4801
OH_20260511_1420_구로구_고척1동이동약자현장_OH_0062,2,구로노인종합복지관,구로구,senior_friendly,0.7583,1,1.0,0.0,0.55,0.0,0.25,1.0,1.4583,1.4583
OH_20260511_1420_구로구_고척1동이동약자현장_OH_0062,3,신도림,구로구,subway,0.6595,3,1.0,0.2,0.25,0.12,0.7,0.959184,1.4435,1.4435
OH_20260511_1420_구로구_고척1동이동약자현장_OH_0062,4,온수도시자연공원,구로구,park,0.6365,4,1.0,0.0,0.7,0.0,0.7,0.938776,1.3365,1.3365
OH_20260511_1420_구로구_고척1동이동약자현장_OH_0062,5,고척근린공원,구로구,park,0.6349,5,1.0,0.0,0.7,0.0,0.7,0.918367,1.3349,1.3349
OH_20260511_1420_구로구_고척1동이동약자현장_OH_0062,6,개웅산근린공원,구로구,park,0.6241,6,1.0,0.0,0.7,0.0,0.7,0.897959,1.3241,1.3241
OH_20260511_1420_구로구_고척1동이동약자현장_OH_0062,7,오류버들시장 골목형상점가,구로구,market,0.4915,8,1.0,0.35,0.8,0.12,0.75,0.857143,1.3205,1.3205
OH_20260511_1420_구로구_고척1동이동약자현장_OH_0062,8,푸른수목원,구로구,park,0.6164,7,1.0,0.0,0.7,0.0,0.7,0.877551,1.3164,1.3164
OH_20260511_1420_구로구_고척1동이동약자현장_OH_0062,9,남구로시장,구로구,market,0.4811,9,1.0,0.35,0.8,0.12,0.75,0.836735,1.3101,1.3101
OH_20260511_1420_구로구_고척1동이동약자현장_OH_0062,10,그라운드고척 골목형상점가,구로구,market,0.4792,10,1.0,0.35,0.8,0.12,0.75,0.816327,1.3082,1.3082
OH_20260512_1000_종로구_광화문광장감사의정원_OH_0065,1,낙산근린공원,종로구,park,0.6697,1,1.0,1.0,0.4,0.53,0.7,1.0,1.7757,1.7757
OH_20260512_1000_종로구_광화문광장감사의정원_OH_0065,2,북악산도시자연공원,종로구,park,0.6574,2,1.0,1.0,0.4,0.53,0.7,0.979592,1.7634,1.7634
OH_20260512_1000_종로구_광화문광장감사의정원_OH_0065,3,인왕산도시자연공원,종로구,park,0.626,3,1.0,1.0,0.4,0.53,0.7,0.959184,1.732,1.732
OH_20260512_1000_종로구_광화문광장감사의정원_OH_0065,4,세종로공원,종로구,park,0.6186,4,1.0,1.0,0.4,0.53,0.7,0.938776,1.7246,1.7246
OH_20260512_1000_종로구_광화문광장감사의정원_OH_0065,5,삼청근린공원,종로구,park,0.6088,6,1.0,1.0,0.4,0.53,0.7,0.897959,1.7148,1.7148
OH_20260512_1000_종로구_광화문광장감사의정원_OH_0065,6,와룡근린공원,종로구,park,0.5976,8,1.0,1.0,0.4,0.53,0.7,0.857143,1.7036,1.7036
OH_20260512_1000_종로구_광화문광장감사의정원_OH_0065,7,사직근린공원,종로구,park,0.5975,9,1.0,1.0,0.4,0.53,0.7,0.836735,1.7035,1.7035
OH_20260512_1000_종로구_광화문광장감사의정원_OH_0065,8,경희궁,종로구,park,0.6141,5,1.0,1.0,0.4,0.35,0.7,0.918367,1.6841,1.6841
OH_20260512_1000_종로구_광화문광장감사의정원_OH_0065,9,숭인근린공원,종로구,park,0.5775,10,1.0,1.0,0.4,0.53,0.7,0.816327,1.6835,1.6835
OH_20260512_1000_종로구_광화문광장감사의정원_OH_0065,10,마로니에공원,종로구,park,0.5773,11,1.0,1.0,0.4,0.53,0.7,0.795918,1.6833,1.6833
OH_20260515_1500_송파구_잠실mice현장_OH_0083,1,잠실(송파구청),송파구,subway,0.9611,1,1.0,0.2,0.25,0.12,0.7,1.0,1.7451,1.7451
OH_20260515_1500_송파구_잠실mice현장_OH_0083,2,문정노인종합복지관,송파구,senior_friendly,0.7583,2,1.0,0.0,0.55,0.0,0.25,0.979592,1.4583,1.4583
OH_20260515_1500_송파구_잠실mice현장_OH_0083,3,가락몰 골목형상점가,송파구,market,0.5612,9,1.0,0.35,0.8,0.12,0.75,0.836735,1.3902,1.3902
OH_20260515_1500_송파구_잠실mice현장_OH_0083,4,장지근린공원,송파구,park,0.6518,3,1.0,0.0,0.7,0.0,0.7,0.959184,1.3518,1.3518
OH_20260515_1500_송파구_잠실mice현장_OH_0083,5,아시아근린공원,송파구,park,0.6515,4,1.0,0.0,0.7,0.0,0.7,0.938776,1.3515,1.3515
OH_20260515_1500_송파구_잠실mice현장_OH_0083,6,오금근린공원,송파구,park,0.6432,5,1.0,0.0,0.7,0.0,0.7,0.918367,1.3432,1.3432
OH_20260515_1500_송파구_잠실mice현장_OH_0083,7,문정근린공원,송파구,park,0.6261,6,1.0,0.0,0.7,0.0,0.7,0.897959,1.3261,1.3261
OH_20260515_1500_송파구_잠실mice현장_OH_0083,8,송파나루근린공원(석촌호수),송파구,park,0.6193,7,1.0,0.0,0.7,0.0,0.7,0.877551,1.3193,1.3193
OH_20260515_1500_송파구_잠실mice현장_OH_0083,9,천마근린공원,송파구,park,0.6141,8,1.0,0.0,0.7,0.0,0.7,0.857143,1.3141,1.3141
OH_20260515_1500_송파구_잠실mice현장_OH_0083,10,방이시장,송파구,market,0.4822,36,1.0,0.35,0.8,0.12,0.75,0.285714,1.3112,1.3112
OH_20260516_0830_노원구_공릉동_OH_0086,1,공릉노인복지관,노원구,senior_friendly,0.7683,4,1.0,0.0,0.2,0.0,0.0,0.938776,1.4683,1.4683
OH_20260516_0830_노원구_공릉동_OH_0086,2,수락산도시자연공원,노원구,park,0.64,5,1.0,0.0,0.15,0.0,0.0,0.918367,1.34,1.34
OH_20260516_0830_노원구_공릉동_OH_0086,3,불암산도시자연공원,노원구,park,0.6372,6,1.0,0.0,0.15,0.0,0.0,0.897959,1.3372,1.3372
OH_20260516_0830_노원구_공릉동_OH_0086,4,공릉동도깨비시장,노원구,market,0.4274,9,1.0,0.35,0.35,0.12,0.0,0.836735,1.2564,1.2564
OH_20260516_0830_노원구_공릉동_OH_0086,5,상계중앙시장,노원구,market,0.4268,10,1.0,0.35,0.35,0.12,0.0,0.816327,1.2558,1.2558
OH_20260516_0830_노원구_공릉동_OH_0086,6,경춘선숲길,노원구,park,0.5485,7,1.0,0.0,0.15,0.0,0.0,0.877551,1.2485,1.2485
OH_20260516_0830_노원구_공릉동_OH_0086,7,노원,노원구,subway,0.4295,8,1.0,0.3,1.0,0.12,0.7,0.857143,1.2435,1.2435
OH_20260516_0830_노원구_공릉동_OH_0086,8,신림,관악구,subway,0.9468,1,0.0,0.3,1.0,0.12,0.7,1.0,1.0608,1.0608
OH_20260516_0830_노원구_공릉동_OH_0086,9,잠실(송파구청),송파구,subway,0.8013,2,0.0,0.3,1.0,0.12,0.7,0.979592,0.9153,0.9153
OH_20260516_0830_노원구_공릉동_OH_0086,10,서울역,중구,subway,0.7902,3,0.0,0.3,1.0,0.12,0.7,0.959184,0.9042,0.9042
OH_20260516_1000_송파구_잠실보조경기장_OH_0087,1,장지근린공원,송파구,park,0.6341,4,1.0,1.0,0.4,0.35,0.7,0.938776,1.7041,1.7041
OH_20260516_1000_송파구_잠실보조경기장_OH_0087,2,아시아근린공원,송파구,park,0.6327,5,1.0,1.0,0.4,0.35,0.7,0.918367,1.7027,1.7027
OH_20260516_1000_송파구_잠실보조경기장_OH_0087,3,오금근린공원,송파구,park,0.6255,6,1.0,1.0,0.4,0.35,0.7,0.897959,1.6955,1.6955
OH_20260516_1000_송파구_잠실보조경기장_OH_0087,4,문정근린공원,송파구,park,0.6084,7,1.0,1.0,0.4,0.35,0.7,0.877551,1.6784,1.6784
OH_20260516_1000_송파구_잠실보조경기장_OH_0087,5,송파나루근린공원(석촌호수),송파구,park,0.6028,8,1.0,1.0,0.4,0.35,0.7,0.857143,1.6728,1.6728
OH_20260516_1000_송파구_잠실보조경기장_OH_0087,6,천마근린공원,송파구,park,0.5976,9,1.0,1.0,0.4,0.35,0.7,0.836735,1.6676,1.6676
OH_20260516_1000_송파구_잠실보조경기장_OH_0087,7,올림픽공원,송파구,park,0.4817,10,1.0,1.0,0.4,0.35,0.7,0.816327,1.5517,1.5517
OH_20260516_1000_송파구_잠실보조경기장_OH_0087,8,봉은공원,강남구,park,0.7275,1,0.45,1.0,0.4,0.35,0.7,1.0,1.4125,1.4125
OH_20260516_1000_송파구_잠실보조경기장_OH_0087,9,월드컵공원,마포구,park,0.7248,2,0.0,1.0,0.4,0.35,0.7,0.979592,1.0948,1.0948
OH_20260516_1000_송파구_잠실보조경기장_OH_0087,10,중랑캠핑숲,중랑구,park,0.7213,3,0.0,1.0,0.4,0.35,0.7,0.959184,1.0913,1.0913
OH_20260517_1300_중랑구_중랑서울장미축제_OH_0093,1,중랑캠핑숲,중랑구,park,0.7412,3,1.0,1.0,0.65,0.35,0.7,0.959184,1.8112,1.8112
OH_20260517_1300_중랑구_중랑서울장미축제_OH_0093,2,용마폭포공원,중랑구,park,0.679,7,1.0,1.0,0.65,0.53,0.7,0.877551,1.785,1.785
OH_20260517_1300_중랑구_중랑서울장미축제_OH_0093,3,봉화산근린공원,중랑구,park,0.6327,8,1.0,1.0,0.65,0.53,0.7,0.857143,1.7387,1.7387
OH_20260517_1300_중랑구_중랑서울장미축제_OH_0093,4,용마도시자연공원(사가정공원),중랑구,park,0.6315,9,1.0,1.0,0.65,0.53,0.7,0.836735,1.7375,1.7375
OH_20260517_1300_중랑구_중랑서울장미축제_OH_0093,5,서일대뒷산공원,중랑구,park,0.629,10,1.0,1.0,0.65,0.53,0.7,0.816327,1.735,1.735
OH_20260517_1300_중랑구_중랑서울장미축제_OH_0093,6,용두근린공원,동대문구,park,0.6169,27,0.45,1.0,0.65,0.53,0.7,0.469388,1.3379,1.3379
OH_20260517_1300_중랑구_중랑서울장미축제_OH_0093,7,아차산공원,광진구,park,0.6147,31,0.45,1.0,0.65,0.53,0.7,0.387755,1.3357,1.3357
OH_20260517_1300_중랑구_중랑서울장미축제_OH_0093,8,월천근린공원,도봉구,park,0.6162,29,0.25,1.0,0.65,0.53,0.7,0.428571,1.1972,1.1972
OH_20260517_1300_중랑구_중랑서울장미축제_OH_0093,9,발바닥공원,도봉구,park,0.6064,41,0.25,1.0,0.65,0.53,0.7,0.183673,1.1874,1.1874
OH_20260517_1300_중랑구_중랑서울장미축제_OH_0093,10,봉은공원,강남구,park,0.7451,1,0.0,1.0,0.65,0.53,0.7,1.0,1.1511,1.1511
OH_20260518_1130_영등포구_서울청년취업사관학교_OH_0097,1,구립영등포노인종합복지관,영등포구,senior_friendly,0.7493,1,1.0,0.0,0.8,0.0,0.0,1.0,1.4493,1.4493
OH_20260518_1130_영등포구_서울청년취업사관학교_OH_0097,2,여의도근린공원,영등포구,park,0.6858,2,1.0,0.0,0.4,0.0,0.0,0.979592,1.3858,1.3858
OH_20260518_1130_영등포구_서울청년취업사관학교_OH_0097,3,영등포유통상가,영등포구,market,0.4917,7,1.0,0.35,0.7,0.12,0.0,0.877551,1.3207,1.3207
OH_20260518_1130_영등포구_서울청년취업사관학교_OH_0097,4,선유도근린공원,영등포구,park,0.5956,3,1.0,0.0,0.4,0.0,0.0,0.959184,1.2956,1.2956
OH_20260518_1130_영등포구_서울청년취업사관학교_OH_0097,5,영등포근린공원,영등포구,park,0.5954,4,1.0,0.0,0.4,0.0,0.0,0.938776,1.2954,1.2954
OH_20260518_1130_영등포구_서울청년취업사관학교_OH_0097,6,중마루근린공원,영등포구,park,0.5891,5,1.0,0.0,0.4,0.0,0.0,0.918367,1.2891,1.2891
OH_20260518_1130_영등포구_서울청년취업사관학교_OH_0097,7,영등포,영등포구,subway,0.4735,8,1.0,0.3,0.3,0.12,0.7,0.857143,1.2875,1.2875
OH_20260518_1130_영등포구_서울청년취업사관학교_OH_0097,8,영등포시장기계공구상가,영등포구,market,0.4468,9,1.0,0.35,0.7,0.12,0.0,0.836735,1.2758,1.2758
OH_20260518_1130_영등포구_서울청년취업사관학교_OH_0097,9,자매근린공원,영등포구,park,0.5698,6,1.0,0.0,0.4,0.0,0.0,0.897959,1.2698,1.2698
OH_20260518_1130_영등포구_서울청년취업사관학교_OH_0097,10,영등포청과시장,영등포구,market,0.4308,16,1.0,0.35,0.7,0.12,0.0,0.693878,1.2598,1.2598
OH_20260518_1220_영등포구_서울시창업지원시설_OH_0098,1,영등포,영등포구,subway,0.6567,3,1.0,0.3,0.2,0.12,0.7,0.959184,1.4707,1.4707
OH_20260518_1220_영등포구_서울시창업지원시설_OH_0098,2,구립영등포노인종합복지관,영등포구,senior_friendly,0.7632,1,1.0,0.0,0.45,0.0,0.0,1.0,1.4632,1.4632
OH_20260518_1220_영등포구_서울시창업지원시설_OH_0098,3,여의도근린공원,영등포구,park,0.7046,2,1.0,0.0,0.65,0.0,0.0,0.979592,1.4046,1.4046
OH_20260518_1220_영등포구_서울시창업지원시설_OH_0098,4,영등포유통상가,영등포구,market,0.5381,8,1.0,0.35,0.85,0.12,0.0,0.857143,1.3671,1.3671
OH_20260518_1220_영등포구_서울시창업지원시설_OH_0098,5,여의도,영등포구,subway,0.5131,9,1.0,0.3,0.2,0.12,0.7,0.836735,1.3271,1.3271
OH_20260518_1220_영등포구_서울시창업지원시설_OH_0098,6,영등포시장기계공구상가,영등포구,market,0.4939,10,1.0,0.35,0.85,0.12,0.0,0.816327,1.3229,1.3229
OH_20260518_1220_영등포구_서울시창업지원시설_OH_0098,7,선유도근린공원,영등포구,park,0.6121,4,1.0,0.0,0.65,0.0,0.0,0.938776,1.3121,1.3121
OH_20260518_1220_영등포구_서울시창업지원시설_OH_0098,8,영등포근린공원,영등포구,park,0.6119,5,1.0,0.0,0.65,0.0,0.0,0.918367,1.3119,1.3119
OH_20260518_1220_영등포구_서울시창업지원시설_OH_0098,9,영등포청과시장,영등포구,market,0.478,49,1.0,0.35,0.85,0.12,0.0,0.020408,1.307,1.307
OH_20260518_1220_영등포구_서울시창업지원시설_OH_0098,10,중마루근린공원,영등포구,park,0.6067,6,1.0,0.0,0.65,0.0,0.0,0.897959,1.3067,1.3067
OH_20260519_1000_종로구_창신동쪽방촌온기창고_OH_0102,1,종로노인종합복지관,종로구,senior_friendly,0.9198,10,1.0,1.0,0.8,0.35,1.0,0.816327,1.9898,1.9898
OH_20260519_1000_종로구_창신동쪽방촌온기창고_OH_0102,2,구립갈현노인복지관,은평구,senior_friendly,0.947,5,0.45,1.0,0.8,0.35,1.0,0.918367,1.632,1.632
OH_20260519_1000_종로구_창신동쪽방촌온기창고_OH_0102,3,북가좌노인복지관,서대문구,senior_friendly,0.9454,7,0.45,1.0,0.8,0.35,1.0,0.877551,1.6304,1.6304
OH_20260519_1000_종로구_창신동쪽방촌온기창고_OH_0102,4,약수노인복지관,중구,senior_friendly,0.9438,9,0.45,1.0,0.8,0.35,1.0,0.836735,1.6288,1.6288
OH_20260519_1000_종로구_창신동쪽방촌온기창고_OH_0102,5,성수1가2동노인복지관 대현분소,성동구,senior_friendly,0.9585,1,0.25,1.0,0.8,0.35,1.0,1.0,1.5035,1.5035
OH_20260519_1000_종로구_창신동쪽방촌온기창고_OH_0102,6,청파노인복지관,용산구,senior_friendly,0.9438,8,0.25,1.0,0.8,0.35,1.0,0.857143,1.4888,1.4888
OH_20260519_1000_종로구_창신동쪽방촌온기창고_OH_0102,7,강남구립 도곡1노인복지관,강남구,senior_friendly,0.9536,2,0.0,1.0,0.8,0.35,1.0,0.979592,1.3236,1.3236
OH_20260519_1000_종로구_창신동쪽방촌온기창고_OH_0102,8,강동구립 해공노인복지관,강동구,senior_friendly,0.952,3,0.0,1.0,0.8,0.35,1.0,0.959184,1.322,1.322
OH_20260519_1000_종로구_창신동쪽방촌온기창고_OH_0102,9,구립 자양노인복지관,광진구,senior_friendly,0.9487,4,0.0,1.0,0.8,0.35,1.0,0.938776,1.3187,1.3187
OH_20260519_1000_종로구_창신동쪽방촌온기창고_OH_0102,10,용강 노인복지관,마포구,senior_friendly,0.9454,6,0.0,1.0,0.8,0.35,1.0,0.897959,1.3154,1.3154
OH_20260519_1030_종로구_창신동문구완구거리_OH_0103,1,동대문종합시장,종로구,market,0.5837,1,1.0,1.0,0.7,0.35,0.75,1.0,1.6537,1.6537
OH_20260519_1030_종로구_창신동문구완구거리_OH_0103,2,광장전통시장,종로구,market,0.5242,2,1.0,1.0,0.7,0.35,0.75,0.979592,1.5942,1.5942
OH_20260519_1030_종로구_창신동문구완구거리_OH_0103,3,광장시장,종로구,market,0.479,3,1.0,1.0,0.7,0.35,0.75,0.959184,1.549,1.549
OH_20260519_1030_종로구_창신동문구완구거리_OH_0103,4,동대문종합시장D동,종로구,market,0.4504,4,1.0,1.0,0.7,0.35,0.75,0.938776,1.5204,1.5204
OH_20260519_1030_종로구_창신동문구완구거리_OH_0103,5,동대문문구?완구거리,종로구,market,0.4264,5,1.0,1.0,0.7,0.35,0.75,0.918367,1.4964,1.4964
OH_20260519_1030_종로구_창신동문구완구거리_OH_0103,6,동묘시장,종로구,market,0.4255,6,1.0,1.0,0.7,0.35,0.75,0.897959,1.4955,1.4955
OH_20260519_1030_종로구_창신동문구완구거리_OH_0103,7,창신골목시장,종로구,market,0.4248,7,1.0,1.0,0.7,0.35,0.75,0.877551,1.4948,1.4948
OH_20260519_1030_종로구_창신동문구완구거리_OH_0103,8,세종마을음식문화거리,종로구,market,0.4242,8,1.0,1.0,0.7,0.35,0.75,0.857143,1.4942,1.4942
OH_20260519_1030_종로구_창신동문구완구거리_OH_0103,9,북촌계동길 골목형상점가,종로구,market,0.4241,9,1.0,1.0,0.7,0.35,0.75,0.836735,1.4941,1.4941
OH_20260519_1030_종로구_창신동문구완구거리_OH_0103,10,통인시장,종로구,market,0.4222,10,1.0,1.0,0.7,0.35,0.75,0.816327,1.4922,1.4922
OH_20260521_0930_강북구_수유역_OH_0109,1,수유(강북구청),강북구,subway,0.6126,10,1.0,1.0,1.0,0.35,0.7,0.816327,1.6826,1.6826
OH_20260521_0930_강북구_수유역_OH_0109,2,신림,관악구,subway,0.9468,1,0.0,1.0,1.0,0.35,0.7,1.0,1.3168,1.3168
OH_20260521_0930_강북구_수유역_OH_0109,3,잠실(송파구청),송파구,subway,0.8013,2,0.0,1.0,1.0,0.35,0.7,0.979592,1.1713,1.1713
OH_20260521_0930_강북구_수유역_OH_0109,4,서울역,중구,subway,0.7902,3,0.0,1.0,1.0,0.35,0.7,0.959184,1.1602,1.1602
OH_20260521_0930_강북구_수유역_OH_0109,5,구로디지털단지,구로구,subway,0.776,4,0.0,1.0,1.0,0.35,0.7,0.938776,1.146,1.146
OH_20260521_0930_강북구_수유역_OH_0109,6,구의(광진구청),광진구,subway,0.5673,15,0.25,1.0,1.0,0.35,0.7,0.714286,1.1123,1.1123
OH_20260521_0930_강북구_수유역_OH_0109,7,서울대입구(관악구청),관악구,subway,0.7382,5,0.0,1.0,1.0,0.35,0.7,0.918367,1.1082,1.1082
OH_20260521_0930_강북구_수유역_OH_0109,8,신도림,구로구,subway,0.7139,6,0.0,1.0,1.0,0.35,0.7,0.897959,1.0839,1.0839
OH_20260521_0930_강북구_수유역_OH_0109,9,건대입구,광진구,subway,0.5155,30,0.25,1.0,1.0,0.35,0.7,0.408163,1.0605,1.0605
OH_20260521_0930_강북구_수유역_OH_0109,10,연신내,은평구,subway,0.667,7,0.0,1.0,1.0,0.35,0.7,0.877551,1.037,1.037
OH_20260521_1000_강북구_삼양사거리_OH_0110,1,수유(강북구청),강북구,subway,0.6126,10,1.0,1.0,0.3,0.35,0.7,0.816327,1.6826,1.6826
OH_20260521_1000_강북구_삼양사거리_OH_0110,2,신림,관악구,subway,0.9468,1,0.0,1.0,0.3,0.35,0.7,1.0,1.3168,1.3168
OH_20260521_1000_강북구_삼양사거리_OH_0110,3,잠실(송파구청),송파구,subway,0.8013,2,0.0,1.0,0.3,0.35,0.7,0.979592,1.1713,1.1713
OH_20260521_1000_강북구_삼양사거리_OH_0110,4,서울역,중구,subway,0.7902,3,0.0,1.0,0.3,0.35,0.7,0.959184,1.1602,1.1602
OH_20260521_1000_강북구_삼양사거리_OH_0110,5,구로디지털단지,구로구,subway,0.776,4,0.0,1.0,0.3,0.35,0.7,0.938776,1.146,1.146
OH_20260521_1000_강북구_삼양사거리_OH_0110,6,구의(광진구청),광진구,subway,0.5673,15,0.25,1.0,0.3,0.35,0.7,0.714286,1.1123,1.1123
OH_20260521_1000_강북구_삼양사거리_OH_0110,7,서울대입구(관악구청),관악구,subway,0.7382,5,0.0,1.0,0.3,0.35,0.7,0.918367,1.1082,1.1082
OH_20260521_1000_강북구_삼양사거리_OH_0110,8,신도림,구로구,subway,0.7139,6,0.0,1.0,0.3,0.35,0.7,0.897959,1.0839,1.0839
OH_20260521_1000_강북구_삼양사거리_OH_0110,9,건대입구,광진구,subway,0.5155,30,0.25,1.0,0.3,0.35,0.7,0.408163,1.0605,1.0605
OH_20260521_1000_강북구_삼양사거리_OH_0110,10,연신내,은평구,subway,0.667,7,0.0,1.0,0.3,0.35,0.7,0.877551,1.037,1.037
OH_20260521_1100_서대문구_인왕시장_OH_0111,1,포방터시장,서대문구,market,0.4226,8,1.0,1.0,0.7,0.35,0.75,0.857143,1.4926,1.4926
OH_20260521_1100_서대문구_인왕시장_OH_0111,2,영천시장,서대문구,market,0.4213,9,1.0,1.0,0.7,0.35,0.75,0.836735,1.4913,1.4913
OH_20260521_1100_서대문구_인왕시장_OH_0111,3,남이동길골목형상점가,서대문구,market,0.4212,10,1.0,1.0,0.7,0.35,0.75,0.816327,1.4912,1.4912
OH_20260521_1100_서대문구_인왕시장_OH_0111,4,남대문시장,중구,market,0.6592,1,0.45,1.0,0.7,0.35,0.75,1.0,1.3442,1.3442
OH_20260521_1100_서대문구_인왕시장_OH_0111,5,동대문종합시장,종로구,market,0.5837,2,0.45,1.0,0.7,0.35,0.75,0.979592,1.2687,1.2687
OH_20260521_1100_서대문구_인왕시장_OH_0111,6,광장전통시장,종로구,market,0.5242,5,0.45,1.0,0.7,0.53,0.75,0.918367,1.2452,1.2452
OH_20260521_1100_서대문구_인왕시장_OH_0111,7,평화시장,중구,market,0.5064,7,0.45,1.0,0.7,0.35,0.75,0.877551,1.1914,1.1914
OH_20260521_1100_서대문구_인왕시장_OH_0111,8,망원동월드컵시장,마포구,market,0.4212,14,0.45,1.0,0.7,0.35,0.75,0.734694,1.1062,1.1062
OH_20260521_1100_서대문구_인왕시장_OH_0111,9,대림골목시장,은평구,market,0.4211,15,0.45,1.0,0.7,0.35,0.75,0.714286,1.1061,1.1061
OH_20260521_1100_서대문구_인왕시장_OH_0111,10,명동남산골 골목형상점가,중구,market,0.4208,22,0.45,1.0,0.7,0.35,0.75,0.571429,1.1058,1.1058
OH_20260521_1130_서대문구_국민은행홍제동점_OH_0112,1,서울역,중구,subway,0.7902,3,0.45,1.0,0.3,0.35,0.7,0.959184,1.4752,1.4752
OH_20260521_1130_서대문구_국민은행홍제동점_OH_0112,2,연신내,은평구,subway,0.667,7,0.45,1.0,0.3,0.35,0.7,0.877551,1.352,1.352
OH_20260521_1130_서대문구_국민은행홍제동점_OH_0112,3,신림,관악구,subway,0.9468,1,0.0,1.0,0.3,0.35,0.7,1.0,1.3168,1.3168
OH_20260521_1130_서대문구_국민은행홍제동점_OH_0112,4,홍대입구,마포구,subway,0.5848,12,0.45,1.0,0.3,0.35,0.7,0.77551,1.2698,1.2698
OH_20260521_1130_서대문구_국민은행홍제동점_OH_0112,5,잠실(송파구청),송파구,subway,0.8013,2,0.0,1.0,0.3,0.35,0.7,0.979592,1.1713,1.1713
OH_20260521_1130_서대문구_국민은행홍제동점_OH_0112,6,구로디지털단지,구로구,subway,0.776,4,0.0,1.0,0.3,0.35,0.7,0.938776,1.146,1.146
OH_20260521_1130_서대문구_국민은행홍제동점_OH_0112,7,서울대입구(관악구청),관악구,subway,0.7382,5,0.0,1.0,0.3,0.35,0.7,0.918367,1.1082,1.1082
OH_20260521_1130_서대문구_국민은행홍제동점_OH_0112,8,신도림,구로구,subway,0.7139,6,0.0,1.0,0.3,0.35,0.7,0.897959,1.0839,1.0839
OH_20260521_1130_서대문구_국민은행홍제동점_OH_0112,9,까치산,강서구,subway,0.6301,8,0.0,1.0,0.3,0.35,0.7,0.857143,1.0001,1.0001
OH_20260521_1130_서대문구_국민은행홍제동점_OH_0112,10,화곡,강서구,subway,0.6251,9,0.0,1.0,0.3,0.35,0.7,0.836735,0.9951,0.9951
OH_20260521_1300_영등포구_우리시장_OH_0113,1,영등포유통상가,영등포구,market,0.5381,4,1.0,1.0,0.85,0.35,0.75,0.938776,1.6081,1.6081
OH_20260521_1300_영등포구_우리시장_OH_0113,2,영등포전통시장,영등포구,market,0.4708,7,1.0,1.0,0.85,0.53,0.75,0.877551,1.5768,1.5768
OH_20260521_1300_영등포구_우리시장_OH_0113,3,영등포시장기계공구상가,영등포구,market,0.4939,5,1.0,1.0,0.85,0.35,0.75,0.918367,1.5639,1.5639
OH_20260521_1300_영등포구_우리시장_OH_0113,4,영등포청과시장,영등포구,market,0.478,6,1.0,1.0,0.85,0.35,0.75,0.897959,1.548,1.548
OH_20260521_1300_영등포구_우리시장_OH_0113,5,대림중앙시장,영등포구,market,0.4696,8,1.0,1.0,0.85,0.35,0.75,0.857143,1.5396,1.5396
OH_20260521_1300_영등포구_우리시장_OH_0113,6,우리시장,영등포구,market,0.4695,9,1.0,1.0,0.85,0.35,0.75,0.836735,1.5395,1.5395
OH_20260521_1300_영등포구_우리시장_OH_0113,7,선유로운골목형상점가,영등포구,market,0.4686,10,1.0,1.0,0.85,0.35,0.75,0.816327,1.5386,1.5386
OH_20260521_1300_영등포구_우리시장_OH_0113,8,화곡본동시장,강서구,market,0.4685,11,0.45,1.0,0.85,0.35,0.75,0.795918,1.1535,1.1535
OH_20260521_1300_영등포구_우리시장_OH_0113,9,망원동월드컵시장,마포구,market,0.4684,14,0.45,1.0,0.85,0.35,0.75,0.734694,1.1534,1.1534
OH_20260521_1300_영등포구_우리시장_OH_0113,10,오목내길골목형상점가,양천구,market,0.4682,22,0.45,1.0,0.85,0.35,0.75,0.571429,1.1532,1.1532
OH_20260521_1410_구로구_베다니교회앞_OH_0114,1,구로디지털단지,구로구,subway,0.6961,8,1.0,1.0,0.25,0.35,0.7,0.857143,1.7661,1.7661
OH_20260521_1410_구로구_베다니교회앞_OH_0114,2,신도림,구로구,subway,0.6595,9,1.0,1.0,0.25,0.35,0.7,0.836735,1.7295,1.7295
OH_20260521_1410_구로구_베다니교회앞_OH_0114,3,대림(구로구청),구로구,subway,0.4549,10,1.0,1.0,0.25,0.35,0.7,0.816327,1.5249,1.5249
OH_20260521_1410_구로구_베다니교회앞_OH_0114,4,서울역,중구,subway,0.9642,1,0.0,1.0,0.25,0.35,0.7,1.0,1.3342,1.3342
OH_20260521_1410_구로구_베다니교회앞_OH_0114,5,잠실(송파구청),송파구,subway,0.9611,2,0.0,1.0,0.25,0.35,0.7,0.979592,1.3311,1.3311
OH_20260521_1410_구로구_베다니교회앞_OH_0114,6,강남,강남구,subway,0.9318,3,0.0,1.0,0.25,0.35,0.7,0.959184,1.3018,1.3018
OH_20260521_1410_구로구_베다니교회앞_OH_0114,7,홍대입구,마포구,subway,0.8656,4,0.0,1.0,0.25,0.35,0.7,0.938776,1.2356,1.2356
OH_20260521_1410_구로구_베다니교회앞_OH_0114,8,고속터미널,서초구,subway,0.8161,5,0.0,1.0,0.25,0.35,0.7,0.918367,1.1861,1.1861
OH_20260521_1410_구로구_베다니교회앞_OH_0114,9,봉천,관악구,subway,0.4399,21,0.45,1.0,0.25,0.35,0.7,0.591837,1.1249,1.1249
OH_20260521_1410_구로구_베다니교회앞_OH_0114,10,영등포구청,영등포구,subway,0.427,29,0.45,1.0,0.25,0.35,0.7,0.428571,1.112,1.112
OH_20260521_1530_성북구_성신여대입구_OH_0115,1,서울역,중구,subway,0.9642,1,0.0,1.0,0.25,0.35,0.7,1.0,1.3342,1.3342
OH_20260521_1530_성북구_성신여대입구_OH_0115,2,잠실(송파구청),송파구,subway,0.9611,2,0.0,1.0,0.25,0.35,0.7,0.979592,1.3311,1.3311
OH_20260521_1530_성북구_성신여대입구_OH_0115,3,강남,강남구,subway,0.9318,3,0.0,1.0,0.25,0.35,0.7,0.959184,1.3018,1.3018
OH_20260521_1530_성북구_성신여대입구_OH_0115,4,종각,종로구,subway,0.5903,18,0.45,1.0,0.25,0.35,0.7,0.653061,1.2753,1.2753
OH_20260521_1530_성북구_성신여대입구_OH_0115,5,혜화,종로구,subway,0.5759,22,0.45,1.0,0.25,0.35,0.7,0.571429,1.2609,1.2609
OH_20260521_1530_성북구_성신여대입구_OH_0115,6,홍대입구,마포구,subway,0.8656,4,0.0,1.0,0.25,0.35,0.7,0.938776,1.2356,1.2356
OH_20260521_1530_성북구_성신여대입구_OH_0115,7,수유(강북구청),강북구,subway,0.5395,31,0.45,1.0,0.25,0.35,0.7,0.387755,1.2245,1.2245
OH_20260521_1530_성북구_성신여대입구_OH_0115,8,고속터미널,서초구,subway,0.8161,5,0.0,1.0,0.25,0.35,0.7,0.918367,1.1861,1.1861
OH_20260521_1530_성북구_성신여대입구_OH_0115,9,삼성(무역센터),강남구,subway,0.7312,6,0.0,1.0,0.25,0.35,0.7,0.897959,1.1012,1.1012
OH_20260521_1530_성북구_성신여대입구_OH_0115,10,성수,성동구,subway,0.7287,7,0.0,1.0,0.25,0.35,0.7,0.877551,1.0987,1.0987
OH_20260521_1730_동대문구_경동시장_OH_0116,1,장안 마실 골목형상점가,동대문구,market,0.6299,1,1.0,1.0,0.8,0.35,0.75,1.0,1.6999,1.6999
OH_20260521_1730_동대문구_경동시장_OH_0116,2,서울약령시장,동대문구,market,0.5526,2,1.0,1.0,0.8,0.35,0.75,0.979592,1.6226,1.6226
OH_20260521_1730_동대문구_경동시장_OH_0116,3,신설동 들락거리 골목형상점가,동대문구,market,0.4875,3,1.0,1.0,0.8,0.35,0.75,0.959184,1.5575,1.5575
OH_20260521_1730_동대문구_경동시장_OH_0116,4,경동시장,동대문구,market,0.4833,4,1.0,1.0,0.8,0.35,0.75,0.938776,1.5533,1.5533
OH_20260521_1730_동대문구_경동시장_OH_0116,5,제기동 고대앞마을 골목형상점가,동대문구,market,0.4799,5,1.0,1.0,0.8,0.35,0.75,0.918367,1.5499,1.5499
OH_20260521_1730_동대문구_경동시장_OH_0116,6,장한평역  먹자 골목형상점가,동대문구,market,0.4743,6,1.0,1.0,0.8,0.35,0.75,0.897959,1.5443,1.5443
OH_20260521_1730_동대문구_경동시장_OH_0116,7,경희담길 골목형상점가,동대문구,market,0.4732,7,1.0,1.0,0.8,0.35,0.75,0.877551,1.5432,1.5432
OH_20260521_1730_동대문구_경동시장_OH_0116,8,청량리종합시장,동대문구,market,0.472,8,1.0,1.0,0.8,0.35,0.75,0.857143,1.542,1.542
OH_20260521_1730_동대문구_경동시장_OH_0116,9,회기역골목형상점가,동대문구,market,0.4716,9,1.0,1.0,0.8,0.35,0.75,0.836735,1.5416,1.5416
OH_20260521_1730_동대문구_경동시장_OH_0116,10,청량리농수산물시장,동대문구,market,0.4713,10,1.0,1.0,0.8,0.35,0.75,0.816327,1.5413,1.5413
OH_20260521_1800_동대문구_청량리역사거리_OH_0117,1,성수,성동구,subway,0.7287,7,0.45,1.0,1.0,0.35,0.7,0.877551,1.4137,1.4137
OH_20260521_1800_동대문구_청량리역사거리_OH_0117,2,서울역,중구,subway,0.9642,1,0.0,1.0,1.0,0.35,0.7,1.0,1.3342,1.3342
OH_20260521_1800_동대문구_청량리역사거리_OH_0117,3,잠실(송파구청),송파구,subway,0.9611,2,0.0,1.0,1.0,0.35,0.7,0.979592,1.3311,1.3311
OH_20260521_1800_동대문구_청량리역사거리_OH_0117,4,강남,강남구,subway,0.9318,3,0.0,1.0,1.0,0.35,0.7,0.959184,1.3018,1.3018
OH_20260521_1800_동대문구_청량리역사거리_OH_0117,5,종각,종로구,subway,0.5903,18,0.45,1.0,1.0,0.35,0.7,0.653061,1.2753,1.2753
OH_20260521_1800_동대문구_청량리역사거리_OH_0117,6,혜화,종로구,subway,0.5759,22,0.45,1.0,1.0,0.35,0.7,0.571429,1.2609,1.2609
OH_20260521_1800_동대문구_청량리역사거리_OH_0117,7,홍대입구,마포구,subway,0.8656,4,0.0,1.0,1.0,0.35,0.7,0.938776,1.2356,1.2356
OH_20260521_1800_동대문구_청량리역사거리_OH_0117,8,건대입구,광진구,subway,0.5488,27,0.45,1.0,1.0,0.35,0.7,0.469388,1.2338,1.2338
OH_20260521_1800_동대문구_청량리역사거리_OH_0117,9,고속터미널,서초구,subway,0.8161,5,0.0,1.0,1.0,0.35,0.7,0.918367,1.1861,1.1861
OH_20260521_1800_동대문구_청량리역사거리_OH_0117,10,구의(광진구청),광진구,subway,0.4793,50,0.45,1.0,1.0,0.35,0.7,0.0,1.1643,1.1643
OH_20260521_2000_강남구_강남역_OH_0118,1,강남,강남구,subway,0.9318,3,1.0,1.0,0.4,0.35,0.7,0.959184,2.0018,2.0018
OH_20260521_2000_강남구_강남역_OH_0118,2,삼성(무역센터),강남구,subway,0.7312,6,1.0,1.0,0.4,0.35,0.7,0.897959,1.8012,1.8012
OH_20260521_2000_강남구_강남역_OH_0118,3,선릉,강남구,subway,0.7238,8,1.0,1.0,0.4,0.35,0.7,0.857143,1.7938,1.7938
OH_20260521_2000_강남구_강남역_OH_0118,4,역삼,강남구,subway,0.6459,9,1.0,1.0,0.4,0.35,0.7,0.836735,1.7159,1.7159
OH_20260521_2000_강남구_강남역_OH_0118,5,잠실(송파구청),송파구,subway,0.9611,2,0.45,1.0,0.4,0.35,0.7,0.979592,1.6461,1.6461
OH_20260521_2000_강남구_강남역_OH_0118,6,고속터미널,서초구,subway,0.8161,5,0.45,1.0,0.4,0.35,0.7,0.918367,1.5011,1.5011
OH_20260521_2000_강남구_강남역_OH_0118,7,강남구청,강남구,subway,0.364,10,1.0,1.0,0.4,0.35,0.7,0.816327,1.434,1.434
OH_20260521_2000_강남구_강남역_OH_0118,8,성수,성동구,subway,0.7287,7,0.45,1.0,0.4,0.35,0.7,0.877551,1.4137,1.4137
OH_20260521_2000_강남구_강남역_OH_0118,9,서울역,중구,subway,0.9642,1,0.0,1.0,0.4,0.35,0.7,1.0,1.3342,1.3342
OH_20260521_2000_강남구_강남역_OH_0118,10,홍대입구,마포구,subway,0.8656,4,0.0,1.0,0.4,0.35,0.7,0.938776,1.2356,1.2356
OH_20260522_0730_동작구_보라매공원_OH_0119,1,신대방,동작구,subway,0.5796,9,1.0,1.0,1.0,0.35,0.7,0.836735,1.6496,1.6496
OH_20260522_0730_동작구_보라매공원_OH_0119,2,사당,동작구,subway,0.5744,10,1.0,1.0,1.0,0.35,0.7,0.816327,1.6444,1.6444
OH_20260522_0730_동작구_보라매공원_OH_0119,3,신림,관악구,subway,0.9468,1,0.45,1.0,1.0,0.35,0.7,1.0,1.6318,1.6318
OH_20260522_0730_동작구_보라매공원_OH_0119,4,서울대입구(관악구청),관악구,subway,0.7382,5,0.45,1.0,1.0,0.35,0.7,0.918367,1.4232,1.4232
OH_20260522_0730_동작구_보라매공원_OH_0119,5,구로디지털단지,구로구,subway,0.776,4,0.25,1.0,1.0,0.35,0.7,0.938776,1.321,1.321
OH_20260522_0730_동작구_보라매공원_OH_0119,6,신도림,구로구,subway,0.7139,6,0.25,1.0,1.0,0.35,0.7,0.897959,1.2589,1.2589
OH_20260522_0730_동작구_보라매공원_OH_0119,7,봉천,관악구,subway,0.561,14,0.45,1.0,1.0,0.35,0.7,0.734694,1.246,1.246
OH_20260522_0730_동작구_보라매공원_OH_0119,8,고속터미널,서초구,subway,0.4976,32,0.45,1.0,1.0,0.35,0.7,0.367347,1.1826,1.1826
OH_20260522_0730_동작구_보라매공원_OH_0119,9,까치산,강서구,subway,0.6301,8,0.25,1.0,1.0,0.35,0.7,0.857143,1.1751,1.1751
OH_20260522_0730_동작구_보라매공원_OH_0119,10,잠실(송파구청),송파구,subway,0.8013,2,0.0,1.0,1.0,0.35,0.7,0.979592,1.1713,1.1713
OH_20260522_1000_광진구_능동어린이대공원_OH_0120,1,어린이대공원,광진구,park,0.6201,9,1.0,1.0,0.4,0.53,0.7,0.836735,1.7261,1.7261
OH_20260522_1000_광진구_능동어린이대공원_OH_0120,2,아차산공원,광진구,park,0.5971,10,1.0,1.0,0.4,0.53,0.7,0.816327,1.7031,1.7031
OH_20260522_1000_광진구_능동어린이대공원_OH_0120,3,봉은공원,강남구,park,0.7275,1,0.45,1.0,0.4,0.53,0.7,1.0,1.4485,1.4485
OH_20260522_1000_광진구_능동어린이대공원_OH_0120,4,중랑캠핑숲,중랑구,park,0.7213,3,0.45,1.0,0.4,0.35,0.7,0.959184,1.4063,1.4063
OH_20260522_1000_광진구_능동어린이대공원_OH_0120,5,동명근린공원,강동구,park,0.5893,17,0.45,1.0,0.4,0.53,0.7,0.673469,1.3103,1.3103
OH_20260522_1000_광진구_능동어린이대공원_OH_0120,6,성수근린공원,성동구,park,0.5878,20,0.45,1.0,0.4,0.53,0.7,0.612245,1.3088,1.3088
OH_20260522_1000_광진구_능동어린이대공원_OH_0120,7,달맞이근린공원,성동구,park,0.5851,21,0.45,1.0,0.4,0.53,0.7,0.591837,1.3061,1.3061
OH_20260522_1000_광진구_능동어린이대공원_OH_0120,8,도산근린공원,강남구,park,0.5757,28,0.45,1.0,0.4,0.53,0.7,0.44898,1.2967,1.2967
OH_20260522_1000_광진구_능동어린이대공원_OH_0120,9,허브천문공원,강동구,park,0.5742,30,0.45,1.0,0.4,0.53,0.7,0.408163,1.2952,1.2952
OH_20260522_1000_광진구_능동어린이대공원_OH_0120,10,샛마을근린공원,강동구,park,0.5638,36,0.45,1.0,0.4,0.53,0.7,0.285714,1.2848,1.2848
OH_20260522_1030_광진구_건대입구롯데백화점앞_OH_0121,1,구의(광진구청),광진구,subway,0.5673,9,1.0,1.0,0.3,0.35,0.7,0.836735,1.6373,1.6373
OH_20260522_1030_광진구_건대입구롯데백화점앞_OH_0121,2,건대입구,광진구,subway,0.5155,10,1.0,1.0,0.3,0.35,0.7,0.816327,1.5855,1.5855
OH_20260522_1030_광진구_건대입구롯데백화점앞_OH_0121,3,잠실(송파구청),송파구,subway,0.8013,2,0.45,1.0,0.3,0.35,0.7,0.979592,1.4863,1.4863
OH_20260522_1030_광진구_건대입구롯데백화점앞_OH_0121,4,신림,관악구,subway,0.9468,1,0.0,1.0,0.3,0.35,0.7,1.0,1.3168,1.3168
OH_20260522_1030_광진구_건대입구롯데백화점앞_OH_0121,5,서울역,중구,subway,0.7902,3,0.0,1.0,0.3,0.35,0.7,0.959184,1.1602,1.1602
OH_20260522_1030_광진구_건대입구롯데백화점앞_OH_0121,6,구로디지털단지,구로구,subway,0.776,4,0.0,1.0,0.3,0.35,0.7,0.938776,1.146,1.146
OH_20260522_1030_광진구_건대입구롯데백화점앞_OH_0121,7,선릉,강남구,subway,0.4454,38,0.45,1.0,0.3,0.35,0.7,0.244898,1.1304,1.1304
OH_20260522_1030_광진구_건대입구롯데백화점앞_OH_0121,8,서울대입구(관악구청),관악구,subway,0.7382,5,0.0,1.0,0.3,0.35,0.7,0.918367,1.1082,1.1082
OH_20260522_1030_광진구_건대입구롯데백화점앞_OH_0121,9,신도림,구로구,subway,0.7139,6,0.0,1.0,0.3,0.35,0.7,0.897959,1.0839,1.0839
OH_20260522_1030_광진구_건대입구롯데백화점앞_OH_0121,10,연신내,은평구,subway,0.667,7,0.0,1.0,0.3,0.35,0.7,0.877551,1.037,1.037
OH_20260522_1130_성동구_뚝도시장_OH_0122,1,마장축산물시장,성동구,market,0.4644,5,1.0,1.0,0.7,0.35,0.75,0.918367,1.5344,1.5344
OH_20260522_1130_성동구_뚝도시장_OH_0122,2,성동용답상가시장,성동구,market,0.4344,6,1.0,1.0,0.7,0.35,0.75,0.897959,1.5044,1.5044
OH_20260522_1130_성동구_뚝도시장_OH_0122,3,송정벚꽃골목형상점가,성동구,market,0.4303,7,1.0,1.0,0.7,0.35,0.75,0.877551,1.5003,1.5003
OH_20260522_1130_성동구_뚝도시장_OH_0122,4,사근살곶이골목형상점가시장,성동구,market,0.4268,8,1.0,1.0,0.7,0.35,0.75,0.857143,1.4968,1.4968
OH_20260522_1130_성동구_뚝도시장_OH_0122,5,금남시장,성동구,market,0.4235,9,1.0,1.0,0.7,0.35,0.75,0.836735,1.4935,1.4935
OH_20260522_1130_성동구_뚝도시장_OH_0122,6,뚝도시장,성동구,market,0.4212,10,1.0,1.0,0.7,0.35,0.75,0.816327,1.4912,1.4912
OH_20260522_1130_성동구_뚝도시장_OH_0122,7,남대문시장,중구,market,0.6592,1,0.45,1.0,0.7,0.35,0.75,1.0,1.3442,1.3442
OH_20260522_1130_성동구_뚝도시장_OH_0122,8,장안 마실 골목형상점가,동대문구,market,0.5827,3,0.45,1.0,0.7,0.35,0.75,0.959184,1.2677,1.2677
OH_20260522_1130_성동구_뚝도시장_OH_0122,9,동대문종합시장,종로구,market,0.5837,2,0.25,1.0,0.7,0.35,0.75,0.979592,1.1287,1.1287
OH_20260522_1130_성동구_뚝도시장_OH_0122,10,답십리현대시장,동대문구,market,0.4212,13,0.45,1.0,0.7,0.35,0.75,0.755102,1.1062,1.1062
OH_20260522_1150_성동구_성수역사거리_OH_0123,1,성수,성동구,subway,0.4239,9,1.0,1.0,0.3,0.35,0.7,0.836735,1.4939,1.4939
OH_20260522_1150_성동구_성수역사거리_OH_0123,2,서울역,중구,subway,0.7902,3,0.45,1.0,0.3,0.35,0.7,0.959184,1.4752,1.4752
OH_20260522_1150_성동구_성수역사거리_OH_0123,3,왕십리(성동구청),성동구,subway,0.3758,10,1.0,1.0,0.3,0.35,0.7,0.816327,1.4458,1.4458
OH_20260522_1150_성동구_성수역사거리_OH_0123,4,신림,관악구,subway,0.9468,1,0.0,1.0,0.3,0.35,0.7,1.0,1.3168,1.3168
OH_20260522_1150_성동구_성수역사거리_OH_0123,5,잠실(송파구청),송파구,subway,0.8013,2,0.0,1.0,0.3,0.35,0.7,0.979592,1.1713,1.1713
OH_20260522_1150_성동구_성수역사거리_OH_0123,6,구로디지털단지,구로구,subway,0.776,4,0.0,1.0,0.3,0.35,0.7,0.938776,1.146,1.146
OH_20260522_1150_성동구_성수역사거리_OH_0123,7,서울대입구(관악구청),관악구,subway,0.7382,5,0.0,1.0,0.3,0.35,0.7,0.918367,1.1082,1.1082
OH_20260522_1150_성동구_성수역사거리_OH_0123,8,신도림,구로구,subway,0.7139,6,0.0,1.0,0.3,0.35,0.7,0.897959,1.0839,1.0839
OH_20260522_1150_성동구_성수역사거리_OH_0123,9,명동,중구,subway,0.3709,18,0.45,1.0,0.3,0.35,0.7,0.653061,1.0559,1.0559
OH_20260522_1150_성동구_성수역사거리_OH_0123,10,연신내,은평구,subway,0.667,7,0.0,1.0,0.3,0.35,0.7,0.877551,1.037,1.037
OH_20260522_1220_성동구_성수역일대_OH_0124,1,성수,성동구,subway,0.7287,7,1.0,1.0,0.2,0.35,0.7,0.877551,1.7987,1.7987
OH_20260522_1220_성동구_성수역일대_OH_0124,2,서울역,중구,subway,0.9642,1,0.45,1.0,0.2,0.35,0.7,1.0,1.6492,1.6492
OH_20260522_1220_성동구_성수역일대_OH_0124,3,강남,강남구,subway,0.9318,3,0.45,1.0,0.2,0.35,0.7,0.959184,1.6168,1.6168
OH_20260522_1220_성동구_성수역일대_OH_0124,4,왕십리(성동구청),성동구,subway,0.3918,10,1.0,1.0,0.2,0.35,0.7,0.816327,1.4618,1.4618
OH_20260522_1220_성동구_성수역일대_OH_0124,5,삼성(무역센터),강남구,subway,0.7312,6,0.45,1.0,0.2,0.35,0.7,0.897959,1.4162,1.4162
OH_20260522_1220_성동구_성수역일대_OH_0124,6,선릉,강남구,subway,0.7238,8,0.45,1.0,0.2,0.35,0.7,0.857143,1.4088,1.4088
OH_20260522_1220_성동구_성수역일대_OH_0124,7,용산,용산구,subway,0.7194,9,0.45,1.0,0.2,0.35,0.7,0.836735,1.4044,1.4044
OH_20260522_1220_성동구_성수역일대_OH_0124,8,잠실(송파구청),송파구,subway,0.9611,2,0.0,1.0,0.2,0.35,0.7,0.979592,1.3311,1.3311
OH_20260522_1220_성동구_성수역일대_OH_0124,9,홍대입구,마포구,subway,0.8656,4,0.0,1.0,0.2,0.35,0.7,0.938776,1.2356,1.2356
OH_20260522_1220_성동구_성수역일대_OH_0124,10,고속터미널,서초구,subway,0.8161,5,0.0,1.0,0.2,0.35,0.7,0.918367,1.1861,1.1861
OH_20260522_1400_용산구_용문전통시장_OH_0125,1,용산용문시장,용산구,market,0.4751,9,1.0,1.0,0.8,0.35,0.75,0.836735,1.5451,1.5451
OH_20260522_1400_용산구_용문전통시장_OH_0125,2,이촌종합시장,용산구,market,0.4695,10,1.0,1.0,0.8,0.35,0.75,0.816327,1.5395,1.5395
OH_20260522_1400_용산구_용문전통시장_OH_0125,3,남대문시장,중구,market,0.7056,1,0.45,1.0,0.8,0.35,0.75,1.0,1.3906,1.3906
OH_20260522_1400_용산구_용문전통시장_OH_0125,4,평화시장,중구,market,0.5528,7,0.45,1.0,0.8,0.35,0.75,0.877551,1.2378,1.2378
OH_20260522_1400_용산구_용문전통시장_OH_0125,5,동대문종합시장,종로구,market,0.6301,2,0.25,1.0,0.8,0.35,0.75,0.979592,1.1751,1.1751
OH_20260522_1400_용산구_용문전통시장_OH_0125,6,사당1동먹자골목상점가,동작구,market,0.4692,16,0.45,1.0,0.8,0.35,0.75,0.693878,1.1542,1.1542
OH_20260522_1400_용산구_용문전통시장_OH_0125,7,노량진 만나로 골목형상점가,동작구,market,0.4687,25,0.45,1.0,0.8,0.35,0.75,0.510204,1.1537,1.1537
OH_20260522_1400_용산구_용문전통시장_OH_0125,8,망원동월드컵시장,마포구,market,0.4684,32,0.45,1.0,0.8,0.35,0.75,0.367347,1.1534,1.1534
OH_20260522_1400_용산구_용문전통시장_OH_0125,9,뚝도시장,성동구,market,0.4683,37,0.45,1.0,0.8,0.35,0.75,0.265306,1.1533,1.1533
OH_20260522_1400_용산구_용문전통시장_OH_0125,10,명동남산골 골목형상점가,중구,market,0.468,44,0.45,1.0,0.8,0.35,0.75,0.122449,1.153,1.153
OH_20260522_1500_동작구_남성시장_OH_0126,1,노량진수산시장골목형상점가,동작구,market,0.5136,1,1.0,1.0,0.8,0.35,0.75,1.0,1.5836,1.5836
OH_20260522_1500_동작구_남성시장_OH_0126,2,성대전통시장,동작구,market,0.4756,4,1.0,1.0,0.8,0.53,0.75,0.938776,1.5816,1.5816
OH_20260522_1500_동작구_남성시장_OH_0126,3,상도전통시장,동작구,market,0.4731,7,1.0,1.0,0.8,0.53,0.75,0.877551,1.5791,1.5791
OH_20260522_1500_동작구_남성시장_OH_0126,4,이수미로 골목형상점가,동작구,market,0.4843,2,1.0,1.0,0.8,0.35,0.75,0.979592,1.5543,1.5543
OH_20260522_1500_동작구_남성시장_OH_0126,5,숭실마루길 골목형상점가,동작구,market,0.4765,3,1.0,1.0,0.8,0.35,0.75,0.959184,1.5465,1.5465
OH_20260522_1500_동작구_남성시장_OH_0126,6,남성사계시장(남성시장),동작구,market,0.4745,5,1.0,1.0,0.8,0.35,0.75,0.918367,1.5445,1.5445
OH_20260522_1500_동작구_남성시장_OH_0126,7,흑석시장 골목형상점가,동작구,market,0.4738,6,1.0,1.0,0.8,0.35,0.75,0.897959,1.5438,1.5438
OH_20260522_1500_동작구_남성시장_OH_0126,8,본동인정시장,동작구,market,0.4726,8,1.0,1.0,0.8,0.35,0.75,0.857143,1.5426,1.5426
OH_20260522_1500_동작구_남성시장_OH_0126,9,보라매다올길골목형상점가,동작구,market,0.4724,9,1.0,1.0,0.8,0.35,0.75,0.836735,1.5424,1.5424
OH_20260522_1500_동작구_남성시장_OH_0126,10,신대방1동 온누리길 골목형상점가,동작구,market,0.4707,10,1.0,1.0,0.8,0.35,0.75,0.816327,1.5407,1.5407
OH_20260522_1530_동작구_이수역14번출구_OH_0127,1,사당,동작구,subway,0.5846,9,1.0,1.0,0.25,0.35,0.7,0.836735,1.6546,1.6546
OH_20260522_1530_동작구_이수역14번출구_OH_0127,2,신대방,동작구,subway,0.4423,10,1.0,1.0,0.25,0.35,0.7,0.816327,1.5123,1.5123
OH_20260522_1530_동작구_이수역14번출구_OH_0127,3,고속터미널,서초구,subway,0.8161,5,0.45,1.0,0.25,0.35,0.7,0.918367,1.5011,1.5011
OH_20260522_1530_동작구_이수역14번출구_OH_0127,4,서울역,중구,subway,0.9642,1,0.0,1.0,0.25,0.35,0.7,1.0,1.3342,1.3342
OH_20260522_1530_동작구_이수역14번출구_OH_0127,5,잠실(송파구청),송파구,subway,0.9611,2,0.0,1.0,0.25,0.35,0.7,0.979592,1.3311,1.3311
OH_20260522_1530_동작구_이수역14번출구_OH_0127,6,강남,강남구,subway,0.9318,3,0.0,1.0,0.25,0.35,0.7,0.959184,1.3018,1.3018
OH_20260522_1530_동작구_이수역14번출구_OH_0127,7,홍대입구,마포구,subway,0.8656,4,0.0,1.0,0.25,0.35,0.7,0.938776,1.2356,1.2356
OH_20260522_1530_동작구_이수역14번출구_OH_0127,8,봉천,관악구,subway,0.4399,14,0.45,1.0,0.25,0.35,0.7,0.734694,1.1249,1.1249
OH_20260522_1530_동작구_이수역14번출구_OH_0127,9,영등포구청,영등포구,subway,0.427,22,0.45,1.0,0.25,0.35,0.7,0.571429,1.112,1.112
OH_20260522_1530_동작구_이수역14번출구_OH_0127,10,삼성(무역센터),강남구,subway,0.7312,6,0.0,1.0,0.25,0.35,0.7,0.897959,1.1012,1.1012
OH_20260522_1730_영등포구_영등포지하상가_OH_0128,1,영등포유통상가,영등포구,market,0.5381,4,1.0,1.0,0.8,0.35,0.75,0.938776,1.6081,1.6081
OH_20260522_1730_영등포구_영등포지하상가_OH_0128,2,영등포시장기계공구상가,영등포구,market,0.4939,5,1.0,1.0,0.8,0.35,0.75,0.918367,1.5639,1.5639
OH_20260522_1730_영등포구_영등포지하상가_OH_0128,3,영등포청과시장,영등포구,market,0.478,6,1.0,1.0,0.8,0.35,0.75,0.897959,1.548,1.548
OH_20260522_1730_영등포구_영등포지하상가_OH_0128,4,영등포전통시장,영등포구,market,0.4708,7,1.0,1.0,0.8,0.35,0.75,0.877551,1.5408,1.5408
OH_20260522_1730_영등포구_영등포지하상가_OH_0128,5,대림중앙시장,영등포구,market,0.4696,8,1.0,1.0,0.8,0.35,0.75,0.857143,1.5396,1.5396
OH_20260522_1730_영등포구_영등포지하상가_OH_0128,6,우리시장,영등포구,market,0.4695,9,1.0,1.0,0.8,0.35,0.75,0.836735,1.5395,1.5395
OH_20260522_1730_영등포구_영등포지하상가_OH_0128,7,선유로운골목형상점가,영등포구,market,0.4686,10,1.0,1.0,0.8,0.35,0.75,0.816327,1.5386,1.5386
OH_20260522_1730_영등포구_영등포지하상가_OH_0128,8,화곡본동시장,강서구,market,0.4685,11,0.45,1.0,0.8,0.35,0.75,0.795918,1.1535,1.1535
OH_20260522_1730_영등포구_영등포지하상가_OH_0128,9,망원동월드컵시장,마포구,market,0.4684,14,0.45,1.0,0.8,0.35,0.75,0.734694,1.1534,1.1534
OH_20260522_1730_영등포구_영등포지하상가_OH_0128,10,오목내길골목형상점가,양천구,market,0.4682,22,0.45,1.0,0.8,0.35,0.75,0.571429,1.1532,1.1532
OH_20260522_1900_마포구_홍대상상마당_OH_0129,1,홍대입구,마포구,subway,0.8656,4,1.0,1.0,1.0,0.35,0.7,0.938776,1.9356,1.9356
OH_20260522_1900_마포구_홍대상상마당_OH_0129,2,합정,마포구,subway,0.4906,9,1.0,1.0,1.0,0.35,0.7,0.836735,1.5606,1.5606
OH_20260522_1900_마포구_홍대상상마당_OH_0129,3,마포구청,마포구,subway,0.3615,10,1.0,1.0,1.0,0.35,0.7,0.816327,1.4315,1.4315
OH_20260522_1900_마포구_홍대상상마당_OH_0129,4,서울역,중구,subway,0.9642,1,0.0,1.0,1.0,0.35,0.7,1.0,1.3342,1.3342
OH_20260522_1900_마포구_홍대상상마당_OH_0129,5,잠실(송파구청),송파구,subway,0.9611,2,0.0,1.0,1.0,0.35,0.7,0.979592,1.3311,1.3311
OH_20260522_1900_마포구_홍대상상마당_OH_0129,6,강남,강남구,subway,0.9318,3,0.0,1.0,1.0,0.35,0.7,0.959184,1.3018,1.3018
OH_20260522_1900_마포구_홍대상상마당_OH_0129,7,고속터미널,서초구,subway,0.8161,5,0.0,1.0,1.0,0.35,0.7,0.918367,1.1861,1.1861
OH_20260522_1900_마포구_홍대상상마당_OH_0129,8,삼성(무역센터),강남구,subway,0.7312,6,0.0,1.0,1.0,0.35,0.7,0.897959,1.1012,1.1012
OH_20260522_1900_마포구_홍대상상마당_OH_0129,9,성수,성동구,subway,0.7287,7,0.0,1.0,1.0,0.35,0.7,0.877551,1.0987,1.0987
OH_20260522_1900_마포구_홍대상상마당_OH_0129,10,선릉,강남구,subway,0.7238,8,0.0,1.0,1.0,0.35,0.7,0.857143,1.0938,1.0938
OH_20260524_1500_중구_돈화문사거리_OH_0134,1,서울역,중구,subway,0.9642,1,1.0,1.0,0.25,0.35,0.7,1.0,2.0342,2.0342
OH_20260524_1500_중구_돈화문사거리_OH_0134,2,을지로입구,중구,subway,0.6806,9,1.0,1.0,0.25,0.35,0.7,0.836735,1.7506,1.7506
OH_20260524_1500_중구_돈화문사거리_OH_0134,3,명동,중구,subway,0.5738,10,1.0,1.0,0.25,0.35,0.7,0.816327,1.6438,1.6438
OH_20260524_1500_중구_돈화문사거리_OH_0134,4,성수,성동구,subway,0.7287,7,0.45,1.0,0.25,0.35,0.7,0.877551,1.4137,1.4137
OH_20260524_1500_중구_돈화문사거리_OH_0134,5,잠실(송파구청),송파구,subway,0.9611,2,0.0,1.0,0.25,0.35,0.7,0.979592,1.3311,1.3311
OH_20260524_1500_중구_돈화문사거리_OH_0134,6,강남,강남구,subway,0.9318,3,0.0,1.0,0.25,0.35,0.7,0.959184,1.3018,1.3018
OH_20260524_1500_중구_돈화문사거리_OH_0134,7,홍대입구,마포구,subway,0.8656,4,0.0,1.0,0.25,0.35,0.7,0.938776,1.2356,1.2356
OH_20260524_1500_중구_돈화문사거리_OH_0134,8,고속터미널,서초구,subway,0.8161,5,0.0,1.0,0.25,0.35,0.7,0.918367,1.1861,1.1861
OH_20260524_1500_중구_돈화문사거리_OH_0134,9,삼성(무역센터),강남구,subway,0.7312,6,0.0,1.0,0.25,0.35,0.7,0.897959,1.1012,1.1012
OH_20260524_1500_중구_돈화문사거리_OH_0134,10,선릉,강남구,subway,0.7238,8,0.0,1.0,0.25,0.35,0.7,0.857143,1.0938,1.0938
OH_20260524_1630_중랑구_동원시장_OH_0135,1,우림골목시장,중랑구,market,0.4775,1,1.0,1.0,0.8,0.35,0.75,1.0,1.5475,1.5475
OH_20260524_1630_중랑구_동원시장_OH_0135,2,동원전통종합시장,중랑구,market,0.4761,2,1.0,1.0,0.8,0.35,0.75,0.979592,1.5461,1.5461
OH_20260524_1630_중랑구_동원시장_OH_0135,3,상봉먹자 골목형상점가,중랑구,market,0.4738,3,1.0,1.0,0.8,0.35,0.75,0.959184,1.5438,1.5438
OH_20260524_1630_중랑구_동원시장_OH_0135,4,사가정시장,중랑구,market,0.4731,4,1.0,1.0,0.8,0.35,0.75,0.938776,1.5431,1.5431
OH_20260524_1630_중랑구_동원시장_OH_0135,5,면목시장(골목형),중랑구,market,0.4729,5,1.0,1.0,0.8,0.35,0.75,0.918367,1.5429,1.5429
OH_20260524_1630_중랑구_동원시장_OH_0135,6,신내구길 골목형상점가,중랑구,market,0.4722,6,1.0,1.0,0.8,0.35,0.75,0.897959,1.5422,1.5422
OH_20260524_1630_중랑구_동원시장_OH_0135,7,사가정51길 골목형상점가,중랑구,market,0.4706,7,1.0,1.0,0.8,0.35,0.75,0.877551,1.5406,1.5406
OH_20260524_1630_중랑구_동원시장_OH_0135,8,중랑동부시장,중랑구,market,0.4702,8,1.0,1.0,0.8,0.35,0.75,0.857143,1.5402,1.5402
OH_20260524_1630_중랑구_동원시장_OH_0135,9,묵동도깨비시장 골목형상점가,중랑구,market,0.4701,9,1.0,1.0,0.8,0.35,0.75,0.836735,1.5401,1.5401
OH_20260524_1630_중랑구_동원시장_OH_0135,10,태능 골목형상점가,중랑구,market,0.4699,10,1.0,1.0,0.8,0.35,0.75,0.816327,1.5399,1.5399
OH_20260524_2000_서초구_잠수교_OH_0137,1,문화예술공원,서초구,park,0.6545,6,1.0,1.0,0.25,0.53,0.7,0.897959,1.7605,1.7605
OH_20260524_2000_서초구_잠수교_OH_0137,2,청계산도시자연공원,서초구,park,0.65,7,1.0,1.0,0.25,0.53,0.7,0.877551,1.756,1.756
OH_20260524_2000_서초구_잠수교_OH_0137,3,우면산도시자연공원,서초구,park,0.6495,8,1.0,1.0,0.25,0.53,0.7,0.857143,1.7555,1.7555
OH_20260524_2000_서초구_잠수교_OH_0137,4,인능산도시자연공원,서초구,park,0.6437,9,1.0,1.0,0.25,0.53,0.7,0.836735,1.7497,1.7497
OH_20260524_2000_서초구_잠수교_OH_0137,5,구룡산도시자연공원,서초구,park,0.6435,10,1.0,1.0,0.25,0.53,0.7,0.816327,1.7495,1.7495
OH_20260524_2000_서초구_잠수교_OH_0137,6,매헌시민의숲,서초구,park,0.6618,5,1.0,1.0,0.25,0.35,0.7,0.918367,1.7318,1.7318
OH_20260524_2000_서초구_잠수교_OH_0137,7,봉은공원,강남구,park,0.7451,1,0.45,1.0,0.25,0.53,0.7,1.0,1.4661,1.4661
OH_20260524_2000_서초구_잠수교_OH_0137,8,효창근린공원,용산구,park,0.6361,20,0.45,1.0,0.25,0.53,0.7,0.612245,1.3571,1.3571
OH_20260524_2000_서초구_잠수교_OH_0137,9,청담근린공원,강남구,park,0.6261,37,0.45,1.0,0.25,0.53,0.7,0.265306,1.3471,1.3471
OH_20260524_2000_서초구_잠수교_OH_0137,10,광평근린공원,강남구,park,0.625,41,0.45,1.0,0.25,0.53,0.7,0.183673,1.346,1.346
OH_20260525_0820_관악구_서울농산관_OH_0138,1,신림,관악구,subway,0.9468,1,1.0,1.0,1.0,0.35,0.7,1.0,2.0168,2.0168
OH_20260525_0820_관악구_서울농산관_OH_0138,2,서울대입구(관악구청),관악구,subway,0.7382,5,1.0,1.0,1.0,0.35,0.7,0.918367,1.8082,1.8082
OH_20260525_0820_관악구_서울농산관_OH_0138,3,낙성대(강감찬),관악구,subway,0.5749,9,1.0,1.0,1.0,0.35,0.7,0.836735,1.6449,1.6449
OH_20260525_0820_관악구_서울농산관_OH_0138,4,봉천,관악구,subway,0.561,10,1.0,1.0,1.0,0.35,0.7,0.816327,1.631,1.631
OH_20260525_0820_관악구_서울농산관_OH_0138,5,구로디지털단지,구로구,subway,0.776,4,0.45,1.0,1.0,0.35,0.7,0.938776,1.461,1.461
OH_20260525_0820_관악구_서울농산관_OH_0138,6,신도림,구로구,subway,0.7139,6,0.45,1.0,1.0,0.35,0.7,0.897959,1.3989,1.3989
OH_20260525_0820_관악구_서울농산관_OH_0138,7,대림(구로구청),구로구,subway,0.5172,21,0.45,1.0,1.0,0.35,0.7,0.591837,1.2022,1.2022
OH_20260525_0820_관악구_서울농산관_OH_0138,8,고속터미널,서초구,subway,0.4976,28,0.45,1.0,1.0,0.35,0.7,0.44898,1.1826,1.1826
OH_20260525_0820_관악구_서울농산관_OH_0138,9,까치산,강서구,subway,0.6301,8,0.25,1.0,1.0,0.35,0.7,0.857143,1.1751,1.1751
OH_20260525_0820_관악구_서울농산관_OH_0138,10,잠실(송파구청),송파구,subway,0.8013,2,0.0,1.0,1.0,0.35,0.7,0.979592,1.1713,1.1713
OH_20260525_1000_도봉구_도봉산입구_OH_0139,1,초안산근린공원,도봉구,park,0.6845,5,1.0,1.0,0.4,0.53,0.7,0.918367,1.7905,1.7905
OH_20260525_1000_도봉구_도봉산입구_OH_0139,2,초안산생태공원,도봉구,park,0.652,6,1.0,1.0,0.4,0.53,0.7,0.897959,1.758,1.758
OH_20260525_1000_도봉구_도봉산입구_OH_0139,3,쌍문근린공원,도봉구,park,0.6298,7,1.0,1.0,0.4,0.53,0.7,0.877551,1.7358,1.7358
OH_20260525_1000_도봉구_도봉산입구_OH_0139,4,월천근린공원,도봉구,park,0.5986,8,1.0,1.0,0.4,0.53,0.7,0.857143,1.7046,1.7046
OH_20260525_1000_도봉구_도봉산입구_OH_0139,5,발바닥공원,도봉구,park,0.5888,9,1.0,1.0,0.4,0.53,0.7,0.836735,1.6948,1.6948
OH_20260525_1000_도봉구_도봉산입구_OH_0139,6,서울창포원,도봉구,park,0.5824,10,1.0,1.0,0.4,0.35,0.7,0.816327,1.6524,1.6524
OH_20260525_1000_도봉구_도봉산입구_OH_0139,7,중랑캠핑숲,중랑구,park,0.7213,3,0.25,1.0,0.4,0.35,0.7,0.959184,1.2663,1.2663
OH_20260525_1000_도봉구_도봉산입구_OH_0139,8,경춘선숲길,노원구,park,0.5485,26,0.45,1.0,0.4,0.35,0.7,0.489796,1.2335,1.2335
OH_20260525_1000_도봉구_도봉산입구_OH_0139,9,간데메근린공원,동대문구,park,0.5732,20,0.25,1.0,0.4,0.53,0.7,0.612245,1.1542,1.1542
OH_20260525_1000_도봉구_도봉산입구_OH_0139,10,봉은공원,강남구,park,0.7275,1,0.0,1.0,0.4,0.53,0.7,1.0,1.1335,1.1335
OH_20260525_1030_도봉구_방학역_OH_0140,1,쌍문,도봉구,subway,0.623,10,1.0,1.0,0.3,0.35,0.7,0.816327,1.693,1.693
OH_20260525_1030_도봉구_방학역_OH_0140,2,신림,관악구,subway,0.9468,1,0.0,1.0,0.3,0.35,0.7,1.0,1.3168,1.3168
OH_20260525_1030_도봉구_방학역_OH_0140,3,수유(강북구청),강북구,subway,0.6126,11,0.45,1.0,0.3,0.35,0.7,0.795918,1.2976,1.2976
OH_20260525_1030_도봉구_방학역_OH_0140,4,잠실(송파구청),송파구,subway,0.8013,2,0.0,1.0,0.3,0.35,0.7,0.979592,1.1713,1.1713
OH_20260525_1030_도봉구_방학역_OH_0140,5,서울역,중구,subway,0.7902,3,0.0,1.0,0.3,0.35,0.7,0.959184,1.1602,1.1602
OH_20260525_1030_도봉구_방학역_OH_0140,6,구로디지털단지,구로구,subway,0.776,4,0.0,1.0,0.3,0.35,0.7,0.938776,1.146,1.146
OH_20260525_1030_도봉구_방학역_OH_0140,7,구의(광진구청),광진구,subway,0.5673,16,0.25,1.0,0.3,0.35,0.7,0.693878,1.1123,1.1123
OH_20260525_1030_도봉구_방학역_OH_0140,8,서울대입구(관악구청),관악구,subway,0.7382,5,0.0,1.0,0.3,0.35,0.7,0.918367,1.1082,1.1082
OH_20260525_1030_도봉구_방학역_OH_0140,9,신도림,구로구,subway,0.7139,6,0.0,1.0,0.3,0.35,0.7,0.897959,1.0839,1.0839
OH_20260525_1030_도봉구_방학역_OH_0140,10,건대입구,광진구,subway,0.5155,31,0.25,1.0,0.3,0.35,0.7,0.387755,1.0605,1.0605
OH_20260525_1130_노원구_경춘선숲길_OH_0141,1,수락산도시자연공원,노원구,park,0.64,8,1.0,1.0,0.4,0.53,0.7,0.857143,1.746,1.746
OH_20260525_1130_노원구_경춘선숲길_OH_0141,2,불암산도시자연공원,노원구,park,0.6372,9,1.0,1.0,0.4,0.53,0.7,0.836735,1.7432,1.7432
OH_20260525_1130_노원구_경춘선숲길_OH_0141,3,경춘선숲길,노원구,park,0.5485,10,1.0,1.0,0.4,0.35,0.7,0.816327,1.6185,1.6185
OH_20260525_1130_노원구_경춘선숲길_OH_0141,4,중랑캠핑숲,중랑구,park,0.7213,3,0.45,1.0,0.4,0.35,0.7,0.959184,1.4063,1.4063
OH_20260525_1130_노원구_경춘선숲길_OH_0141,5,봉은공원,강남구,park,0.7275,1,0.0,1.0,0.4,0.53,0.7,1.0,1.1335,1.1335
OH_20260525_1130_노원구_경춘선숲길_OH_0141,6,월드컵공원,마포구,park,0.7248,2,0.0,1.0,0.4,0.53,0.7,0.979592,1.1308,1.1308
OH_20260525_1130_노원구_경춘선숲길_OH_0141,7,백련근린공원,서대문구,park,0.7077,4,0.0,1.0,0.4,0.53,0.7,0.938776,1.1137,1.1137
OH_20260525_1130_노원구_경춘선숲길_OH_0141,8,남산공원,중구,park,0.6998,5,0.0,1.0,0.4,0.53,0.7,0.918367,1.1058,1.1058
OH_20260525_1130_노원구_경춘선숲길_OH_0141,9,안산도시자연공원,서대문구,park,0.6971,6,0.0,1.0,0.4,0.53,0.7,0.897959,1.1031,1.1031
OH_20260525_1130_노원구_경춘선숲길_OH_0141,10,여의도근린공원,영등포구,park,0.6858,7,0.0,1.0,0.4,0.53,0.7,0.877551,1.0918,1.0918
OH_20260525_1400_중구_백학시장_OH_0142,1,남대문시장,중구,market,0.7056,1,1.0,1.0,0.8,0.35,0.75,1.0,1.7756,1.7756
OH_20260525_1400_중구_백학시장_OH_0142,2,평화시장,중구,market,0.5528,2,1.0,1.0,0.8,0.35,0.75,0.979592,1.6228,1.6228
OH_20260525_1400_중구_백학시장_OH_0142,3,삼익패션타운,중구,market,0.5222,3,1.0,1.0,0.8,0.35,0.75,0.959184,1.5922,1.5922
OH_20260525_1400_중구_백학시장_OH_0142,4,동평화시장,중구,market,0.5126,4,1.0,1.0,0.8,0.35,0.75,0.938776,1.5826,1.5826
OH_20260525_1400_중구_백학시장_OH_0142,5,청평화시장,중구,market,0.5024,5,1.0,1.0,0.8,0.35,0.75,0.918367,1.5724,1.5724
OH_20260525_1400_중구_백학시장_OH_0142,6,신평화패션타운,중구,market,0.4993,6,1.0,1.0,0.8,0.35,0.75,0.897959,1.5693,1.5693
OH_20260525_1400_중구_백학시장_OH_0142,7,방산시장,중구,market,0.4988,7,1.0,1.0,0.8,0.35,0.75,0.877551,1.5688,1.5688
OH_20260525_1400_중구_백학시장_OH_0142,8,광희패션몰,중구,market,0.4973,8,1.0,1.0,0.8,0.35,0.75,0.857143,1.5673,1.5673
OH_20260525_1400_중구_백학시장_OH_0142,9,통일상가,중구,market,0.4936,9,1.0,1.0,0.8,0.35,0.75,0.836735,1.5636,1.5636
OH_20260525_1400_중구_백학시장_OH_0142,10,중부시장,중구,market,0.4895,10,1.0,1.0,0.8,0.35,0.75,0.816327,1.5595,1.5595
OH_20260525_1430_중구_신당역_OH_0143,1,서울역,중구,subway,0.9642,1,1.0,1.0,0.25,0.35,0.7,1.0,2.0342,2.0342
OH_20260525_1430_중구_신당역_OH_0143,2,을지로입구,중구,subway,0.6806,9,1.0,1.0,0.25,0.35,0.7,0.836735,1.7506,1.7506
OH_20260525_1430_중구_신당역_OH_0143,3,명동,중구,subway,0.5738,10,1.0,1.0,0.25,0.35,0.7,0.816327,1.6438,1.6438
OH_20260525_1430_중구_신당역_OH_0143,4,성수,성동구,subway,0.7287,7,0.45,1.0,0.25,0.35,0.7,0.877551,1.4137,1.4137
OH_20260525_1430_중구_신당역_OH_0143,5,잠실(송파구청),송파구,subway,0.9611,2,0.0,1.0,0.25,0.35,0.7,0.979592,1.3311,1.3311
OH_20260525_1430_중구_신당역_OH_0143,6,강남,강남구,subway,0.9318,3,0.0,1.0,0.25,0.35,0.7,0.959184,1.3018,1.3018
OH_20260525_1430_중구_신당역_OH_0143,7,홍대입구,마포구,subway,0.8656,4,0.0,1.0,0.25,0.35,0.7,0.938776,1.2356,1.2356
OH_20260525_1430_중구_신당역_OH_0143,8,고속터미널,서초구,subway,0.8161,5,0.0,1.0,0.25,0.35,0.7,0.918367,1.1861,1.1861
OH_20260525_1430_중구_신당역_OH_0143,9,삼성(무역센터),강남구,subway,0.7312,6,0.0,1.0,0.25,0.35,0.7,0.897959,1.1012,1.1012
OH_20260525_1430_중구_신당역_OH_0143,10,선릉,강남구,subway,0.7238,8,0.0,1.0,0.25,0.35,0.7,0.857143,1.0938,1.0938
OH_20260525_1530_광진구_어린이대공원_OH_0144,1,어린이대공원,광진구,park,0.6366,9,1.0,1.0,0.7,0.53,0.7,0.836735,1.7426,1.7426
OH_20260525_1530_광진구_어린이대공원_OH_0144,2,아차산공원,광진구,park,0.6147,10,1.0,1.0,0.7,0.53,0.7,0.816327,1.7207,1.7207
OH_20260525_1530_광진구_어린이대공원_OH_0144,3,봉은공원,강남구,park,0.7451,1,0.45,1.0,0.7,0.53,0.7,1.0,1.4661,1.4661
OH_20260525_1530_광진구_어린이대공원_OH_0144,4,중랑캠핑숲,중랑구,park,0.7412,3,0.45,1.0,0.7,0.35,0.7,0.959184,1.4262,1.4262
OH_20260525_1530_광진구_어린이대공원_OH_0144,5,천마근린공원,송파구,park,0.6141,12,0.45,1.0,0.7,0.53,0.7,0.77551,1.3351,1.3351
OH_20260525_1530_광진구_어린이대공원_OH_0144,6,동명근린공원,강동구,park,0.6058,22,0.45,1.0,0.7,0.53,0.7,0.571429,1.3268,1.3268
OH_20260525_1530_광진구_어린이대공원_OH_0144,7,성수근린공원,성동구,park,0.6055,23,0.45,1.0,0.7,0.53,0.7,0.55102,1.3265,1.3265
OH_20260525_1530_광진구_어린이대공원_OH_0144,8,달맞이근린공원,성동구,park,0.6016,24,0.45,1.0,0.7,0.53,0.7,0.530612,1.3226,1.3226
OH_20260525_1530_광진구_어린이대공원_OH_0144,9,도산근린공원,강남구,park,0.5922,32,0.45,1.0,0.7,0.53,0.7,0.367347,1.3132,1.3132
OH_20260525_1530_광진구_어린이대공원_OH_0144,10,허브천문공원,강동구,park,0.5907,33,0.45,1.0,0.7,0.53,0.7,0.346939,1.3117,1.3117
OH_20260525_1700_강남구_수서역만남의광장_OH_0145,1,강남,강남구,subway,0.9318,3,1.0,1.0,1.0,0.35,0.7,0.959184,2.0018,2.0018
OH_20260525_1700_강남구_수서역만남의광장_OH_0145,2,삼성(무역센터),강남구,subway,0.7312,6,1.0,1.0,1.0,0.35,0.7,0.897959,1.8012,1.8012
OH_20260525_1700_강남구_수서역만남의광장_OH_0145,3,선릉,강남구,subway,0.7238,8,1.0,1.0,1.0,0.35,0.7,0.857143,1.7938,1.7938
OH_20260525_1700_강남구_수서역만남의광장_OH_0145,4,역삼,강남구,subway,0.6459,9,1.0,1.0,1.0,0.35,0.7,0.836735,1.7159,1.7159
OH_20260525_1700_강남구_수서역만남의광장_OH_0145,5,잠실(송파구청),송파구,subway,0.9611,2,0.45,1.0,1.0,0.35,0.7,0.979592,1.6461,1.6461
OH_20260525_1700_강남구_수서역만남의광장_OH_0145,6,고속터미널,서초구,subway,0.8161,5,0.45,1.0,1.0,0.35,0.7,0.918367,1.5011,1.5011
OH_20260525_1700_강남구_수서역만남의광장_OH_0145,7,강남구청,강남구,subway,0.364,10,1.0,1.0,1.0,0.35,0.7,0.816327,1.434,1.434
OH_20260525_1700_강남구_수서역만남의광장_OH_0145,8,성수,성동구,subway,0.7287,7,0.45,1.0,1.0,0.35,0.7,0.877551,1.4137,1.4137
OH_20260525_1700_강남구_수서역만남의광장_OH_0145,9,서울역,중구,subway,0.9642,1,0.0,1.0,1.0,0.35,0.7,1.0,1.3342,1.3342
OH_20260525_1700_강남구_수서역만남의광장_OH_0145,10,홍대입구,마포구,subway,0.8656,4,0.0,1.0,1.0,0.35,0.7,0.938776,1.2356,1.2356
OH_20260525_1740_강남구_개포동시장_OH_0146,1,영동전통시장,강남구,market,0.4753,10,1.0,1.0,0.8,0.53,0.75,0.816327,1.5813,1.5813
OH_20260525_1740_강남구_개포동시장_OH_0146,2,가락몰 골목형상점가,송파구,market,0.5612,6,0.45,1.0,0.8,0.35,0.75,0.897959,1.2462,1.2462
OH_20260525_1740_강남구_개포동시장_OH_0146,3,건리단길골목형상점가,광진구,market,0.4751,12,0.45,1.0,0.8,0.35,0.75,0.77551,1.1601,1.1601
OH_20260525_1740_강남구_개포동시장_OH_0146,4,자양15번가 골목형상점가,광진구,market,0.475,14,0.45,1.0,0.8,0.35,0.75,0.734694,1.16,1.16
OH_20260525_1740_강남구_개포동시장_OH_0146,5,사근살곶이골목형상점가시장,성동구,market,0.474,21,0.45,1.0,0.8,0.35,0.75,0.591837,1.159,1.159
OH_20260525_1740_강남구_개포동시장_OH_0146,6,석촌시장,송파구,market,0.4732,35,0.45,1.0,0.8,0.35,0.75,0.306122,1.1582,1.1582
OH_20260525_1740_강남구_개포동시장_OH_0146,7,천호로데오거리상점가,강동구,market,0.5914,4,0.25,1.0,0.8,0.35,0.75,0.938776,1.1364,1.1364
OH_20260525_1740_강남구_개포동시장_OH_0146,8,남대문시장,중구,market,0.7056,1,0.0,1.0,0.8,0.35,0.75,1.0,1.0756,1.0756
OH_20260525_1740_강남구_개포동시장_OH_0146,9,암사종합시장,강동구,market,0.4752,11,0.25,1.0,0.8,0.35,0.75,0.795918,1.0202,1.0202
OH_20260525_1740_강남구_개포동시장_OH_0146,10,동대문종합시장,종로구,market,0.6301,2,0.0,1.0,0.8,0.35,0.75,0.979592,1.0001,1.0001
OH_20260525_1930_성동구_성수동골목상권_OH_0147,1,마장축산물시장,성동구,market,0.5116,5,1.0,1.0,0.8,0.35,0.75,0.918367,1.5816,1.5816
OH_20260525_1930_성동구_성수동골목상권_OH_0147,2,성동용답상가시장,성동구,market,0.4816,6,1.0,1.0,0.8,0.35,0.75,0.897959,1.5516,1.5516
OH_20260525_1930_성동구_성수동골목상권_OH_0147,3,송정벚꽃골목형상점가,성동구,market,0.4775,7,1.0,1.0,0.8,0.35,0.75,0.877551,1.5475,1.5475
OH_20260525_1930_성동구_성수동골목상권_OH_0147,4,사근살곶이골목형상점가시장,성동구,market,0.474,8,1.0,1.0,0.8,0.35,0.75,0.857143,1.544,1.544
OH_20260525_1930_성동구_성수동골목상권_OH_0147,5,금남시장,성동구,market,0.4707,9,1.0,1.0,0.8,0.35,0.75,0.836735,1.5407,1.5407
OH_20260525_1930_성동구_성수동골목상권_OH_0147,6,뚝도시장,성동구,market,0.4683,10,1.0,1.0,0.8,0.35,0.75,0.816327,1.5383,1.5383
OH_20260525_1930_성동구_성수동골목상권_OH_0147,7,남대문시장,중구,market,0.7056,1,0.45,1.0,0.8,0.35,0.75,1.0,1.3906,1.3906
OH_20260525_1930_성동구_성수동골목상권_OH_0147,8,장안 마실 골목형상점가,동대문구,market,0.6299,3,0.45,1.0,0.8,0.35,0.75,0.959184,1.3149,1.3149
OH_20260525_1930_성동구_성수동골목상권_OH_0147,9,동대문종합시장,종로구,market,0.6301,2,0.25,1.0,0.8,0.35,0.75,0.979592,1.1751,1.1751
OH_20260525_1930_성동구_성수동골목상권_OH_0147,10,답십리현대시장,동대문구,market,0.4683,11,0.45,1.0,0.8,0.35,0.75,0.795918,1.1533,1.1533
JG_20260310_1740_중구_황학시장입구_JG_0006,1,남대문시장,중구,market,0.7056,1,1.0,1.0,0.8,0.35,0.75,1.0,1.7756,1.7756
JG_20260310_1740_중구_황학시장입구_JG_0006,2,평화시장,중구,market,0.5528,2,1.0,1.0,0.8,0.35,0.75,0.979592,1.6228,1.6228
JG_20260310_1740_중구_황학시장입구_JG_0006,3,삼익패션타운,중구,market,0.5222,3,1.0,1.0,0.8,0.35,0.75,0.959184,1.5922,1.5922
JG_20260310_1740_중구_황학시장입구_JG_0006,4,동평화시장,중구,market,0.5126,4,1.0,1.0,0.8,0.35,0.75,0.938776,1.5826,1.5826
JG_20260310_1740_중구_황학시장입구_JG_0006,5,청평화시장,중구,market,0.5024,5,1.0,1.0,0.8,0.35,0.75,0.918367,1.5724,1.5724
JG_20260310_1740_중구_황학시장입구_JG_0006,6,신평화패션타운,중구,market,0.4993,6,1.0,1.0,0.8,0.35,0.75,0.897959,1.5693,1.5693
JG_20260310_1740_중구_황학시장입구_JG_0006,7,방산시장,중구,market,0.4988,7,1.0,1.0,0.8,0.35,0.75,0.877551,1.5688,1.5688
JG_20260310_1740_중구_황학시장입구_JG_0006,8,광희패션몰,중구,market,0.4973,8,1.0,1.0,0.8,0.35,0.75,0.857143,1.5673,1.5673
JG_20260310_1740_중구_황학시장입구_JG_0006,9,통일상가,중구,market,0.4936,9,1.0,1.0,0.8,0.35,0.75,0.836735,1.5636,1.5636
JG_20260310_1740_중구_황학시장입구_JG_0006,10,중부시장,중구,market,0.4895,10,1.0,1.0,0.8,0.35,0.75,0.816327,1.5595,1.5595
JG_20260311_1510_영등포구_영등포전통시장남문_JG_0009,1,영등포유통상가,영등포구,market,0.5381,4,1.0,1.0,0.8,0.35,0.75,0.938776,1.6081,1.6081
JG_20260311_1510_영등포구_영등포전통시장남문_JG_0009,2,영등포전통시장,영등포구,market,0.4708,7,1.0,1.0,0.8,0.53,0.75,0.877551,1.5768,1.5768
JG_20260311_1510_영등포구_영등포전통시장남문_JG_0009,3,영등포시장기계공구상가,영등포구,market,0.4939,5,1.0,1.0,0.8,0.35,0.75,0.918367,1.5639,1.5639
JG_20260311_1510_영등포구_영등포전통시장남문_JG_0009,4,영등포청과시장,영등포구,market,0.478,6,1.0,1.0,0.8,0.35,0.75,0.897959,1.548,1.548
JG_20260311_1510_영등포구_영등포전통시장남문_JG_0009,5,대림중앙시장,영등포구,market,0.4696,8,1.0,1.0,0.8,0.35,0.75,0.857143,1.5396,1.5396
JG_20260311_1510_영등포구_영등포전통시장남문_JG_0009,6,우리시장,영등포구,market,0.4695,9,1.0,1.0,0.8,0.35,0.75,0.836735,1.5395,1.5395
JG_20260311_1510_영등포구_영등포전통시장남문_JG_0009,7,선유로운골목형상점가,영등포구,market,0.4686,10,1.0,1.0,0.8,0.35,0.75,0.816327,1.5386,1.5386
JG_20260311_1510_영등포구_영등포전통시장남문_JG_0009,8,화곡본동시장,강서구,market,0.4685,11,0.45,1.0,0.8,0.35,0.75,0.795918,1.1535,1.1535
JG_20260311_1510_영등포구_영등포전통시장남문_JG_0009,9,망원동월드컵시장,마포구,market,0.4684,14,0.45,1.0,0.8,0.35,0.75,0.734694,1.1534,1.1534
JG_20260311_1510_영등포구_영등포전통시장남문_JG_0009,10,오목내길골목형상점가,양천구,market,0.4682,22,0.45,1.0,0.8,0.35,0.75,0.571429,1.1532,1.1532
JG_20260311_1620_영등포구_대림중앙시장_JG_0010,1,영등포유통상가,영등포구,market,0.5381,4,1.0,1.0,0.8,0.35,0.75,0.938776,1.6081,1.6081
JG_20260311_1620_영등포구_대림중앙시장_JG_0010,2,영등포전통시장,영등포구,market,0.4708,7,1.0,1.0,0.8,0.53,0.75,0.877551,1.5768,1.5768
JG_20260311_1620_영등포구_대림중앙시장_JG_0010,3,영등포시장기계공구상가,영등포구,market,0.4939,5,1.0,1.0,0.8,0.35,0.75,0.918367,1.5639,1.5639
JG_20260311_1620_영등포구_대림중앙시장_JG_0010,4,영등포청과시장,영등포구,market,0.478,6,1.0,1.0,0.8,0.35,0.75,0.897959,1.548,1.548
JG_20260311_1620_영등포구_대림중앙시장_JG_0010,5,대림중앙시장,영등포구,market,0.4696,8,1.0,1.0,0.8,0.35,0.75,0.857143,1.5396,1.5396
JG_20260311_1620_영등포구_대림중앙시장_JG_0010,6,우리시장,영등포구,market,0.4695,9,1.0,1.0,0.8,0.35,0.75,0.836735,1.5395,1.5395
JG_20260311_1620_영등포구_대림중앙시장_JG_0010,7,선유로운골목형상점가,영등포구,market,0.4686,10,1.0,1.0,0.8,0.35,0.75,0.816327,1.5386,1.5386
JG_20260311_1620_영등포구_대림중앙시장_JG_0010,8,화곡본동시장,강서구,market,0.4685,11,0.45,1.0,0.8,0.35,0.75,0.795918,1.1535,1.1535
JG_20260311_1620_영등포구_대림중앙시장_JG_0010,9,망원동월드컵시장,마포구,market,0.4684,14,0.45,1.0,0.8,0.35,0.75,0.734694,1.1534,1.1534
JG_20260311_1620_영등포구_대림중앙시장_JG_0010,10,오목내길골목형상점가,양천구,market,0.4682,22,0.45,1.0,0.8,0.35,0.75,0.571429,1.1532,1.1532
JG_20260312_1600_강서구_방신전통시장_JG_0015,1,방신전통시장,강서구,market,0.4709,9,1.0,1.0,0.8,0.53,0.75,0.836735,1.5769,1.5769
JG_20260312_1600_강서구_방신전통시장_JG_0015,2,공항동 먹자골목 골목형상점가,강서구,market,0.494,1,1.0,1.0,0.8,0.35,0.75,1.0,1.564,1.564
JG_20260312_1600_강서구_방신전통시장_JG_0015,3,강서구청먹자골목 골목형상점가,강서구,market,0.4867,2,1.0,1.0,0.8,0.35,0.75,0.979592,1.5567,1.5567
JG_20260312_1600_강서구_방신전통시장_JG_0015,4,까치산시장,강서구,market,0.4792,3,1.0,1.0,0.8,0.35,0.75,0.959184,1.5492,1.5492
JG_20260312_1600_강서구_방신전통시장_JG_0015,5,가양역사거리 골목형상점가,강서구,market,0.4788,4,1.0,1.0,0.8,0.35,0.75,0.938776,1.5488,1.5488
JG_20260312_1600_강서구_방신전통시장_JG_0015,6,남부골목시장,강서구,market,0.4786,5,1.0,1.0,0.8,0.35,0.75,0.918367,1.5486,1.5486
JG_20260312_1600_강서구_방신전통시장_JG_0015,7,송화벽화시장,강서구,market,0.4759,6,1.0,1.0,0.8,0.35,0.75,0.897959,1.5459,1.5459
JG_20260312_1600_강서구_방신전통시장_JG_0015,8,송정역 카페거리 골목형상점가,강서구,market,0.4716,7,1.0,1.0,0.8,0.35,0.75,0.877551,1.5416,1.5416
JG_20260312_1600_강서구_방신전통시장_JG_0015,9,공항대로 골목형상점가,강서구,market,0.471,8,1.0,1.0,0.8,0.35,0.75,0.857143,1.541,1.541
JG_20260312_1600_강서구_방신전통시장_JG_0015,10,화곡중앙시장,강서구,market,0.4701,10,1.0,1.0,0.8,0.35,0.75,0.816327,1.5401,1.5401
JG_20260312_1725_강서구_남부골목시장_JG_0016,1,공항동 먹자골목 골목형상점가,강서구,market,0.494,1,1.0,1.0,0.8,0.35,0.75,1.0,1.564,1.564
JG_20260312_1725_강서구_남부골목시장_JG_0016,2,강서구청먹자골목 골목형상점가,강서구,market,0.4867,2,1.0,1.0,0.8,0.35,0.75,0.979592,1.5567,1.5567
JG_20260312_1725_강서구_남부골목시장_JG_0016,3,까치산시장,강서구,market,0.4792,3,1.0,1.0,0.8,0.35,0.75,0.959184,1.5492,1.5492
JG_20260312_1725_강서구_남부골목시장_JG_0016,4,가양역사거리 골목형상점가,강서구,market,0.4788,4,1.0,1.0,0.8,0.35,0.75,0.938776,1.5488,1.5488
JG_20260312_1725_강서구_남부골목시장_JG_0016,5,남부골목시장,강서구,market,0.4786,5,1.0,1.0,0.8,0.35,0.75,0.918367,1.5486,1.5486
JG_20260312_1725_강서구_남부골목시장_JG_0016,6,송화벽화시장,강서구,market,0.4759,6,1.0,1.0,0.8,0.35,0.75,0.897959,1.5459,1.5459
JG_20260312_1725_강서구_남부골목시장_JG_0016,7,송정역 카페거리 골목형상점가,강서구,market,0.4716,7,1.0,1.0,0.8,0.35,0.75,0.877551,1.5416,1.5416
JG_20260312_1725_강서구_남부골목시장_JG_0016,8,공항대로 골목형상점가,강서구,market,0.471,8,1.0,1.0,0.8,0.35,0.75,0.857143,1.541,1.541
JG_20260312_1725_강서구_남부골목시장_JG_0016,9,방신전통시장,강서구,market,0.4709,9,1.0,1.0,0.8,0.35,0.75,0.836735,1.5409,1.5409
JG_20260312_1725_강서구_남부골목시장_JG_0016,10,화곡중앙시장,강서구,market,0.4701,10,1.0,1.0,0.8,0.35,0.75,0.816327,1.5401,1.5401
JG_20260313_1410_노원구_상계중앙시장_JG_0017,1,공릉동도깨비시장,노원구,market,0.4746,9,1.0,1.0,0.8,0.35,0.75,0.836735,1.5446,1.5446
JG_20260313_1410_노원구_상계중앙시장_JG_0017,2,상계중앙시장,노원구,market,0.4739,10,1.0,1.0,0.8,0.35,0.75,0.816327,1.5439,1.5439
JG_20260313_1410_노원구_상계중앙시장_JG_0017,3,장안 마실 골목형상점가,동대문구,market,0.6299,3,0.25,1.0,0.8,0.35,0.75,0.959184,1.1749,1.1749
JG_20260313_1410_노원구_상계중앙시장_JG_0017,4,상봉먹자 골목형상점가,중랑구,market,0.4738,15,0.45,1.0,0.8,0.35,0.75,0.714286,1.1588,1.1588
JG_20260313_1410_노원구_상계중앙시장_JG_0017,5,방학동도깨비시장,도봉구,market,0.4733,21,0.45,1.0,0.8,0.35,0.75,0.591837,1.1583,1.1583
JG_20260313_1410_노원구_상계중앙시장_JG_0017,6,사가정시장,중랑구,market,0.4731,24,0.45,1.0,0.8,0.35,0.75,0.530612,1.1581,1.1581
JG_20260313_1410_노원구_상계중앙시장_JG_0017,7,면목시장(골목형),중랑구,market,0.4729,27,0.45,1.0,0.8,0.35,0.75,0.469388,1.1579,1.1579
JG_20260313_1410_노원구_상계중앙시장_JG_0017,8,쌍문시장,도봉구,market,0.4726,30,0.45,1.0,0.8,0.35,0.75,0.408163,1.1576,1.1576
JG_20260313_1410_노원구_상계중앙시장_JG_0017,9,신내구길 골목형상점가,중랑구,market,0.4722,33,0.45,1.0,0.8,0.35,0.75,0.346939,1.1572,1.1572
JG_20260313_1410_노원구_상계중앙시장_JG_0017,10,강북북부골목시장,강북구,market,0.4721,34,0.45,1.0,0.8,0.35,0.75,0.326531,1.1571,1.1571
JG_20260313_1450_노원구_구립수락노인종합복지관_JG_0018,1,공릉노인복지관,노원구,senior_friendly,0.9591,10,1.0,1.0,0.55,0.53,1.0,0.816327,2.0651,2.0651
JG_20260313_1450_노원구_구립수락노인종합복지관_JG_0018,2,구립신내노인종합복지관,중랑구,senior_friendly,0.9384,15,0.45,1.0,0.55,0.53,1.0,0.714286,1.6594,1.6594
JG_20260313_1450_노원구_구립수락노인종합복지관_JG_0018,3,강북노인종합복지관,강북구,senior_friendly,0.9351,20,0.45,1.0,0.55,0.53,1.0,0.612245,1.6561,1.6561
JG_20260313_1450_노원구_구립수락노인종합복지관_JG_0018,4,도봉노인종합복지관,도봉구,senior_friendly,0.9351,23,0.45,1.0,0.55,0.53,1.0,0.55102,1.6561,1.6561
JG_20260313_1450_노원구_구립수락노인종합복지관_JG_0018,5,구립 자양노인복지관,광진구,senior_friendly,0.964,4,0.25,1.0,0.55,0.53,1.0,0.938776,1.545,1.545
JG_20260313_1450_노원구_구립수락노인종합복지관_JG_0018,6,서울시립동대문노인종합복지관,동대문구,senior_friendly,0.9434,11,0.25,1.0,0.55,0.53,1.0,0.795918,1.5244,1.5244
JG_20260313_1450_노원구_구립수락노인종합복지관_JG_0018,7,시립성북노인종합복지관,성북구,senior_friendly,0.9384,17,0.25,1.0,0.55,0.53,1.0,0.673469,1.5194,1.5194
JG_20260313_1450_노원구_구립수락노인종합복지관_JG_0018,8,성수1가2동노인복지관 대현분소,성동구,senior_friendly,0.9739,1,0.0,1.0,0.55,0.53,1.0,1.0,1.3799,1.3799
JG_20260313_1450_노원구_구립수락노인종합복지관_JG_0018,9,강남구립 도곡1노인복지관,강남구,senior_friendly,0.9689,2,0.0,1.0,0.55,0.53,1.0,0.979592,1.3749,1.3749
JG_20260313_1450_노원구_구립수락노인종합복지관_JG_0018,10,강동구립 해공노인복지관,강동구,senior_friendly,0.9673,3,0.0,1.0,0.55,0.53,1.0,0.959184,1.3733,1.3733
JG_20260313_1530_노원구_공릉도깨비시장_JG_0019,1,공릉동도깨비시장,노원구,market,0.4746,9,1.0,1.0,0.8,0.35,0.75,0.836735,1.5446,1.5446
JG_20260313_1530_노원구_공릉도깨비시장_JG_0019,2,상계중앙시장,노원구,market,0.4739,10,1.0,1.0,0.8,0.35,0.75,0.816327,1.5439,1.5439
JG_20260313_1530_노원구_공릉도깨비시장_JG_0019,3,장안 마실 골목형상점가,동대문구,market,0.6299,3,0.25,1.0,0.8,0.35,0.75,0.959184,1.1749,1.1749
JG_20260313_1530_노원구_공릉도깨비시장_JG_0019,4,상봉먹자 골목형상점가,중랑구,market,0.4738,15,0.45,1.0,0.8,0.35,0.75,0.714286,1.1588,1.1588
JG_20260313_1530_노원구_공릉도깨비시장_JG_0019,5,방학동도깨비시장,도봉구,market,0.4733,21,0.45,1.0,0.8,0.35,0.75,0.591837,1.1583,1.1583
JG_20260313_1530_노원구_공릉도깨비시장_JG_0019,6,사가정시장,중랑구,market,0.4731,24,0.45,1.0,0.8,0.35,0.75,0.530612,1.1581,1.1581
JG_20260313_1530_노원구_공릉도깨비시장_JG_0019,7,면목시장(골목형),중랑구,market,0.4729,27,0.45,1.0,0.8,0.35,0.75,0.469388,1.1579,1.1579
JG_20260313_1530_노원구_공릉도깨비시장_JG_0019,8,쌍문시장,도봉구,market,0.4726,30,0.45,1.0,0.8,0.35,0.75,0.408163,1.1576,1.1576
JG_20260313_1530_노원구_공릉도깨비시장_JG_0019,9,신내구길 골목형상점가,중랑구,market,0.4722,33,0.45,1.0,0.8,0.35,0.75,0.346939,1.1572,1.1572
JG_20260313_1530_노원구_공릉도깨비시장_JG_0019,10,강북북부골목시장,강북구,market,0.4721,34,0.45,1.0,0.8,0.35,0.75,0.326531,1.1571,1.1571
JG_20260316_1300_구로구_남구로시장_JG_0021,1,오류버들시장 골목형상점가,구로구,market,0.4915,4,1.0,1.0,0.85,0.35,0.75,0.938776,1.5615,1.5615
JG_20260316_1300_구로구_남구로시장_JG_0021,2,남구로시장,구로구,market,0.4811,5,1.0,1.0,0.85,0.35,0.75,0.918367,1.5511,1.5511
JG_20260316_1300_구로구_남구로시장_JG_0021,3,그라운드고척 골목형상점가,구로구,market,0.4792,6,1.0,1.0,0.85,0.35,0.75,0.897959,1.5492,1.5492
JG_20260316_1300_구로구_남구로시장_JG_0021,4,구로시장,구로구,market,0.4737,7,1.0,1.0,0.85,0.35,0.75,0.877551,1.5437,1.5437
JG_20260316_1300_구로구_남구로시장_JG_0021,5,가리봉시장,구로구,market,0.4705,8,1.0,1.0,0.85,0.35,0.75,0.857143,1.5405,1.5405
JG_20260316_1300_구로구_남구로시장_JG_0021,6,고척근린시장,구로구,market,0.4696,9,1.0,1.0,0.85,0.35,0.75,0.836735,1.5396,1.5396
JG_20260316_1300_구로구_남구로시장_JG_0021,7,개봉중앙 골목형상점가,구로구,market,0.4681,10,1.0,1.0,0.85,0.35,0.75,0.816327,1.5381,1.5381
JG_20260316_1300_구로구_남구로시장_JG_0021,8,남대문시장,중구,market,0.7056,1,0.0,1.0,0.85,0.35,0.75,1.0,1.0756,1.0756
JG_20260316_1300_구로구_남구로시장_JG_0021,9,강서행복한길골목형상점가,강서구,market,0.4681,11,0.25,1.0,0.85,0.35,0.75,0.795918,1.0131,1.0131
JG_20260316_1300_구로구_남구로시장_JG_0021,10,동대문종합시장,종로구,market,0.6301,2,0.0,1.0,0.85,0.35,0.75,0.979592,1.0001,1.0001
JG_20260316_1400_구로구_궁동종합사회복지관_JG_0022,1,구로노인종합복지관,구로구,senior_friendly,0.9351,10,1.0,1.0,0.55,0.53,1.0,0.816327,2.0411,2.0411
JG_20260316_1400_구로구_궁동종합사회복지관_JG_0022,2,관악노인종합복지관,관악구,senior_friendly,0.9351,12,0.45,1.0,0.55,0.53,1.0,0.77551,1.6561,1.6561
JG_20260316_1400_구로구_궁동종합사회복지관_JG_0022,3,성수1가2동노인복지관 대현분소,성동구,senior_friendly,0.9739,1,0.0,1.0,0.55,0.53,1.0,1.0,1.3799,1.3799
JG_20260316_1400_구로구_궁동종합사회복지관_JG_0022,4,강남구립 도곡1노인복지관,강남구,senior_friendly,0.9689,2,0.0,1.0,0.55,0.53,1.0,0.979592,1.3749,1.3749
JG_20260316_1400_구로구_궁동종합사회복지관_JG_0022,5,강동구립 해공노인복지관,강동구,senior_friendly,0.9673,3,0.0,1.0,0.55,0.53,1.0,0.959184,1.3733,1.3733
JG_20260316_1400_구로구_궁동종합사회복지관_JG_0022,6,구립 자양노인복지관,광진구,senior_friendly,0.964,4,0.0,1.0,0.55,0.53,1.0,0.938776,1.37,1.37
JG_20260316_1400_구로구_궁동종합사회복지관_JG_0022,7,구립갈현노인복지관,은평구,senior_friendly,0.9624,5,0.0,1.0,0.55,0.53,1.0,0.918367,1.3684,1.3684
JG_20260316_1400_구로구_궁동종합사회복지관_JG_0022,8,용강 노인복지관,마포구,senior_friendly,0.9607,6,0.0,1.0,0.55,0.53,1.0,0.897959,1.3667,1.3667
JG_20260316_1400_구로구_궁동종합사회복지관_JG_0022,9,북가좌노인복지관,서대문구,senior_friendly,0.9607,7,0.0,1.0,0.55,0.53,1.0,0.877551,1.3667,1.3667
JG_20260316_1400_구로구_궁동종합사회복지관_JG_0022,10,청파노인복지관,용산구,senior_friendly,0.9591,8,0.0,1.0,0.55,0.53,1.0,0.857143,1.3651,1.3651
JG_20260317_1400_마포구_망원시장월드컵시장_JG_0025,1,아현시장,마포구,market,0.4776,6,1.0,1.0,0.8,0.35,0.75,0.897959,1.5476,1.5476
JG_20260317_1400_마포구_망원시장월드컵시장_JG_0025,2,연남동골목형상점가,마포구,market,0.4764,7,1.0,1.0,0.8,0.35,0.75,0.877551,1.5464,1.5464
JG_20260317_1400_마포구_망원시장월드컵시장_JG_0025,3,망원시장,마포구,market,0.4721,8,1.0,1.0,0.8,0.35,0.75,0.857143,1.5421,1.5421
JG_20260317_1400_마포구_망원시장월드컵시장_JG_0025,4,홍대레드로드골목형상점가,마포구,market,0.4699,9,1.0,1.0,0.8,0.35,0.75,0.836735,1.5399,1.5399
JG_20260317_1400_마포구_망원시장월드컵시장_JG_0025,5,망원동월드컵시장,마포구,market,0.4684,10,1.0,1.0,0.8,0.35,0.75,0.816327,1.5384,1.5384
JG_20260317_1400_마포구_망원시장월드컵시장_JG_0025,6,남이동길골목형상점가,서대문구,market,0.4684,12,0.45,1.0,0.8,0.35,0.75,0.77551,1.1534,1.1534
JG_20260317_1400_마포구_망원시장월드컵시장_JG_0025,7,영천시장,서대문구,market,0.4684,14,0.45,1.0,0.8,0.35,0.75,0.734694,1.1534,1.1534
JG_20260317_1400_마포구_망원시장월드컵시장_JG_0025,8,대림골목시장,은평구,market,0.4683,16,0.45,1.0,0.8,0.35,0.75,0.693878,1.1533,1.1533
JG_20260317_1400_마포구_망원시장월드컵시장_JG_0025,9,강서행복한길골목형상점가,강서구,market,0.4681,21,0.45,1.0,0.8,0.35,0.75,0.591837,1.1531,1.1531
JG_20260317_1400_마포구_망원시장월드컵시장_JG_0025,10,남대문시장,중구,market,0.7056,1,0.0,1.0,0.8,0.35,0.75,1.0,1.0756,1.0756
JG_20260319_1000_송파구_잠실학생체육관_JG_0026,1,잠실(송파구청),송파구,subway,0.8013,2,1.0,1.0,0.3,0.35,0.7,0.979592,1.8713,1.8713
JG_20260319_1000_송파구_잠실학생체육관_JG_0026,2,신림,관악구,subway,0.9468,1,0.0,1.0,0.3,0.35,0.7,1.0,1.3168,1.3168
JG_20260319_1000_송파구_잠실학생체육관_JG_0026,3,구의(광진구청),광진구,subway,0.5673,16,0.45,1.0,0.3,0.35,0.7,0.693878,1.2523,1.2523
JG_20260319_1000_송파구_잠실학생체육관_JG_0026,4,강남,강남구,subway,0.554,20,0.45,1.0,0.3,0.35,0.7,0.612245,1.239,1.239
JG_20260319_1000_송파구_잠실학생체육관_JG_0026,5,건대입구,광진구,subway,0.5155,31,0.45,1.0,0.3,0.35,0.7,0.387755,1.2005,1.2005
JG_20260319_1000_송파구_잠실학생체육관_JG_0026,6,서울역,중구,subway,0.7902,3,0.0,1.0,0.3,0.35,0.7,0.959184,1.1602,1.1602
JG_20260319_1000_송파구_잠실학생체육관_JG_0026,7,구로디지털단지,구로구,subway,0.776,4,0.0,1.0,0.3,0.35,0.7,0.938776,1.146,1.146
JG_20260319_1000_송파구_잠실학생체육관_JG_0026,8,서울대입구(관악구청),관악구,subway,0.7382,5,0.0,1.0,0.3,0.35,0.7,0.918367,1.1082,1.1082
JG_20260319_1000_송파구_잠실학생체육관_JG_0026,9,신도림,구로구,subway,0.7139,6,0.0,1.0,0.3,0.35,0.7,0.897959,1.0839,1.0839
JG_20260319_1000_송파구_잠실학생체육관_JG_0026,10,고속터미널,서초구,subway,0.4976,37,0.25,1.0,0.3,0.35,0.7,0.265306,1.0426,1.0426
JG_20260324_1700_종로구_세종대로사거리광화문광장_JG_0031,1,종각,종로구,subway,0.5903,9,1.0,1.0,1.0,0.35,0.7,0.836735,1.6603,1.6603
JG_20260324_1700_종로구_세종대로사거리광화문광장_JG_0031,2,서울역,중구,subway,0.9642,1,0.45,1.0,1.0,0.35,0.7,1.0,1.6492,1.6492
JG_20260324_1700_종로구_세종대로사거리광화문광장_JG_0031,3,혜화,종로구,subway,0.5759,10,1.0,1.0,1.0,0.35,0.7,0.816327,1.6459,1.6459
JG_20260324_1700_종로구_세종대로사거리광화문광장_JG_0031,4,잠실(송파구청),송파구,subway,0.9611,2,0.0,1.0,1.0,0.35,0.7,0.979592,1.3311,1.3311
JG_20260324_1700_종로구_세종대로사거리광화문광장_JG_0031,5,강남,강남구,subway,0.9318,3,0.0,1.0,1.0,0.35,0.7,0.959184,1.3018,1.3018
JG_20260324_1700_종로구_세종대로사거리광화문광장_JG_0031,6,성수,성동구,subway,0.7287,7,0.25,1.0,1.0,0.35,0.7,0.877551,1.2737,1.2737
JG_20260324_1700_종로구_세종대로사거리광화문광장_JG_0031,7,명동,중구,subway,0.5738,11,0.45,1.0,1.0,0.35,0.7,0.795918,1.2588,1.2588
JG_20260324_1700_종로구_세종대로사거리광화문광장_JG_0031,8,연신내,은평구,subway,0.5711,12,0.45,1.0,1.0,0.35,0.7,0.77551,1.2561,1.2561
JG_20260324_1700_종로구_세종대로사거리광화문광장_JG_0031,9,홍대입구,마포구,subway,0.8656,4,0.0,1.0,1.0,0.35,0.7,0.938776,1.2356,1.2356
JG_20260324_1700_종로구_세종대로사거리광화문광장_JG_0031,10,고속터미널,서초구,subway,0.8161,5,0.0,1.0,1.0,0.35,0.7,0.918367,1.1861,1.1861
JG_20260324_1740_종로구_세종마을음식문화거리_JG_0032,1,동대문종합시장,종로구,market,0.6301,1,1.0,1.0,0.8,0.35,0.75,1.0,1.7001,1.7001
JG_20260324_1740_종로구_세종마을음식문화거리_JG_0032,2,광장전통시장,종로구,market,0.5714,2,1.0,1.0,0.8,0.35,0.75,0.979592,1.6414,1.6414
JG_20260324_1740_종로구_세종마을음식문화거리_JG_0032,3,광장시장,종로구,market,0.5254,3,1.0,1.0,0.8,0.35,0.75,0.959184,1.5954,1.5954
JG_20260324_1740_종로구_세종마을음식문화거리_JG_0032,4,동대문종합시장D동,종로구,market,0.4968,4,1.0,1.0,0.8,0.35,0.75,0.938776,1.5668,1.5668
JG_20260324_1740_종로구_세종마을음식문화거리_JG_0032,5,동대문문구?완구거리,종로구,market,0.4736,5,1.0,1.0,0.8,0.35,0.75,0.918367,1.5436,1.5436
JG_20260324_1740_종로구_세종마을음식문화거리_JG_0032,6,동묘시장,종로구,market,0.4726,6,1.0,1.0,0.8,0.35,0.75,0.897959,1.5426,1.5426
JG_20260324_1740_종로구_세종마을음식문화거리_JG_0032,7,창신골목시장,종로구,market,0.472,7,1.0,1.0,0.8,0.35,0.75,0.877551,1.542,1.542
JG_20260324_1740_종로구_세종마을음식문화거리_JG_0032,8,세종마을음식문화거리,종로구,market,0.4714,8,1.0,1.0,0.8,0.35,0.75,0.857143,1.5414,1.5414
JG_20260324_1740_종로구_세종마을음식문화거리_JG_0032,9,북촌계동길 골목형상점가,종로구,market,0.4713,9,1.0,1.0,0.8,0.35,0.75,0.836735,1.5413,1.5413
JG_20260324_1740_종로구_세종마을음식문화거리_JG_0032,10,통인시장,종로구,market,0.4694,10,1.0,1.0,0.8,0.35,0.75,0.816327,1.5394,1.5394
JG_20260325_1720_광진구_중곡제일골목시장_JG_0034,1,신성전통시장,광진구,market,0.477,3,1.0,1.0,0.8,0.35,0.75,0.959184,1.547,1.547
JG_20260325_1720_광진구_중곡제일골목시장_JG_0034,2,자양전통시장,광진구,market,0.4758,4,1.0,1.0,0.8,0.35,0.75,0.938776,1.5458,1.5458
JG_20260325_1720_광진구_중곡제일골목시장_JG_0034,3,중곡제일골목시장,광진구,market,0.4754,5,1.0,1.0,0.8,0.35,0.75,0.918367,1.5454,1.5454
JG_20260325_1720_광진구_중곡제일골목시장_JG_0034,4,건리단길골목형상점가,광진구,market,0.4751,6,1.0,1.0,0.8,0.35,0.75,0.897959,1.5451,1.5451
JG_20260325_1720_광진구_중곡제일골목시장_JG_0034,5,자양15번가 골목형상점가,광진구,market,0.475,7,1.0,1.0,0.8,0.35,0.75,0.877551,1.545,1.545
JG_20260325_1720_광진구_중곡제일골목시장_JG_0034,6,화양제일골목시장,광진구,market,0.4717,8,1.0,1.0,0.8,0.35,0.75,0.857143,1.5417,1.5417
JG_20260325_1720_광진구_중곡제일골목시장_JG_0034,7,자양한강전통시장,광진구,market,0.4712,9,1.0,1.0,0.8,0.35,0.75,0.836735,1.5412,1.5412
JG_20260325_1720_광진구_중곡제일골목시장_JG_0034,8,영동교골목시장,광진구,market,0.4712,10,1.0,1.0,0.8,0.35,0.75,0.816327,1.5412,1.5412
JG_20260325_1720_광진구_중곡제일골목시장_JG_0034,9,금남시장,성동구,market,0.4707,22,0.45,1.0,0.8,0.35,0.75,0.571429,1.1557,1.1557
JG_20260325_1720_광진구_중곡제일골목시장_JG_0034,10,사가정51길 골목형상점가,중랑구,market,0.4706,26,0.45,1.0,0.8,0.35,0.75,0.489796,1.1556,1.1556
JG_20260325_1815_광진구_건대맛의거리_JG_0035,1,신성전통시장,광진구,market,0.477,3,1.0,1.0,0.8,0.35,0.75,0.959184,1.547,1.547
JG_20260325_1815_광진구_건대맛의거리_JG_0035,2,자양전통시장,광진구,market,0.4758,4,1.0,1.0,0.8,0.35,0.75,0.938776,1.5458,1.5458
JG_20260325_1815_광진구_건대맛의거리_JG_0035,3,중곡제일골목시장,광진구,market,0.4754,5,1.0,1.0,0.8,0.35,0.75,0.918367,1.5454,1.5454
JG_20260325_1815_광진구_건대맛의거리_JG_0035,4,건리단길골목형상점가,광진구,market,0.4751,6,1.0,1.0,0.8,0.35,0.75,0.897959,1.5451,1.5451
JG_20260325_1815_광진구_건대맛의거리_JG_0035,5,자양15번가 골목형상점가,광진구,market,0.475,7,1.0,1.0,0.8,0.35,0.75,0.877551,1.545,1.545
JG_20260325_1815_광진구_건대맛의거리_JG_0035,6,화양제일골목시장,광진구,market,0.4717,8,1.0,1.0,0.8,0.35,0.75,0.857143,1.5417,1.5417
JG_20260325_1815_광진구_건대맛의거리_JG_0035,7,자양한강전통시장,광진구,market,0.4712,9,1.0,1.0,0.8,0.35,0.75,0.836735,1.5412,1.5412
JG_20260325_1815_광진구_건대맛의거리_JG_0035,8,영동교골목시장,광진구,market,0.4712,10,1.0,1.0,0.8,0.35,0.75,0.816327,1.5412,1.5412
JG_20260325_1815_광진구_건대맛의거리_JG_0035,9,금남시장,성동구,market,0.4707,22,0.45,1.0,0.8,0.35,0.75,0.571429,1.1557,1.1557
JG_20260325_1815_광진구_건대맛의거리_JG_0035,10,사가정51길 골목형상점가,중랑구,market,0.4706,26,0.45,1.0,0.8,0.35,0.75,0.489796,1.1556,1.1556
JG_20260326_1600_관악구_도림천_JG_0037,1,신림,관악구,subway,0.6921,7,1.0,1.0,0.25,0.35,0.7,0.877551,1.7621,1.7621
JG_20260326_1600_관악구_도림천_JG_0037,2,서울대입구(관악구청),관악구,subway,0.628,8,1.0,1.0,0.25,0.35,0.7,0.857143,1.698,1.698
JG_20260326_1600_관악구_도림천_JG_0037,3,낙성대(강감찬),관악구,subway,0.4696,9,1.0,1.0,0.25,0.35,0.7,0.836735,1.5396,1.5396
JG_20260326_1600_관악구_도림천_JG_0037,4,봉천,관악구,subway,0.4399,10,1.0,1.0,0.25,0.35,0.7,0.816327,1.5099,1.5099
JG_20260326_1600_관악구_도림천_JG_0037,5,고속터미널,서초구,subway,0.8161,5,0.45,1.0,0.25,0.35,0.7,0.918367,1.5011,1.5011
JG_20260326_1600_관악구_도림천_JG_0037,6,서울역,중구,subway,0.9642,1,0.0,1.0,0.25,0.35,0.7,1.0,1.3342,1.3342
JG_20260326_1600_관악구_도림천_JG_0037,7,잠실(송파구청),송파구,subway,0.9611,2,0.0,1.0,0.25,0.35,0.7,0.979592,1.3311,1.3311
JG_20260326_1600_관악구_도림천_JG_0037,8,강남,강남구,subway,0.9318,3,0.0,1.0,0.25,0.35,0.7,0.959184,1.3018,1.3018
JG_20260326_1600_관악구_도림천_JG_0037,9,홍대입구,마포구,subway,0.8656,4,0.0,1.0,0.25,0.35,0.7,0.938776,1.2356,1.2356
JG_20260326_1600_관악구_도림천_JG_0037,10,삼성(무역센터),강남구,subway,0.7312,6,0.0,1.0,0.25,0.35,0.7,0.897959,1.1012,1.1012
JG_20260326_1615_관악구_신원시장_JG_0038,1,신림별빛거리 골목형상점가,관악구,market,0.4918,2,1.0,1.0,0.8,0.35,0.75,0.979592,1.5618,1.5618
JG_20260326_1615_관악구_신원시장_JG_0038,2,녹두S밸리 골목형상점가,관악구,market,0.4746,3,1.0,1.0,0.8,0.35,0.75,0.959184,1.5446,1.5446
JG_20260326_1615_관악구_신원시장_JG_0038,3,행운담길 골목형상점가,관악구,market,0.4739,4,1.0,1.0,0.8,0.35,0.75,0.938776,1.5439,1.5439
JG_20260326_1615_관악구_신원시장_JG_0038,4,녹두 골목형상점가,관악구,market,0.4733,5,1.0,1.0,0.8,0.35,0.75,0.918367,1.5433,1.5433
JG_20260326_1615_관악구_신원시장_JG_0038,5,삼성동시장,관악구,market,0.4717,6,1.0,1.0,0.8,0.35,0.75,0.897959,1.5417,1.5417
JG_20260326_1615_관악구_신원시장_JG_0038,6,신원시장,관악구,market,0.4713,7,1.0,1.0,0.8,0.35,0.75,0.877551,1.5413,1.5413
JG_20260326_1615_관악구_신원시장_JG_0038,7,조원동펭귄시장,관악구,market,0.471,8,1.0,1.0,0.8,0.35,0.75,0.857143,1.541,1.541
JG_20260326_1615_관악구_신원시장_JG_0038,8,관악신사시장,관악구,market,0.4703,9,1.0,1.0,0.8,0.35,0.75,0.836735,1.5403,1.5403
JG_20260326_1615_관악구_신원시장_JG_0038,9,인헌시장,관악구,market,0.4699,10,1.0,1.0,0.8,0.35,0.75,0.816327,1.5399,1.5399
JG_20260326_1615_관악구_신원시장_JG_0038,10,고척근린시장,구로구,market,0.4696,16,0.45,1.0,0.8,0.35,0.75,0.693878,1.1546,1.1546
JG_20260328_1250_성동구_응봉산팔각정_JG_0041,1,성수,성동구,subway,0.7287,7,1.0,1.0,0.2,0.35,0.7,0.877551,1.7987,1.7987
JG_20260328_1250_성동구_응봉산팔각정_JG_0041,2,서울역,중구,subway,0.9642,1,0.45,1.0,0.2,0.35,0.7,1.0,1.6492,1.6492
JG_20260328_1250_성동구_응봉산팔각정_JG_0041,3,강남,강남구,subway,0.9318,3,0.45,1.0,0.2,0.35,0.7,0.959184,1.6168,1.6168
JG_20260328_1250_성동구_응봉산팔각정_JG_0041,4,왕십리(성동구청),성동구,subway,0.3918,10,1.0,1.0,0.2,0.35,0.7,0.816327,1.4618,1.4618
JG_20260328_1250_성동구_응봉산팔각정_JG_0041,5,삼성(무역센터),강남구,subway,0.7312,6,0.45,1.0,0.2,0.35,0.7,0.897959,1.4162,1.4162
JG_20260328_1250_성동구_응봉산팔각정_JG_0041,6,선릉,강남구,subway,0.7238,8,0.45,1.0,0.2,0.35,0.7,0.857143,1.4088,1.4088
JG_20260328_1250_성동구_응봉산팔각정_JG_0041,7,용산,용산구,subway,0.7194,9,0.45,1.0,0.2,0.35,0.7,0.836735,1.4044,1.4044
JG_20260328_1250_성동구_응봉산팔각정_JG_0041,8,잠실(송파구청),송파구,subway,0.9611,2,0.0,1.0,0.2,0.35,0.7,0.979592,1.3311,1.3311
JG_20260328_1250_성동구_응봉산팔각정_JG_0041,9,홍대입구,마포구,subway,0.8656,4,0.0,1.0,0.2,0.35,0.7,0.938776,1.2356,1.2356
JG_20260328_1250_성동구_응봉산팔각정_JG_0041,10,고속터미널,서초구,subway,0.8161,5,0.0,1.0,0.2,0.35,0.7,0.918367,1.1861,1.1861
JG_20260330_1100_동작구_노량진수산시장_JG_0045,1,노량진수산시장골목형상점가,동작구,market,0.4672,1,1.0,1.0,0.7,0.35,0.75,1.0,1.5372,1.5372
JG_20260330_1100_동작구_노량진수산시장_JG_0045,2,성대전통시장,동작구,market,0.4285,4,1.0,1.0,0.7,0.53,0.75,0.938776,1.5345,1.5345
JG_20260330_1100_동작구_노량진수산시장_JG_0045,3,상도전통시장,동작구,market,0.4259,7,1.0,1.0,0.7,0.53,0.75,0.877551,1.5319,1.5319
JG_20260330_1100_동작구_노량진수산시장_JG_0045,4,이수미로 골목형상점가,동작구,market,0.4371,2,1.0,1.0,0.7,0.35,0.75,0.979592,1.5071,1.5071
JG_20260330_1100_동작구_노량진수산시장_JG_0045,5,숭실마루길 골목형상점가,동작구,market,0.4293,3,1.0,1.0,0.7,0.35,0.75,0.959184,1.4993,1.4993
JG_20260330_1100_동작구_노량진수산시장_JG_0045,6,남성사계시장(남성시장),동작구,market,0.4273,5,1.0,1.0,0.7,0.35,0.75,0.918367,1.4973,1.4973
JG_20260330_1100_동작구_노량진수산시장_JG_0045,7,흑석시장 골목형상점가,동작구,market,0.4267,6,1.0,1.0,0.7,0.35,0.75,0.897959,1.4967,1.4967
JG_20260330_1100_동작구_노량진수산시장_JG_0045,8,본동인정시장,동작구,market,0.4254,8,1.0,1.0,0.7,0.35,0.75,0.857143,1.4954,1.4954
JG_20260330_1100_동작구_노량진수산시장_JG_0045,9,보라매다올길골목형상점가,동작구,market,0.4252,9,1.0,1.0,0.7,0.35,0.75,0.836735,1.4952,1.4952
JG_20260330_1100_동작구_노량진수산시장_JG_0045,10,신대방1동 온누리길 골목형상점가,동작구,market,0.4236,10,1.0,1.0,0.7,0.35,0.75,0.816327,1.4936,1.4936
JG_20260331_1130_동대문구_장안동벚꽃길_JG_0046,1,신림,관악구,subway,0.9468,1,0.0,1.0,0.3,0.35,0.7,1.0,1.3168,1.3168
JG_20260331_1130_동대문구_장안동벚꽃길_JG_0046,2,구의(광진구청),광진구,subway,0.5673,16,0.45,1.0,0.3,0.35,0.7,0.693878,1.2523,1.2523
JG_20260331_1130_동대문구_장안동벚꽃길_JG_0046,3,건대입구,광진구,subway,0.5155,31,0.45,1.0,0.3,0.35,0.7,0.387755,1.2005,1.2005
JG_20260331_1130_동대문구_장안동벚꽃길_JG_0046,4,잠실(송파구청),송파구,subway,0.8013,2,0.0,1.0,0.3,0.35,0.7,0.979592,1.1713,1.1713
JG_20260331_1130_동대문구_장안동벚꽃길_JG_0046,5,쌍문,도봉구,subway,0.623,10,0.25,1.0,0.3,0.35,0.7,0.816327,1.168,1.168
JG_20260331_1130_동대문구_장안동벚꽃길_JG_0046,6,서울역,중구,subway,0.7902,3,0.0,1.0,0.3,0.35,0.7,0.959184,1.1602,1.1602
JG_20260331_1130_동대문구_장안동벚꽃길_JG_0046,7,수유(강북구청),강북구,subway,0.6126,11,0.25,1.0,0.3,0.35,0.7,0.795918,1.1576,1.1576
JG_20260331_1130_동대문구_장안동벚꽃길_JG_0046,8,구로디지털단지,구로구,subway,0.776,4,0.0,1.0,0.3,0.35,0.7,0.938776,1.146,1.146
JG_20260331_1130_동대문구_장안동벚꽃길_JG_0046,9,서울대입구(관악구청),관악구,subway,0.7382,5,0.0,1.0,0.3,0.35,0.7,0.918367,1.1082,1.1082
JG_20260331_1130_동대문구_장안동벚꽃길_JG_0046,10,신도림,구로구,subway,0.7139,6,0.0,1.0,0.3,0.35,0.7,0.897959,1.0839,1.0839
JG_20260402_1600_양천구_파리공원_JG_0048,1,구로디지털단지,구로구,subway,0.6961,10,0.45,1.0,0.25,0.35,0.7,0.816327,1.3811,1.3811
JG_20260402_1600_양천구_파리공원_JG_0048,2,신도림,구로구,subway,0.6595,13,0.45,1.0,0.25,0.35,0.7,0.755102,1.3445,1.3445
JG_20260402_1600_양천구_파리공원_JG_0048,3,영등포,영등포구,subway,0.6567,14,0.45,1.0,0.25,0.35,0.7,0.734694,1.3417,1.3417
JG_20260402_1600_양천구_파리공원_JG_0048,4,서울역,중구,subway,0.9642,1,0.0,1.0,0.25,0.35,0.7,1.0,1.3342,1.3342
JG_20260402_1600_양천구_파리공원_JG_0048,5,잠실(송파구청),송파구,subway,0.9611,2,0.0,1.0,0.25,0.35,0.7,0.979592,1.3311,1.3311
JG_20260402_1600_양천구_파리공원_JG_0048,6,강남,강남구,subway,0.9318,3,0.0,1.0,0.25,0.35,0.7,0.959184,1.3018,1.3018
JG_20260402_1600_양천구_파리공원_JG_0048,7,신림,관악구,subway,0.6921,11,0.25,1.0,0.25,0.35,0.7,0.795918,1.2371,1.2371
JG_20260402_1600_양천구_파리공원_JG_0048,8,홍대입구,마포구,subway,0.8656,4,0.0,1.0,0.25,0.35,0.7,0.938776,1.2356,1.2356
JG_20260402_1600_양천구_파리공원_JG_0048,9,여의도,영등포구,subway,0.5131,39,0.45,1.0,0.25,0.35,0.7,0.22449,1.1981,1.1981
JG_20260402_1600_양천구_파리공원_JG_0048,10,고속터미널,서초구,subway,0.8161,5,0.0,1.0,0.25,0.35,0.7,0.918367,1.1861,1.1861
JG_20260404_1000_노원구_마들스포츠타운_JG_0052,1,노원,노원구,subway,0.4295,10,1.0,1.0,0.3,0.35,0.7,0.816327,1.4995,1.4995
JG_20260404_1000_노원구_마들스포츠타운_JG_0052,2,신림,관악구,subway,0.9468,1,0.0,1.0,0.3,0.35,0.7,1.0,1.3168,1.3168
JG_20260404_1000_노원구_마들스포츠타운_JG_0052,3,잠실(송파구청),송파구,subway,0.8013,2,0.0,1.0,0.3,0.35,0.7,0.979592,1.1713,1.1713
JG_20260404_1000_노원구_마들스포츠타운_JG_0052,4,서울역,중구,subway,0.7902,3,0.0,1.0,0.3,0.35,0.7,0.959184,1.1602,1.1602
JG_20260404_1000_노원구_마들스포츠타운_JG_0052,5,구로디지털단지,구로구,subway,0.776,4,0.0,1.0,0.3,0.35,0.7,0.938776,1.146,1.146
JG_20260404_1000_노원구_마들스포츠타운_JG_0052,6,서울대입구(관악구청),관악구,subway,0.7382,5,0.0,1.0,0.3,0.35,0.7,0.918367,1.1082,1.1082
JG_20260404_1000_노원구_마들스포츠타운_JG_0052,7,신도림,구로구,subway,0.7139,6,0.0,1.0,0.3,0.35,0.7,0.897959,1.0839,1.0839
JG_20260404_1000_노원구_마들스포츠타운_JG_0052,8,연신내,은평구,subway,0.667,7,0.0,1.0,0.3,0.35,0.7,0.877551,1.037,1.037
JG_20260404_1000_노원구_마들스포츠타운_JG_0052,9,까치산,강서구,subway,0.6301,8,0.0,1.0,0.3,0.35,0.7,0.857143,1.0001,1.0001
JG_20260404_1000_노원구_마들스포츠타운_JG_0052,10,화곡,강서구,subway,0.6251,9,0.0,1.0,0.3,0.35,0.7,0.836735,0.9951,0.9951
JG_20260405_1740_양천구_양재천수변무대일대_JG_0054,1,구로디지털단지,구로구,subway,0.6961,10,0.45,1.0,1.0,0.35,0.7,0.816327,1.3811,1.3811
JG_20260405_1740_양천구_양재천수변무대일대_JG_0054,2,신도림,구로구,subway,0.6595,13,0.45,1.0,1.0,0.35,0.7,0.755102,1.3445,1.3445
JG_20260405_1740_양천구_양재천수변무대일대_JG_0054,3,영등포,영등포구,subway,0.6567,14,0.45,1.0,1.0,0.35,0.7,0.734694,1.3417,1.3417
JG_20260405_1740_양천구_양재천수변무대일대_JG_0054,4,서울역,중구,subway,0.9642,1,0.0,1.0,1.0,0.35,0.7,1.0,1.3342,1.3342
JG_20260405_1740_양천구_양재천수변무대일대_JG_0054,5,잠실(송파구청),송파구,subway,0.9611,2,0.0,1.0,1.0,0.35,0.7,0.979592,1.3311,1.3311
JG_20260405_1740_양천구_양재천수변무대일대_JG_0054,6,강남,강남구,subway,0.9318,3,0.0,1.0,1.0,0.35,0.7,0.959184,1.3018,1.3018
JG_20260405_1740_양천구_양재천수변무대일대_JG_0054,7,신림,관악구,subway,0.6921,11,0.25,1.0,1.0,0.35,0.7,0.795918,1.2371,1.2371
JG_20260405_1740_양천구_양재천수변무대일대_JG_0054,8,홍대입구,마포구,subway,0.8656,4,0.0,1.0,1.0,0.35,0.7,0.938776,1.2356,1.2356
JG_20260405_1740_양천구_양재천수변무대일대_JG_0054,9,여의도,영등포구,subway,0.5131,39,0.45,1.0,1.0,0.35,0.7,0.22449,1.1981,1.1981
JG_20260405_1740_양천구_양재천수변무대일대_JG_0054,10,고속터미널,서초구,subway,0.8161,5,0.0,1.0,1.0,0.35,0.7,0.918367,1.1861,1.1861
JG_20260406_1630_강북구_수유시장_JG_0057,1,수유전통시장,강북구,market,0.4681,10,1.0,1.0,0.8,0.53,0.75,0.816327,1.5741,1.5741
JG_20260406_1630_강북구_수유시장_JG_0057,2,강북북부골목시장,강북구,market,0.4721,2,1.0,1.0,0.8,0.35,0.75,0.979592,1.5421,1.5421
JG_20260406_1630_강북구_수유시장_JG_0057,3,미소상인회 골목형상점가,강북구,market,0.4717,3,1.0,1.0,0.8,0.35,0.75,0.959184,1.5417,1.5417
JG_20260406_1630_강북구_수유시장_JG_0057,4,오패산로 골목형상점가,강북구,market,0.4713,4,1.0,1.0,0.8,0.35,0.75,0.938776,1.5413,1.5413
JG_20260406_1630_강북구_수유시장_JG_0057,5,우이골목시장골목형상점가,강북구,market,0.471,5,1.0,1.0,0.8,0.35,0.75,0.918367,1.541,1.541
JG_20260406_1630_강북구_수유시장_JG_0057,6,인수로골목형상점가,강북구,market,0.4709,6,1.0,1.0,0.8,0.35,0.75,0.897959,1.5409,1.5409
JG_20260406_1630_강북구_수유시장_JG_0057,7,수유재래시장,강북구,market,0.4702,7,1.0,1.0,0.8,0.35,0.75,0.877551,1.5402,1.5402
JG_20260406_1630_강북구_수유시장_JG_0057,8,솔샘시장 골목형상점가,강북구,market,0.4701,8,1.0,1.0,0.8,0.35,0.75,0.857143,1.5401,1.5401
JG_20260406_1630_강북구_수유시장_JG_0057,9,장미원골목시장,강북구,market,0.4688,9,1.0,1.0,0.8,0.35,0.75,0.836735,1.5388,1.5388
JG_20260406_1630_강북구_수유시장_JG_0057,10,남대문시장,중구,market,0.7056,1,0.0,1.0,0.8,0.35,0.75,1.0,1.0756,1.0756
JG_20260406_1800_성북구_성북천상점가_JG_0058,1,월곡달빛오거리골목형상점가,성북구,market,0.4759,1,1.0,1.0,0.8,0.53,0.75,1.0,1.5819,1.5819
JG_20260406_1800_성북구_성북천상점가_JG_0058,2,종암북바위길골목형상점가,성북구,market,0.4748,3,1.0,1.0,0.8,0.53,0.75,0.959184,1.5808,1.5808
JG_20260406_1800_성북구_성북천상점가_JG_0058,3,성북천골목형상점가,성북구,market,0.4707,6,1.0,1.0,0.8,0.53,0.75,0.897959,1.5767,1.5767
JG_20260406_1800_성북구_성북천상점가_JG_0058,4,정릉서경대길골목형상점가,성북구,market,0.4695,8,1.0,1.0,0.8,0.53,0.75,0.857143,1.5755,1.5755
JG_20260406_1800_성북구_성북천상점가_JG_0058,5,꿈의숲장곡골목형상점가,성북구,market,0.4684,10,1.0,1.0,0.8,0.53,0.75,0.816327,1.5744,1.5744
JG_20260406_1800_성북구_성북천상점가_JG_0058,6,배밭골골목형상점가,성북구,market,0.4683,18,1.0,1.0,0.8,0.53,0.75,0.653061,1.5743,1.5743
JG_20260406_1800_성북구_성북천상점가_JG_0058,7,석계음식문화거리,성북구,market,0.4756,2,1.0,1.0,0.8,0.35,0.75,0.979592,1.5456,1.5456
JG_20260406_1800_성북구_성북천상점가_JG_0058,8,돈암시장,성북구,market,0.4738,4,1.0,1.0,0.8,0.35,0.75,0.938776,1.5438,1.5438
JG_20260406_1800_성북구_성북천상점가_JG_0058,9,정릉시장,성북구,market,0.473,5,1.0,1.0,0.8,0.35,0.75,0.918367,1.543,1.543
JG_20260406_1800_성북구_성북천상점가_JG_0058,10,돌곶이시장,성북구,market,0.4704,7,1.0,1.0,0.8,0.35,0.75,0.877551,1.5404,1.5404
JG_20260407_1540_동작구_남성사계시장_JG_0062,1,노량진수산시장골목형상점가,동작구,market,0.5136,1,1.0,1.0,0.8,0.35,0.75,1.0,1.5836,1.5836
JG_20260407_1540_동작구_남성사계시장_JG_0062,2,성대전통시장,동작구,market,0.4756,4,1.0,1.0,0.8,0.53,0.75,0.938776,1.5816,1.5816
JG_20260407_1540_동작구_남성사계시장_JG_0062,3,상도전통시장,동작구,market,0.4731,7,1.0,1.0,0.8,0.53,0.75,0.877551,1.5791,1.5791
JG_20260407_1540_동작구_남성사계시장_JG_0062,4,이수미로 골목형상점가,동작구,market,0.4843,2,1.0,1.0,0.8,0.35,0.75,0.979592,1.5543,1.5543
JG_20260407_1540_동작구_남성사계시장_JG_0062,5,숭실마루길 골목형상점가,동작구,market,0.4765,3,1.0,1.0,0.8,0.35,0.75,0.959184,1.5465,1.5465
JG_20260407_1540_동작구_남성사계시장_JG_0062,6,남성사계시장(남성시장),동작구,market,0.4745,5,1.0,1.0,0.8,0.35,0.75,0.918367,1.5445,1.5445
JG_20260407_1540_동작구_남성사계시장_JG_0062,7,흑석시장 골목형상점가,동작구,market,0.4738,6,1.0,1.0,0.8,0.35,0.75,0.897959,1.5438,1.5438
JG_20260407_1540_동작구_남성사계시장_JG_0062,8,본동인정시장,동작구,market,0.4726,8,1.0,1.0,0.8,0.35,0.75,0.857143,1.5426,1.5426
JG_20260407_1540_동작구_남성사계시장_JG_0062,9,보라매다올길골목형상점가,동작구,market,0.4724,9,1.0,1.0,0.8,0.35,0.75,0.836735,1.5424,1.5424
JG_20260407_1540_동작구_남성사계시장_JG_0062,10,신대방1동 온누리길 골목형상점가,동작구,market,0.4707,10,1.0,1.0,0.8,0.35,0.75,0.816327,1.5407,1.5407
JG_20260407_1640_동작구_성대전통시장_JG_0063,1,노량진수산시장골목형상점가,동작구,market,0.5136,1,1.0,1.0,0.8,0.35,0.75,1.0,1.5836,1.5836
JG_20260407_1640_동작구_성대전통시장_JG_0063,2,성대전통시장,동작구,market,0.4756,4,1.0,1.0,0.8,0.53,0.75,0.938776,1.5816,1.5816
JG_20260407_1640_동작구_성대전통시장_JG_0063,3,상도전통시장,동작구,market,0.4731,7,1.0,1.0,0.8,0.53,0.75,0.877551,1.5791,1.5791
JG_20260407_1640_동작구_성대전통시장_JG_0063,4,이수미로 골목형상점가,동작구,market,0.4843,2,1.0,1.0,0.8,0.35,0.75,0.979592,1.5543,1.5543
JG_20260407_1640_동작구_성대전통시장_JG_0063,5,숭실마루길 골목형상점가,동작구,market,0.4765,3,1.0,1.0,0.8,0.35,0.75,0.959184,1.5465,1.5465
JG_20260407_1640_동작구_성대전통시장_JG_0063,6,남성사계시장(남성시장),동작구,market,0.4745,5,1.0,1.0,0.8,0.35,0.75,0.918367,1.5445,1.5445
JG_20260407_1640_동작구_성대전통시장_JG_0063,7,흑석시장 골목형상점가,동작구,market,0.4738,6,1.0,1.0,0.8,0.35,0.75,0.897959,1.5438,1.5438
JG_20260407_1640_동작구_성대전통시장_JG_0063,8,본동인정시장,동작구,market,0.4726,8,1.0,1.0,0.8,0.35,0.75,0.857143,1.5426,1.5426
JG_20260407_1640_동작구_성대전통시장_JG_0063,9,보라매다올길골목형상점가,동작구,market,0.4724,9,1.0,1.0,0.8,0.35,0.75,0.836735,1.5424,1.5424
JG_20260407_1640_동작구_성대전통시장_JG_0063,10,신대방1동 온누리길 골목형상점가,동작구,market,0.4707,10,1.0,1.0,0.8,0.35,0.75,0.816327,1.5407,1.5407
JG_20260408_1700_서대문구_영천시장_JG_0067,1,포방터시장,서대문구,market,0.4698,8,1.0,1.0,0.8,0.35,0.75,0.857143,1.5398,1.5398
JG_20260408_1700_서대문구_영천시장_JG_0067,2,영천시장,서대문구,market,0.4684,9,1.0,1.0,0.8,0.35,0.75,0.836735,1.5384,1.5384
JG_20260408_1700_서대문구_영천시장_JG_0067,3,남이동길골목형상점가,서대문구,market,0.4684,10,1.0,1.0,0.8,0.35,0.75,0.816327,1.5384,1.5384
JG_20260408_1700_서대문구_영천시장_JG_0067,4,남대문시장,중구,market,0.7056,1,0.45,1.0,0.8,0.35,0.75,1.0,1.3906,1.3906
JG_20260408_1700_서대문구_영천시장_JG_0067,5,동대문종합시장,종로구,market,0.6301,2,0.45,1.0,0.8,0.35,0.75,0.979592,1.3151,1.3151
JG_20260408_1700_서대문구_영천시장_JG_0067,6,광장전통시장,종로구,market,0.5714,5,0.45,1.0,0.8,0.53,0.75,0.918367,1.2924,1.2924
JG_20260408_1700_서대문구_영천시장_JG_0067,7,평화시장,중구,market,0.5528,7,0.45,1.0,0.8,0.35,0.75,0.877551,1.2378,1.2378
JG_20260408_1700_서대문구_영천시장_JG_0067,8,망원동월드컵시장,마포구,market,0.4684,12,0.45,1.0,0.8,0.35,0.75,0.77551,1.1534,1.1534
JG_20260408_1700_서대문구_영천시장_JG_0067,9,대림골목시장,은평구,market,0.4683,15,0.45,1.0,0.8,0.35,0.75,0.714286,1.1533,1.1533
JG_20260408_1700_서대문구_영천시장_JG_0067,10,명동남산골 골목형상점가,중구,market,0.468,23,0.45,1.0,0.8,0.35,0.75,0.55102,1.153,1.153
JG_20260408_1755_서대문구_홍제천인공폭포_JG_0068,1,서울역,중구,subway,0.9642,1,0.45,1.0,1.0,0.35,0.7,1.0,1.6492,1.6492
JG_20260408_1755_서대문구_홍제천인공폭포_JG_0068,2,홍대입구,마포구,subway,0.8656,4,0.45,1.0,1.0,0.35,0.7,0.938776,1.5506,1.5506
JG_20260408_1755_서대문구_홍제천인공폭포_JG_0068,3,을지로입구,중구,subway,0.6806,12,0.45,1.0,1.0,0.35,0.7,0.77551,1.3656,1.3656
JG_20260408_1755_서대문구_홍제천인공폭포_JG_0068,4,잠실(송파구청),송파구,subway,0.9611,2,0.0,1.0,1.0,0.35,0.7,0.979592,1.3311,1.3311
JG_20260408_1755_서대문구_홍제천인공폭포_JG_0068,5,강남,강남구,subway,0.9318,3,0.0,1.0,1.0,0.35,0.7,0.959184,1.3018,1.3018
JG_20260408_1755_서대문구_홍제천인공폭포_JG_0068,6,종각,종로구,subway,0.5903,18,0.45,1.0,1.0,0.35,0.7,0.653061,1.2753,1.2753
JG_20260408_1755_서대문구_홍제천인공폭포_JG_0068,7,혜화,종로구,subway,0.5759,22,0.45,1.0,1.0,0.35,0.7,0.571429,1.2609,1.2609
JG_20260408_1755_서대문구_홍제천인공폭포_JG_0068,8,명동,중구,subway,0.5738,23,0.45,1.0,1.0,0.35,0.7,0.55102,1.2588,1.2588
JG_20260408_1755_서대문구_홍제천인공폭포_JG_0068,9,연신내,은평구,subway,0.5711,24,0.45,1.0,1.0,0.35,0.7,0.530612,1.2561,1.2561
JG_20260408_1755_서대문구_홍제천인공폭포_JG_0068,10,고속터미널,서초구,subway,0.8161,5,0.0,1.0,1.0,0.35,0.7,0.918367,1.1861,1.1861
JG_20260409_1500_중랑구_동원시장_JG_0071,1,우림골목시장,중랑구,market,0.4775,1,1.0,1.0,0.8,0.35,0.75,1.0,1.5475,1.5475
JG_20260409_1500_중랑구_동원시장_JG_0071,2,동원전통종합시장,중랑구,market,0.4761,2,1.0,1.0,0.8,0.35,0.75,0.979592,1.5461,1.5461
JG_20260409_1500_중랑구_동원시장_JG_0071,3,상봉먹자 골목형상점가,중랑구,market,0.4738,3,1.0,1.0,0.8,0.35,0.75,0.959184,1.5438,1.5438
JG_20260409_1500_중랑구_동원시장_JG_0071,4,사가정시장,중랑구,market,0.4731,4,1.0,1.0,0.8,0.35,0.75,0.938776,1.5431,1.5431
JG_20260409_1500_중랑구_동원시장_JG_0071,5,면목시장(골목형),중랑구,market,0.4729,5,1.0,1.0,0.8,0.35,0.75,0.918367,1.5429,1.5429
JG_20260409_1500_중랑구_동원시장_JG_0071,6,신내구길 골목형상점가,중랑구,market,0.4722,6,1.0,1.0,0.8,0.35,0.75,0.897959,1.5422,1.5422
JG_20260409_1500_중랑구_동원시장_JG_0071,7,사가정51길 골목형상점가,중랑구,market,0.4706,7,1.0,1.0,0.8,0.35,0.75,0.877551,1.5406,1.5406
JG_20260409_1500_중랑구_동원시장_JG_0071,8,중랑동부시장,중랑구,market,0.4702,8,1.0,1.0,0.8,0.35,0.75,0.857143,1.5402,1.5402
JG_20260409_1500_중랑구_동원시장_JG_0071,9,묵동도깨비시장 골목형상점가,중랑구,market,0.4701,9,1.0,1.0,0.8,0.35,0.75,0.836735,1.5401,1.5401
JG_20260409_1500_중랑구_동원시장_JG_0071,10,태능 골목형상점가,중랑구,market,0.4699,10,1.0,1.0,0.8,0.35,0.75,0.816327,1.5399,1.5399
JG_20260409_1550_중랑구_우림시장_JG_0072,1,우림골목시장,중랑구,market,0.4775,1,1.0,1.0,0.8,0.35,0.75,1.0,1.5475,1.5475
JG_20260409_1550_중랑구_우림시장_JG_0072,2,동원전통종합시장,중랑구,market,0.4761,2,1.0,1.0,0.8,0.35,0.75,0.979592,1.5461,1.5461
JG_20260409_1550_중랑구_우림시장_JG_0072,3,상봉먹자 골목형상점가,중랑구,market,0.4738,3,1.0,1.0,0.8,0.35,0.75,0.959184,1.5438,1.5438
JG_20260409_1550_중랑구_우림시장_JG_0072,4,사가정시장,중랑구,market,0.4731,4,1.0,1.0,0.8,0.35,0.75,0.938776,1.5431,1.5431
JG_20260409_1550_중랑구_우림시장_JG_0072,5,면목시장(골목형),중랑구,market,0.4729,5,1.0,1.0,0.8,0.35,0.75,0.918367,1.5429,1.5429
JG_20260409_1550_중랑구_우림시장_JG_0072,6,신내구길 골목형상점가,중랑구,market,0.4722,6,1.0,1.0,0.8,0.35,0.75,0.897959,1.5422,1.5422
JG_20260409_1550_중랑구_우림시장_JG_0072,7,사가정51길 골목형상점가,중랑구,market,0.4706,7,1.0,1.0,0.8,0.35,0.75,0.877551,1.5406,1.5406
JG_20260409_1550_중랑구_우림시장_JG_0072,8,중랑동부시장,중랑구,market,0.4702,8,1.0,1.0,0.8,0.35,0.75,0.857143,1.5402,1.5402
JG_20260409_1550_중랑구_우림시장_JG_0072,9,묵동도깨비시장 골목형상점가,중랑구,market,0.4701,9,1.0,1.0,0.8,0.35,0.75,0.836735,1.5401,1.5401
JG_20260409_1550_중랑구_우림시장_JG_0072,10,태능 골목형상점가,중랑구,market,0.4699,10,1.0,1.0,0.8,0.35,0.75,0.816327,1.5399,1.5399
JG_20260415_1055_종로구_북촌의봄_JG_0081,1,동대문종합시장,종로구,market,0.5837,1,1.0,1.0,0.7,0.35,0.75,1.0,1.6537,1.6537
JG_20260415_1055_종로구_북촌의봄_JG_0081,2,광장전통시장,종로구,market,0.5242,2,1.0,1.0,0.7,0.35,0.75,0.979592,1.5942,1.5942
JG_20260415_1055_종로구_북촌의봄_JG_0081,3,광장시장,종로구,market,0.479,3,1.0,1.0,0.7,0.35,0.75,0.959184,1.549,1.549
JG_20260415_1055_종로구_북촌의봄_JG_0081,4,동대문종합시장D동,종로구,market,0.4504,4,1.0,1.0,0.7,0.35,0.75,0.938776,1.5204,1.5204
JG_20260415_1055_종로구_북촌의봄_JG_0081,5,동대문문구?완구거리,종로구,market,0.4264,5,1.0,1.0,0.7,0.35,0.75,0.918367,1.4964,1.4964
JG_20260415_1055_종로구_북촌의봄_JG_0081,6,동묘시장,종로구,market,0.4255,6,1.0,1.0,0.7,0.35,0.75,0.897959,1.4955,1.4955
JG_20260415_1055_종로구_북촌의봄_JG_0081,7,창신골목시장,종로구,market,0.4248,7,1.0,1.0,0.7,0.35,0.75,0.877551,1.4948,1.4948
JG_20260415_1055_종로구_북촌의봄_JG_0081,8,세종마을음식문화거리,종로구,market,0.4242,8,1.0,1.0,0.7,0.35,0.75,0.857143,1.4942,1.4942
JG_20260415_1055_종로구_북촌의봄_JG_0081,9,북촌계동길 골목형상점가,종로구,market,0.4241,9,1.0,1.0,0.7,0.35,0.75,0.836735,1.4941,1.4941
JG_20260415_1055_종로구_북촌의봄_JG_0081,10,통인시장,종로구,market,0.4222,10,1.0,1.0,0.7,0.35,0.75,0.816327,1.4922,1.4922
JG_20260417_0730_송파구_가락몰농수산물시장_JG_0085,1,가락몰 골목형상점가,송파구,market,0.514,5,1.0,1.0,0.35,0.35,0.75,0.918367,1.584,1.584
JG_20260417_0730_송파구_가락몰농수산물시장_JG_0085,2,방이시장,송파구,market,0.4351,6,1.0,1.0,0.35,0.35,0.75,0.897959,1.5051,1.5051
JG_20260417_0730_송파구_가락몰농수산물시장_JG_0085,3,풍납시장,송파구,market,0.4315,7,1.0,1.0,0.35,0.35,0.75,0.877551,1.5015,1.5015
JG_20260417_0730_송파구_가락몰농수산물시장_JG_0085,4,새마을시장,송파구,market,0.4291,8,1.0,1.0,0.35,0.35,0.75,0.857143,1.4991,1.4991
JG_20260417_0730_송파구_가락몰농수산물시장_JG_0085,5,마천중앙시장,송파구,market,0.4285,9,1.0,1.0,0.35,0.35,0.75,0.836735,1.4985,1.4985
JG_20260417_0730_송파구_가락몰농수산물시장_JG_0085,6,석촌시장,송파구,market,0.426,10,1.0,1.0,0.35,0.35,0.75,0.816327,1.496,1.496
JG_20260417_0730_송파구_가락몰농수산물시장_JG_0085,7,천호로데오거리상점가,강동구,market,0.5458,4,0.45,1.0,0.35,0.35,0.75,0.938776,1.2308,1.2308
JG_20260417_0730_송파구_가락몰농수산물시장_JG_0085,8,자양한강전통시장,광진구,market,0.424,45,0.45,1.0,0.35,0.53,0.75,0.102041,1.145,1.145
JG_20260417_0730_송파구_가락몰농수산물시장_JG_0085,9,화양제일골목시장,광진구,market,0.4245,32,0.45,1.0,0.35,0.35,0.75,0.367347,1.1095,1.1095
JG_20260417_0730_송파구_가락몰농수산물시장_JG_0085,10,영동교골목시장,광진구,market,0.424,44,0.45,1.0,0.35,0.35,0.75,0.122449,1.109,1.109
JG_20260417_1530_강동구_명일동싱크홀현장_JG_0089,1,잠실(송파구청),송파구,subway,0.9611,2,0.45,1.0,0.25,0.35,0.7,0.979592,1.6461,1.6461
JG_20260417_1530_강동구_명일동싱크홀현장_JG_0089,2,강남,강남구,subway,0.9318,3,0.25,1.0,0.25,0.35,0.7,0.959184,1.4768,1.4768
JG_20260417_1530_강동구_명일동싱크홀현장_JG_0089,3,고속터미널,서초구,subway,0.8161,5,0.25,1.0,0.25,0.35,0.7,0.918367,1.3611,1.3611
JG_20260417_1530_강동구_명일동싱크홀현장_JG_0089,4,서울역,중구,subway,0.9642,1,0.0,1.0,0.25,0.35,0.7,1.0,1.3342,1.3342
JG_20260417_1530_강동구_명일동싱크홀현장_JG_0089,5,삼성(무역센터),강남구,subway,0.7312,6,0.25,1.0,0.25,0.35,0.7,0.897959,1.2762,1.2762
JG_20260417_1530_강동구_명일동싱크홀현장_JG_0089,6,선릉,강남구,subway,0.7238,8,0.25,1.0,0.25,0.35,0.7,0.857143,1.2688,1.2688
JG_20260417_1530_강동구_명일동싱크홀현장_JG_0089,7,홍대입구,마포구,subway,0.8656,4,0.0,1.0,0.25,0.35,0.7,0.938776,1.2356,1.2356
JG_20260417_1530_강동구_명일동싱크홀현장_JG_0089,8,건대입구,광진구,subway,0.5488,27,0.45,1.0,0.25,0.35,0.7,0.469388,1.2338,1.2338
JG_20260417_1530_강동구_명일동싱크홀현장_JG_0089,9,역삼,강남구,subway,0.6459,15,0.25,1.0,0.25,0.35,0.7,0.714286,1.1909,1.1909
JG_20260417_1530_강동구_명일동싱크홀현장_JG_0089,10,구의(광진구청),광진구,subway,0.4793,50,0.45,1.0,0.25,0.35,0.7,0.0,1.1643,1.1643
JG_20260417_1600_강동구_고덕비즈밸리_JG_0090,1,잠실(송파구청),송파구,subway,0.9611,2,0.45,1.0,0.25,0.35,0.7,0.979592,1.6461,1.6461
JG_20260417_1600_강동구_고덕비즈밸리_JG_0090,2,강남,강남구,subway,0.9318,3,0.25,1.0,0.25,0.35,0.7,0.959184,1.4768,1.4768
JG_20260417_1600_강동구_고덕비즈밸리_JG_0090,3,고속터미널,서초구,subway,0.8161,5,0.25,1.0,0.25,0.35,0.7,0.918367,1.3611,1.3611
JG_20260417_1600_강동구_고덕비즈밸리_JG_0090,4,서울역,중구,subway,0.9642,1,0.0,1.0,0.25,0.35,0.7,1.0,1.3342,1.3342
JG_20260417_1600_강동구_고덕비즈밸리_JG_0090,5,삼성(무역센터),강남구,subway,0.7312,6,0.25,1.0,0.25,0.35,0.7,0.897959,1.2762,1.2762
JG_20260417_1600_강동구_고덕비즈밸리_JG_0090,6,선릉,강남구,subway,0.7238,8,0.25,1.0,0.25,0.35,0.7,0.857143,1.2688,1.2688
JG_20260417_1600_강동구_고덕비즈밸리_JG_0090,7,홍대입구,마포구,subway,0.8656,4,0.0,1.0,0.25,0.35,0.7,0.938776,1.2356,1.2356
JG_20260417_1600_강동구_고덕비즈밸리_JG_0090,8,건대입구,광진구,subway,0.5488,27,0.45,1.0,0.25,0.35,0.7,0.469388,1.2338,1.2338
JG_20260417_1600_강동구_고덕비즈밸리_JG_0090,9,역삼,강남구,subway,0.6459,15,0.25,1.0,0.25,0.35,0.7,0.714286,1.1909,1.1909
JG_20260417_1600_강동구_고덕비즈밸리_JG_0090,10,구의(광진구청),광진구,subway,0.4793,50,0.45,1.0,0.25,0.35,0.7,0.0,1.1643,1.1643
JG_20260417_1635_강동구_고덕비즈밸리역공사현장_JG_0091,1,잠실(송파구청),송파구,subway,0.9611,2,0.45,1.0,0.25,0.35,0.7,0.979592,1.6461,1.6461
JG_20260417_1635_강동구_고덕비즈밸리역공사현장_JG_0091,2,강남,강남구,subway,0.9318,3,0.25,1.0,0.25,0.35,0.7,0.959184,1.4768,1.4768
JG_20260417_1635_강동구_고덕비즈밸리역공사현장_JG_0091,3,고속터미널,서초구,subway,0.8161,5,0.25,1.0,0.25,0.35,0.7,0.918367,1.3611,1.3611
JG_20260417_1635_강동구_고덕비즈밸리역공사현장_JG_0091,4,서울역,중구,subway,0.9642,1,0.0,1.0,0.25,0.35,0.7,1.0,1.3342,1.3342
JG_20260417_1635_강동구_고덕비즈밸리역공사현장_JG_0091,5,삼성(무역센터),강남구,subway,0.7312,6,0.25,1.0,0.25,0.35,0.7,0.897959,1.2762,1.2762
JG_20260417_1635_강동구_고덕비즈밸리역공사현장_JG_0091,6,선릉,강남구,subway,0.7238,8,0.25,1.0,0.25,0.35,0.7,0.857143,1.2688,1.2688
JG_20260417_1635_강동구_고덕비즈밸리역공사현장_JG_0091,7,홍대입구,마포구,subway,0.8656,4,0.0,1.0,0.25,0.35,0.7,0.938776,1.2356,1.2356
JG_20260417_1635_강동구_고덕비즈밸리역공사현장_JG_0091,8,건대입구,광진구,subway,0.5488,27,0.45,1.0,0.25,0.35,0.7,0.469388,1.2338,1.2338
JG_20260417_1635_강동구_고덕비즈밸리역공사현장_JG_0091,9,역삼,강남구,subway,0.6459,15,0.25,1.0,0.25,0.35,0.7,0.714286,1.1909,1.1909
JG_20260417_1635_강동구_고덕비즈밸리역공사현장_JG_0091,10,구의(광진구청),광진구,subway,0.4793,50,0.45,1.0,0.25,0.35,0.7,0.0,1.1643,1.1643
JG_20260419_1440_노원구_불암산철쭉동산_JG_0092,1,노원,노원구,subway,0.4421,10,1.0,1.0,0.25,0.35,0.7,0.816327,1.5121,1.5121
JG_20260419_1440_노원구_불암산철쭉동산_JG_0092,2,서울역,중구,subway,0.9642,1,0.0,1.0,0.25,0.35,0.7,1.0,1.3342,1.3342
JG_20260419_1440_노원구_불암산철쭉동산_JG_0092,3,잠실(송파구청),송파구,subway,0.9611,2,0.0,1.0,0.25,0.35,0.7,0.979592,1.3311,1.3311
JG_20260419_1440_노원구_불암산철쭉동산_JG_0092,4,강남,강남구,subway,0.9318,3,0.0,1.0,0.25,0.35,0.7,0.959184,1.3018,1.3018
JG_20260419_1440_노원구_불암산철쭉동산_JG_0092,5,홍대입구,마포구,subway,0.8656,4,0.0,1.0,0.25,0.35,0.7,0.938776,1.2356,1.2356
JG_20260419_1440_노원구_불암산철쭉동산_JG_0092,6,고속터미널,서초구,subway,0.8161,5,0.0,1.0,0.25,0.35,0.7,0.918367,1.1861,1.1861
JG_20260419_1440_노원구_불암산철쭉동산_JG_0092,7,삼성(무역센터),강남구,subway,0.7312,6,0.0,1.0,0.25,0.35,0.7,0.897959,1.1012,1.1012
JG_20260419_1440_노원구_불암산철쭉동산_JG_0092,8,성수,성동구,subway,0.7287,7,0.0,1.0,0.25,0.35,0.7,0.877551,1.0987,1.0987
JG_20260419_1440_노원구_불암산철쭉동산_JG_0092,9,선릉,강남구,subway,0.7238,8,0.0,1.0,0.25,0.35,0.7,0.857143,1.0938,1.0938
JG_20260419_1440_노원구_불암산철쭉동산_JG_0092,10,용산,용산구,subway,0.7194,9,0.0,1.0,0.25,0.35,0.7,0.836735,1.0894,1.0894
JG_20260422_1800_은평구_불광천_JG_0100,1,연신내,은평구,subway,0.5711,10,1.0,1.0,1.0,0.35,0.7,0.816327,1.6411,1.6411
JG_20260422_1800_은평구_불광천_JG_0100,2,홍대입구,마포구,subway,0.8656,4,0.45,1.0,1.0,0.35,0.7,0.938776,1.5506,1.5506
JG_20260422_1800_은평구_불광천_JG_0100,3,서울역,중구,subway,0.9642,1,0.0,1.0,1.0,0.35,0.7,1.0,1.3342,1.3342
JG_20260422_1800_은평구_불광천_JG_0100,4,잠실(송파구청),송파구,subway,0.9611,2,0.0,1.0,1.0,0.35,0.7,0.979592,1.3311,1.3311
JG_20260422_1800_은평구_불광천_JG_0100,5,강남,강남구,subway,0.9318,3,0.0,1.0,1.0,0.35,0.7,0.959184,1.3018,1.3018
JG_20260422_1800_은평구_불광천_JG_0100,6,고속터미널,서초구,subway,0.8161,5,0.0,1.0,1.0,0.35,0.7,0.918367,1.1861,1.1861
JG_20260422_1800_은평구_불광천_JG_0100,7,합정,마포구,subway,0.4906,31,0.45,1.0,1.0,0.35,0.7,0.387755,1.1756,1.1756
JG_20260422_1800_은평구_불광천_JG_0100,8,삼성(무역센터),강남구,subway,0.7312,6,0.0,1.0,1.0,0.35,0.7,0.897959,1.1012,1.1012
JG_20260422_1800_은평구_불광천_JG_0100,9,성수,성동구,subway,0.7287,7,0.0,1.0,1.0,0.35,0.7,0.877551,1.0987,1.0987
JG_20260422_1800_은평구_불광천_JG_0100,10,선릉,강남구,subway,0.7238,8,0.0,1.0,1.0,0.35,0.7,0.857143,1.0938,1.0938
JG_20260424_1445_성동구_아지오성수점_JG_0104,1,마장축산물시장,성동구,market,0.5116,5,1.0,1.0,0.8,0.35,0.75,0.918367,1.5816,1.5816
JG_20260424_1445_성동구_아지오성수점_JG_0104,2,성동용답상가시장,성동구,market,0.4816,6,1.0,1.0,0.8,0.35,0.75,0.897959,1.5516,1.5516
JG_20260424_1445_성동구_아지오성수점_JG_0104,3,송정벚꽃골목형상점가,성동구,market,0.4775,7,1.0,1.0,0.8,0.35,0.75,0.877551,1.5475,1.5475
JG_20260424_1445_성동구_아지오성수점_JG_0104,4,사근살곶이골목형상점가시장,성동구,market,0.474,8,1.0,1.0,0.8,0.35,0.75,0.857143,1.544,1.544
JG_20260424_1445_성동구_아지오성수점_JG_0104,5,금남시장,성동구,market,0.4707,9,1.0,1.0,0.8,0.35,0.75,0.836735,1.5407,1.5407
JG_20260424_1445_성동구_아지오성수점_JG_0104,6,뚝도시장,성동구,market,0.4683,10,1.0,1.0,0.8,0.35,0.75,0.816327,1.5383,1.5383
JG_20260424_1445_성동구_아지오성수점_JG_0104,7,남대문시장,중구,market,0.7056,1,0.45,1.0,0.8,0.35,0.75,1.0,1.3906,1.3906
JG_20260424_1445_성동구_아지오성수점_JG_0104,8,장안 마실 골목형상점가,동대문구,market,0.6299,3,0.45,1.0,0.8,0.35,0.75,0.959184,1.3149,1.3149
JG_20260424_1445_성동구_아지오성수점_JG_0104,9,동대문종합시장,종로구,market,0.6301,2,0.25,1.0,0.8,0.35,0.75,0.979592,1.1751,1.1751
JG_20260424_1445_성동구_아지오성수점_JG_0104,10,답십리현대시장,동대문구,market,0.4683,11,0.45,1.0,0.8,0.35,0.75,0.795918,1.1533,1.1533
JG_20260424_1650_성동구_금남시장_JG_0105,1,마장축산물시장,성동구,market,0.5116,5,1.0,1.0,0.8,0.35,0.75,0.918367,1.5816,1.5816
JG_20260424_1650_성동구_금남시장_JG_0105,2,성동용답상가시장,성동구,market,0.4816,6,1.0,1.0,0.8,0.35,0.75,0.897959,1.5516,1.5516
JG_20260424_1650_성동구_금남시장_JG_0105,3,송정벚꽃골목형상점가,성동구,market,0.4775,7,1.0,1.0,0.8,0.35,0.75,0.877551,1.5475,1.5475
JG_20260424_1650_성동구_금남시장_JG_0105,4,사근살곶이골목형상점가시장,성동구,market,0.474,8,1.0,1.0,0.8,0.35,0.75,0.857143,1.544,1.544
JG_20260424_1650_성동구_금남시장_JG_0105,5,금남시장,성동구,market,0.4707,9,1.0,1.0,0.8,0.35,0.75,0.836735,1.5407,1.5407
JG_20260424_1650_성동구_금남시장_JG_0105,6,뚝도시장,성동구,market,0.4683,10,1.0,1.0,0.8,0.35,0.75,0.816327,1.5383,1.5383
JG_20260424_1650_성동구_금남시장_JG_0105,7,남대문시장,중구,market,0.7056,1,0.45,1.0,0.8,0.35,0.75,1.0,1.3906,1.3906
JG_20260424_1650_성동구_금남시장_JG_0105,8,장안 마실 골목형상점가,동대문구,market,0.6299,3,0.45,1.0,0.8,0.35,0.75,0.959184,1.3149,1.3149
JG_20260424_1650_성동구_금남시장_JG_0105,9,동대문종합시장,종로구,market,0.6301,2,0.25,1.0,0.8,0.35,0.75,0.979592,1.1751,1.1751
JG_20260424_1650_성동구_금남시장_JG_0105,10,답십리현대시장,동대문구,market,0.4683,11,0.45,1.0,0.8,0.35,0.75,0.795918,1.1533,1.1533
JG_20260425_0900_서초구_잠수대교남단_JG_0106,1,신림,관악구,subway,0.9468,1,0.45,1.0,1.0,0.35,0.7,1.0,1.6318,1.6318
JG_20260425_0900_서초구_잠수대교남단_JG_0106,2,고속터미널,서초구,subway,0.4976,9,1.0,1.0,1.0,0.35,0.7,0.836735,1.5676,1.5676
JG_20260425_0900_서초구_잠수대교남단_JG_0106,3,양재(서초구청),서초구,subway,0.4286,10,1.0,1.0,1.0,0.35,0.7,0.816327,1.4986,1.4986
JG_20260425_0900_서초구_잠수대교남단_JG_0106,4,서울대입구(관악구청),관악구,subway,0.7382,5,0.45,1.0,1.0,0.35,0.7,0.918367,1.4232,1.4232
JG_20260425_0900_서초구_잠수대교남단_JG_0106,5,잠실(송파구청),송파구,subway,0.8013,2,0.25,1.0,1.0,0.35,0.7,0.979592,1.3463,1.3463
JG_20260425_0900_서초구_잠수대교남단_JG_0106,6,서울역,중구,subway,0.7902,3,0.0,1.0,1.0,0.35,0.7,0.959184,1.1602,1.1602
JG_20260425_0900_서초구_잠수대교남단_JG_0106,7,구로디지털단지,구로구,subway,0.776,4,0.0,1.0,1.0,0.35,0.7,0.938776,1.146,1.146
JG_20260425_0900_서초구_잠수대교남단_JG_0106,8,삼성(무역센터),강남구,subway,0.4072,37,0.45,1.0,1.0,0.35,0.7,0.265306,1.0922,1.0922
JG_20260425_0900_서초구_잠수대교남단_JG_0106,9,역삼,강남구,subway,0.4011,45,0.45,1.0,1.0,0.35,0.7,0.102041,1.0861,1.0861
JG_20260425_0900_서초구_잠수대교남단_JG_0106,10,신도림,구로구,subway,0.7139,6,0.0,1.0,1.0,0.35,0.7,0.897959,1.0839,1.0839
JG_20260425_1140_중구_남대문시장_JG_0107,1,남대문시장,중구,market,0.6592,1,1.0,1.0,0.7,0.35,0.75,1.0,1.7292,1.7292
JG_20260425_1140_중구_남대문시장_JG_0107,2,평화시장,중구,market,0.5064,2,1.0,1.0,0.7,0.35,0.75,0.979592,1.5764,1.5764
JG_20260425_1140_중구_남대문시장_JG_0107,3,삼익패션타운,중구,market,0.4758,3,1.0,1.0,0.7,0.35,0.75,0.959184,1.5458,1.5458
JG_20260425_1140_중구_남대문시장_JG_0107,4,동평화시장,중구,market,0.4662,4,1.0,1.0,0.7,0.35,0.75,0.938776,1.5362,1.5362
JG_20260425_1140_중구_남대문시장_JG_0107,5,청평화시장,중구,market,0.4559,5,1.0,1.0,0.7,0.35,0.75,0.918367,1.5259,1.5259
JG_20260425_1140_중구_남대문시장_JG_0107,6,방산시장,중구,market,0.4531,6,1.0,1.0,0.7,0.35,0.75,0.897959,1.5231,1.5231
JG_20260425_1140_중구_남대문시장_JG_0107,7,신평화패션타운,중구,market,0.4529,7,1.0,1.0,0.7,0.35,0.75,0.877551,1.5229,1.5229
JG_20260425_1140_중구_남대문시장_JG_0107,8,광희패션몰,중구,market,0.4509,8,1.0,1.0,0.7,0.35,0.75,0.857143,1.5209,1.5209
JG_20260425_1140_중구_남대문시장_JG_0107,9,통일상가,중구,market,0.4472,9,1.0,1.0,0.7,0.35,0.75,0.836735,1.5172,1.5172
JG_20260425_1140_중구_남대문시장_JG_0107,10,중부시장,중구,market,0.4423,10,1.0,1.0,0.7,0.35,0.75,0.816327,1.5123,1.5123
JG_20260426_1155_영등포구_광야홈리스복지센터_JG_0109,1,구립영등포노인종합복지관,영등포구,senior_friendly,0.9248,10,1.0,1.0,0.8,0.53,1.0,0.816327,2.0308,2.0308
JG_20260426_1155_영등포구_광야홈리스복지센터_JG_0109,2,용강 노인복지관,마포구,senior_friendly,0.9454,6,0.45,1.0,0.8,0.53,1.0,0.897959,1.6664,1.6664
JG_20260426_1155_영등포구_광야홈리스복지센터_JG_0109,3,사당어르신종합복지관,동작구,senior_friendly,0.9215,14,0.45,1.0,0.8,0.53,1.0,0.734694,1.6425,1.6425
JG_20260426_1155_영등포구_광야홈리스복지센터_JG_0109,4,양천어르신종합복지관,양천구,senior_friendly,0.9215,15,0.45,1.0,0.8,0.53,1.0,0.714286,1.6425,1.6425
JG_20260426_1155_영등포구_광야홈리스복지센터_JG_0109,5,구로노인종합복지관,구로구,senior_friendly,0.9198,18,0.45,1.0,0.8,0.53,1.0,0.653061,1.6408,1.6408
JG_20260426_1155_영등포구_광야홈리스복지센터_JG_0109,6,금천호암노인종합복지관,금천구,senior_friendly,0.9231,12,0.25,1.0,0.8,0.53,1.0,0.77551,1.5041,1.5041
JG_20260426_1155_영등포구_광야홈리스복지센터_JG_0109,7,관악노인종합복지관,관악구,senior_friendly,0.9198,17,0.25,1.0,0.8,0.53,1.0,0.673469,1.5008,1.5008
JG_20260426_1155_영등포구_광야홈리스복지센터_JG_0109,8,성수1가2동노인복지관 대현분소,성동구,senior_friendly,0.9585,1,0.0,1.0,0.8,0.53,1.0,1.0,1.3645,1.3645
JG_20260426_1155_영등포구_광야홈리스복지센터_JG_0109,9,강남구립 도곡1노인복지관,강남구,senior_friendly,0.9536,2,0.0,1.0,0.8,0.53,1.0,0.979592,1.3596,1.3596
JG_20260426_1155_영등포구_광야홈리스복지센터_JG_0109,10,강동구립 해공노인복지관,강동구,senior_friendly,0.952,3,0.0,1.0,0.8,0.53,1.0,0.959184,1.358,1.358
JG_20260427_1020_서초구_광수약국_JG_0110,1,신림,관악구,subway,0.9468,1,0.45,1.0,0.3,0.35,0.7,1.0,1.6318,1.6318
JG_20260427_1020_서초구_광수약국_JG_0110,2,고속터미널,서초구,subway,0.4976,9,1.0,1.0,0.3,0.35,0.7,0.836735,1.5676,1.5676
JG_20260427_1020_서초구_광수약국_JG_0110,3,양재(서초구청),서초구,subway,0.4286,10,1.0,1.0,0.3,0.35,0.7,0.816327,1.4986,1.4986
JG_20260427_1020_서초구_광수약국_JG_0110,4,서울대입구(관악구청),관악구,subway,0.7382,5,0.45,1.0,0.3,0.35,0.7,0.918367,1.4232,1.4232
JG_20260427_1020_서초구_광수약국_JG_0110,5,잠실(송파구청),송파구,subway,0.8013,2,0.25,1.0,0.3,0.35,0.7,0.979592,1.3463,1.3463
JG_20260427_1020_서초구_광수약국_JG_0110,6,서울역,중구,subway,0.7902,3,0.0,1.0,0.3,0.35,0.7,0.959184,1.1602,1.1602
JG_20260427_1020_서초구_광수약국_JG_0110,7,구로디지털단지,구로구,subway,0.776,4,0.0,1.0,0.3,0.35,0.7,0.938776,1.146,1.146
JG_20260427_1020_서초구_광수약국_JG_0110,8,삼성(무역센터),강남구,subway,0.4072,37,0.45,1.0,0.3,0.35,0.7,0.265306,1.0922,1.0922
JG_20260427_1020_서초구_광수약국_JG_0110,9,역삼,강남구,subway,0.4011,45,0.45,1.0,0.3,0.35,0.7,0.102041,1.0861,1.0861
JG_20260427_1020_서초구_광수약국_JG_0110,10,신도림,구로구,subway,0.7139,6,0.0,1.0,0.3,0.35,0.7,0.897959,1.0839,1.0839
JG_20260427_1100_서초구_서울고속버스터미널지하상가_JG_0111,1,노량진수산시장골목형상점가,동작구,market,0.4672,12,0.45,1.0,0.7,0.35,0.75,0.77551,1.1522,1.1522
JG_20260427_1100_서초구_서울고속버스터미널지하상가_JG_0111,2,신림별빛거리 골목형상점가,관악구,market,0.4446,23,0.45,1.0,0.7,0.35,0.75,0.55102,1.1296,1.1296
JG_20260427_1100_서초구_서울고속버스터미널지하상가_JG_0111,3,이수미로 골목형상점가,동작구,market,0.4371,31,0.45,1.0,0.7,0.35,0.75,0.387755,1.1221,1.1221
JG_20260427_1100_서초구_서울고속버스터미널지하상가_JG_0111,4,천호로데오거리상점가,강동구,market,0.5458,4,0.25,1.0,0.7,0.35,0.75,0.938776,1.0908,1.0908
JG_20260427_1100_서초구_서울고속버스터미널지하상가_JG_0111,5,가락몰 골목형상점가,송파구,market,0.514,6,0.25,1.0,0.7,0.35,0.75,0.897959,1.059,1.059
JG_20260427_1100_서초구_서울고속버스터미널지하상가_JG_0111,6,남대문시장,중구,market,0.6592,1,0.0,1.0,0.7,0.35,0.75,1.0,1.0292,1.0292
JG_20260427_1100_서초구_서울고속버스터미널지하상가_JG_0111,7,방이시장,송파구,market,0.4351,36,0.25,1.0,0.7,0.35,0.75,0.285714,0.9801,0.9801
JG_20260427_1100_서초구_서울고속버스터미널지하상가_JG_0111,8,장신구거리,강동구,market,0.4349,37,0.25,1.0,0.7,0.35,0.75,0.265306,0.9799,0.9799
JG_20260427_1100_서초구_서울고속버스터미널지하상가_JG_0111,9,풍납시장,송파구,market,0.4315,48,0.25,1.0,0.7,0.35,0.75,0.040816,0.9765,0.9765
JG_20260427_1100_서초구_서울고속버스터미널지하상가_JG_0111,10,동대문종합시장,종로구,market,0.5837,2,0.0,1.0,0.7,0.35,0.75,0.979592,0.9537,0.9537
JG_20260429_1050_성북구_장위14주택재개발구역_JG_0119,1,신림,관악구,subway,0.9468,1,0.0,1.0,0.3,0.35,0.0,1.0,1.3168,1.3168
JG_20260429_1050_성북구_장위14주택재개발구역_JG_0119,2,수유(강북구청),강북구,subway,0.6126,11,0.45,1.0,0.3,0.35,0.0,0.795918,1.2976,1.2976
JG_20260429_1050_성북구_장위14주택재개발구역_JG_0119,3,잠실(송파구청),송파구,subway,0.8013,2,0.0,1.0,0.3,0.35,0.0,0.979592,1.1713,1.1713
JG_20260429_1050_성북구_장위14주택재개발구역_JG_0119,4,쌍문,도봉구,subway,0.623,10,0.25,1.0,0.3,0.35,0.0,0.816327,1.168,1.168
JG_20260429_1050_성북구_장위14주택재개발구역_JG_0119,5,서울역,중구,subway,0.7902,3,0.0,1.0,0.3,0.35,0.0,0.959184,1.1602,1.1602
JG_20260429_1050_성북구_장위14주택재개발구역_JG_0119,6,구로디지털단지,구로구,subway,0.776,4,0.0,1.0,0.3,0.35,0.0,0.938776,1.146,1.146
JG_20260429_1050_성북구_장위14주택재개발구역_JG_0119,7,구의(광진구청),광진구,subway,0.5673,16,0.25,1.0,0.3,0.35,0.0,0.693878,1.1123,1.1123
JG_20260429_1050_성북구_장위14주택재개발구역_JG_0119,8,서울대입구(관악구청),관악구,subway,0.7382,5,0.0,1.0,0.3,0.35,0.0,0.918367,1.1082,1.1082
JG_20260429_1050_성북구_장위14주택재개발구역_JG_0119,9,신도림,구로구,subway,0.7139,6,0.0,1.0,0.3,0.35,0.0,0.897959,1.0839,1.0839
JG_20260429_1050_성북구_장위14주택재개발구역_JG_0119,10,건대입구,광진구,subway,0.5155,31,0.25,1.0,0.3,0.35,0.0,0.387755,1.0605,1.0605
JG_20260429_1200_성북구_정릉공영차고지_JG_0121,1,서울역,중구,subway,0.9642,1,0.0,1.0,0.2,0.35,0.7,1.0,1.3342,1.3342
JG_20260429_1200_성북구_정릉공영차고지_JG_0121,2,잠실(송파구청),송파구,subway,0.9611,2,0.0,1.0,0.2,0.35,0.7,0.979592,1.3311,1.3311
JG_20260429_1200_성북구_정릉공영차고지_JG_0121,3,강남,강남구,subway,0.9318,3,0.0,1.0,0.2,0.35,0.7,0.959184,1.3018,1.3018
JG_20260429_1200_성북구_정릉공영차고지_JG_0121,4,종각,종로구,subway,0.5903,18,0.45,1.0,0.2,0.35,0.7,0.653061,1.2753,1.2753
JG_20260429_1200_성북구_정릉공영차고지_JG_0121,5,혜화,종로구,subway,0.5759,22,0.45,1.0,0.2,0.35,0.7,0.571429,1.2609,1.2609
JG_20260429_1200_성북구_정릉공영차고지_JG_0121,6,홍대입구,마포구,subway,0.8656,4,0.0,1.0,0.2,0.35,0.7,0.938776,1.2356,1.2356
JG_20260429_1200_성북구_정릉공영차고지_JG_0121,7,수유(강북구청),강북구,subway,0.5395,31,0.45,1.0,0.2,0.35,0.7,0.387755,1.2245,1.2245
JG_20260429_1200_성북구_정릉공영차고지_JG_0121,8,고속터미널,서초구,subway,0.8161,5,0.0,1.0,0.2,0.35,0.7,0.918367,1.1861,1.1861
JG_20260429_1200_성북구_정릉공영차고지_JG_0121,9,삼성(무역센터),강남구,subway,0.7312,6,0.0,1.0,0.2,0.35,0.7,0.897959,1.1012,1.1012
JG_20260429_1200_성북구_정릉공영차고지_JG_0121,10,성수,성동구,subway,0.7287,7,0.0,1.0,0.2,0.35,0.7,0.877551,1.0987,1.0987
JG_20260430_0500_양천구_신정차량사업소_JG_0123,1,신림,관악구,subway,0.9468,1,0.25,1.0,0.4,0.35,0.7,1.0,1.4918,1.4918
JG_20260430_0500_양천구_신정차량사업소_JG_0123,2,구로디지털단지,구로구,subway,0.776,4,0.45,1.0,0.4,0.35,0.7,0.938776,1.461,1.461
JG_20260430_0500_양천구_신정차량사업소_JG_0123,3,신도림,구로구,subway,0.7139,6,0.45,1.0,0.4,0.35,0.7,0.897959,1.3989,1.3989
JG_20260430_0500_양천구_신정차량사업소_JG_0123,4,까치산,강서구,subway,0.6301,8,0.45,1.0,0.4,0.35,0.7,0.857143,1.3151,1.3151
JG_20260430_0500_양천구_신정차량사업소_JG_0123,5,화곡,강서구,subway,0.6251,9,0.45,1.0,0.4,0.35,0.7,0.836735,1.3101,1.3101
JG_20260430_0500_양천구_신정차량사업소_JG_0123,6,서울대입구(관악구청),관악구,subway,0.7382,5,0.25,1.0,0.4,0.35,0.7,0.918367,1.2832,1.2832
JG_20260430_0500_양천구_신정차량사업소_JG_0123,7,대림(구로구청),구로구,subway,0.5172,30,0.45,1.0,0.4,0.35,0.7,0.408163,1.2022,1.2022
JG_20260430_0500_양천구_신정차량사업소_JG_0123,8,잠실(송파구청),송파구,subway,0.8013,2,0.0,1.0,0.4,0.35,0.7,0.979592,1.1713,1.1713
JG_20260430_0500_양천구_신정차량사업소_JG_0123,9,서울역,중구,subway,0.7902,3,0.0,1.0,0.4,0.35,0.7,0.959184,1.1602,1.1602
JG_20260430_0500_양천구_신정차량사업소_JG_0123,10,영등포,영등포구,subway,0.4735,46,0.45,1.0,0.4,0.35,0.7,0.081633,1.1585,1.1585
JG_20260430_0540_양천구_양천공영차고지_JG_0124,1,양천어르신종합복지관,양천구,senior_friendly,0.746,1,1.0,0.0,0.2,0.0,0.0,1.0,1.446,1.446
JG_20260430_0540_양천구_양천공영차고지_JG_0124,2,계남근린공원,양천구,park,0.6437,2,1.0,0.0,0.25,0.0,0.0,0.979592,1.3437,1.3437
JG_20260430_0540_양천구_양천공영차고지_JG_0124,3,서서울호수공원,양천구,park,0.6335,3,1.0,0.0,0.25,0.0,0.0,0.959184,1.3335,1.3335
JG_20260430_0540_양천구_양천공영차고지_JG_0124,4,갈산근린공원,양천구,park,0.6227,4,1.0,0.0,0.25,0.0,0.0,0.938776,1.3227,1.3227
JG_20260430_0540_양천구_양천공영차고지_JG_0124,5,용왕산근린공원,양천구,park,0.612,5,1.0,0.0,0.25,0.0,0.0,0.918367,1.312,1.312
JG_20260430_0540_양천구_양천공영차고지_JG_0124,6,파리근린공원,양천구,park,0.6047,6,1.0,0.0,0.25,0.0,0.0,0.897959,1.3047,1.3047
JG_20260430_0540_양천구_양천공영차고지_JG_0124,7,신영시장,양천구,market,0.4237,7,1.0,0.35,0.5,0.12,0.0,0.877551,1.2527,1.2527
JG_20260430_0540_양천구_양천공영차고지_JG_0124,8,목동깨비시장,양천구,market,0.423,8,1.0,0.35,0.5,0.12,0.0,0.857143,1.252,1.252
JG_20260430_0540_양천구_양천공영차고지_JG_0124,9,목2동시장,양천구,market,0.4223,9,1.0,0.35,0.5,0.12,0.0,0.836735,1.2513,1.2513
JG_20260430_0540_양천구_양천공영차고지_JG_0124,10,목사랑시장,양천구,market,0.4216,10,1.0,0.35,0.5,0.12,0.0,0.816327,1.2506,1.2506
JG_20260430_1500_금천구_금천현대시장_JG_0130,1,대명여울빛거리시장,금천구,market,0.4824,6,1.0,1.0,0.8,0.35,0.75,0.897959,1.5524,1.5524
JG_20260430_1500_금천구_금천현대시장_JG_0130,2,비단길현대시장,금천구,market,0.4807,7,1.0,1.0,0.8,0.35,0.75,0.877551,1.5507,1.5507
JG_20260430_1500_금천구_금천현대시장_JG_0130,3,법원단지길 상점가,금천구,market,0.4739,8,1.0,1.0,0.8,0.35,0.75,0.857143,1.5439,1.5439
JG_20260430_1500_금천구_금천현대시장_JG_0130,4,별빛남문시장,금천구,market,0.4734,9,1.0,1.0,0.8,0.35,0.75,0.836735,1.5434,1.5434
JG_20260430_1500_금천구_금천현대시장_JG_0130,5,정훈한마음골목시장,금천구,market,0.4713,10,1.0,1.0,0.8,0.35,0.75,0.816327,1.5413,1.5413
JG_20260430_1500_금천구_금천현대시장_JG_0130,6,신원시장,관악구,market,0.4713,12,0.45,1.0,0.8,0.35,0.75,0.77551,1.1563,1.1563
JG_20260430_1500_금천구_금천현대시장_JG_0130,7,조원동펭귄시장,관악구,market,0.471,21,0.45,1.0,0.8,0.35,0.75,0.591837,1.156,1.156
JG_20260430_1500_금천구_금천현대시장_JG_0130,8,가리봉시장,구로구,market,0.4705,34,0.45,1.0,0.8,0.35,0.75,0.326531,1.1555,1.1555
JG_20260430_1500_금천구_금천현대시장_JG_0130,9,관악신사시장,관악구,market,0.4703,37,0.45,1.0,0.8,0.35,0.75,0.265306,1.1553,1.1553
JG_20260430_1500_금천구_금천현대시장_JG_0130,10,인헌시장,관악구,market,0.4699,45,0.45,1.0,0.8,0.35,0.75,0.102041,1.1549,1.1549
JG_20260501_1400_마포구_여의도공원10번출구_JG_0132,1,홍대입구,마포구,subway,0.8656,1,1.0,0.0,0.25,0.0,0.7,1.0,1.5656,1.5656
JG_20260501_1400_마포구_여의도공원10번출구_JG_0132,2,용강 노인복지관,마포구,senior_friendly,0.7839,2,1.0,0.0,0.55,0.0,0.25,0.979592,1.4839,1.4839
JG_20260501_1400_마포구_여의도공원10번출구_JG_0132,3,월드컵공원,마포구,park,0.7425,3,1.0,0.0,0.7,0.0,0.7,0.959184,1.4425,1.4425
JG_20260501_1400_마포구_여의도공원10번출구_JG_0132,4,문화비축기지,마포구,park,0.634,4,1.0,0.0,0.7,0.0,0.7,0.938776,1.334,1.334
JG_20260501_1400_마포구_여의도공원10번출구_JG_0132,5,와우근린공원,마포구,park,0.6305,5,1.0,0.0,0.7,0.0,0.7,0.918367,1.3305,1.3305
JG_20260501_1400_마포구_여의도공원10번출구_JG_0132,6,상암근린공원,마포구,park,0.6243,6,1.0,0.0,0.7,0.0,0.7,0.897959,1.3243,1.3243
JG_20260501_1400_마포구_여의도공원10번출구_JG_0132,7,아현시장,마포구,market,0.4776,9,1.0,0.35,0.8,0.12,0.75,0.836735,1.3066,1.3066
JG_20260501_1400_마포구_여의도공원10번출구_JG_0132,8,연남동골목형상점가,마포구,market,0.4764,10,1.0,0.35,0.8,0.12,0.75,0.816327,1.3054,1.3054
JG_20260501_1400_마포구_여의도공원10번출구_JG_0132,9,외국인묘지공원,마포구,park,0.5815,7,1.0,0.0,0.7,0.0,0.7,0.877551,1.2815,1.2815
JG_20260501_1400_마포구_여의도공원10번출구_JG_0132,10,합정,마포구,subway,0.4906,8,1.0,0.0,0.25,0.0,0.7,0.857143,1.1906,1.1906
JG_20260502_0700_마포구_마포구월드컵로251_JG_0133,1,월드컵공원,마포구,park,0.7248,2,1.0,1.0,0.15,0.35,0.7,0.979592,1.7948,1.7948
JG_20260502_0700_마포구_마포구월드컵로251_JG_0133,2,문화비축기지,마포구,park,0.6163,7,1.0,1.0,0.15,0.35,0.7,0.877551,1.6863,1.6863
JG_20260502_0700_마포구_마포구월드컵로251_JG_0133,3,와우근린공원,마포구,park,0.6129,8,1.0,1.0,0.15,0.35,0.7,0.857143,1.6829,1.6829
JG_20260502_0700_마포구_마포구월드컵로251_JG_0133,4,상암근린공원,마포구,park,0.6077,9,1.0,1.0,0.15,0.35,0.7,0.836735,1.6777,1.6777
JG_20260502_0700_마포구_마포구월드컵로251_JG_0133,5,외국인묘지공원,마포구,park,0.565,10,1.0,1.0,0.15,0.35,0.7,0.816327,1.635,1.635
JG_20260502_0700_마포구_마포구월드컵로251_JG_0133,6,백련근린공원,서대문구,park,0.7077,4,0.45,1.0,0.15,0.35,0.7,0.938776,1.3927,1.3927
JG_20260502_0700_마포구_마포구월드컵로251_JG_0133,7,안산도시자연공원,서대문구,park,0.6971,6,0.45,1.0,0.15,0.35,0.7,0.897959,1.3821,1.3821
JG_20260502_0700_마포구_마포구월드컵로251_JG_0133,8,매화근린공원,강서구,park,0.5416,14,0.45,1.0,0.15,0.35,0.7,0.734694,1.2266,1.2266
JG_20260502_0700_마포구_마포구월드컵로251_JG_0133,9,진관근린공원(구파발폭포),은평구,park,0.4701,16,0.45,1.0,0.15,0.35,0.7,0.693878,1.1551,1.1551
JG_20260502_0700_마포구_마포구월드컵로251_JG_0133,10,봉은공원,강남구,park,0.7275,1,0.0,1.0,0.15,0.35,0.7,1.0,1.0975,1.0975
JG_20260502_1000_동대문구_밥퍼나눔운동본부_JG_0134,1,서울시립동대문노인종합복지관,동대문구,senior_friendly,0.928,10,1.0,1.0,0.8,0.53,1.0,0.816327,2.034,2.034
JG_20260502_1000_동대문구_밥퍼나눔운동본부_JG_0134,2,성수1가2동노인복지관 대현분소,성동구,senior_friendly,0.9585,1,0.45,1.0,0.8,0.53,1.0,1.0,1.6795,1.6795
JG_20260502_1000_동대문구_밥퍼나눔운동본부_JG_0134,3,구립 자양노인복지관,광진구,senior_friendly,0.9487,4,0.45,1.0,0.8,0.53,1.0,0.938776,1.6697,1.6697
JG_20260502_1000_동대문구_밥퍼나눔운동본부_JG_0134,4,구립신내노인종합복지관,중랑구,senior_friendly,0.9231,14,0.45,1.0,0.8,0.53,1.0,0.734694,1.6441,1.6441
JG_20260502_1000_동대문구_밥퍼나눔운동본부_JG_0134,5,시립성북노인종합복지관,성북구,senior_friendly,0.9231,16,0.45,1.0,0.8,0.53,1.0,0.693878,1.6441,1.6441
JG_20260502_1000_동대문구_밥퍼나눔운동본부_JG_0134,6,종로노인종합복지관,종로구,senior_friendly,0.9198,24,0.45,1.0,0.8,0.53,1.0,0.530612,1.6408,1.6408
JG_20260502_1000_동대문구_밥퍼나눔운동본부_JG_0134,7,강북노인종합복지관,강북구,senior_friendly,0.9198,19,0.25,1.0,0.8,0.53,1.0,0.632653,1.5008,1.5008
JG_20260502_1000_동대문구_밥퍼나눔운동본부_JG_0134,8,도봉노인종합복지관,도봉구,senior_friendly,0.9198,22,0.25,1.0,0.8,0.53,1.0,0.571429,1.5008,1.5008
JG_20260502_1000_동대문구_밥퍼나눔운동본부_JG_0134,9,강남구립 도곡1노인복지관,강남구,senior_friendly,0.9536,2,0.0,1.0,0.8,0.53,1.0,0.979592,1.3596,1.3596
JG_20260502_1000_동대문구_밥퍼나눔운동본부_JG_0134,10,강동구립 해공노인복지관,강동구,senior_friendly,0.952,3,0.0,1.0,0.8,0.53,1.0,0.959184,1.358,1.358
JG_20260503_0830_용산구_효창운동장_JG_0136,1,용산,용산구,subway,0.4554,10,1.0,1.0,1.0,0.35,0.0,0.816327,1.5254,1.5254
JG_20260503_0830_용산구_효창운동장_JG_0136,2,서울역,중구,subway,0.7902,3,0.45,1.0,1.0,0.35,0.0,0.959184,1.4752,1.4752
JG_20260503_0830_용산구_효창운동장_JG_0136,3,신림,관악구,subway,0.9468,1,0.0,1.0,1.0,0.35,0.0,1.0,1.3168,1.3168
JG_20260503_0830_용산구_효창운동장_JG_0136,4,잠실(송파구청),송파구,subway,0.8013,2,0.0,1.0,1.0,0.35,0.0,0.979592,1.1713,1.1713
JG_20260503_0830_용산구_효창운동장_JG_0136,5,구로디지털단지,구로구,subway,0.776,4,0.0,1.0,1.0,0.35,0.0,0.938776,1.146,1.146
JG_20260503_0830_용산구_효창운동장_JG_0136,6,양재(서초구청),서초구,subway,0.4286,34,0.45,1.0,1.0,0.35,0.0,0.326531,1.1136,1.1136
JG_20260503_0830_용산구_효창운동장_JG_0136,7,성수,성동구,subway,0.4239,39,0.45,1.0,1.0,0.35,0.0,0.22449,1.1089,1.1089
JG_20260503_0830_용산구_효창운동장_JG_0136,8,합정,마포구,subway,0.4234,40,0.45,1.0,1.0,0.35,0.0,0.204082,1.1084,1.1084
JG_20260503_0830_용산구_효창운동장_JG_0136,9,서울대입구(관악구청),관악구,subway,0.7382,5,0.0,1.0,1.0,0.35,0.0,0.918367,1.1082,1.1082
JG_20260503_0830_용산구_효창운동장_JG_0136,10,신도림,구로구,subway,0.7139,6,0.0,1.0,1.0,0.35,0.0,0.897959,1.0839,1.0839
JG_20260504_1430_영등포구_한국거래소_JG_0142,1,영등포,영등포구,subway,0.6567,3,1.0,1.0,0.25,0.35,0.7,0.959184,1.7267,1.7267
JG_20260504_1430_영등포구_한국거래소_JG_0142,2,여의도,영등포구,subway,0.5131,9,1.0,1.0,0.25,0.35,0.7,0.836735,1.5831,1.5831
JG_20260504_1430_영등포구_한국거래소_JG_0142,3,구립영등포노인종합복지관,영등포구,senior_friendly,0.7632,1,1.0,0.0,0.55,0.0,0.0,1.0,1.4632,1.4632
JG_20260504_1430_영등포구_한국거래소_JG_0142,4,여의도근린공원,영등포구,park,0.7046,2,1.0,0.0,0.7,0.0,0.0,0.979592,1.4046,1.4046
JG_20260504_1430_영등포구_한국거래소_JG_0142,5,영등포유통상가,영등포구,market,0.5381,8,1.0,0.35,0.8,0.12,0.0,0.857143,1.3671,1.3671
JG_20260504_1430_영등포구_한국거래소_JG_0142,6,영등포시장기계공구상가,영등포구,market,0.4939,10,1.0,0.35,0.8,0.12,0.0,0.816327,1.3229,1.3229
JG_20260504_1430_영등포구_한국거래소_JG_0142,7,선유도근린공원,영등포구,park,0.6121,4,1.0,0.0,0.7,0.0,0.0,0.938776,1.3121,1.3121
JG_20260504_1430_영등포구_한국거래소_JG_0142,8,영등포근린공원,영등포구,park,0.6119,5,1.0,0.0,0.7,0.0,0.0,0.918367,1.3119,1.3119
JG_20260504_1430_영등포구_한국거래소_JG_0142,9,영등포청과시장,영등포구,market,0.478,49,1.0,0.35,0.8,0.12,0.0,0.020408,1.307,1.307
JG_20260504_1430_영등포구_한국거래소_JG_0142,10,중마루근린공원,영등포구,park,0.6067,6,1.0,0.0,0.7,0.0,0.0,0.897959,1.3067,1.3067
JG_20260505_1100_광진구_서울어린이대공원_JG_0143,1,어린이대공원,광진구,park,0.6201,9,1.0,1.0,0.4,0.97,0.7,0.836735,1.8141,1.8141
JG_20260505_1100_광진구_서울어린이대공원_JG_0143,2,아차산공원,광진구,park,0.5971,10,1.0,1.0,0.4,0.53,0.7,0.816327,1.7031,1.7031
JG_20260505_1100_광진구_서울어린이대공원_JG_0143,3,봉은공원,강남구,park,0.7275,1,0.45,1.0,0.4,0.53,0.7,1.0,1.4485,1.4485
JG_20260505_1100_광진구_서울어린이대공원_JG_0143,4,중랑캠핑숲,중랑구,park,0.7213,3,0.45,1.0,0.4,0.35,0.7,0.959184,1.4063,1.4063
JG_20260505_1100_광진구_서울어린이대공원_JG_0143,5,동명근린공원,강동구,park,0.5893,17,0.45,1.0,0.4,0.53,0.7,0.673469,1.3103,1.3103
JG_20260505_1100_광진구_서울어린이대공원_JG_0143,6,성수근린공원,성동구,park,0.5878,20,0.45,1.0,0.4,0.53,0.7,0.612245,1.3088,1.3088
JG_20260505_1100_광진구_서울어린이대공원_JG_0143,7,달맞이근린공원,성동구,park,0.5851,21,0.45,1.0,0.4,0.53,0.7,0.591837,1.3061,1.3061
JG_20260505_1100_광진구_서울어린이대공원_JG_0143,8,도산근린공원,강남구,park,0.5757,28,0.45,1.0,0.4,0.53,0.7,0.44898,1.2967,1.2967
JG_20260505_1100_광진구_서울어린이대공원_JG_0143,9,허브천문공원,강동구,park,0.5742,30,0.45,1.0,0.4,0.53,0.7,0.408163,1.2952,1.2952
JG_20260505_1100_광진구_서울어린이대공원_JG_0143,10,샛마을근린공원,강동구,park,0.5638,36,0.45,1.0,0.4,0.53,0.7,0.285714,1.2848,1.2848
JG_20260505_1300_송파구_잠실종합운동장_JG_0144,1,장지근린공원,송파구,park,0.6518,4,1.0,1.0,0.65,0.35,0.7,0.938776,1.7218,1.7218
JG_20260505_1300_송파구_잠실종합운동장_JG_0144,2,아시아근린공원,송파구,park,0.6515,5,1.0,1.0,0.65,0.35,0.7,0.918367,1.7215,1.7215
JG_20260505_1300_송파구_잠실종합운동장_JG_0144,3,오금근린공원,송파구,park,0.6432,6,1.0,1.0,0.65,0.35,0.7,0.897959,1.7132,1.7132
JG_20260505_1300_송파구_잠실종합운동장_JG_0144,4,문정근린공원,송파구,park,0.6261,7,1.0,1.0,0.65,0.35,0.7,0.877551,1.6961,1.6961
JG_20260505_1300_송파구_잠실종합운동장_JG_0144,5,송파나루근린공원(석촌호수),송파구,park,0.6193,8,1.0,1.0,0.65,0.35,0.7,0.857143,1.6893,1.6893
JG_20260505_1300_송파구_잠실종합운동장_JG_0144,6,천마근린공원,송파구,park,0.6141,9,1.0,1.0,0.65,0.35,0.7,0.836735,1.6841,1.6841
JG_20260505_1300_송파구_잠실종합운동장_JG_0144,7,올림픽공원,송파구,park,0.4994,10,1.0,1.0,0.65,0.35,0.7,0.816327,1.5694,1.5694
JG_20260505_1300_송파구_잠실종합운동장_JG_0144,8,봉은공원,강남구,park,0.7451,1,0.45,1.0,0.65,0.35,0.7,1.0,1.4301,1.4301
JG_20260505_1300_송파구_잠실종합운동장_JG_0144,9,월드컵공원,마포구,park,0.7425,2,0.0,1.0,0.65,0.35,0.7,0.979592,1.1125,1.1125
JG_20260505_1300_송파구_잠실종합운동장_JG_0144,10,중랑캠핑숲,중랑구,park,0.7412,3,0.0,1.0,0.65,0.35,0.7,0.959184,1.1112,1.1112
JG_20260506_1040_중구_장충체육관_JG_0146,1,약수노인복지관,중구,senior_friendly,0.9438,9,1.0,1.0,0.8,0.53,1.0,0.836735,2.0498,2.0498
JG_20260506_1040_중구_장충체육관_JG_0146,2,성수1가2동노인복지관 대현분소,성동구,senior_friendly,0.9585,1,0.45,1.0,0.8,0.53,1.0,1.0,1.6795,1.6795
JG_20260506_1040_중구_장충체육관_JG_0146,3,북가좌노인복지관,서대문구,senior_friendly,0.9454,7,0.45,1.0,0.8,0.53,1.0,0.877551,1.6664,1.6664
JG_20260506_1040_중구_장충체육관_JG_0146,4,청파노인복지관,용산구,senior_friendly,0.9438,8,0.45,1.0,0.8,0.53,1.0,0.857143,1.6648,1.6648
JG_20260506_1040_중구_장충체육관_JG_0146,5,종로노인종합복지관,종로구,senior_friendly,0.9198,25,0.45,1.0,0.8,0.53,1.0,0.510204,1.6408,1.6408
JG_20260506_1040_중구_장충체육관_JG_0146,6,강남구립 도곡1노인복지관,강남구,senior_friendly,0.9536,2,0.0,1.0,0.8,0.53,1.0,0.979592,1.3596,1.3596
JG_20260506_1040_중구_장충체육관_JG_0146,7,강동구립 해공노인복지관,강동구,senior_friendly,0.952,3,0.0,1.0,0.8,0.53,1.0,0.959184,1.358,1.358
JG_20260506_1040_중구_장충체육관_JG_0146,8,구립 자양노인복지관,광진구,senior_friendly,0.9487,4,0.0,1.0,0.8,0.53,1.0,0.938776,1.3547,1.3547
JG_20260506_1040_중구_장충체육관_JG_0146,9,구립갈현노인복지관,은평구,senior_friendly,0.947,5,0.0,1.0,0.8,0.53,1.0,0.918367,1.353,1.353
JG_20260506_1040_중구_장충체육관_JG_0146,10,용강 노인복지관,마포구,senior_friendly,0.9454,6,0.0,1.0,0.8,0.53,1.0,0.897959,1.3514,1.3514
JG_20260507_1600_송파구_송파거여새마을지구공공재개발현장_JG_0154,1,잠실(송파구청),송파구,subway,0.9611,2,1.0,1.0,0.25,0.53,0.0,0.979592,2.0671,2.0671
JG_20260507_1600_송파구_송파거여새마을지구공공재개발현장_JG_0154,2,강남,강남구,subway,0.9318,3,0.45,1.0,0.25,0.35,0.0,0.959184,1.6168,1.6168
JG_20260507_1600_송파구_송파거여새마을지구공공재개발현장_JG_0154,3,삼성(무역센터),강남구,subway,0.7312,6,0.45,1.0,0.25,0.35,0.0,0.897959,1.4162,1.4162
JG_20260507_1600_송파구_송파거여새마을지구공공재개발현장_JG_0154,4,선릉,강남구,subway,0.7238,8,0.45,1.0,0.25,0.35,0.0,0.857143,1.4088,1.4088
JG_20260507_1600_송파구_송파거여새마을지구공공재개발현장_JG_0154,5,고속터미널,서초구,subway,0.8161,5,0.25,1.0,0.25,0.35,0.0,0.918367,1.3611,1.3611
JG_20260507_1600_송파구_송파거여새마을지구공공재개발현장_JG_0154,6,서울역,중구,subway,0.9642,1,0.0,1.0,0.25,0.35,0.0,1.0,1.3342,1.3342
JG_20260507_1600_송파구_송파거여새마을지구공공재개발현장_JG_0154,7,역삼,강남구,subway,0.6459,15,0.45,1.0,0.25,0.35,0.0,0.714286,1.3309,1.3309
JG_20260507_1600_송파구_송파거여새마을지구공공재개발현장_JG_0154,8,홍대입구,마포구,subway,0.8656,4,0.0,1.0,0.25,0.35,0.0,0.938776,1.2356,1.2356
JG_20260507_1600_송파구_송파거여새마을지구공공재개발현장_JG_0154,9,건대입구,광진구,subway,0.5488,27,0.45,1.0,0.25,0.35,0.0,0.469388,1.2338,1.2338
JG_20260507_1600_송파구_송파거여새마을지구공공재개발현장_JG_0154,10,구의(광진구청),광진구,subway,0.4793,50,0.45,1.0,0.25,0.35,0.0,0.0,1.1643,1.1643
JG_20260507_1700_송파구_새마을전통시장_JG_0155,1,가락몰 골목형상점가,송파구,market,0.5612,5,1.0,1.0,0.8,0.53,0.75,0.918367,1.6672,1.6672
JG_20260507_1700_송파구_새마을전통시장_JG_0155,2,방이시장,송파구,market,0.4822,6,1.0,1.0,0.8,0.53,0.75,0.897959,1.5882,1.5882
JG_20260507_1700_송파구_새마을전통시장_JG_0155,3,풍납시장,송파구,market,0.4787,7,1.0,1.0,0.8,0.53,0.75,0.877551,1.5847,1.5847
JG_20260507_1700_송파구_새마을전통시장_JG_0155,4,새마을시장,송파구,market,0.4763,8,1.0,1.0,0.8,0.53,0.75,0.857143,1.5823,1.5823
JG_20260507_1700_송파구_새마을전통시장_JG_0155,5,마천중앙시장,송파구,market,0.4757,9,1.0,1.0,0.8,0.53,0.75,0.836735,1.5817,1.5817
JG_20260507_1700_송파구_새마을전통시장_JG_0155,6,석촌시장,송파구,market,0.4732,10,1.0,1.0,0.8,0.53,0.75,0.816327,1.5792,1.5792
JG_20260507_1700_송파구_새마을전통시장_JG_0155,7,천호로데오거리상점가,강동구,market,0.5914,4,0.45,1.0,0.8,0.35,0.75,0.938776,1.2764,1.2764
JG_20260507_1700_송파구_새마을전통시장_JG_0155,8,자양한강전통시장,광진구,market,0.4712,44,0.45,1.0,0.8,0.53,0.75,0.122449,1.1922,1.1922
JG_20260507_1700_송파구_새마을전통시장_JG_0155,9,화양제일골목시장,광진구,market,0.4717,31,0.45,1.0,0.8,0.35,0.75,0.387755,1.1567,1.1567
JG_20260507_1700_송파구_새마을전통시장_JG_0155,10,영동교골목시장,광진구,market,0.4712,43,0.45,1.0,0.8,0.35,0.75,0.142857,1.1562,1.1562
JG_20260508_1500_강남구_개포우성7차아파트1015105_JG_0158,1,강남,강남구,subway,0.9318,3,1.0,1.0,0.25,0.53,0.0,0.959184,2.0378,2.0378
JG_20260508_1500_강남구_개포우성7차아파트1015105_JG_0158,2,삼성(무역센터),강남구,subway,0.7312,6,1.0,1.0,0.25,0.53,0.0,0.897959,1.8372,1.8372
JG_20260508_1500_강남구_개포우성7차아파트1015105_JG_0158,3,선릉,강남구,subway,0.7238,8,1.0,1.0,0.25,0.53,0.0,0.857143,1.8298,1.8298
JG_20260508_1500_강남구_개포우성7차아파트1015105_JG_0158,4,역삼,강남구,subway,0.6459,9,1.0,1.0,0.25,0.53,0.0,0.836735,1.7519,1.7519
JG_20260508_1500_강남구_개포우성7차아파트1015105_JG_0158,5,잠실(송파구청),송파구,subway,0.9611,2,0.45,1.0,0.25,0.35,0.0,0.979592,1.6461,1.6461
JG_20260508_1500_강남구_개포우성7차아파트1015105_JG_0158,6,고속터미널,서초구,subway,0.8161,5,0.45,1.0,0.25,0.35,0.0,0.918367,1.5011,1.5011
JG_20260508_1500_강남구_개포우성7차아파트1015105_JG_0158,7,강남구청,강남구,subway,0.364,10,1.0,1.0,0.25,0.53,0.0,0.816327,1.47,1.47
JG_20260508_1500_강남구_개포우성7차아파트1015105_JG_0158,8,성수,성동구,subway,0.7287,7,0.45,1.0,0.25,0.35,0.0,0.877551,1.4137,1.4137
JG_20260508_1500_강남구_개포우성7차아파트1015105_JG_0158,9,서울역,중구,subway,0.9642,1,0.0,1.0,0.25,0.35,0.0,1.0,1.3342,1.3342
JG_20260508_1500_강남구_개포우성7차아파트1015105_JG_0158,10,홍대입구,마포구,subway,0.8656,4,0.0,1.0,0.25,0.35,0.0,0.938776,1.2356,1.2356
JG_20260509_1145_영등포구_샛강생태공원_JG_0160,1,영등포,영등포구,subway,0.4735,8,1.0,1.0,0.3,0.35,0.7,0.857143,1.5435,1.5435
JG_20260509_1145_영등포구_샛강생태공원_JG_0160,2,당산,영등포구,subway,0.4319,9,1.0,1.0,0.3,0.35,0.7,0.836735,1.5019,1.5019
JG_20260509_1145_영등포구_샛강생태공원_JG_0160,3,신림,관악구,subway,0.9468,1,0.25,1.0,0.3,0.35,0.7,1.0,1.4918,1.4918
JG_20260509_1145_영등포구_샛강생태공원_JG_0160,4,영등포구청,영등포구,subway,0.4079,10,1.0,1.0,0.3,0.35,0.7,0.816327,1.4779,1.4779
JG_20260509_1145_영등포구_샛강생태공원_JG_0160,5,구로디지털단지,구로구,subway,0.776,4,0.45,1.0,0.3,0.35,0.7,0.938776,1.461,1.461
JG_20260509_1145_영등포구_샛강생태공원_JG_0160,6,신도림,구로구,subway,0.7139,6,0.45,1.0,0.3,0.35,0.7,0.897959,1.3989,1.3989
JG_20260509_1145_영등포구_샛강생태공원_JG_0160,7,서울대입구(관악구청),관악구,subway,0.7382,5,0.25,1.0,0.3,0.35,0.7,0.918367,1.2832,1.2832
JG_20260509_1145_영등포구_샛강생태공원_JG_0160,8,잠실(송파구청),송파구,subway,0.8013,2,0.0,1.0,0.3,0.35,0.7,0.979592,1.1713,1.1713
JG_20260509_1145_영등포구_샛강생태공원_JG_0160,9,서울역,중구,subway,0.7902,3,0.0,1.0,0.3,0.35,0.7,0.959184,1.1602,1.1602
JG_20260509_1145_영등포구_샛강생태공원_JG_0160,10,마포구청,마포구,subway,0.3973,28,0.45,1.0,0.3,0.35,0.7,0.44898,1.0823,1.0823
JG_20260509_1330_영등포구_여의도공원3동무궁화화장실앞_JG_0161,1,여의도근린공원,영등포구,park,0.7046,6,1.0,1.0,0.65,0.53,0.0,0.897959,1.8106,1.8106
JG_20260509_1330_영등포구_여의도공원3동무궁화화장실앞_JG_0161,2,선유도근린공원,영등포구,park,0.6121,7,1.0,1.0,0.65,0.53,0.0,0.877551,1.7181,1.7181
JG_20260509_1330_영등포구_여의도공원3동무궁화화장실앞_JG_0161,3,영등포근린공원,영등포구,park,0.6119,8,1.0,1.0,0.65,0.53,0.0,0.857143,1.7179,1.7179
JG_20260509_1330_영등포구_여의도공원3동무궁화화장실앞_JG_0161,4,중마루근린공원,영등포구,park,0.6067,9,1.0,1.0,0.65,0.53,0.0,0.836735,1.7127,1.7127
JG_20260509_1330_영등포구_여의도공원3동무궁화화장실앞_JG_0161,5,자매근린공원,영등포구,park,0.5863,10,1.0,1.0,0.65,0.53,0.0,0.816327,1.6923,1.6923
JG_20260509_1330_영등포구_여의도공원3동무궁화화장실앞_JG_0161,6,월드컵공원,마포구,park,0.7425,2,0.45,1.0,0.65,0.53,0.0,0.979592,1.4635,1.4635
JG_20260509_1330_영등포구_여의도공원3동무궁화화장실앞_JG_0161,7,외국인묘지공원,마포구,park,0.5815,11,0.45,1.0,0.65,0.53,0.0,0.795918,1.3025,1.3025
JG_20260509_1330_영등포구_여의도공원3동무궁화화장실앞_JG_0161,8,매화근린공원,강서구,park,0.5581,15,0.45,1.0,0.65,0.53,0.0,0.714286,1.2791,1.2791
JG_20260509_1330_영등포구_여의도공원3동무궁화화장실앞_JG_0161,9,봉은공원,강남구,park,0.7451,1,0.0,1.0,0.65,0.53,0.0,1.0,1.1511,1.1511
JG_20260509_1330_영등포구_여의도공원3동무궁화화장실앞_JG_0161,10,백련근린공원,서대문구,park,0.7275,4,0.0,1.0,0.65,0.53,0.0,0.938776,1.1335,1.1335
JG_20260511_1000_강서구_마곡lg사이언스파크isc동_JG_0167,1,서울식물원,강서구,park,0.6609,1,1.0,0.0,0.4,0.0,0.0,1.0,1.3609,1.3609
JG_20260511_1000_강서구_마곡lg사이언스파크isc동_JG_0167,2,방화근린공원,강서구,park,0.6584,2,1.0,0.0,0.4,0.0,0.0,0.979592,1.3584,1.3584
JG_20260511_1000_강서구_마곡lg사이언스파크isc동_JG_0167,3,우장산근린공원,강서구,park,0.6338,3,1.0,0.0,0.4,0.0,0.0,0.959184,1.3338,1.3338
JG_20260511_1000_강서구_마곡lg사이언스파크isc동_JG_0167,4,봉제산공원,강서구,park,0.6165,4,1.0,0.0,0.4,0.0,0.0,0.938776,1.3165,1.3165
JG_20260511_1000_강서구_마곡lg사이언스파크isc동_JG_0167,5,개화근린공원,강서구,park,0.6086,5,1.0,0.0,0.4,0.0,0.0,0.918367,1.3086,1.3086
JG_20260511_1000_강서구_마곡lg사이언스파크isc동_JG_0167,6,꿩고개근린공원,강서구,park,0.5968,6,1.0,0.0,0.4,0.0,0.0,0.897959,1.2968,1.2968
JG_20260511_1000_강서구_마곡lg사이언스파크isc동_JG_0167,7,궁산근린공원,강서구,park,0.5946,7,1.0,0.0,0.4,0.0,0.0,0.877551,1.2946,1.2946
JG_20260511_1000_강서구_마곡lg사이언스파크isc동_JG_0167,8,염창근린공원,강서구,park,0.5899,8,1.0,0.0,0.4,0.0,0.0,0.857143,1.2899,1.2899
JG_20260511_1000_강서구_마곡lg사이언스파크isc동_JG_0167,9,허준공원,강서구,park,0.5765,9,1.0,0.0,0.4,0.0,0.0,0.836735,1.2765,1.2765
JG_20260511_1000_강서구_마곡lg사이언스파크isc동_JG_0167,10,매화근린공원,강서구,park,0.5416,10,1.0,0.0,0.4,0.0,0.0,0.816327,1.2416,1.2416
JG_20260514_1400_중구_투썸플레이스정동길점_JG_0177,1,남대문시장,중구,market,0.7056,1,1.0,1.0,0.8,0.35,0.75,1.0,1.7756,1.7756
JG_20260514_1400_중구_투썸플레이스정동길점_JG_0177,2,평화시장,중구,market,0.5528,2,1.0,1.0,0.8,0.35,0.75,0.979592,1.6228,1.6228
JG_20260514_1400_중구_투썸플레이스정동길점_JG_0177,3,삼익패션타운,중구,market,0.5222,3,1.0,1.0,0.8,0.35,0.75,0.959184,1.5922,1.5922
JG_20260514_1400_중구_투썸플레이스정동길점_JG_0177,4,동평화시장,중구,market,0.5126,4,1.0,1.0,0.8,0.35,0.75,0.938776,1.5826,1.5826
JG_20260514_1400_중구_투썸플레이스정동길점_JG_0177,5,청평화시장,중구,market,0.5024,5,1.0,1.0,0.8,0.35,0.75,0.918367,1.5724,1.5724
JG_20260514_1400_중구_투썸플레이스정동길점_JG_0177,6,신평화패션타운,중구,market,0.4993,6,1.0,1.0,0.8,0.35,0.75,0.897959,1.5693,1.5693
JG_20260514_1400_중구_투썸플레이스정동길점_JG_0177,7,방산시장,중구,market,0.4988,7,1.0,1.0,0.8,0.35,0.75,0.877551,1.5688,1.5688
JG_20260514_1400_중구_투썸플레이스정동길점_JG_0177,8,광희패션몰,중구,market,0.4973,8,1.0,1.0,0.8,0.35,0.75,0.857143,1.5673,1.5673
JG_20260514_1400_중구_투썸플레이스정동길점_JG_0177,9,통일상가,중구,market,0.4936,9,1.0,1.0,0.8,0.35,0.75,0.836735,1.5636,1.5636
JG_20260514_1400_중구_투썸플레이스정동길점_JG_0177,10,중부시장,중구,market,0.4895,10,1.0,1.0,0.8,0.35,0.75,0.816327,1.5595,1.5595
JG_20260515_1440_중랑구_먹골역7번출구앞_JG_0181,1,서울역,중구,subway,0.9642,1,0.0,1.0,0.25,0.35,0.7,1.0,1.3342,1.3342
JG_20260515_1440_중랑구_먹골역7번출구앞_JG_0181,2,잠실(송파구청),송파구,subway,0.9611,2,0.0,1.0,0.25,0.35,0.7,0.979592,1.3311,1.3311
JG_20260515_1440_중랑구_먹골역7번출구앞_JG_0181,3,강남,강남구,subway,0.9318,3,0.0,1.0,0.25,0.35,0.7,0.959184,1.3018,1.3018
JG_20260515_1440_중랑구_먹골역7번출구앞_JG_0181,4,홍대입구,마포구,subway,0.8656,4,0.0,1.0,0.25,0.35,0.7,0.938776,1.2356,1.2356
JG_20260515_1440_중랑구_먹골역7번출구앞_JG_0181,5,건대입구,광진구,subway,0.5488,27,0.45,1.0,0.25,0.35,0.7,0.469388,1.2338,1.2338
JG_20260515_1440_중랑구_먹골역7번출구앞_JG_0181,6,고속터미널,서초구,subway,0.8161,5,0.0,1.0,0.25,0.35,0.7,0.918367,1.1861,1.1861
JG_20260515_1440_중랑구_먹골역7번출구앞_JG_0181,7,구의(광진구청),광진구,subway,0.4793,50,0.45,1.0,0.25,0.35,0.7,0.0,1.1643,1.1643
JG_20260515_1440_중랑구_먹골역7번출구앞_JG_0181,8,삼성(무역센터),강남구,subway,0.7312,6,0.0,1.0,0.25,0.35,0.7,0.897959,1.1012,1.1012
JG_20260515_1440_중랑구_먹골역7번출구앞_JG_0181,9,성수,성동구,subway,0.7287,7,0.0,1.0,0.25,0.35,0.7,0.877551,1.0987,1.0987
JG_20260515_1440_중랑구_먹골역7번출구앞_JG_0181,10,선릉,강남구,subway,0.7238,8,0.0,1.0,0.25,0.35,0.7,0.857143,1.0938,1.0938
JG_20260516_1000_송파구_잠실실내체육관_JG_0184,1,장지근린공원,송파구,park,0.6341,4,1.0,1.0,0.4,0.53,0.7,0.938776,1.7401,1.7401
JG_20260516_1000_송파구_잠실실내체육관_JG_0184,2,아시아근린공원,송파구,park,0.6327,5,1.0,1.0,0.4,0.53,0.7,0.918367,1.7387,1.7387
JG_20260516_1000_송파구_잠실실내체육관_JG_0184,3,오금근린공원,송파구,park,0.6255,6,1.0,1.0,0.4,0.53,0.7,0.897959,1.7315,1.7315
JG_20260516_1000_송파구_잠실실내체육관_JG_0184,4,문정근린공원,송파구,park,0.6084,7,1.0,1.0,0.4,0.53,0.7,0.877551,1.7144,1.7144
JG_20260516_1000_송파구_잠실실내체육관_JG_0184,5,송파나루근린공원(석촌호수),송파구,park,0.6028,8,1.0,1.0,0.4,0.53,0.7,0.857143,1.7088,1.7088
JG_20260516_1000_송파구_잠실실내체육관_JG_0184,6,천마근린공원,송파구,park,0.5976,9,1.0,1.0,0.4,0.53,0.7,0.836735,1.7036,1.7036
JG_20260516_1000_송파구_잠실실내체육관_JG_0184,7,올림픽공원,송파구,park,0.4817,10,1.0,1.0,0.4,0.53,0.7,0.816327,1.5877,1.5877
JG_20260516_1000_송파구_잠실실내체육관_JG_0184,8,봉은공원,강남구,park,0.7275,1,0.45,1.0,0.4,0.35,0.7,1.0,1.4125,1.4125
JG_20260516_1000_송파구_잠실실내체육관_JG_0184,9,월드컵공원,마포구,park,0.7248,2,0.0,1.0,0.4,0.35,0.7,0.979592,1.0948,1.0948
JG_20260516_1000_송파구_잠실실내체육관_JG_0184,10,중랑캠핑숲,중랑구,park,0.7213,3,0.0,1.0,0.4,0.35,0.7,0.959184,1.0913,1.0913
JG_20260516_1230_성동구_성수역3번출구앞_JG_0185,1,마장축산물시장,성동구,market,0.5116,5,1.0,1.0,0.85,0.35,0.75,0.918367,1.5816,1.5816
JG_20260516_1230_성동구_성수역3번출구앞_JG_0185,2,성동용답상가시장,성동구,market,0.4816,6,1.0,1.0,0.85,0.35,0.75,0.897959,1.5516,1.5516
JG_20260516_1230_성동구_성수역3번출구앞_JG_0185,3,송정벚꽃골목형상점가,성동구,market,0.4775,7,1.0,1.0,0.85,0.35,0.75,0.877551,1.5475,1.5475
JG_20260516_1230_성동구_성수역3번출구앞_JG_0185,4,사근살곶이골목형상점가시장,성동구,market,0.474,8,1.0,1.0,0.85,0.35,0.75,0.857143,1.544,1.544
JG_20260516_1230_성동구_성수역3번출구앞_JG_0185,5,금남시장,성동구,market,0.4707,9,1.0,1.0,0.85,0.35,0.75,0.836735,1.5407,1.5407
JG_20260516_1230_성동구_성수역3번출구앞_JG_0185,6,뚝도시장,성동구,market,0.4683,10,1.0,1.0,0.85,0.35,0.75,0.816327,1.5383,1.5383
JG_20260516_1230_성동구_성수역3번출구앞_JG_0185,7,남대문시장,중구,market,0.7056,1,0.45,1.0,0.85,0.35,0.75,1.0,1.3906,1.3906
JG_20260516_1230_성동구_성수역3번출구앞_JG_0185,8,장안 마실 골목형상점가,동대문구,market,0.6299,3,0.45,1.0,0.85,0.35,0.75,0.959184,1.3149,1.3149
JG_20260516_1230_성동구_성수역3번출구앞_JG_0185,9,동대문종합시장,종로구,market,0.6301,2,0.25,1.0,0.85,0.35,0.75,0.979592,1.1751,1.1751
JG_20260516_1230_성동구_성수역3번출구앞_JG_0185,10,답십리현대시장,동대문구,market,0.4683,11,0.45,1.0,0.85,0.35,0.75,0.795918,1.1533,1.1533
JG_20260516_1840_종로구_황인재문_JG_0186,1,종로노인종합복지관,종로구,senior_friendly,0.7583,1,1.0,0.0,0.25,0.0,0.25,1.0,1.4583,1.4583
JG_20260516_1840_종로구_황인재문_JG_0186,2,낙산근린공원,종로구,park,0.6884,2,1.0,0.15,0.4,0.12,0.7,0.979592,1.4574,1.4574
JG_20260516_1840_종로구_황인재문_JG_0186,3,북악산도시자연공원,종로구,park,0.6739,3,1.0,0.15,0.4,0.12,0.7,0.959184,1.4429,1.4429
JG_20260516_1840_종로구_황인재문_JG_0186,4,인왕산도시자연공원,종로구,park,0.6425,4,1.0,0.15,0.4,0.12,0.7,0.938776,1.4115,1.4115
JG_20260516_1840_종로구_황인재문_JG_0186,5,세종로공원,종로구,park,0.6373,5,1.0,0.15,0.4,0.12,0.7,0.918367,1.4063,1.4063
JG_20260516_1840_종로구_황인재문_JG_0186,6,경희궁,종로구,park,0.6317,6,1.0,0.15,0.4,0.12,0.7,0.897959,1.4007,1.4007
JG_20260516_1840_종로구_황인재문_JG_0186,7,삼청근린공원,종로구,park,0.6253,8,1.0,0.15,0.4,0.12,0.7,0.857143,1.3943,1.3943
JG_20260516_1840_종로구_황인재문_JG_0186,8,광화문시민열린마당,종로구,park,0.6202,9,1.0,0.15,0.4,0.12,0.7,0.836735,1.3892,1.3892
JG_20260516_1840_종로구_황인재문_JG_0186,9,와룡근린공원,종로구,park,0.6141,10,1.0,0.15,0.4,0.12,0.7,0.816327,1.3831,1.3831
JG_20260516_1840_종로구_황인재문_JG_0186,10,사직근린공원,종로구,park,0.614,12,1.0,0.15,0.4,0.12,0.7,0.77551,1.383,1.383
JG_20260517_1000_강남구_gtxa삼성역부실공사현장_JG_0187,1,강남,강남구,subway,0.554,9,1.0,1.0,0.3,0.35,0.7,0.836735,1.624,1.624
JG_20260517_1000_강남구_gtxa삼성역부실공사현장_JG_0187,2,선릉,강남구,subway,0.4454,10,1.0,1.0,0.3,0.35,0.7,0.816327,1.5154,1.5154
JG_20260517_1000_강남구_gtxa삼성역부실공사현장_JG_0187,3,강남구립 도곡1노인복지관,강남구,senior_friendly,0.7782,1,1.0,0.0,0.8,0.0,0.0,1.0,1.4782,1.4782
JG_20260517_1000_강남구_gtxa삼성역부실공사현장_JG_0187,4,봉은공원,강남구,park,0.7275,2,1.0,0.0,0.4,0.0,0.0,0.979592,1.4275,1.4275
JG_20260517_1000_강남구_gtxa삼성역부실공사현장_JG_0187,5,대모산도시자연공원,강남구,park,0.6299,3,1.0,0.0,0.4,0.0,0.0,0.959184,1.3299,1.3299
JG_20260517_1000_강남구_gtxa삼성역부실공사현장_JG_0187,6,율현공원,강남구,park,0.6295,4,1.0,0.0,0.4,0.0,0.0,0.938776,1.3295,1.3295
JG_20260517_1000_강남구_gtxa삼성역부실공사현장_JG_0187,7,청담근린공원,강남구,park,0.6085,5,1.0,0.0,0.4,0.0,0.0,0.918367,1.3085,1.3085
JG_20260517_1000_강남구_gtxa삼성역부실공사현장_JG_0187,8,광평근린공원,강남구,park,0.6085,6,1.0,0.0,0.4,0.0,0.0,0.897959,1.3085,1.3085
JG_20260517_1000_강남구_gtxa삼성역부실공사현장_JG_0187,9,도곡근린공원,강남구,park,0.6017,7,1.0,0.0,0.4,0.0,0.0,0.877551,1.3017,1.3017
JG_20260517_1000_강남구_gtxa삼성역부실공사현장_JG_0187,10,도산근린공원,강남구,park,0.5757,8,1.0,0.0,0.4,0.0,0.0,0.857143,1.2757,1.2757
JG_20260518_1330_종로구_청년서울살이현장_JG_0192,1,동대문종합시장,종로구,market,0.6301,7,1.0,0.35,0.85,0.12,0.0,0.877551,1.4591,1.4591
JG_20260518_1330_종로구_청년서울살이현장_JG_0192,2,종로노인종합복지관,종로구,senior_friendly,0.7583,1,1.0,0.0,0.45,0.0,0.0,1.0,1.4583,1.4583
JG_20260518_1330_종로구_청년서울살이현장_JG_0192,3,종각,종로구,subway,0.5903,34,1.0,0.3,0.2,0.12,0.7,0.326531,1.4043,1.4043
JG_20260518_1330_종로구_청년서울살이현장_JG_0192,4,광장전통시장,종로구,market,0.5714,46,1.0,0.35,0.85,0.12,0.0,0.081633,1.4004,1.4004
JG_20260518_1330_종로구_청년서울살이현장_JG_0192,5,혜화,종로구,subway,0.5759,44,1.0,0.3,0.2,0.12,0.7,0.122449,1.3899,1.3899
JG_20260518_1330_종로구_청년서울살이현장_JG_0192,6,낙산근린공원,종로구,park,0.6884,2,1.0,0.0,0.65,0.0,0.0,0.979592,1.3884,1.3884
JG_20260518_1330_종로구_청년서울살이현장_JG_0192,7,북악산도시자연공원,종로구,park,0.6739,3,1.0,0.0,0.65,0.0,0.0,0.959184,1.3739,1.3739
JG_20260518_1330_종로구_청년서울살이현장_JG_0192,8,인왕산도시자연공원,종로구,park,0.6425,4,1.0,0.0,0.65,0.0,0.0,0.938776,1.3425,1.3425
JG_20260518_1330_종로구_청년서울살이현장_JG_0192,9,세종로공원,종로구,park,0.6373,5,1.0,0.0,0.65,0.0,0.0,0.918367,1.3373,1.3373
JG_20260518_1330_종로구_청년서울살이현장_JG_0192,10,경희궁,종로구,park,0.6317,6,1.0,0.0,0.65,0.0,0.0,0.897959,1.3317,1.3317
JG_20260518_1850_종로구_대학로마로니에공원_JG_0194,1,낙산근린공원,종로구,park,0.6884,1,1.0,1.0,0.4,0.53,0.0,1.0,1.7944,1.7944
JG_20260518_1850_종로구_대학로마로니에공원_JG_0194,2,북악산도시자연공원,종로구,park,0.6739,2,1.0,1.0,0.4,0.53,0.0,0.979592,1.7799,1.7799
JG_20260518_1850_종로구_대학로마로니에공원_JG_0194,3,인왕산도시자연공원,종로구,park,0.6425,3,1.0,1.0,0.4,0.53,0.0,0.959184,1.7485,1.7485
JG_20260518_1850_종로구_대학로마로니에공원_JG_0194,4,세종로공원,종로구,park,0.6373,4,1.0,1.0,0.4,0.53,0.0,0.938776,1.7433,1.7433
JG_20260518_1850_종로구_대학로마로니에공원_JG_0194,5,삼청근린공원,종로구,park,0.6253,6,1.0,1.0,0.4,0.53,0.0,0.897959,1.7313,1.7313
JG_20260518_1850_종로구_대학로마로니에공원_JG_0194,6,와룡근린공원,종로구,park,0.6141,8,1.0,1.0,0.4,0.53,0.0,0.857143,1.7201,1.7201
JG_20260518_1850_종로구_대학로마로니에공원_JG_0194,7,사직근린공원,종로구,park,0.614,9,1.0,1.0,0.4,0.53,0.0,0.836735,1.72,1.72
JG_20260518_1850_종로구_대학로마로니에공원_JG_0194,8,경희궁,종로구,park,0.6317,5,1.0,1.0,0.4,0.35,0.0,0.918367,1.7017,1.7017
JG_20260518_1850_종로구_대학로마로니에공원_JG_0194,9,마로니에공원,종로구,park,0.5949,10,1.0,1.0,0.4,0.53,0.0,0.816327,1.7009,1.7009
JG_20260518_1850_종로구_대학로마로니에공원_JG_0194,10,숭인근린공원,종로구,park,0.594,12,1.0,1.0,0.4,0.53,0.0,0.77551,1.7,1.7
JG_20260519_1330_양천구_목동재건축현장_JG_0198,1,구로디지털단지,구로구,subway,0.6961,10,0.45,1.0,0.2,0.35,0.0,0.816327,1.3811,1.3811
JG_20260519_1330_양천구_목동재건축현장_JG_0198,2,신도림,구로구,subway,0.6595,13,0.45,1.0,0.2,0.35,0.0,0.755102,1.3445,1.3445
JG_20260519_1330_양천구_목동재건축현장_JG_0198,3,영등포,영등포구,subway,0.6567,14,0.45,1.0,0.2,0.35,0.0,0.734694,1.3417,1.3417
JG_20260519_1330_양천구_목동재건축현장_JG_0198,4,서울역,중구,subway,0.9642,1,0.0,1.0,0.2,0.35,0.0,1.0,1.3342,1.3342
JG_20260519_1330_양천구_목동재건축현장_JG_0198,5,잠실(송파구청),송파구,subway,0.9611,2,0.0,1.0,0.2,0.35,0.0,0.979592,1.3311,1.3311
JG_20260519_1330_양천구_목동재건축현장_JG_0198,6,강남,강남구,subway,0.9318,3,0.0,1.0,0.2,0.35,0.0,0.959184,1.3018,1.3018
JG_20260519_1330_양천구_목동재건축현장_JG_0198,7,신림,관악구,subway,0.6921,11,0.25,1.0,0.2,0.35,0.0,0.795918,1.2371,1.2371
JG_20260519_1330_양천구_목동재건축현장_JG_0198,8,홍대입구,마포구,subway,0.8656,4,0.0,1.0,0.2,0.35,0.0,0.938776,1.2356,1.2356
JG_20260519_1330_양천구_목동재건축현장_JG_0198,9,여의도,영등포구,subway,0.5131,39,0.45,1.0,0.2,0.35,0.0,0.22449,1.1981,1.1981
JG_20260519_1330_양천구_목동재건축현장_JG_0198,10,고속터미널,서초구,subway,0.8161,5,0.0,1.0,0.2,0.35,0.0,0.918367,1.1861,1.1861
JG_20260521_0000_광진구_동서울우편집중국_JG_0202,1,구립 자양노인복지관,광진구,senior_friendly,0.7872,1,1.0,0.0,0.2,0.0,0.0,1.0,1.4872,1.4872
JG_20260521_0000_광진구_동서울우편집중국_JG_0202,2,어린이대공원,광진구,park,0.6366,2,1.0,0.0,0.25,0.0,0.0,0.979592,1.3366,1.3366
JG_20260521_0000_광진구_동서울우편집중국_JG_0202,3,아차산공원,광진구,park,0.6147,3,1.0,0.0,0.25,0.0,0.0,0.959184,1.3147,1.3147
JG_20260521_0000_광진구_동서울우편집중국_JG_0202,4,신성전통시장,광진구,market,0.477,6,1.0,0.35,0.5,0.12,0.0,0.897959,1.306,1.306
JG_20260521_0000_광진구_동서울우편집중국_JG_0202,5,자양전통시장,광진구,market,0.4758,7,1.0,0.35,0.5,0.12,0.0,0.877551,1.3048,1.3048
JG_20260521_0000_광진구_동서울우편집중국_JG_0202,6,중곡제일골목시장,광진구,market,0.4754,8,1.0,0.35,0.5,0.12,0.0,0.857143,1.3044,1.3044
JG_20260521_0000_광진구_동서울우편집중국_JG_0202,7,건리단길골목형상점가,광진구,market,0.4751,9,1.0,0.35,0.5,0.12,0.0,0.836735,1.3041,1.3041
JG_20260521_0000_광진구_동서울우편집중국_JG_0202,8,자양15번가 골목형상점가,광진구,market,0.475,10,1.0,0.35,0.5,0.12,0.0,0.816327,1.304,1.304
JG_20260521_0000_광진구_동서울우편집중국_JG_0202,9,화양제일골목시장,광진구,market,0.4717,50,1.0,0.35,0.5,0.12,0.0,0.0,1.3007,1.3007
JG_20260521_0000_광진구_동서울우편집중국_JG_0202,10,건대입구,광진구,subway,0.5488,4,1.0,0.0,0.4,0.0,0.0,0.938776,1.2488,1.2488
JG_20260521_1320_광진구_청년안심주택_JG_0205,1,구립 자양노인복지관,광진구,senior_friendly,0.7872,1,1.0,0.0,0.45,0.0,0.0,1.0,1.4872,1.4872
JG_20260521_1320_광진구_청년안심주택_JG_0205,2,건대입구,광진구,subway,0.5488,4,1.0,0.3,0.2,0.12,0.7,0.938776,1.3628,1.3628
JG_20260521_1320_광진구_청년안심주택_JG_0205,3,어린이대공원,광진구,park,0.6366,2,1.0,0.0,0.65,0.0,0.0,0.979592,1.3366,1.3366
JG_20260521_1320_광진구_청년안심주택_JG_0205,4,아차산공원,광진구,park,0.6147,3,1.0,0.0,0.65,0.0,0.0,0.959184,1.3147,1.3147
JG_20260521_1320_광진구_청년안심주택_JG_0205,5,신성전통시장,광진구,market,0.477,6,1.0,0.35,0.85,0.12,0.0,0.897959,1.306,1.306
JG_20260521_1320_광진구_청년안심주택_JG_0205,6,자양전통시장,광진구,market,0.4758,7,1.0,0.35,0.85,0.12,0.0,0.877551,1.3048,1.3048
JG_20260521_1320_광진구_청년안심주택_JG_0205,7,중곡제일골목시장,광진구,market,0.4754,8,1.0,0.35,0.85,0.12,0.0,0.857143,1.3044,1.3044
JG_20260521_1320_광진구_청년안심주택_JG_0205,8,건리단길골목형상점가,광진구,market,0.4751,9,1.0,0.35,0.85,0.12,0.0,0.836735,1.3041,1.3041
JG_20260521_1320_광진구_청년안심주택_JG_0205,9,자양15번가 골목형상점가,광진구,market,0.475,10,1.0,0.35,0.85,0.12,0.0,0.816327,1.304,1.304
JG_20260521_1320_광진구_청년안심주택_JG_0205,10,화양제일골목시장,광진구,market,0.4717,50,1.0,0.35,0.85,0.12,0.0,0.0,1.3007,1.3007
JG_20260521_1450_강남구_gtxa삼성역부실공사현장_JG_0207,1,강남,강남구,subway,0.9318,1,1.0,1.0,0.25,0.35,0.7,1.0,2.0018,2.0018
JG_20260521_1450_강남구_gtxa삼성역부실공사현장_JG_0207,2,삼성(무역센터),강남구,subway,0.7312,4,1.0,1.0,0.25,0.35,0.7,0.938776,1.8012,1.8012
JG_20260521_1450_강남구_gtxa삼성역부실공사현장_JG_0207,3,선릉,강남구,subway,0.7238,5,1.0,1.0,0.25,0.35,0.7,0.918367,1.7938,1.7938
JG_20260521_1450_강남구_gtxa삼성역부실공사현장_JG_0207,4,역삼,강남구,subway,0.6459,8,1.0,1.0,0.25,0.35,0.7,0.857143,1.7159,1.7159
JG_20260521_1450_강남구_gtxa삼성역부실공사현장_JG_0207,5,강남구립 도곡1노인복지관,강남구,senior_friendly,0.7921,2,1.0,0.0,0.55,0.0,0.0,0.979592,1.4921,1.4921
JG_20260521_1450_강남구_gtxa삼성역부실공사현장_JG_0207,6,봉은공원,강남구,park,0.7451,3,1.0,0.0,0.7,0.0,0.0,0.959184,1.4451,1.4451
JG_20260521_1450_강남구_gtxa삼성역부실공사현장_JG_0207,7,율현공원,강남구,park,0.6472,6,1.0,0.0,0.7,0.0,0.0,0.897959,1.3472,1.3472
JG_20260521_1450_강남구_gtxa삼성역부실공사현장_JG_0207,8,대모산도시자연공원,강남구,park,0.6464,7,1.0,0.0,0.7,0.0,0.0,0.877551,1.3464,1.3464
JG_20260521_1450_강남구_gtxa삼성역부실공사현장_JG_0207,9,청담근린공원,강남구,park,0.6261,9,1.0,0.0,0.7,0.0,0.0,0.836735,1.3261,1.3261
JG_20260521_1450_강남구_gtxa삼성역부실공사현장_JG_0207,10,광평근린공원,강남구,park,0.625,10,1.0,0.0,0.7,0.0,0.0,0.816327,1.325,1.325
JG_20260521_1530_서초구_고속터미널_JG_0208,1,고속터미널,서초구,subway,0.8161,5,1.0,1.0,0.25,0.35,0.7,0.918367,1.8861,1.8861
JG_20260521_1530_서초구_고속터미널_JG_0208,2,양재(서초구청),서초구,subway,0.5482,10,1.0,1.0,0.25,0.35,0.7,0.816327,1.6182,1.6182
JG_20260521_1530_서초구_고속터미널_JG_0208,3,강남,강남구,subway,0.9318,3,0.45,1.0,0.25,0.35,0.7,0.959184,1.6168,1.6168
JG_20260521_1530_서초구_고속터미널_JG_0208,4,잠실(송파구청),송파구,subway,0.9611,2,0.25,1.0,0.25,0.35,0.7,0.979592,1.5061,1.5061
JG_20260521_1530_서초구_고속터미널_JG_0208,5,삼성(무역센터),강남구,subway,0.7312,6,0.45,1.0,0.25,0.35,0.7,0.897959,1.4162,1.4162
JG_20260521_1530_서초구_고속터미널_JG_0208,6,선릉,강남구,subway,0.7238,8,0.45,1.0,0.25,0.35,0.7,0.857143,1.4088,1.4088
JG_20260521_1530_서초구_고속터미널_JG_0208,7,용산,용산구,subway,0.7194,9,0.45,1.0,0.25,0.35,0.7,0.836735,1.4044,1.4044
JG_20260521_1530_서초구_고속터미널_JG_0208,8,서울역,중구,subway,0.9642,1,0.0,1.0,0.25,0.35,0.7,1.0,1.3342,1.3342
JG_20260521_1530_서초구_고속터미널_JG_0208,9,홍대입구,마포구,subway,0.8656,4,0.0,1.0,0.25,0.35,0.7,0.938776,1.2356,1.2356
JG_20260521_1530_서초구_고속터미널_JG_0208,10,낙성대(강감찬),관악구,subway,0.4696,38,0.45,1.0,0.25,0.35,0.7,0.244898,1.1546,1.1546
JG_20260521_1800_강남구_강남스퀘어_JG_0210,1,강남,강남구,subway,0.9318,3,1.0,1.0,1.0,0.35,0.7,0.959184,2.0018,2.0018
JG_20260521_1800_강남구_강남스퀘어_JG_0210,2,삼성(무역센터),강남구,subway,0.7312,6,1.0,1.0,1.0,0.35,0.7,0.897959,1.8012,1.8012
JG_20260521_1800_강남구_강남스퀘어_JG_0210,3,선릉,강남구,subway,0.7238,8,1.0,1.0,1.0,0.35,0.7,0.857143,1.7938,1.7938
JG_20260521_1800_강남구_강남스퀘어_JG_0210,4,역삼,강남구,subway,0.6459,9,1.0,1.0,1.0,0.35,0.7,0.836735,1.7159,1.7159
JG_20260521_1800_강남구_강남스퀘어_JG_0210,5,잠실(송파구청),송파구,subway,0.9611,2,0.45,1.0,1.0,0.35,0.7,0.979592,1.6461,1.6461
JG_20260521_1800_강남구_강남스퀘어_JG_0210,6,고속터미널,서초구,subway,0.8161,5,0.45,1.0,1.0,0.35,0.7,0.918367,1.5011,1.5011
JG_20260521_1800_강남구_강남스퀘어_JG_0210,7,강남구청,강남구,subway,0.364,10,1.0,1.0,1.0,0.35,0.7,0.816327,1.434,1.434
JG_20260521_1800_강남구_강남스퀘어_JG_0210,8,성수,성동구,subway,0.7287,7,0.45,1.0,1.0,0.35,0.7,0.877551,1.4137,1.4137
JG_20260521_1800_강남구_강남스퀘어_JG_0210,9,서울역,중구,subway,0.9642,1,0.0,1.0,1.0,0.35,0.7,1.0,1.3342,1.3342
JG_20260521_1800_강남구_강남스퀘어_JG_0210,10,홍대입구,마포구,subway,0.8656,4,0.0,1.0,1.0,0.35,0.7,0.938776,1.2356,1.2356
JG_20260522_1130_중랑구_면목역광장_JG_0212,1,신림,관악구,subway,0.9468,1,0.0,1.0,0.3,0.35,0.7,1.0,1.3168,1.3168
JG_20260522_1130_중랑구_면목역광장_JG_0212,2,구의(광진구청),광진구,subway,0.5673,16,0.45,1.0,0.3,0.35,0.7,0.693878,1.2523,1.2523
JG_20260522_1130_중랑구_면목역광장_JG_0212,3,건대입구,광진구,subway,0.5155,31,0.45,1.0,0.3,0.35,0.7,0.387755,1.2005,1.2005
JG_20260522_1130_중랑구_면목역광장_JG_0212,4,잠실(송파구청),송파구,subway,0.8013,2,0.0,1.0,0.3,0.35,0.7,0.979592,1.1713,1.1713
JG_20260522_1130_중랑구_면목역광장_JG_0212,5,쌍문,도봉구,subway,0.623,10,0.25,1.0,0.3,0.35,0.7,0.816327,1.168,1.168
JG_20260522_1130_중랑구_면목역광장_JG_0212,6,서울역,중구,subway,0.7902,3,0.0,1.0,0.3,0.35,0.7,0.959184,1.1602,1.1602
JG_20260522_1130_중랑구_면목역광장_JG_0212,7,수유(강북구청),강북구,subway,0.6126,11,0.25,1.0,0.3,0.35,0.7,0.795918,1.1576,1.1576
JG_20260522_1130_중랑구_면목역광장_JG_0212,8,구로디지털단지,구로구,subway,0.776,4,0.0,1.0,0.3,0.35,0.7,0.938776,1.146,1.146
JG_20260522_1130_중랑구_면목역광장_JG_0212,9,서울대입구(관악구청),관악구,subway,0.7382,5,0.0,1.0,0.3,0.35,0.7,0.918367,1.1082,1.1082
JG_20260522_1130_중랑구_면목역광장_JG_0212,10,신도림,구로구,subway,0.7139,6,0.0,1.0,0.3,0.35,0.7,0.897959,1.0839,1.0839
JG_20260522_1140_중랑구_동일시장_JG_0213,1,우림골목시장,중랑구,market,0.4303,1,1.0,1.0,0.7,0.35,0.75,1.0,1.5003,1.5003
JG_20260522_1140_중랑구_동일시장_JG_0213,2,동원전통종합시장,중랑구,market,0.4289,2,1.0,1.0,0.7,0.35,0.75,0.979592,1.4989,1.4989
JG_20260522_1140_중랑구_동일시장_JG_0213,3,상봉먹자 골목형상점가,중랑구,market,0.4267,3,1.0,1.0,0.7,0.35,0.75,0.959184,1.4967,1.4967
JG_20260522_1140_중랑구_동일시장_JG_0213,4,사가정시장,중랑구,market,0.4259,4,1.0,1.0,0.7,0.35,0.75,0.938776,1.4959,1.4959
JG_20260522_1140_중랑구_동일시장_JG_0213,5,면목시장(골목형),중랑구,market,0.4257,5,1.0,1.0,0.7,0.35,0.75,0.918367,1.4957,1.4957
JG_20260522_1140_중랑구_동일시장_JG_0213,6,신내구길 골목형상점가,중랑구,market,0.4251,6,1.0,1.0,0.7,0.35,0.75,0.897959,1.4951,1.4951
JG_20260522_1140_중랑구_동일시장_JG_0213,7,사가정51길 골목형상점가,중랑구,market,0.4235,7,1.0,1.0,0.7,0.35,0.75,0.877551,1.4935,1.4935
JG_20260522_1140_중랑구_동일시장_JG_0213,8,중랑동부시장,중랑구,market,0.423,8,1.0,1.0,0.7,0.35,0.75,0.857143,1.493,1.493
JG_20260522_1140_중랑구_동일시장_JG_0213,9,묵동도깨비시장 골목형상점가,중랑구,market,0.4229,9,1.0,1.0,0.7,0.35,0.75,0.836735,1.4929,1.4929
JG_20260522_1140_중랑구_동일시장_JG_0213,10,태능 골목형상점가,중랑구,market,0.4228,10,1.0,1.0,0.7,0.35,0.75,0.816327,1.4928,1.4928
JG_20260522_1330_노원구_롯데백화점앞_JG_0214,1,노원,노원구,subway,0.4421,10,1.0,1.0,0.2,0.35,0.7,0.816327,1.5121,1.5121
JG_20260522_1330_노원구_롯데백화점앞_JG_0214,2,서울역,중구,subway,0.9642,1,0.0,1.0,0.2,0.35,0.7,1.0,1.3342,1.3342
JG_20260522_1330_노원구_롯데백화점앞_JG_0214,3,잠실(송파구청),송파구,subway,0.9611,2,0.0,1.0,0.2,0.35,0.7,0.979592,1.3311,1.3311
JG_20260522_1330_노원구_롯데백화점앞_JG_0214,4,강남,강남구,subway,0.9318,3,0.0,1.0,0.2,0.35,0.7,0.959184,1.3018,1.3018
JG_20260522_1330_노원구_롯데백화점앞_JG_0214,5,홍대입구,마포구,subway,0.8656,4,0.0,1.0,0.2,0.35,0.7,0.938776,1.2356,1.2356
JG_20260522_1330_노원구_롯데백화점앞_JG_0214,6,고속터미널,서초구,subway,0.8161,5,0.0,1.0,0.2,0.35,0.7,0.918367,1.1861,1.1861
JG_20260522_1330_노원구_롯데백화점앞_JG_0214,7,삼성(무역센터),강남구,subway,0.7312,6,0.0,1.0,0.2,0.35,0.7,0.897959,1.1012,1.1012
JG_20260522_1330_노원구_롯데백화점앞_JG_0214,8,성수,성동구,subway,0.7287,7,0.0,1.0,0.2,0.35,0.7,0.877551,1.0987,1.0987
JG_20260522_1330_노원구_롯데백화점앞_JG_0214,9,선릉,강남구,subway,0.7238,8,0.0,1.0,0.2,0.35,0.7,0.857143,1.0938,1.0938
JG_20260522_1330_노원구_롯데백화점앞_JG_0214,10,용산,용산구,subway,0.7194,9,0.0,1.0,0.2,0.35,0.7,0.836735,1.0894,1.0894
JG_20260522_1440_노원구_상계보람아파트_JG_0215,1,노원,노원구,subway,0.4421,10,1.0,1.0,0.25,0.35,0.0,0.816327,1.5121,1.5121
JG_20260522_1440_노원구_상계보람아파트_JG_0215,2,서울역,중구,subway,0.9642,1,0.0,1.0,0.25,0.35,0.0,1.0,1.3342,1.3342
JG_20260522_1440_노원구_상계보람아파트_JG_0215,3,잠실(송파구청),송파구,subway,0.9611,2,0.0,1.0,0.25,0.35,0.0,0.979592,1.3311,1.3311
JG_20260522_1440_노원구_상계보람아파트_JG_0215,4,강남,강남구,subway,0.9318,3,0.0,1.0,0.25,0.35,0.0,0.959184,1.3018,1.3018
JG_20260522_1440_노원구_상계보람아파트_JG_0215,5,홍대입구,마포구,subway,0.8656,4,0.0,1.0,0.25,0.35,0.0,0.938776,1.2356,1.2356
JG_20260522_1440_노원구_상계보람아파트_JG_0215,6,고속터미널,서초구,subway,0.8161,5,0.0,1.0,0.25,0.35,0.0,0.918367,1.1861,1.1861
JG_20260522_1440_노원구_상계보람아파트_JG_0215,7,삼성(무역센터),강남구,subway,0.7312,6,0.0,1.0,0.25,0.35,0.0,0.897959,1.1012,1.1012
JG_20260522_1440_노원구_상계보람아파트_JG_0215,8,성수,성동구,subway,0.7287,7,0.0,1.0,0.25,0.35,0.0,0.877551,1.0987,1.0987
JG_20260522_1440_노원구_상계보람아파트_JG_0215,9,선릉,강남구,subway,0.7238,8,0.0,1.0,0.25,0.35,0.0,0.857143,1.0938,1.0938
JG_20260522_1440_노원구_상계보람아파트_JG_0215,10,용산,용산구,subway,0.7194,9,0.0,1.0,0.25,0.35,0.0,0.836735,1.0894,1.0894
JG_20260522_1700_도봉구_박영선지역유세장_JG_0217,1,쌍문,도봉구,subway,0.4837,10,1.0,1.0,1.0,0.35,0.7,0.816327,1.5537,1.5537
JG_20260522_1700_도봉구_박영선지역유세장_JG_0217,2,서울역,중구,subway,0.9642,1,0.0,1.0,1.0,0.35,0.7,1.0,1.3342,1.3342
JG_20260522_1700_도봉구_박영선지역유세장_JG_0217,3,잠실(송파구청),송파구,subway,0.9611,2,0.0,1.0,1.0,0.35,0.7,0.979592,1.3311,1.3311
JG_20260522_1700_도봉구_박영선지역유세장_JG_0217,4,강남,강남구,subway,0.9318,3,0.0,1.0,1.0,0.35,0.7,0.959184,1.3018,1.3018
JG_20260522_1700_도봉구_박영선지역유세장_JG_0217,5,홍대입구,마포구,subway,0.8656,4,0.0,1.0,1.0,0.35,0.7,0.938776,1.2356,1.2356
JG_20260522_1700_도봉구_박영선지역유세장_JG_0217,6,고속터미널,서초구,subway,0.8161,5,0.0,1.0,1.0,0.35,0.7,0.918367,1.1861,1.1861
JG_20260522_1700_도봉구_박영선지역유세장_JG_0217,7,노원,노원구,subway,0.4421,37,0.45,1.0,1.0,0.35,0.7,0.265306,1.1271,1.1271
JG_20260522_1700_도봉구_박영선지역유세장_JG_0217,8,삼성(무역센터),강남구,subway,0.7312,6,0.0,1.0,1.0,0.35,0.7,0.897959,1.1012,1.1012
JG_20260522_1700_도봉구_박영선지역유세장_JG_0217,9,성수,성동구,subway,0.7287,7,0.0,1.0,1.0,0.35,0.7,0.877551,1.0987,1.0987
JG_20260522_1700_도봉구_박영선지역유세장_JG_0217,10,선릉,강남구,subway,0.7238,8,0.0,1.0,1.0,0.35,0.7,0.857143,1.0938,1.0938
JG_20260522_1710_도봉구_중앙시장_JG_0218,1,신도봉시장,도봉구,market,0.4765,5,1.0,1.0,0.8,0.35,0.75,0.918367,1.5465,1.5465
JG_20260522_1710_도봉구_중앙시장_JG_0218,2,방학동도깨비시장,도봉구,market,0.4733,6,1.0,1.0,0.8,0.35,0.75,0.897959,1.5433,1.5433
JG_20260522_1710_도봉구_중앙시장_JG_0218,3,쌍문시장,도봉구,market,0.4726,7,1.0,1.0,0.8,0.35,0.75,0.877551,1.5426,1.5426
JG_20260522_1710_도봉구_중앙시장_JG_0218,4,창동신창시장,도봉구,market,0.4716,8,1.0,1.0,0.8,0.35,0.75,0.857143,1.5416,1.5416
JG_20260522_1710_도봉구_중앙시장_JG_0218,5,백운시장,도봉구,market,0.4704,9,1.0,1.0,0.8,0.35,0.75,0.836735,1.5404,1.5404
JG_20260522_1710_도봉구_중앙시장_JG_0218,6,창동골목시장,도봉구,market,0.4694,10,1.0,1.0,0.8,0.35,0.75,0.816327,1.5394,1.5394
JG_20260522_1710_도봉구_중앙시장_JG_0218,7,수유전통시장,강북구,market,0.4681,39,0.45,1.0,0.8,0.53,0.75,0.22449,1.1891,1.1891
JG_20260522_1710_도봉구_중앙시장_JG_0218,8,장안 마실 골목형상점가,동대문구,market,0.6299,3,0.25,1.0,0.8,0.35,0.75,0.959184,1.1749,1.1749
JG_20260522_1710_도봉구_중앙시장_JG_0218,9,장미원골목시장,강북구,market,0.4688,19,0.45,1.0,0.8,0.35,0.75,0.632653,1.1538,1.1538
JG_20260522_1710_도봉구_중앙시장_JG_0218,10,남대문시장,중구,market,0.7056,1,0.0,1.0,0.8,0.35,0.75,1.0,1.0756,1.0756
JG_20260522_1900_용산구_용산역_JG_0219,1,용산,용산구,subway,0.7194,9,1.0,1.0,1.0,0.35,0.7,0.836735,1.7894,1.7894
JG_20260522_1900_용산구_용산역_JG_0219,2,서울역,중구,subway,0.9642,1,0.45,1.0,1.0,0.35,0.7,1.0,1.6492,1.6492
JG_20260522_1900_용산구_용산역_JG_0219,3,홍대입구,마포구,subway,0.8656,4,0.45,1.0,1.0,0.35,0.7,0.938776,1.5506,1.5506
JG_20260522_1900_용산구_용산역_JG_0219,4,고속터미널,서초구,subway,0.8161,5,0.45,1.0,1.0,0.35,0.7,0.918367,1.5011,1.5011
JG_20260522_1900_용산구_용산역_JG_0219,5,성수,성동구,subway,0.7287,7,0.45,1.0,1.0,0.35,0.7,0.877551,1.4137,1.4137
JG_20260522_1900_용산구_용산역_JG_0219,6,을지로입구,중구,subway,0.6806,12,0.45,1.0,1.0,0.35,0.7,0.77551,1.3656,1.3656
JG_20260522_1900_용산구_용산역_JG_0219,7,잠실(송파구청),송파구,subway,0.9611,2,0.0,1.0,1.0,0.35,0.7,0.979592,1.3311,1.3311
JG_20260522_1900_용산구_용산역_JG_0219,8,강남,강남구,subway,0.9318,3,0.0,1.0,1.0,0.35,0.7,0.959184,1.3018,1.3018
JG_20260522_1900_용산구_용산역_JG_0219,9,사당,동작구,subway,0.5846,20,0.45,1.0,1.0,0.35,0.7,0.612245,1.2696,1.2696
JG_20260522_1900_용산구_용산역_JG_0219,10,명동,중구,subway,0.5738,23,0.45,1.0,1.0,0.35,0.7,0.55102,1.2588,1.2588
JG_20260523_0900_도봉구_도봉산입구_JG_0220,1,쌍문,도봉구,subway,0.623,10,1.0,1.0,1.0,0.35,0.7,0.816327,1.693,1.693
JG_20260523_0900_도봉구_도봉산입구_JG_0220,2,신림,관악구,subway,0.9468,1,0.0,1.0,1.0,0.35,0.7,1.0,1.3168,1.3168
JG_20260523_0900_도봉구_도봉산입구_JG_0220,3,수유(강북구청),강북구,subway,0.6126,11,0.45,1.0,1.0,0.35,0.7,0.795918,1.2976,1.2976
JG_20260523_0900_도봉구_도봉산입구_JG_0220,4,잠실(송파구청),송파구,subway,0.8013,2,0.0,1.0,1.0,0.35,0.7,0.979592,1.1713,1.1713
JG_20260523_0900_도봉구_도봉산입구_JG_0220,5,서울역,중구,subway,0.7902,3,0.0,1.0,1.0,0.35,0.7,0.959184,1.1602,1.1602
JG_20260523_0900_도봉구_도봉산입구_JG_0220,6,구로디지털단지,구로구,subway,0.776,4,0.0,1.0,1.0,0.35,0.7,0.938776,1.146,1.146
JG_20260523_0900_도봉구_도봉산입구_JG_0220,7,구의(광진구청),광진구,subway,0.5673,16,0.25,1.0,1.0,0.35,0.7,0.693878,1.1123,1.1123
JG_20260523_0900_도봉구_도봉산입구_JG_0220,8,서울대입구(관악구청),관악구,subway,0.7382,5,0.0,1.0,1.0,0.35,0.7,0.918367,1.1082,1.1082
JG_20260523_0900_도봉구_도봉산입구_JG_0220,9,신도림,구로구,subway,0.7139,6,0.0,1.0,1.0,0.35,0.7,0.897959,1.0839,1.0839
JG_20260523_0900_도봉구_도봉산입구_JG_0220,10,건대입구,광진구,subway,0.5155,31,0.25,1.0,1.0,0.35,0.7,0.387755,1.0605,1.0605
JG_20260523_0950_도봉구_도봉산길_JG_0221,1,초안산근린공원,도봉구,park,0.6845,5,1.0,1.0,0.15,0.53,0.7,0.918367,1.7905,1.7905
JG_20260523_0950_도봉구_도봉산길_JG_0221,2,초안산생태공원,도봉구,park,0.652,6,1.0,1.0,0.15,0.53,0.7,0.897959,1.758,1.758
JG_20260523_0950_도봉구_도봉산길_JG_0221,3,쌍문근린공원,도봉구,park,0.6298,7,1.0,1.0,0.15,0.53,0.7,0.877551,1.7358,1.7358
JG_20260523_0950_도봉구_도봉산길_JG_0221,4,월천근린공원,도봉구,park,0.5986,8,1.0,1.0,0.15,0.53,0.7,0.857143,1.7046,1.7046
JG_20260523_0950_도봉구_도봉산길_JG_0221,5,발바닥공원,도봉구,park,0.5888,9,1.0,1.0,0.15,0.53,0.7,0.836735,1.6948,1.6948
JG_20260523_0950_도봉구_도봉산길_JG_0221,6,서울창포원,도봉구,park,0.5824,10,1.0,1.0,0.15,0.35,0.7,0.816327,1.6524,1.6524
JG_20260523_0950_도봉구_도봉산길_JG_0221,7,중랑캠핑숲,중랑구,park,0.7213,3,0.25,1.0,0.15,0.35,0.7,0.959184,1.2663,1.2663
JG_20260523_0950_도봉구_도봉산길_JG_0221,8,경춘선숲길,노원구,park,0.5485,26,0.45,1.0,0.15,0.35,0.7,0.489796,1.2335,1.2335
JG_20260523_0950_도봉구_도봉산길_JG_0221,9,간데메근린공원,동대문구,park,0.5732,20,0.25,1.0,0.15,0.53,0.7,0.612245,1.1542,1.1542
JG_20260523_0950_도봉구_도봉산길_JG_0221,10,봉은공원,강남구,park,0.7275,1,0.0,1.0,0.15,0.53,0.7,1.0,1.1335,1.1335
JG_20260523_1100_은평구_연신내역_JG_0222,1,연신내,은평구,subway,0.667,7,1.0,1.0,0.3,0.35,0.7,0.877551,1.737,1.737
JG_20260523_1100_은평구_연신내역_JG_0222,2,신림,관악구,subway,0.9468,1,0.0,1.0,0.3,0.35,0.7,1.0,1.3168,1.3168
JG_20260523_1100_은평구_연신내역_JG_0222,3,홍대입구,마포구,subway,0.5848,12,0.45,1.0,0.3,0.35,0.7,0.77551,1.2698,1.2698
JG_20260523_1100_은평구_연신내역_JG_0222,4,잠실(송파구청),송파구,subway,0.8013,2,0.0,1.0,0.3,0.35,0.7,0.979592,1.1713,1.1713
JG_20260523_1100_은평구_연신내역_JG_0222,5,서울역,중구,subway,0.7902,3,0.0,1.0,0.3,0.35,0.7,0.959184,1.1602,1.1602
JG_20260523_1100_은평구_연신내역_JG_0222,6,구로디지털단지,구로구,subway,0.776,4,0.0,1.0,0.3,0.35,0.7,0.938776,1.146,1.146
JG_20260523_1100_은평구_연신내역_JG_0222,7,서울대입구(관악구청),관악구,subway,0.7382,5,0.0,1.0,0.3,0.35,0.7,0.918367,1.1082,1.1082
JG_20260523_1100_은평구_연신내역_JG_0222,8,신도림,구로구,subway,0.7139,6,0.0,1.0,0.3,0.35,0.7,0.897959,1.0839,1.0839
JG_20260523_1100_은평구_연신내역_JG_0222,9,까치산,강서구,subway,0.6301,8,0.0,1.0,0.3,0.35,0.7,0.857143,1.0001,1.0001
JG_20260523_1100_은평구_연신내역_JG_0222,10,화곡,강서구,subway,0.6251,9,0.0,1.0,0.3,0.35,0.7,0.836735,0.9951,0.9951
JG_20260523_1140_은평구_연신내역_JG_0223,1,연신내,은평구,subway,0.667,7,1.0,1.0,0.3,0.35,0.7,0.877551,1.737,1.737
JG_20260523_1140_은평구_연신내역_JG_0223,2,신림,관악구,subway,0.9468,1,0.0,1.0,0.3,0.35,0.7,1.0,1.3168,1.3168
JG_20260523_1140_은평구_연신내역_JG_0223,3,홍대입구,마포구,subway,0.5848,12,0.45,1.0,0.3,0.35,0.7,0.77551,1.2698,1.2698
JG_20260523_1140_은평구_연신내역_JG_0223,4,잠실(송파구청),송파구,subway,0.8013,2,0.0,1.0,0.3,0.35,0.7,0.979592,1.1713,1.1713
JG_20260523_1140_은평구_연신내역_JG_0223,5,서울역,중구,subway,0.7902,3,0.0,1.0,0.3,0.35,0.7,0.959184,1.1602,1.1602
JG_20260523_1140_은평구_연신내역_JG_0223,6,구로디지털단지,구로구,subway,0.776,4,0.0,1.0,0.3,0.35,0.7,0.938776,1.146,1.146
JG_20260523_1140_은평구_연신내역_JG_0223,7,서울대입구(관악구청),관악구,subway,0.7382,5,0.0,1.0,0.3,0.35,0.7,0.918367,1.1082,1.1082
JG_20260523_1140_은평구_연신내역_JG_0223,8,신도림,구로구,subway,0.7139,6,0.0,1.0,0.3,0.35,0.7,0.897959,1.0839,1.0839
JG_20260523_1140_은평구_연신내역_JG_0223,9,까치산,강서구,subway,0.6301,8,0.0,1.0,0.3,0.35,0.7,0.857143,1.0001,1.0001
JG_20260523_1140_은평구_연신내역_JG_0223,10,화곡,강서구,subway,0.6251,9,0.0,1.0,0.3,0.35,0.7,0.836735,0.9951,0.9951
JG_20260523_1500_서대문구_홍제역_JG_0225,1,서울역,중구,subway,0.9642,1,0.45,1.0,0.25,0.35,0.7,1.0,1.6492,1.6492
JG_20260523_1500_서대문구_홍제역_JG_0225,2,홍대입구,마포구,subway,0.8656,4,0.45,1.0,0.25,0.35,0.7,0.938776,1.5506,1.5506
JG_20260523_1500_서대문구_홍제역_JG_0225,3,을지로입구,중구,subway,0.6806,12,0.45,1.0,0.25,0.35,0.7,0.77551,1.3656,1.3656
JG_20260523_1500_서대문구_홍제역_JG_0225,4,잠실(송파구청),송파구,subway,0.9611,2,0.0,1.0,0.25,0.35,0.7,0.979592,1.3311,1.3311
JG_20260523_1500_서대문구_홍제역_JG_0225,5,강남,강남구,subway,0.9318,3,0.0,1.0,0.25,0.35,0.7,0.959184,1.3018,1.3018
JG_20260523_1500_서대문구_홍제역_JG_0225,6,종각,종로구,subway,0.5903,18,0.45,1.0,0.25,0.35,0.7,0.653061,1.2753,1.2753
JG_20260523_1500_서대문구_홍제역_JG_0225,7,혜화,종로구,subway,0.5759,22,0.45,1.0,0.25,0.35,0.7,0.571429,1.2609,1.2609
JG_20260523_1500_서대문구_홍제역_JG_0225,8,명동,중구,subway,0.5738,23,0.45,1.0,0.25,0.35,0.7,0.55102,1.2588,1.2588
JG_20260523_1500_서대문구_홍제역_JG_0225,9,연신내,은평구,subway,0.5711,24,0.45,1.0,0.25,0.35,0.7,0.530612,1.2561,1.2561
JG_20260523_1500_서대문구_홍제역_JG_0225,10,고속터미널,서초구,subway,0.8161,5,0.0,1.0,0.25,0.35,0.7,0.918367,1.1861,1.1861
JG_20260523_1550_서대문구_홍제역_JG_0226,1,서울역,중구,subway,0.9642,1,0.45,1.0,0.25,0.35,0.7,1.0,1.6492,1.6492
JG_20260523_1550_서대문구_홍제역_JG_0226,2,홍대입구,마포구,subway,0.8656,4,0.45,1.0,0.25,0.35,0.7,0.938776,1.5506,1.5506
JG_20260523_1550_서대문구_홍제역_JG_0226,3,을지로입구,중구,subway,0.6806,12,0.45,1.0,0.25,0.35,0.7,0.77551,1.3656,1.3656
JG_20260523_1550_서대문구_홍제역_JG_0226,4,잠실(송파구청),송파구,subway,0.9611,2,0.0,1.0,0.25,0.35,0.7,0.979592,1.3311,1.3311
JG_20260523_1550_서대문구_홍제역_JG_0226,5,강남,강남구,subway,0.9318,3,0.0,1.0,0.25,0.35,0.7,0.959184,1.3018,1.3018
JG_20260523_1550_서대문구_홍제역_JG_0226,6,종각,종로구,subway,0.5903,18,0.45,1.0,0.25,0.35,0.7,0.653061,1.2753,1.2753
JG_20260523_1550_서대문구_홍제역_JG_0226,7,혜화,종로구,subway,0.5759,22,0.45,1.0,0.25,0.35,0.7,0.571429,1.2609,1.2609
JG_20260523_1550_서대문구_홍제역_JG_0226,8,명동,중구,subway,0.5738,23,0.45,1.0,0.25,0.35,0.7,0.55102,1.2588,1.2588
JG_20260523_1550_서대문구_홍제역_JG_0226,9,연신내,은평구,subway,0.5711,24,0.45,1.0,0.25,0.35,0.7,0.530612,1.2561,1.2561
JG_20260523_1550_서대문구_홍제역_JG_0226,10,고속터미널,서초구,subway,0.8161,5,0.0,1.0,0.25,0.35,0.7,0.918367,1.1861,1.1861
JG_20260523_1800_마포구_상암_JG_0227,1,홍대입구,마포구,subway,0.8656,4,1.0,1.0,1.0,0.35,0.7,0.938776,1.9356,1.9356
JG_20260523_1800_마포구_상암_JG_0227,2,합정,마포구,subway,0.4906,9,1.0,1.0,1.0,0.35,0.7,0.836735,1.5606,1.5606
JG_20260523_1800_마포구_상암_JG_0227,3,마포구청,마포구,subway,0.3615,10,1.0,1.0,1.0,0.35,0.7,0.816327,1.4315,1.4315
JG_20260523_1800_마포구_상암_JG_0227,4,서울역,중구,subway,0.9642,1,0.0,1.0,1.0,0.35,0.7,1.0,1.3342,1.3342
JG_20260523_1800_마포구_상암_JG_0227,5,잠실(송파구청),송파구,subway,0.9611,2,0.0,1.0,1.0,0.35,0.7,0.979592,1.3311,1.3311
JG_20260523_1800_마포구_상암_JG_0227,6,강남,강남구,subway,0.9318,3,0.0,1.0,1.0,0.35,0.7,0.959184,1.3018,1.3018
JG_20260523_1800_마포구_상암_JG_0227,7,고속터미널,서초구,subway,0.8161,5,0.0,1.0,1.0,0.35,0.7,0.918367,1.1861,1.1861
JG_20260523_1800_마포구_상암_JG_0227,8,삼성(무역센터),강남구,subway,0.7312,6,0.0,1.0,1.0,0.35,0.7,0.897959,1.1012,1.1012
JG_20260523_1800_마포구_상암_JG_0227,9,성수,성동구,subway,0.7287,7,0.0,1.0,1.0,0.35,0.7,0.877551,1.0987,1.0987
JG_20260523_1800_마포구_상암_JG_0227,10,선릉,강남구,subway,0.7238,8,0.0,1.0,1.0,0.35,0.7,0.857143,1.0938,1.0938
JG_20260523_1810_마포구_홍대거리_JG_0228,1,아현시장,마포구,market,0.4776,6,1.0,1.0,0.8,0.35,0.75,0.897959,1.5476,1.5476
JG_20260523_1810_마포구_홍대거리_JG_0228,2,연남동골목형상점가,마포구,market,0.4764,7,1.0,1.0,0.8,0.35,0.75,0.877551,1.5464,1.5464
JG_20260523_1810_마포구_홍대거리_JG_0228,3,망원시장,마포구,market,0.4721,8,1.0,1.0,0.8,0.35,0.75,0.857143,1.5421,1.5421
JG_20260523_1810_마포구_홍대거리_JG_0228,4,홍대레드로드골목형상점가,마포구,market,0.4699,9,1.0,1.0,0.8,0.35,0.75,0.836735,1.5399,1.5399
JG_20260523_1810_마포구_홍대거리_JG_0228,5,망원동월드컵시장,마포구,market,0.4684,10,1.0,1.0,0.8,0.35,0.75,0.816327,1.5384,1.5384
JG_20260523_1810_마포구_홍대거리_JG_0228,6,남이동길골목형상점가,서대문구,market,0.4684,12,0.45,1.0,0.8,0.35,0.75,0.77551,1.1534,1.1534
JG_20260523_1810_마포구_홍대거리_JG_0228,7,영천시장,서대문구,market,0.4684,14,0.45,1.0,0.8,0.35,0.75,0.734694,1.1534,1.1534
JG_20260523_1810_마포구_홍대거리_JG_0228,8,대림골목시장,은평구,market,0.4683,16,0.45,1.0,0.8,0.35,0.75,0.693878,1.1533,1.1533
JG_20260523_1810_마포구_홍대거리_JG_0228,9,강서행복한길골목형상점가,강서구,market,0.4681,21,0.45,1.0,0.8,0.35,0.75,0.591837,1.1531,1.1531
JG_20260523_1810_마포구_홍대거리_JG_0228,10,남대문시장,중구,market,0.7056,1,0.0,1.0,0.8,0.35,0.75,1.0,1.0756,1.0756
JG_20260524_1400_광진구_어린이대공원_JG_0230,1,어린이대공원,광진구,park,0.6366,9,1.0,1.0,0.7,0.53,0.7,0.836735,1.7426,1.7426
JG_20260524_1400_광진구_어린이대공원_JG_0230,2,아차산공원,광진구,park,0.6147,10,1.0,1.0,0.7,0.53,0.7,0.816327,1.7207,1.7207
JG_20260524_1400_광진구_어린이대공원_JG_0230,3,봉은공원,강남구,park,0.7451,1,0.45,1.0,0.7,0.53,0.7,1.0,1.4661,1.4661
JG_20260524_1400_광진구_어린이대공원_JG_0230,4,중랑캠핑숲,중랑구,park,0.7412,3,0.45,1.0,0.7,0.35,0.7,0.959184,1.4262,1.4262
JG_20260524_1400_광진구_어린이대공원_JG_0230,5,천마근린공원,송파구,park,0.6141,12,0.45,1.0,0.7,0.53,0.7,0.77551,1.3351,1.3351
JG_20260524_1400_광진구_어린이대공원_JG_0230,6,동명근린공원,강동구,park,0.6058,22,0.45,1.0,0.7,0.53,0.7,0.571429,1.3268,1.3268
JG_20260524_1400_광진구_어린이대공원_JG_0230,7,성수근린공원,성동구,park,0.6055,23,0.45,1.0,0.7,0.53,0.7,0.55102,1.3265,1.3265
JG_20260524_1400_광진구_어린이대공원_JG_0230,8,달맞이근린공원,성동구,park,0.6016,24,0.45,1.0,0.7,0.53,0.7,0.530612,1.3226,1.3226
JG_20260524_1400_광진구_어린이대공원_JG_0230,9,도산근린공원,강남구,park,0.5922,32,0.45,1.0,0.7,0.53,0.7,0.367347,1.3132,1.3132
JG_20260524_1400_광진구_어린이대공원_JG_0230,10,허브천문공원,강동구,park,0.5907,33,0.45,1.0,0.7,0.53,0.7,0.346939,1.3117,1.3117
JG_20260524_1440_광진구_어린이대공원_JG_0231,1,어린이대공원,광진구,park,0.6366,9,1.0,1.0,0.7,0.53,0.7,0.836735,1.7426,1.7426
JG_20260524_1440_광진구_어린이대공원_JG_0231,2,아차산공원,광진구,park,0.6147,10,1.0,1.0,0.7,0.53,0.7,0.816327,1.7207,1.7207
JG_20260524_1440_광진구_어린이대공원_JG_0231,3,봉은공원,강남구,park,0.7451,1,0.45,1.0,0.7,0.53,0.7,1.0,1.4661,1.4661
JG_20260524_1440_광진구_어린이대공원_JG_0231,4,중랑캠핑숲,중랑구,park,0.7412,3,0.45,1.0,0.7,0.35,0.7,0.959184,1.4262,1.4262
JG_20260524_1440_광진구_어린이대공원_JG_0231,5,천마근린공원,송파구,park,0.6141,12,0.45,1.0,0.7,0.53,0.7,0.77551,1.3351,1.3351
JG_20260524_1440_광진구_어린이대공원_JG_0231,6,동명근린공원,강동구,park,0.6058,22,0.45,1.0,0.7,0.53,0.7,0.571429,1.3268,1.3268
JG_20260524_1440_광진구_어린이대공원_JG_0231,7,성수근린공원,성동구,park,0.6055,23,0.45,1.0,0.7,0.53,0.7,0.55102,1.3265,1.3265
JG_20260524_1440_광진구_어린이대공원_JG_0231,8,달맞이근린공원,성동구,park,0.6016,24,0.45,1.0,0.7,0.53,0.7,0.530612,1.3226,1.3226
JG_20260524_1440_광진구_어린이대공원_JG_0231,9,도산근린공원,강남구,park,0.5922,32,0.45,1.0,0.7,0.53,0.7,0.367347,1.3132,1.3132
JG_20260524_1440_광진구_어린이대공원_JG_0231,10,허브천문공원,강동구,park,0.5907,33,0.45,1.0,0.7,0.53,0.7,0.346939,1.3117,1.3117
JG_20260524_1500_광진구_재개발재건축현장_JG_0232,1,잠실(송파구청),송파구,subway,0.9611,2,0.45,1.0,0.25,0.35,0.0,0.979592,1.6461,1.6461
JG_20260524_1500_광진구_재개발재건축현장_JG_0232,2,건대입구,광진구,subway,0.5488,9,1.0,1.0,0.25,0.35,0.0,0.836735,1.6188,1.6188
JG_20260524_1500_광진구_재개발재건축현장_JG_0232,3,강남,강남구,subway,0.9318,3,0.45,1.0,0.25,0.35,0.0,0.959184,1.6168,1.6168
JG_20260524_1500_광진구_재개발재건축현장_JG_0232,4,구의(광진구청),광진구,subway,0.4793,10,1.0,1.0,0.25,0.35,0.0,0.816327,1.5493,1.5493
JG_20260524_1500_광진구_재개발재건축현장_JG_0232,5,삼성(무역센터),강남구,subway,0.7312,6,0.45,1.0,0.25,0.35,0.0,0.897959,1.4162,1.4162
JG_20260524_1500_광진구_재개발재건축현장_JG_0232,6,성수,성동구,subway,0.7287,7,0.45,1.0,0.25,0.35,0.0,0.877551,1.4137,1.4137
JG_20260524_1500_광진구_재개발재건축현장_JG_0232,7,선릉,강남구,subway,0.7238,8,0.45,1.0,0.25,0.35,0.0,0.857143,1.4088,1.4088
JG_20260524_1500_광진구_재개발재건축현장_JG_0232,8,서울역,중구,subway,0.9642,1,0.0,1.0,0.25,0.35,0.0,1.0,1.3342,1.3342
JG_20260524_1500_광진구_재개발재건축현장_JG_0232,9,홍대입구,마포구,subway,0.8656,4,0.0,1.0,0.25,0.35,0.0,0.938776,1.2356,1.2356
JG_20260524_1500_광진구_재개발재건축현장_JG_0232,10,고속터미널,서초구,subway,0.8161,5,0.0,1.0,0.25,0.35,0.0,0.918367,1.1861,1.1861
JG_20260524_1530_강동구_천호공원_JG_0233,1,일자산근린공원,강동구,park,0.694,4,1.0,1.0,0.7,0.53,0.0,0.938776,1.8,1.8
JG_20260524_1530_강동구_천호공원_JG_0233,2,천호근린공원,강동구,park,0.6519,5,1.0,1.0,0.7,0.53,0.0,0.918367,1.7579,1.7579
JG_20260524_1530_강동구_천호공원_JG_0233,3,길동생태공원,강동구,park,0.6301,6,1.0,1.0,0.7,0.53,0.0,0.897959,1.7361,1.7361
JG_20260524_1530_강동구_천호공원_JG_0233,4,명일근린공원,강동구,park,0.6253,7,1.0,1.0,0.7,0.53,0.0,0.877551,1.7313,1.7313
JG_20260524_1530_강동구_천호공원_JG_0233,5,동명근린공원,강동구,park,0.6058,8,1.0,1.0,0.7,0.53,0.0,0.857143,1.7118,1.7118
JG_20260524_1530_강동구_천호공원_JG_0233,6,허브천문공원,강동구,park,0.5907,9,1.0,1.0,0.7,0.53,0.0,0.836735,1.6967,1.6967
JG_20260524_1530_강동구_천호공원_JG_0233,7,샛마을근린공원,강동구,park,0.5803,10,1.0,1.0,0.7,0.53,0.0,0.816327,1.6863,1.6863
JG_20260524_1530_강동구_천호공원_JG_0233,8,봉은공원,강남구,park,0.7451,1,0.25,1.0,0.7,0.53,0.0,1.0,1.3261,1.3261
JG_20260524_1530_강동구_천호공원_JG_0233,9,올림픽공원,송파구,park,0.4994,14,0.45,1.0,0.7,0.53,0.0,0.734694,1.2204,1.2204
JG_20260524_1530_강동구_천호공원_JG_0233,10,월드컵공원,마포구,park,0.7425,2,0.0,1.0,0.7,0.53,0.0,0.979592,1.1485,1.1485
JG_20260524_1640_강동구_재개발재건축현장_JG_0235,1,잠실(송파구청),송파구,subway,0.9611,2,0.45,1.0,0.25,0.35,0.0,0.979592,1.6461,1.6461
JG_20260524_1640_강동구_재개발재건축현장_JG_0235,2,강남,강남구,subway,0.9318,3,0.25,1.0,0.25,0.35,0.0,0.959184,1.4768,1.4768
JG_20260524_1640_강동구_재개발재건축현장_JG_0235,3,고속터미널,서초구,subway,0.8161,5,0.25,1.0,0.25,0.35,0.0,0.918367,1.3611,1.3611
JG_20260524_1640_강동구_재개발재건축현장_JG_0235,4,서울역,중구,subway,0.9642,1,0.0,1.0,0.25,0.35,0.0,1.0,1.3342,1.3342
JG_20260524_1640_강동구_재개발재건축현장_JG_0235,5,삼성(무역센터),강남구,subway,0.7312,6,0.25,1.0,0.25,0.35,0.0,0.897959,1.2762,1.2762
JG_20260524_1640_강동구_재개발재건축현장_JG_0235,6,선릉,강남구,subway,0.7238,8,0.25,1.0,0.25,0.35,0.0,0.857143,1.2688,1.2688
JG_20260524_1640_강동구_재개발재건축현장_JG_0235,7,홍대입구,마포구,subway,0.8656,4,0.0,1.0,0.25,0.35,0.0,0.938776,1.2356,1.2356
JG_20260524_1640_강동구_재개발재건축현장_JG_0235,8,건대입구,광진구,subway,0.5488,27,0.45,1.0,0.25,0.35,0.0,0.469388,1.2338,1.2338
JG_20260524_1640_강동구_재개발재건축현장_JG_0235,9,역삼,강남구,subway,0.6459,15,0.25,1.0,0.25,0.35,0.0,0.714286,1.1909,1.1909
JG_20260524_1640_강동구_재개발재건축현장_JG_0235,10,구의(광진구청),광진구,subway,0.4793,50,0.45,1.0,0.25,0.35,0.0,0.0,1.1643,1.1643
JG_20260524_1740_송파구_재개발재건축현장_JG_0236,1,잠실(송파구청),송파구,subway,0.9611,2,1.0,1.0,1.0,0.35,0.0,0.979592,2.0311,2.0311
JG_20260524_1740_송파구_재개발재건축현장_JG_0236,2,강남,강남구,subway,0.9318,3,0.45,1.0,1.0,0.35,0.0,0.959184,1.6168,1.6168
JG_20260524_1740_송파구_재개발재건축현장_JG_0236,3,삼성(무역센터),강남구,subway,0.7312,6,0.45,1.0,1.0,0.35,0.0,0.897959,1.4162,1.4162
JG_20260524_1740_송파구_재개발재건축현장_JG_0236,4,선릉,강남구,subway,0.7238,8,0.45,1.0,1.0,0.35,0.0,0.857143,1.4088,1.4088
JG_20260524_1740_송파구_재개발재건축현장_JG_0236,5,고속터미널,서초구,subway,0.8161,5,0.25,1.0,1.0,0.35,0.0,0.918367,1.3611,1.3611
JG_20260524_1740_송파구_재개발재건축현장_JG_0236,6,서울역,중구,subway,0.9642,1,0.0,1.0,1.0,0.35,0.0,1.0,1.3342,1.3342
JG_20260524_1740_송파구_재개발재건축현장_JG_0236,7,역삼,강남구,subway,0.6459,15,0.45,1.0,1.0,0.35,0.0,0.714286,1.3309,1.3309
JG_20260524_1740_송파구_재개발재건축현장_JG_0236,8,홍대입구,마포구,subway,0.8656,4,0.0,1.0,1.0,0.35,0.0,0.938776,1.2356,1.2356
JG_20260524_1740_송파구_재개발재건축현장_JG_0236,9,건대입구,광진구,subway,0.5488,27,0.45,1.0,1.0,0.35,0.0,0.469388,1.2338,1.2338
JG_20260524_1740_송파구_재개발재건축현장_JG_0236,10,구의(광진구청),광진구,subway,0.4793,50,0.45,1.0,1.0,0.35,0.0,0.0,1.1643,1.1643
JG_20260524_1800_강동구_성내전통시장_JG_0237,1,천호로데오거리상점가,강동구,market,0.5914,4,1.0,1.0,0.8,0.35,0.75,0.938776,1.6614,1.6614
JG_20260524_1800_강동구_성내전통시장_JG_0237,2,둔촌역전통시장,강동구,market,0.4698,8,1.0,1.0,0.8,0.53,0.75,0.857143,1.5758,1.5758
JG_20260524_1800_강동구_성내전통시장_JG_0237,3,성내전통시장,강동구,market,0.4688,9,1.0,1.0,0.8,0.53,0.75,0.836735,1.5748,1.5748
JG_20260524_1800_강동구_성내전통시장_JG_0237,4,고분다리전통시장,강동구,market,0.4682,10,1.0,1.0,0.8,0.53,0.75,0.816327,1.5742,1.5742
JG_20260524_1800_강동구_성내전통시장_JG_0237,5,장신구거리,강동구,market,0.4813,5,1.0,1.0,0.8,0.35,0.75,0.918367,1.5513,1.5513
JG_20260524_1800_강동구_성내전통시장_JG_0237,6,길동복조리시장,강동구,market,0.4759,6,1.0,1.0,0.8,0.35,0.75,0.897959,1.5459,1.5459
JG_20260524_1800_강동구_성내전통시장_JG_0237,7,암사종합시장,강동구,market,0.4752,7,1.0,1.0,0.8,0.35,0.75,0.877551,1.5452,1.5452
JG_20260524_1800_강동구_성내전통시장_JG_0237,8,남대문시장,중구,market,0.7056,1,0.0,1.0,0.8,0.35,0.75,1.0,1.0756,1.0756
JG_20260524_1800_강동구_성내전통시장_JG_0237,9,동대문종합시장,종로구,market,0.6301,2,0.0,1.0,0.8,0.35,0.75,0.979592,1.0001,1.0001
JG_20260524_1800_강동구_성내전통시장_JG_0237,10,장안 마실 골목형상점가,동대문구,market,0.6299,3,0.0,1.0,0.8,0.35,0.75,0.959184,0.9999,0.9999
JG_20260525_1000_강서구_마곡나루역_JG_0238,1,까치산,강서구,subway,0.6301,8,1.0,1.0,0.3,0.35,0.7,0.857143,1.7001,1.7001
JG_20260525_1000_강서구_마곡나루역_JG_0238,2,화곡,강서구,subway,0.6251,9,1.0,1.0,0.3,0.35,0.7,0.836735,1.6951,1.6951
JG_20260525_1000_강서구_마곡나루역_JG_0238,3,신림,관악구,subway,0.9468,1,0.25,1.0,0.3,0.35,0.7,1.0,1.4918,1.4918
JG_20260525_1000_강서구_마곡나루역_JG_0238,4,구로디지털단지,구로구,subway,0.776,4,0.25,1.0,0.3,0.35,0.7,0.938776,1.321,1.321
JG_20260525_1000_강서구_마곡나루역_JG_0238,5,서울대입구(관악구청),관악구,subway,0.7382,5,0.25,1.0,0.3,0.35,0.7,0.918367,1.2832,1.2832
JG_20260525_1000_강서구_마곡나루역_JG_0238,6,홍대입구,마포구,subway,0.5848,12,0.45,1.0,0.3,0.35,0.7,0.77551,1.2698,1.2698
JG_20260525_1000_강서구_마곡나루역_JG_0238,7,신도림,구로구,subway,0.7139,6,0.25,1.0,0.3,0.35,0.7,0.897959,1.2589,1.2589
JG_20260525_1000_강서구_마곡나루역_JG_0238,8,잠실(송파구청),송파구,subway,0.8013,2,0.0,1.0,0.3,0.35,0.7,0.979592,1.1713,1.1713
JG_20260525_1000_강서구_마곡나루역_JG_0238,9,서울역,중구,subway,0.7902,3,0.0,1.0,0.3,0.35,0.7,0.959184,1.1602,1.1602
JG_20260525_1000_강서구_마곡나루역_JG_0238,10,영등포,영등포구,subway,0.4735,46,0.45,1.0,0.3,0.35,0.7,0.081633,1.1585,1.1585
JG_20260525_1050_강서구_서울식물원_JG_0239,1,방화근린공원,강서구,park,0.6584,2,1.0,1.0,0.4,0.53,0.7,0.979592,1.7644,1.7644
JG_20260525_1050_강서구_서울식물원_JG_0239,2,우장산근린공원,강서구,park,0.6338,3,1.0,1.0,0.4,0.53,0.7,0.959184,1.7398,1.7398
JG_20260525_1050_강서구_서울식물원_JG_0239,3,서울식물원,강서구,park,0.6609,1,1.0,1.0,0.4,0.35,0.7,1.0,1.7309,1.7309
JG_20260525_1050_강서구_서울식물원_JG_0239,4,봉제산공원,강서구,park,0.6165,4,1.0,1.0,0.4,0.53,0.7,0.938776,1.7225,1.7225
JG_20260525_1050_강서구_서울식물원_JG_0239,5,개화근린공원,강서구,park,0.6086,5,1.0,1.0,0.4,0.53,0.7,0.918367,1.7146,1.7146
JG_20260525_1050_강서구_서울식물원_JG_0239,6,꿩고개근린공원,강서구,park,0.5968,6,1.0,1.0,0.4,0.53,0.7,0.897959,1.7028,1.7028
JG_20260525_1050_강서구_서울식물원_JG_0239,7,궁산근린공원,강서구,park,0.5946,7,1.0,1.0,0.4,0.53,0.7,0.877551,1.7006,1.7006
JG_20260525_1050_강서구_서울식물원_JG_0239,8,염창근린공원,강서구,park,0.5899,8,1.0,1.0,0.4,0.53,0.7,0.857143,1.6959,1.6959
JG_20260525_1050_강서구_서울식물원_JG_0239,9,허준공원,강서구,park,0.5765,9,1.0,1.0,0.4,0.53,0.7,0.836735,1.6825,1.6825
JG_20260525_1050_강서구_서울식물원_JG_0239,10,매화근린공원,강서구,park,0.5416,10,1.0,1.0,0.4,0.53,0.7,0.816327,1.6476,1.6476
JG_20260525_1240_양천구_현대백화점목동점_JG_0240,1,구로디지털단지,구로구,subway,0.6961,10,0.45,1.0,0.2,0.35,0.7,0.816327,1.3811,1.3811
JG_20260525_1240_양천구_현대백화점목동점_JG_0240,2,신도림,구로구,subway,0.6595,13,0.45,1.0,0.2,0.35,0.7,0.755102,1.3445,1.3445
JG_20260525_1240_양천구_현대백화점목동점_JG_0240,3,영등포,영등포구,subway,0.6567,14,0.45,1.0,0.2,0.35,0.7,0.734694,1.3417,1.3417
JG_20260525_1240_양천구_현대백화점목동점_JG_0240,4,서울역,중구,subway,0.9642,1,0.0,1.0,0.2,0.35,0.7,1.0,1.3342,1.3342
JG_20260525_1240_양천구_현대백화점목동점_JG_0240,5,잠실(송파구청),송파구,subway,0.9611,2,0.0,1.0,0.2,0.35,0.7,0.979592,1.3311,1.3311
JG_20260525_1240_양천구_현대백화점목동점_JG_0240,6,강남,강남구,subway,0.9318,3,0.0,1.0,0.2,0.35,0.7,0.959184,1.3018,1.3018
JG_20260525_1240_양천구_현대백화점목동점_JG_0240,7,신림,관악구,subway,0.6921,11,0.25,1.0,0.2,0.35,0.7,0.795918,1.2371,1.2371
JG_20260525_1240_양천구_현대백화점목동점_JG_0240,8,홍대입구,마포구,subway,0.8656,4,0.0,1.0,0.2,0.35,0.7,0.938776,1.2356,1.2356
JG_20260525_1240_양천구_현대백화점목동점_JG_0240,9,여의도,영등포구,subway,0.5131,39,0.45,1.0,0.2,0.35,0.7,0.22449,1.1981,1.1981
JG_20260525_1240_양천구_현대백화점목동점_JG_0240,10,고속터미널,서초구,subway,0.8161,5,0.0,1.0,0.2,0.35,0.7,0.918367,1.1861,1.1861
JG_20260525_1430_금천구_시티렉스앞_JG_0242,1,가산디지털단지,금천구,subway,0.586,10,1.0,1.0,0.25,0.35,0.7,0.816327,1.656,1.656
JG_20260525_1430_금천구_시티렉스앞_JG_0242,2,서울역,중구,subway,0.9642,1,0.0,1.0,0.25,0.35,0.7,1.0,1.3342,1.3342
JG_20260525_1430_금천구_시티렉스앞_JG_0242,3,잠실(송파구청),송파구,subway,0.9611,2,0.0,1.0,0.25,0.35,0.7,0.979592,1.3311,1.3311
JG_20260525_1430_금천구_시티렉스앞_JG_0242,4,강남,강남구,subway,0.9318,3,0.0,1.0,0.25,0.35,0.7,0.959184,1.3018,1.3018
JG_20260525_1430_금천구_시티렉스앞_JG_0242,5,홍대입구,마포구,subway,0.8656,4,0.0,1.0,0.25,0.35,0.7,0.938776,1.2356,1.2356
JG_20260525_1430_금천구_시티렉스앞_JG_0242,6,고속터미널,서초구,subway,0.8161,5,0.0,1.0,0.25,0.35,0.7,0.918367,1.1861,1.1861
JG_20260525_1430_금천구_시티렉스앞_JG_0242,7,낙성대(강감찬),관악구,subway,0.4696,47,0.45,1.0,0.25,0.35,0.7,0.061224,1.1546,1.1546
JG_20260525_1430_금천구_시티렉스앞_JG_0242,8,사당,동작구,subway,0.5846,11,0.25,1.0,0.25,0.35,0.7,0.795918,1.1296,1.1296
JG_20260525_1430_금천구_시티렉스앞_JG_0242,9,삼성(무역센터),강남구,subway,0.7312,6,0.0,1.0,0.25,0.35,0.7,0.897959,1.1012,1.1012
JG_20260525_1430_금천구_시티렉스앞_JG_0242,10,성수,성동구,subway,0.7287,7,0.0,1.0,0.25,0.35,0.7,0.877551,1.0987,1.0987
JG_20260525_1600_영등포구_영등포재개발재건축현장_JG_0243,1,영등포,영등포구,subway,0.6567,7,1.0,1.0,0.25,0.35,0.0,0.877551,1.7267,1.7267
JG_20260525_1600_영등포구_영등포재개발재건축현장_JG_0243,2,여의도,영등포구,subway,0.5131,8,1.0,1.0,0.25,0.35,0.0,0.857143,1.5831,1.5831
JG_20260525_1600_영등포구_영등포재개발재건축현장_JG_0243,3,홍대입구,마포구,subway,0.8656,4,0.45,1.0,0.25,0.35,0.0,0.938776,1.5506,1.5506
JG_20260525_1600_영등포구_영등포재개발재건축현장_JG_0243,4,영등포구청,영등포구,subway,0.427,9,1.0,1.0,0.25,0.35,0.0,0.836735,1.497,1.497
JG_20260525_1600_영등포구_영등포재개발재건축현장_JG_0243,5,당산,영등포구,subway,0.3993,10,1.0,1.0,0.25,0.35,0.0,0.816327,1.4693,1.4693
JG_20260525_1600_영등포구_영등포재개발재건축현장_JG_0243,6,서울역,중구,subway,0.9642,1,0.0,1.0,0.25,0.35,0.0,1.0,1.3342,1.3342
JG_20260525_1600_영등포구_영등포재개발재건축현장_JG_0243,7,잠실(송파구청),송파구,subway,0.9611,2,0.0,1.0,0.25,0.35,0.0,0.979592,1.3311,1.3311
JG_20260525_1600_영등포구_영등포재개발재건축현장_JG_0243,8,강남,강남구,subway,0.9318,3,0.0,1.0,0.25,0.35,0.0,0.959184,1.3018,1.3018
JG_20260525_1600_영등포구_영등포재개발재건축현장_JG_0243,9,고속터미널,서초구,subway,0.8161,5,0.0,1.0,0.25,0.35,0.0,0.918367,1.1861,1.1861
JG_20260525_1600_영등포구_영등포재개발재건축현장_JG_0243,10,삼성(무역센터),강남구,subway,0.7312,6,0.0,1.0,0.25,0.35,0.0,0.897959,1.1012,1.1012
JG_20260525_1630_영등포구_타임스퀘어_JG_0244,1,영등포,영등포구,subway,0.6567,7,1.0,1.0,0.25,0.35,0.7,0.877551,1.7267,1.7267
JG_20260525_1630_영등포구_타임스퀘어_JG_0244,2,여의도,영등포구,subway,0.5131,8,1.0,1.0,0.25,0.35,0.7,0.857143,1.5831,1.5831
JG_20260525_1630_영등포구_타임스퀘어_JG_0244,3,홍대입구,마포구,subway,0.8656,4,0.45,1.0,0.25,0.35,0.7,0.938776,1.5506,1.5506
JG_20260525_1630_영등포구_타임스퀘어_JG_0244,4,영등포구청,영등포구,subway,0.427,9,1.0,1.0,0.25,0.35,0.7,0.836735,1.497,1.497
JG_20260525_1630_영등포구_타임스퀘어_JG_0244,5,당산,영등포구,subway,0.3993,10,1.0,1.0,0.25,0.35,0.7,0.816327,1.4693,1.4693
JG_20260525_1630_영등포구_타임스퀘어_JG_0244,6,서울역,중구,subway,0.9642,1,0.0,1.0,0.25,0.35,0.7,1.0,1.3342,1.3342
JG_20260525_1630_영등포구_타임스퀘어_JG_0244,7,잠실(송파구청),송파구,subway,0.9611,2,0.0,1.0,0.25,0.35,0.7,0.979592,1.3311,1.3311
JG_20260525_1630_영등포구_타임스퀘어_JG_0244,8,강남,강남구,subway,0.9318,3,0.0,1.0,0.25,0.35,0.7,0.959184,1.3018,1.3018
JG_20260525_1630_영등포구_타임스퀘어_JG_0244,9,고속터미널,서초구,subway,0.8161,5,0.0,1.0,0.25,0.35,0.7,0.918367,1.1861,1.1861
JG_20260525_1630_영등포구_타임스퀘어_JG_0244,10,삼성(무역센터),강남구,subway,0.7312,6,0.0,1.0,0.25,0.35,0.7,0.897959,1.1012,1.1012
