query_id,rank,recommended_place_name,recommended_district,recommended_place_type,baseline_score,district_bonus,place_type_bonus,time_bonus,context_bonus,target_bonus,score
OH_20260429_1030_성동구_쌍리단길생문시장_OH_0008,1,남대문시장,중구,market,0.6592,0.0,0.0,0.0,0.0,0.0,0.6592
OH_20260429_1030_성동구_쌍리단길생문시장_OH_0008,2,마장축산물시장,성동구,market,0.4644,0.18,0.0,0.0,0.0,0.0,0.6444
OH_20260429_1030_성동구_쌍리단길생문시장_OH_0008,3,성동용답상가시장,성동구,market,0.4344,0.18,0.0,0.0,0.0,0.0,0.6144
OH_20260429_1030_성동구_쌍리단길생문시장_OH_0008,4,송정벚꽃골목형상점가,성동구,market,0.4303,0.18,0.0,0.0,0.0,0.0,0.6103
OH_20260429_1030_성동구_쌍리단길생문시장_OH_0008,5,사근살곶이골목형상점가시장,성동구,market,0.4268,0.18,0.0,0.0,0.0,0.0,0.6068
OH_20260429_1030_성동구_쌍리단길생문시장_OH_0008,6,금남시장,성동구,market,0.4235,0.18,0.0,0.0,0.0,0.0,0.6035
OH_20260429_1030_성동구_쌍리단길생문시장_OH_0008,7,뚝도시장,성동구,market,0.4212,0.18,0.0,0.0,0.0,0.0,0.6012
OH_20260429_1030_성동구_쌍리단길생문시장_OH_0008,8,마장동축산물시장,성동구,market,0.4211,0.18,0.0,0.0,0.0,0.0,0.6011
OH_20260429_1030_성동구_쌍리단길생문시장_OH_0008,9,성수동 골목상권,성동구,market,0.4211,0.18,0.0,0.0,0.0,0.0,0.6011
OH_20260429_1030_성동구_쌍리단길생문시장_OH_0008,10,성수동 카페거리,성동구,market,0.4211,0.18,0.0,0.0,0.0,0.0,0.6011
OH_20260501_1140_종로구_서울배달라이더현장_OH_0016,1,종로노인종합복지관,종로구,senior_friendly,0.7444,0.18,0.0,0.0,0.0,0.0,0.9244
OH_20260501_1140_종로구_서울배달라이더현장_OH_0016,2,낙산근린공원,종로구,park,0.6697,0.18,0.0,0.0,0.0,0.0,0.8497
OH_20260501_1140_종로구_서울배달라이더현장_OH_0016,3,북악산도시자연공원,종로구,park,0.6574,0.18,0.0,0.0,0.0,0.0,0.8374
OH_20260501_1140_종로구_서울배달라이더현장_OH_0016,4,인왕산도시자연공원,종로구,park,0.626,0.18,0.0,0.0,0.0,0.0,0.806
OH_20260501_1140_종로구_서울배달라이더현장_OH_0016,5,세종로공원,종로구,park,0.6186,0.18,0.0,0.0,0.0,0.0,0.7986
OH_20260501_1140_종로구_서울배달라이더현장_OH_0016,6,경희궁,종로구,park,0.6141,0.18,0.0,0.0,0.0,0.0,0.7941
OH_20260501_1140_종로구_서울배달라이더현장_OH_0016,7,삼청근린공원,종로구,park,0.6088,0.18,0.0,0.0,0.0,0.0,0.7888
OH_20260501_1140_종로구_서울배달라이더현장_OH_0016,8,광화문시민열린마당,종로구,park,0.6025,0.18,0.0,0.0,0.0,0.0,0.7825
OH_20260501_1140_종로구_서울배달라이더현장_OH_0016,9,와룡근린공원,종로구,park,0.5976,0.18,0.0,0.0,0.0,0.0,0.7776
OH_20260501_1140_종로구_서울배달라이더현장_OH_0016,10,사직근린공원,종로구,park,0.5975,0.18,0.0,0.0,0.0,0.0,0.7775
OH_20260501_1550_성동구_서울숲_OH_0019,1,서울숲,성동구,park,0.6805,0.18,0.0,0.0,0.0,0.0,0.8605
OH_20260501_1550_성동구_서울숲_OH_0019,2,응봉공원 (대현산배수지공원),성동구,park,0.637,0.18,0.0,0.0,0.0,0.0,0.817
OH_20260501_1550_성동구_서울숲_OH_0019,3,금호근린공원,성동구,park,0.6352,0.18,0.0,0.0,0.0,0.0,0.8152
OH_20260501_1550_성동구_서울숲_OH_0019,4,성수근린공원,성동구,park,0.6055,0.18,0.0,0.0,0.0,0.0,0.7855
OH_20260501_1550_성동구_서울숲_OH_0019,5,달맞이근린공원,성동구,park,0.6016,0.18,0.0,0.0,0.0,0.0,0.7816
OH_20260501_1550_성동구_서울숲_OH_0019,6,서울숲 야외무대,성동구,park,0.6015,0.18,0.0,0.0,0.0,0.0,0.7815
OH_20260501_1550_성동구_서울숲_OH_0019,7,응봉산 팔각정,성동구,park,0.6015,0.18,0.0,0.0,0.0,0.0,0.7815
OH_20260501_1550_성동구_서울숲_OH_0019,8,봉은공원,강남구,park,0.7451,0.0,0.0,0.0,0.0,0.0,0.7451
OH_20260501_1550_성동구_서울숲_OH_0019,9,월드컵공원,마포구,park,0.7425,0.0,0.0,0.0,0.0,0.0,0.7425
OH_20260501_1550_성동구_서울숲_OH_0019,10,중랑캠핑숲,중랑구,park,0.7412,0.0,0.0,0.0,0.0,0.0,0.7412
OH_20260501_1630_성동구_서울숲야외무대_OH_0020,1,서울숲,성동구,park,0.6805,0.18,0.0,0.0,0.0,0.0,0.8605
OH_20260501_1630_성동구_서울숲야외무대_OH_0020,2,응봉공원 (대현산배수지공원),성동구,park,0.637,0.18,0.0,0.0,0.0,0.0,0.817
OH_20260501_1630_성동구_서울숲야외무대_OH_0020,3,금호근린공원,성동구,park,0.6352,0.18,0.0,0.0,0.0,0.0,0.8152
OH_20260501_1630_성동구_서울숲야외무대_OH_0020,4,성수근린공원,성동구,park,0.6055,0.18,0.0,0.0,0.0,0.0,0.7855
OH_20260501_1630_성동구_서울숲야외무대_OH_0020,5,달맞이근린공원,성동구,park,0.6016,0.18,0.0,0.0,0.0,0.0,0.7816
OH_20260501_1630_성동구_서울숲야외무대_OH_0020,6,서울숲 야외무대,성동구,park,0.6015,0.18,0.0,0.0,0.0,0.0,0.7815
OH_20260501_1630_성동구_서울숲야외무대_OH_0020,7,응봉산 팔각정,성동구,park,0.6015,0.18,0.0,0.0,0.0,0.0,0.7815
OH_20260501_1630_성동구_서울숲야외무대_OH_0020,8,봉은공원,강남구,park,0.7451,0.0,0.0,0.0,0.0,0.0,0.7451
OH_20260501_1630_성동구_서울숲야외무대_OH_0020,9,월드컵공원,마포구,park,0.7425,0.0,0.0,0.0,0.0,0.0,0.7425
OH_20260501_1630_성동구_서울숲야외무대_OH_0020,10,중랑캠핑숲,중랑구,park,0.7412,0.0,0.0,0.0,0.0,0.0,0.7412
OH_20260502_0700_마포구_상암동월드컵공원_OH_0021,1,월드컵공원,마포구,park,0.7248,0.18,0.0,0.0,0.0,0.0,0.9048
OH_20260502_0700_마포구_상암동월드컵공원_OH_0021,2,문화비축기지,마포구,park,0.6163,0.18,0.0,0.0,0.0,0.0,0.7963
OH_20260502_0700_마포구_상암동월드컵공원_OH_0021,3,와우근린공원,마포구,park,0.6129,0.18,0.0,0.0,0.0,0.0,0.7929
OH_20260502_0700_마포구_상암동월드컵공원_OH_0021,4,상암근린공원,마포구,park,0.6077,0.18,0.0,0.0,0.0,0.0,0.7877
OH_20260502_0700_마포구_상암동월드컵공원_OH_0021,5,외국인묘지공원,마포구,park,0.565,0.18,0.0,0.0,0.0,0.0,0.745
OH_20260502_0700_마포구_상암동월드컵공원_OH_0021,6,마포구 월드컵로 251,마포구,park,0.5649,0.18,0.0,0.0,0.0,0.0,0.7449
OH_20260502_0700_마포구_상암동월드컵공원_OH_0021,7,상암동 월드컵공원,마포구,park,0.5649,0.18,0.0,0.0,0.0,0.0,0.7449
OH_20260502_0700_마포구_상암동월드컵공원_OH_0021,8,서울월드컵경기장,마포구,park,0.5649,0.18,0.0,0.0,0.0,0.0,0.7449
OH_20260502_0700_마포구_상암동월드컵공원_OH_0021,9,봉은공원,강남구,park,0.7275,0.0,0.0,0.0,0.0,0.0,0.7275
OH_20260502_0700_마포구_상암동월드컵공원_OH_0021,10,중랑캠핑숲,중랑구,park,0.7213,0.0,0.0,0.0,0.0,0.0,0.7213
OH_20260502_0930_성북구_상경청년자취방_OH_0022,1,시립성북노인종합복지관,성북구,senior_friendly,0.7477,0.18,0.0,0.0,0.0,0.0,0.9277
OH_20260502_0930_성북구_상경청년자취방_OH_0022,2,청량공원,성북구,park,0.6438,0.18,0.0,0.0,0.0,0.0,0.8238
OH_20260502_0930_성북구_상경청년자취방_OH_0022,3,개운산근린공원,성북구,park,0.6322,0.18,0.0,0.0,0.0,0.0,0.8122
OH_20260502_0930_성북구_상경청년자취방_OH_0022,4,성북근린공원,성북구,park,0.6182,0.18,0.0,0.0,0.0,0.0,0.7982
OH_20260502_0930_성북구_상경청년자취방_OH_0022,5,월곡달빛오거리골목형상점가,성북구,market,0.4287,0.18,0.0,0.0,0.0,0.0,0.6087
OH_20260502_0930_성북구_상경청년자취방_OH_0022,6,석계음식문화거리,성북구,market,0.4284,0.18,0.0,0.0,0.0,0.0,0.6084
OH_20260502_0930_성북구_상경청년자취방_OH_0022,7,종암북바위길골목형상점가,성북구,market,0.4276,0.18,0.0,0.0,0.0,0.0,0.6076
OH_20260502_0930_성북구_상경청년자취방_OH_0022,8,돈암시장,성북구,market,0.4266,0.18,0.0,0.0,0.0,0.0,0.6066
OH_20260502_0930_성북구_상경청년자취방_OH_0022,9,정릉시장,성북구,market,0.4258,0.18,0.0,0.0,0.0,0.0,0.6058
OH_20260502_0930_성북구_상경청년자취방_OH_0022,10,성북천골목형상점가,성북구,market,0.4235,0.18,0.0,0.0,0.0,0.0,0.6035
OH_20260503_0830_용산구_효창운동장_OH_0027,1,남대문시장,중구,market,0.6592,0.0,0.0,0.0,0.0,0.0,0.6592
OH_20260503_0830_용산구_효창운동장_OH_0027,2,용산용문시장,용산구,market,0.4279,0.18,0.0,0.0,0.0,0.0,0.6079
OH_20260503_0830_용산구_효창운동장_OH_0027,3,이촌종합시장,용산구,market,0.4223,0.18,0.0,0.0,0.0,0.0,0.6023
OH_20260503_0830_용산구_효창운동장_OH_0027,4,효창운동장,용산구,park,0.4222,0.18,0.0,0.0,0.0,0.0,0.6022
OH_20260503_0830_용산구_효창운동장_OH_0027,5,동대문종합시장,종로구,market,0.5837,0.0,0.0,0.0,0.0,0.0,0.5837
OH_20260503_0830_용산구_효창운동장_OH_0027,6,장안 마실 골목형상점가,동대문구,market,0.5827,0.0,0.0,0.0,0.0,0.0,0.5827
OH_20260503_0830_용산구_효창운동장_OH_0027,7,천호로데오거리상점가,강동구,market,0.5458,0.0,0.0,0.0,0.0,0.0,0.5458
OH_20260503_0830_용산구_효창운동장_OH_0027,8,광장전통시장,종로구,market,0.5242,0.0,0.0,0.0,0.0,0.0,0.5242
OH_20260503_0830_용산구_효창운동장_OH_0027,9,가락몰 골목형상점가,송파구,market,0.514,0.0,0.0,0.0,0.0,0.0,0.514
OH_20260503_0830_용산구_효창운동장_OH_0027,10,평화시장,중구,market,0.5064,0.0,0.0,0.0,0.0,0.0,0.5064
OH_20260504_1400_구로구_온수역_OH_0034,1,구로노인종합복지관,구로구,senior_friendly,0.7583,0.18,0.0,0.0,0.0,0.0,0.9383
OH_20260504_1400_구로구_온수역_OH_0034,2,구로디지털단지,구로구,subway,0.6961,0.18,0.0,0.0,0.0,0.0,0.8761
OH_20260504_1400_구로구_온수역_OH_0034,3,신도림,구로구,subway,0.6595,0.18,0.0,0.0,0.0,0.0,0.8395
OH_20260504_1400_구로구_온수역_OH_0034,4,온수도시자연공원,구로구,park,0.6365,0.18,0.0,0.0,0.0,0.0,0.8165
OH_20260504_1400_구로구_온수역_OH_0034,5,고척근린공원,구로구,park,0.6349,0.18,0.0,0.0,0.0,0.0,0.8149
OH_20260504_1400_구로구_온수역_OH_0034,6,개웅산근린공원,구로구,park,0.6241,0.18,0.0,0.0,0.0,0.0,0.8041
OH_20260504_1400_구로구_온수역_OH_0034,7,푸른수목원,구로구,park,0.6164,0.18,0.0,0.0,0.0,0.0,0.7964
OH_20260504_1400_구로구_온수역_OH_0034,8,오류버들시장 골목형상점가,구로구,market,0.4915,0.18,0.0,0.0,0.0,0.0,0.6715
OH_20260504_1400_구로구_온수역_OH_0034,9,남구로시장,구로구,market,0.4811,0.18,0.0,0.0,0.0,0.0,0.6611
OH_20260504_1400_구로구_온수역_OH_0034,10,그라운드고척 골목형상점가,구로구,market,0.4792,0.18,0.0,0.0,0.0,0.0,0.6592
OH_20260505_1330_중구_서울광장_OH_0038,1,남산공원,중구,park,0.7185,0.18,0.0,0.0,0.0,0.0,0.8985
OH_20260505_1330_중구_서울광장_OH_0038,2,훈련원근린공원,중구,park,0.6359,0.18,0.0,0.0,0.0,0.0,0.8159
OH_20260505_1330_중구_서울광장_OH_0038,3,손기정체육공원,중구,park,0.6178,0.18,0.0,0.0,0.0,0.0,0.7978
OH_20260505_1330_중구_서울광장_OH_0038,4,봉은공원,강남구,park,0.7451,0.0,0.0,0.0,0.0,0.0,0.7451
OH_20260505_1330_중구_서울광장_OH_0038,5,월드컵공원,마포구,park,0.7425,0.0,0.0,0.0,0.0,0.0,0.7425
OH_20260505_1330_중구_서울광장_OH_0038,6,중랑캠핑숲,중랑구,park,0.7412,0.0,0.0,0.0,0.0,0.0,0.7412
OH_20260505_1330_중구_서울광장_OH_0038,7,백련근린공원,서대문구,park,0.7275,0.0,0.0,0.0,0.0,0.0,0.7275
OH_20260505_1330_중구_서울광장_OH_0038,8,안산도시자연공원,서대문구,park,0.7158,0.0,0.0,0.0,0.0,0.0,0.7158
OH_20260505_1330_중구_서울광장_OH_0038,9,순화문화공원,중구,park,0.4624,0.18,0.0,0.0,0.0,0.0,0.6424
OH_20260505_1330_중구_서울광장_OH_0038,10,서소문역사공원,중구,park,0.4624,0.18,0.0,0.0,0.0,0.0,0.6424
OH_20260505_1430_중구_ddp_OH_0039,1,서울역,중구,subway,0.9642,0.18,0.0,0.0,0.0,0.0,1.1442
OH_20260505_1430_중구_ddp_OH_0039,2,약수노인복지관,중구,senior_friendly,0.7822,0.18,0.0,0.0,0.0,0.0,0.9622
OH_20260505_1430_중구_ddp_OH_0039,3,남산공원,중구,park,0.7185,0.18,0.0,0.0,0.0,0.0,0.8985
OH_20260505_1430_중구_ddp_OH_0039,4,남대문시장,중구,market,0.7056,0.18,0.0,0.0,0.0,0.0,0.8856
OH_20260505_1430_중구_ddp_OH_0039,5,을지로입구,중구,subway,0.6806,0.18,0.0,0.0,0.0,0.0,0.8606
OH_20260505_1430_중구_ddp_OH_0039,6,훈련원근린공원,중구,park,0.6359,0.18,0.0,0.0,0.0,0.0,0.8159
OH_20260505_1430_중구_ddp_OH_0039,7,손기정체육공원,중구,park,0.6178,0.18,0.0,0.0,0.0,0.0,0.7978
OH_20260505_1430_중구_ddp_OH_0039,8,명동,중구,subway,0.5738,0.18,0.0,0.0,0.0,0.0,0.7538
OH_20260505_1430_중구_ddp_OH_0039,9,평화시장,중구,market,0.5528,0.18,0.0,0.0,0.0,0.0,0.7328
OH_20260505_1430_중구_ddp_OH_0039,10,삼익패션타운,중구,market,0.5222,0.18,0.0,0.0,0.0,0.0,0.7022
OH_20260505_1540_서초구_예술의전당_OH_0040,1,매헌시민의숲,서초구,park,0.6618,0.18,0.0,0.0,0.0,0.0,0.8418
OH_20260505_1540_서초구_예술의전당_OH_0040,2,문화예술공원,서초구,park,0.6545,0.18,0.0,0.0,0.0,0.0,0.8345
OH_20260505_1540_서초구_예술의전당_OH_0040,3,청계산도시자연공원,서초구,park,0.65,0.18,0.0,0.0,0.0,0.0,0.83
OH_20260505_1540_서초구_예술의전당_OH_0040,4,우면산도시자연공원,서초구,park,0.6495,0.18,0.0,0.0,0.0,0.0,0.8295
OH_20260505_1540_서초구_예술의전당_OH_0040,5,인능산도시자연공원,서초구,park,0.6437,0.18,0.0,0.0,0.0,0.0,0.8237
OH_20260505_1540_서초구_예술의전당_OH_0040,6,구룡산도시자연공원,서초구,park,0.6435,0.18,0.0,0.0,0.0,0.0,0.8235
OH_20260505_1540_서초구_예술의전당_OH_0040,7,예술의전당,서초구,park,0.6434,0.18,0.0,0.0,0.0,0.0,0.8234
OH_20260505_1540_서초구_예술의전당_OH_0040,8,잠수교,서초구,park,0.6434,0.18,0.0,0.0,0.0,0.0,0.8234
OH_20260505_1540_서초구_예술의전당_OH_0040,9,잠수대교 남단,서초구,park,0.6434,0.18,0.0,0.0,0.0,0.0,0.8234
OH_20260505_1540_서초구_예술의전당_OH_0040,10,봉은공원,강남구,park,0.7451,0.0,0.0,0.0,0.0,0.0,0.7451
OH_20260506_0640_성동구_마장동축산물시장_OH_0041,1,남대문시장,중구,market,0.6592,0.0,0.0,0.0,0.0,0.0,0.6592
OH_20260506_0640_성동구_마장동축산물시장_OH_0041,2,마장축산물시장,성동구,market,0.4644,0.18,0.0,0.0,0.0,0.0,0.6444
OH_20260506_0640_성동구_마장동축산물시장_OH_0041,3,성동용답상가시장,성동구,market,0.4344,0.18,0.0,0.0,0.0,0.0,0.6144
OH_20260506_0640_성동구_마장동축산물시장_OH_0041,4,송정벚꽃골목형상점가,성동구,market,0.4303,0.18,0.0,0.0,0.0,0.0,0.6103
OH_20260506_0640_성동구_마장동축산물시장_OH_0041,5,사근살곶이골목형상점가시장,성동구,market,0.4268,0.18,0.0,0.0,0.0,0.0,0.6068
OH_20260506_0640_성동구_마장동축산물시장_OH_0041,6,금남시장,성동구,market,0.4235,0.18,0.0,0.0,0.0,0.0,0.6035
OH_20260506_0640_성동구_마장동축산물시장_OH_0041,7,뚝도시장,성동구,market,0.4212,0.18,0.0,0.0,0.0,0.0,0.6012
OH_20260506_0640_성동구_마장동축산물시장_OH_0041,8,마장동축산물시장,성동구,market,0.4211,0.18,0.0,0.0,0.0,0.0,0.6011
OH_20260506_0640_성동구_마장동축산물시장_OH_0041,9,성수동 골목상권,성동구,market,0.4211,0.18,0.0,0.0,0.0,0.0,0.6011
OH_20260506_0640_성동구_마장동축산물시장_OH_0041,10,성수동 카페거리,성동구,market,0.4211,0.18,0.0,0.0,0.0,0.0,0.6011
OH_20260506_1030_중구_장충체육관_OH_0042,1,약수노인복지관,중구,senior_friendly,0.9438,0.18,0.0,0.0,0.0,0.0,1.1238
OH_20260506_1030_중구_장충체육관_OH_0042,2,서울장애인종합복지관,중구,senior_friendly,0.9437,0.18,0.0,0.0,0.0,0.0,1.1237
OH_20260506_1030_중구_장충체육관_OH_0042,3,장충체육관,중구,park,0.9437,0.18,0.0,0.0,0.0,0.0,1.1237
OH_20260506_1030_중구_장충체육관_OH_0042,4,성수1가2동노인복지관 대현분소,성동구,senior_friendly,0.9585,0.0,0.0,0.0,0.0,0.0,0.9585
OH_20260506_1030_중구_장충체육관_OH_0042,5,강남구립 도곡1노인복지관,강남구,senior_friendly,0.9536,0.0,0.0,0.0,0.0,0.0,0.9536
OH_20260506_1030_중구_장충체육관_OH_0042,6,강동구립 해공노인복지관,강동구,senior_friendly,0.952,0.0,0.0,0.0,0.0,0.0,0.952
OH_20260506_1030_중구_장충체육관_OH_0042,7,구립 자양노인복지관,광진구,senior_friendly,0.9487,0.0,0.0,0.0,0.0,0.0,0.9487
OH_20260506_1030_중구_장충체육관_OH_0042,8,구립갈현노인복지관,은평구,senior_friendly,0.947,0.0,0.0,0.0,0.0,0.0,0.947
OH_20260506_1030_중구_장충체육관_OH_0042,9,용강 노인복지관,마포구,senior_friendly,0.9454,0.0,0.0,0.0,0.0,0.0,0.9454
OH_20260506_1030_중구_장충체육관_OH_0042,10,북가좌노인복지관,서대문구,senior_friendly,0.9454,0.0,0.0,0.0,0.0,0.0,0.9454
OH_20260507_1000_영등포구_대림1구역재개발현장_OH_0047,1,신림,관악구,subway,0.9468,0.0,0.0,0.0,0.0,0.0,0.9468
OH_20260507_1000_영등포구_대림1구역재개발현장_OH_0047,2,잠실(송파구청),송파구,subway,0.8013,0.0,0.0,0.0,0.0,0.0,0.8013
OH_20260507_1000_영등포구_대림1구역재개발현장_OH_0047,3,서울역,중구,subway,0.7902,0.0,0.0,0.0,0.0,0.0,0.7902
OH_20260507_1000_영등포구_대림1구역재개발현장_OH_0047,4,구로디지털단지,구로구,subway,0.776,0.0,0.0,0.0,0.0,0.0,0.776
OH_20260507_1000_영등포구_대림1구역재개발현장_OH_0047,5,서울대입구(관악구청),관악구,subway,0.7382,0.0,0.0,0.0,0.0,0.0,0.7382
OH_20260507_1000_영등포구_대림1구역재개발현장_OH_0047,6,신도림,구로구,subway,0.7139,0.0,0.0,0.0,0.0,0.0,0.7139
OH_20260507_1000_영등포구_대림1구역재개발현장_OH_0047,7,연신내,은평구,subway,0.667,0.0,0.0,0.0,0.0,0.0,0.667
OH_20260507_1000_영등포구_대림1구역재개발현장_OH_0047,8,영등포,영등포구,subway,0.4735,0.18,0.0,0.0,0.0,0.0,0.6535
OH_20260507_1000_영등포구_대림1구역재개발현장_OH_0047,9,당산,영등포구,subway,0.4319,0.18,0.0,0.0,0.0,0.0,0.6119
OH_20260507_1000_영등포구_대림1구역재개발현장_OH_0047,10,영등포구청,영등포구,subway,0.4079,0.18,0.0,0.0,0.0,0.0,0.5879
OH_20260507_1500_광진구_구의2동주택재개발후보지_OH_0050,1,서울역,중구,subway,0.9642,0.0,0.0,0.0,0.0,0.0,0.9642
OH_20260507_1500_광진구_구의2동주택재개발후보지_OH_0050,2,잠실(송파구청),송파구,subway,0.9611,0.0,0.0,0.0,0.0,0.0,0.9611
OH_20260507_1500_광진구_구의2동주택재개발후보지_OH_0050,3,강남,강남구,subway,0.9318,0.0,0.0,0.0,0.0,0.0,0.9318
OH_20260507_1500_광진구_구의2동주택재개발후보지_OH_0050,4,홍대입구,마포구,subway,0.8656,0.0,0.0,0.0,0.0,0.0,0.8656
OH_20260507_1500_광진구_구의2동주택재개발후보지_OH_0050,5,고속터미널,서초구,subway,0.8161,0.0,0.0,0.0,0.0,0.0,0.8161
OH_20260507_1500_광진구_구의2동주택재개발후보지_OH_0050,6,삼성(무역센터),강남구,subway,0.7312,0.0,0.0,0.0,0.0,0.0,0.7312
OH_20260507_1500_광진구_구의2동주택재개발후보지_OH_0050,7,건대입구,광진구,subway,0.5488,0.18,0.0,0.0,0.0,0.0,0.7288
OH_20260507_1500_광진구_구의2동주택재개발후보지_OH_0050,8,성수,성동구,subway,0.7287,0.0,0.0,0.0,0.0,0.0,0.7287
OH_20260507_1500_광진구_구의2동주택재개발후보지_OH_0050,9,선릉,강남구,subway,0.7238,0.0,0.0,0.0,0.0,0.0,0.7238
OH_20260507_1500_광진구_구의2동주택재개발후보지_OH_0050,10,구의(광진구청),광진구,subway,0.4793,0.18,0.0,0.0,0.0,0.0,0.6593
OH_20260508_1030_중구_서울장애인종합복지관_OH_0052,1,약수노인복지관,중구,senior_friendly,0.9438,0.18,0.0,0.0,0.0,0.0,1.1238
OH_20260508_1030_중구_서울장애인종합복지관_OH_0052,2,서울장애인종합복지관,중구,senior_friendly,0.9437,0.18,0.0,0.0,0.0,0.0,1.1237
OH_20260508_1030_중구_서울장애인종합복지관_OH_0052,3,장충체육관,중구,park,0.9437,0.18,0.0,0.0,0.0,0.0,1.1237
OH_20260508_1030_중구_서울장애인종합복지관_OH_0052,4,성수1가2동노인복지관 대현분소,성동구,senior_friendly,0.9585,0.0,0.0,0.0,0.0,0.0,0.9585
OH_20260508_1030_중구_서울장애인종합복지관_OH_0052,5,강남구립 도곡1노인복지관,강남구,senior_friendly,0.9536,0.0,0.0,0.0,0.0,0.0,0.9536
OH_20260508_1030_중구_서울장애인종합복지관_OH_0052,6,강동구립 해공노인복지관,강동구,senior_friendly,0.952,0.0,0.0,0.0,0.0,0.0,0.952
OH_20260508_1030_중구_서울장애인종합복지관_OH_0052,7,구립 자양노인복지관,광진구,senior_friendly,0.9487,0.0,0.0,0.0,0.0,0.0,0.9487
OH_20260508_1030_중구_서울장애인종합복지관_OH_0052,8,구립갈현노인복지관,은평구,senior_friendly,0.947,0.0,0.0,0.0,0.0,0.0,0.947
OH_20260508_1030_중구_서울장애인종합복지관_OH_0052,9,용강 노인복지관,마포구,senior_friendly,0.9454,0.0,0.0,0.0,0.0,0.0,0.9454
OH_20260508_1030_중구_서울장애인종합복지관_OH_0052,10,북가좌노인복지관,서대문구,senior_friendly,0.9454,0.0,0.0,0.0,0.0,0.0,0.9454
OH_20260508_1400_서대문구_가좌역광장_OH_0053,1,백련근린공원,서대문구,park,0.7275,0.18,0.0,0.0,0.0,0.0,0.9075
OH_20260508_1400_서대문구_가좌역광장_OH_0053,2,안산도시자연공원,서대문구,park,0.7158,0.18,0.0,0.0,0.0,0.0,0.8958
OH_20260508_1400_서대문구_가좌역광장_OH_0053,3,궁동근린공원,서대문구,park,0.6662,0.18,0.0,0.0,0.0,0.0,0.8462
OH_20260508_1400_서대문구_가좌역광장_OH_0053,4,독립근린공원,서대문구,park,0.6152,0.18,0.0,0.0,0.0,0.0,0.7952
OH_20260508_1400_서대문구_가좌역광장_OH_0053,5,가좌역광장,서대문구,subway,0.6151,0.18,0.0,0.0,0.0,0.0,0.7951
OH_20260508_1400_서대문구_가좌역광장_OH_0053,6,홍제천 인공폭포,서대문구,park,0.6151,0.18,0.0,0.0,0.0,0.0,0.7951
OH_20260508_1400_서대문구_가좌역광장_OH_0053,7,봉은공원,강남구,park,0.7451,0.0,0.0,0.0,0.0,0.0,0.7451
OH_20260508_1400_서대문구_가좌역광장_OH_0053,8,월드컵공원,마포구,park,0.7425,0.0,0.0,0.0,0.0,0.0,0.7425
OH_20260508_1400_서대문구_가좌역광장_OH_0053,9,중랑캠핑숲,중랑구,park,0.7412,0.0,0.0,0.0,0.0,0.0,0.7412
OH_20260508_1400_서대문구_가좌역광장_OH_0053,10,남산공원,중구,park,0.7185,0.0,0.0,0.0,0.0,0.0,0.7185
OH_20260509_1500_동대문구_청량리경동시장일대_OH_0058,1,장안 마실 골목형상점가,동대문구,market,0.6299,0.18,0.0,0.0,0.0,0.0,0.8099
OH_20260509_1500_동대문구_청량리경동시장일대_OH_0058,2,서울약령시장,동대문구,market,0.5526,0.18,0.0,0.0,0.0,0.0,0.7326
OH_20260509_1500_동대문구_청량리경동시장일대_OH_0058,3,신설동 들락거리 골목형상점가,동대문구,market,0.4875,0.18,0.0,0.0,0.0,0.0,0.6675
OH_20260509_1500_동대문구_청량리경동시장일대_OH_0058,4,경동시장,동대문구,market,0.4833,0.18,0.0,0.0,0.0,0.0,0.6633
OH_20260509_1500_동대문구_청량리경동시장일대_OH_0058,5,제기동 고대앞마을 골목형상점가,동대문구,market,0.4799,0.18,0.0,0.0,0.0,0.0,0.6599
OH_20260509_1500_동대문구_청량리경동시장일대_OH_0058,6,장한평역  먹자 골목형상점가,동대문구,market,0.4743,0.18,0.0,0.0,0.0,0.0,0.6543
OH_20260509_1500_동대문구_청량리경동시장일대_OH_0058,7,경희담길 골목형상점가,동대문구,market,0.4732,0.18,0.0,0.0,0.0,0.0,0.6532
OH_20260509_1500_동대문구_청량리경동시장일대_OH_0058,8,청량리종합시장,동대문구,market,0.472,0.18,0.0,0.0,0.0,0.0,0.652
OH_20260509_1500_동대문구_청량리경동시장일대_OH_0058,9,회기역골목형상점가,동대문구,market,0.4716,0.18,0.0,0.0,0.0,0.0,0.6516
OH_20260509_1500_동대문구_청량리경동시장일대_OH_0058,10,청량리농수산물시장,동대문구,market,0.4713,0.18,0.0,0.0,0.0,0.0,0.6513
OH_20260511_1420_구로구_고척1동이동약자현장_OH_0062,1,구로노인종합복지관,구로구,senior_friendly,0.7583,0.18,0.0,0.0,0.0,0.0,0.9383
OH_20260511_1420_구로구_고척1동이동약자현장_OH_0062,2,구로디지털단지,구로구,subway,0.6961,0.18,0.0,0.0,0.0,0.0,0.8761
OH_20260511_1420_구로구_고척1동이동약자현장_OH_0062,3,신도림,구로구,subway,0.6595,0.18,0.0,0.0,0.0,0.0,0.8395
OH_20260511_1420_구로구_고척1동이동약자현장_OH_0062,4,온수도시자연공원,구로구,park,0.6365,0.18,0.0,0.0,0.0,0.0,0.8165
OH_20260511_1420_구로구_고척1동이동약자현장_OH_0062,5,고척근린공원,구로구,park,0.6349,0.18,0.0,0.0,0.0,0.0,0.8149
OH_20260511_1420_구로구_고척1동이동약자현장_OH_0062,6,개웅산근린공원,구로구,park,0.6241,0.18,0.0,0.0,0.0,0.0,0.8041
OH_20260511_1420_구로구_고척1동이동약자현장_OH_0062,7,푸른수목원,구로구,park,0.6164,0.18,0.0,0.0,0.0,0.0,0.7964
OH_20260511_1420_구로구_고척1동이동약자현장_OH_0062,8,오류버들시장 골목형상점가,구로구,market,0.4915,0.18,0.0,0.0,0.0,0.0,0.6715
OH_20260511_1420_구로구_고척1동이동약자현장_OH_0062,9,남구로시장,구로구,market,0.4811,0.18,0.0,0.0,0.0,0.0,0.6611
OH_20260511_1420_구로구_고척1동이동약자현장_OH_0062,10,그라운드고척 골목형상점가,구로구,market,0.4792,0.18,0.0,0.0,0.0,0.0,0.6592
OH_20260512_1000_종로구_광화문광장감사의정원_OH_0065,1,낙산근린공원,종로구,park,0.6697,0.18,0.0,0.0,0.0,0.0,0.8497
OH_20260512_1000_종로구_광화문광장감사의정원_OH_0065,2,북악산도시자연공원,종로구,park,0.6574,0.18,0.0,0.0,0.0,0.0,0.8374
OH_20260512_1000_종로구_광화문광장감사의정원_OH_0065,3,인왕산도시자연공원,종로구,park,0.626,0.18,0.0,0.0,0.0,0.0,0.806
OH_20260512_1000_종로구_광화문광장감사의정원_OH_0065,4,세종로공원,종로구,park,0.6186,0.18,0.0,0.0,0.0,0.0,0.7986
OH_20260512_1000_종로구_광화문광장감사의정원_OH_0065,5,경희궁,종로구,park,0.6141,0.18,0.0,0.0,0.0,0.0,0.7941
OH_20260512_1000_종로구_광화문광장감사의정원_OH_0065,6,삼청근린공원,종로구,park,0.6088,0.18,0.0,0.0,0.0,0.0,0.7888
OH_20260512_1000_종로구_광화문광장감사의정원_OH_0065,7,광화문시민열린마당,종로구,park,0.6025,0.18,0.0,0.0,0.0,0.0,0.7825
OH_20260512_1000_종로구_광화문광장감사의정원_OH_0065,8,와룡근린공원,종로구,park,0.5976,0.18,0.0,0.0,0.0,0.0,0.7776
OH_20260512_1000_종로구_광화문광장감사의정원_OH_0065,9,사직근린공원,종로구,park,0.5975,0.18,0.0,0.0,0.0,0.0,0.7775
OH_20260512_1000_종로구_광화문광장감사의정원_OH_0065,10,숭인근린공원,종로구,park,0.5775,0.18,0.0,0.0,0.0,0.0,0.7575
OH_20260515_1500_송파구_잠실mice현장_OH_0083,1,잠실(송파구청),송파구,subway,0.9611,0.18,0.0,0.0,0.0,0.0,1.1411
OH_20260515_1500_송파구_잠실mice현장_OH_0083,2,문정노인종합복지관,송파구,senior_friendly,0.7583,0.18,0.0,0.0,0.0,0.0,0.9383
OH_20260515_1500_송파구_잠실mice현장_OH_0083,3,장지근린공원,송파구,park,0.6518,0.18,0.0,0.0,0.0,0.0,0.8318
OH_20260515_1500_송파구_잠실mice현장_OH_0083,4,아시아근린공원,송파구,park,0.6515,0.18,0.0,0.0,0.0,0.0,0.8315
OH_20260515_1500_송파구_잠실mice현장_OH_0083,5,오금근린공원,송파구,park,0.6432,0.18,0.0,0.0,0.0,0.0,0.8232
OH_20260515_1500_송파구_잠실mice현장_OH_0083,6,문정근린공원,송파구,park,0.6261,0.18,0.0,0.0,0.0,0.0,0.8061
OH_20260515_1500_송파구_잠실mice현장_OH_0083,7,송파나루근린공원(석촌호수),송파구,park,0.6193,0.18,0.0,0.0,0.0,0.0,0.7993
OH_20260515_1500_송파구_잠실mice현장_OH_0083,8,천마근린공원,송파구,park,0.6141,0.18,0.0,0.0,0.0,0.0,0.7941
OH_20260515_1500_송파구_잠실mice현장_OH_0083,9,가락몰 골목형상점가,송파구,market,0.5612,0.18,0.0,0.0,0.0,0.0,0.7412
OH_20260515_1500_송파구_잠실mice현장_OH_0083,10,올림픽공원,송파구,park,0.4994,0.18,0.0,0.0,0.0,0.0,0.6794
OH_20260516_0830_노원구_공릉동_OH_0086,1,공릉노인복지관,노원구,senior_friendly,0.7683,0.18,0.0,0.0,0.0,0.0,0.9483
OH_20260516_0830_노원구_공릉동_OH_0086,2,신림,관악구,subway,0.9468,0.0,0.0,0.0,0.0,0.0,0.9468
OH_20260516_0830_노원구_공릉동_OH_0086,3,수락산도시자연공원,노원구,park,0.64,0.18,0.0,0.0,0.0,0.0,0.82
OH_20260516_0830_노원구_공릉동_OH_0086,4,불암산도시자연공원,노원구,park,0.6372,0.18,0.0,0.0,0.0,0.0,0.8172
OH_20260516_0830_노원구_공릉동_OH_0086,5,잠실(송파구청),송파구,subway,0.8013,0.0,0.0,0.0,0.0,0.0,0.8013
OH_20260516_0830_노원구_공릉동_OH_0086,6,서울역,중구,subway,0.7902,0.0,0.0,0.0,0.0,0.0,0.7902
OH_20260516_0830_노원구_공릉동_OH_0086,7,경춘선숲길,노원구,park,0.5485,0.18,0.0,0.0,0.0,0.0,0.7285
OH_20260516_0830_노원구_공릉동_OH_0086,8,노원,노원구,subway,0.4295,0.18,0.0,0.0,0.0,0.0,0.6095
OH_20260516_0830_노원구_공릉동_OH_0086,9,공릉동도깨비시장,노원구,market,0.4274,0.18,0.0,0.0,0.0,0.0,0.6074
OH_20260516_0830_노원구_공릉동_OH_0086,10,상계중앙시장,노원구,market,0.4268,0.18,0.0,0.0,0.0,0.0,0.6068
OH_20260516_1000_송파구_잠실보조경기장_OH_0087,1,장지근린공원,송파구,park,0.6341,0.18,0.0,0.0,0.0,0.0,0.8141
OH_20260516_1000_송파구_잠실보조경기장_OH_0087,2,아시아근린공원,송파구,park,0.6327,0.18,0.0,0.0,0.0,0.0,0.8127
OH_20260516_1000_송파구_잠실보조경기장_OH_0087,3,오금근린공원,송파구,park,0.6255,0.18,0.0,0.0,0.0,0.0,0.8055
OH_20260516_1000_송파구_잠실보조경기장_OH_0087,4,문정근린공원,송파구,park,0.6084,0.18,0.0,0.0,0.0,0.0,0.7884
OH_20260516_1000_송파구_잠실보조경기장_OH_0087,5,송파나루근린공원(석촌호수),송파구,park,0.6028,0.18,0.0,0.0,0.0,0.0,0.7828
OH_20260516_1000_송파구_잠실보조경기장_OH_0087,6,천마근린공원,송파구,park,0.5976,0.18,0.0,0.0,0.0,0.0,0.7776
OH_20260516_1000_송파구_잠실보조경기장_OH_0087,7,봉은공원,강남구,park,0.7275,0.0,0.0,0.0,0.0,0.0,0.7275
OH_20260516_1000_송파구_잠실보조경기장_OH_0087,8,월드컵공원,마포구,park,0.7248,0.0,0.0,0.0,0.0,0.0,0.7248
OH_20260516_1000_송파구_잠실보조경기장_OH_0087,9,중랑캠핑숲,중랑구,park,0.7213,0.0,0.0,0.0,0.0,0.0,0.7213
OH_20260516_1000_송파구_잠실보조경기장_OH_0087,10,올림픽공원,송파구,park,0.4817,0.18,0.0,0.0,0.0,0.0,0.6617
OH_20260517_1300_중랑구_중랑서울장미축제_OH_0093,1,중랑캠핑숲,중랑구,park,0.7412,0.18,0.0,0.0,0.0,0.0,0.9212
OH_20260517_1300_중랑구_중랑서울장미축제_OH_0093,2,용마폭포공원,중랑구,park,0.679,0.18,0.0,0.0,0.0,0.0,0.859
OH_20260517_1300_중랑구_중랑서울장미축제_OH_0093,3,봉화산근린공원,중랑구,park,0.6327,0.18,0.0,0.0,0.0,0.0,0.8127
OH_20260517_1300_중랑구_중랑서울장미축제_OH_0093,4,용마도시자연공원(사가정공원),중랑구,park,0.6315,0.18,0.0,0.0,0.0,0.0,0.8115
OH_20260517_1300_중랑구_중랑서울장미축제_OH_0093,5,서일대뒷산공원,중랑구,park,0.629,0.18,0.0,0.0,0.0,0.0,0.809
OH_20260517_1300_중랑구_중랑서울장미축제_OH_0093,6,먹골역 7번출구,중랑구,subway,0.6289,0.18,0.0,0.0,0.0,0.0,0.8089
OH_20260517_1300_중랑구_중랑서울장미축제_OH_0093,7,먹골역 7번출구 앞,중랑구,subway,0.6289,0.18,0.0,0.0,0.0,0.0,0.8089
OH_20260517_1300_중랑구_중랑서울장미축제_OH_0093,8,중랑 서울장미축제,중랑구,park,0.6289,0.18,0.0,0.0,0.0,0.0,0.8089
OH_20260517_1300_중랑구_중랑서울장미축제_OH_0093,9,봉은공원,강남구,park,0.7451,0.0,0.0,0.0,0.0,0.0,0.7451
OH_20260517_1300_중랑구_중랑서울장미축제_OH_0093,10,월드컵공원,마포구,park,0.7425,0.0,0.0,0.0,0.0,0.0,0.7425
OH_20260518_1130_영등포구_서울청년취업사관학교_OH_0097,1,구립영등포노인종합복지관,영등포구,senior_friendly,0.7493,0.18,0.0,0.0,0.0,0.0,0.9293
OH_20260518_1130_영등포구_서울청년취업사관학교_OH_0097,2,여의도근린공원,영등포구,park,0.6858,0.18,0.0,0.0,0.0,0.0,0.8658
OH_20260518_1130_영등포구_서울청년취업사관학교_OH_0097,3,선유도근린공원,영등포구,park,0.5956,0.18,0.0,0.0,0.0,0.0,0.7756
OH_20260518_1130_영등포구_서울청년취업사관학교_OH_0097,4,영등포근린공원,영등포구,park,0.5954,0.18,0.0,0.0,0.0,0.0,0.7754
OH_20260518_1130_영등포구_서울청년취업사관학교_OH_0097,5,중마루근린공원,영등포구,park,0.5891,0.18,0.0,0.0,0.0,0.0,0.7691
OH_20260518_1130_영등포구_서울청년취업사관학교_OH_0097,6,자매근린공원,영등포구,park,0.5698,0.18,0.0,0.0,0.0,0.0,0.7498
OH_20260518_1130_영등포구_서울청년취업사관학교_OH_0097,7,영등포유통상가,영등포구,market,0.4917,0.18,0.0,0.0,0.0,0.0,0.6717
OH_20260518_1130_영등포구_서울청년취업사관학교_OH_0097,8,영등포,영등포구,subway,0.4735,0.18,0.0,0.0,0.0,0.0,0.6535
OH_20260518_1130_영등포구_서울청년취업사관학교_OH_0097,9,영등포시장기계공구상가,영등포구,market,0.4468,0.18,0.0,0.0,0.0,0.0,0.6268
OH_20260518_1130_영등포구_서울청년취업사관학교_OH_0097,10,당산,영등포구,subway,0.4319,0.18,0.0,0.0,0.0,0.0,0.6119
OH_20260518_1220_영등포구_서울시창업지원시설_OH_0098,1,구립영등포노인종합복지관,영등포구,senior_friendly,0.7632,0.18,0.0,0.0,0.0,0.0,0.9432
OH_20260518_1220_영등포구_서울시창업지원시설_OH_0098,2,여의도근린공원,영등포구,park,0.7046,0.18,0.0,0.0,0.0,0.0,0.8846
OH_20260518_1220_영등포구_서울시창업지원시설_OH_0098,3,영등포,영등포구,subway,0.6567,0.18,0.0,0.0,0.0,0.0,0.8367
OH_20260518_1220_영등포구_서울시창업지원시설_OH_0098,4,선유도근린공원,영등포구,park,0.6121,0.18,0.0,0.0,0.0,0.0,0.7921
OH_20260518_1220_영등포구_서울시창업지원시설_OH_0098,5,영등포근린공원,영등포구,park,0.6119,0.18,0.0,0.0,0.0,0.0,0.7919
OH_20260518_1220_영등포구_서울시창업지원시설_OH_0098,6,중마루근린공원,영등포구,park,0.6067,0.18,0.0,0.0,0.0,0.0,0.7867
OH_20260518_1220_영등포구_서울시창업지원시설_OH_0098,7,자매근린공원,영등포구,park,0.5863,0.18,0.0,0.0,0.0,0.0,0.7663
OH_20260518_1220_영등포구_서울시창업지원시설_OH_0098,8,영등포유통상가,영등포구,market,0.5381,0.18,0.0,0.0,0.0,0.0,0.7181
OH_20260518_1220_영등포구_서울시창업지원시설_OH_0098,9,여의도,영등포구,subway,0.5131,0.18,0.0,0.0,0.0,0.0,0.6931
OH_20260518_1220_영등포구_서울시창업지원시설_OH_0098,10,영등포시장기계공구상가,영등포구,market,0.4939,0.18,0.0,0.0,0.0,0.0,0.6739
OH_20260519_1000_종로구_창신동쪽방촌온기창고_OH_0102,1,종로노인종합복지관,종로구,senior_friendly,0.9198,0.18,0.0,0.0,0.0,0.0,1.0998
OH_20260519_1000_종로구_창신동쪽방촌온기창고_OH_0102,2,창신동쪽방촌 온기창고,종로구,senior_friendly,0.9197,0.18,0.0,0.0,0.0,0.0,1.0997
OH_20260519_1000_종로구_창신동쪽방촌온기창고_OH_0102,3,성수1가2동노인복지관 대현분소,성동구,senior_friendly,0.9585,0.0,0.0,0.0,0.0,0.0,0.9585
OH_20260519_1000_종로구_창신동쪽방촌온기창고_OH_0102,4,강남구립 도곡1노인복지관,강남구,senior_friendly,0.9536,0.0,0.0,0.0,0.0,0.0,0.9536
OH_20260519_1000_종로구_창신동쪽방촌온기창고_OH_0102,5,강동구립 해공노인복지관,강동구,senior_friendly,0.952,0.0,0.0,0.0,0.0,0.0,0.952
OH_20260519_1000_종로구_창신동쪽방촌온기창고_OH_0102,6,구립 자양노인복지관,광진구,senior_friendly,0.9487,0.0,0.0,0.0,0.0,0.0,0.9487
OH_20260519_1000_종로구_창신동쪽방촌온기창고_OH_0102,7,구립갈현노인복지관,은평구,senior_friendly,0.947,0.0,0.0,0.0,0.0,0.0,0.947
OH_20260519_1000_종로구_창신동쪽방촌온기창고_OH_0102,8,용강 노인복지관,마포구,senior_friendly,0.9454,0.0,0.0,0.0,0.0,0.0,0.9454
OH_20260519_1000_종로구_창신동쪽방촌온기창고_OH_0102,9,북가좌노인복지관,서대문구,senior_friendly,0.9454,0.0,0.0,0.0,0.0,0.0,0.9454
OH_20260519_1000_종로구_창신동쪽방촌온기창고_OH_0102,10,청파노인복지관,용산구,senior_friendly,0.9438,0.0,0.0,0.0,0.0,0.0,0.9438
OH_20260519_1030_종로구_창신동문구완구거리_OH_0103,1,동대문종합시장,종로구,market,0.5837,0.18,0.0,0.0,0.0,0.0,0.7637
OH_20260519_1030_종로구_창신동문구완구거리_OH_0103,2,광장전통시장,종로구,market,0.5242,0.18,0.0,0.0,0.0,0.0,0.7042
OH_20260519_1030_종로구_창신동문구완구거리_OH_0103,3,광장시장,종로구,market,0.479,0.18,0.0,0.0,0.0,0.0,0.659
OH_20260519_1030_종로구_창신동문구완구거리_OH_0103,4,동대문종합시장D동,종로구,market,0.4504,0.18,0.0,0.0,0.0,0.0,0.6304
OH_20260519_1030_종로구_창신동문구완구거리_OH_0103,5,동대문문구?완구거리,종로구,market,0.4264,0.18,0.0,0.0,0.0,0.0,0.6064
OH_20260519_1030_종로구_창신동문구완구거리_OH_0103,6,동묘시장,종로구,market,0.4255,0.18,0.0,0.0,0.0,0.0,0.6055
OH_20260519_1030_종로구_창신동문구완구거리_OH_0103,7,창신골목시장,종로구,market,0.4248,0.18,0.0,0.0,0.0,0.0,0.6048
OH_20260519_1030_종로구_창신동문구완구거리_OH_0103,8,세종마을음식문화거리,종로구,market,0.4242,0.18,0.0,0.0,0.0,0.0,0.6042
OH_20260519_1030_종로구_창신동문구완구거리_OH_0103,9,북촌계동길 골목형상점가,종로구,market,0.4241,0.18,0.0,0.0,0.0,0.0,0.6041
OH_20260519_1030_종로구_창신동문구완구거리_OH_0103,10,통인시장,종로구,market,0.4222,0.18,0.0,0.0,0.0,0.0,0.6022
OH_20260521_0930_강북구_수유역_OH_0109,1,신림,관악구,subway,0.9468,0.0,0.0,0.0,0.0,0.0,0.9468
OH_20260521_0930_강북구_수유역_OH_0109,2,잠실(송파구청),송파구,subway,0.8013,0.0,0.0,0.0,0.0,0.0,0.8013
OH_20260521_0930_강북구_수유역_OH_0109,3,수유(강북구청),강북구,subway,0.6126,0.18,0.0,0.0,0.0,0.0,0.7926
OH_20260521_0930_강북구_수유역_OH_0109,4,삼양사거리,강북구,subway,0.6125,0.18,0.0,0.0,0.0,0.0,0.7925
OH_20260521_0930_강북구_수유역_OH_0109,5,수유역,강북구,subway,0.6125,0.18,0.0,0.0,0.0,0.0,0.7925
OH_20260521_0930_강북구_수유역_OH_0109,6,서울역,중구,subway,0.7902,0.0,0.0,0.0,0.0,0.0,0.7902
OH_20260521_0930_강북구_수유역_OH_0109,7,구로디지털단지,구로구,subway,0.776,0.0,0.0,0.0,0.0,0.0,0.776
OH_20260521_0930_강북구_수유역_OH_0109,8,서울대입구(관악구청),관악구,subway,0.7382,0.0,0.0,0.0,0.0,0.0,0.7382
OH_20260521_0930_강북구_수유역_OH_0109,9,신도림,구로구,subway,0.7139,0.0,0.0,0.0,0.0,0.0,0.7139
OH_20260521_0930_강북구_수유역_OH_0109,10,연신내,은평구,subway,0.667,0.0,0.0,0.0,0.0,0.0,0.667
OH_20260521_1000_강북구_삼양사거리_OH_0110,1,신림,관악구,subway,0.9468,0.0,0.0,0.0,0.0,0.0,0.9468
OH_20260521_1000_강북구_삼양사거리_OH_0110,2,잠실(송파구청),송파구,subway,0.8013,0.0,0.0,0.0,0.0,0.0,0.8013
OH_20260521_1000_강북구_삼양사거리_OH_0110,3,수유(강북구청),강북구,subway,0.6126,0.18,0.0,0.0,0.0,0.0,0.7926
OH_20260521_1000_강북구_삼양사거리_OH_0110,4,삼양사거리,강북구,subway,0.6125,0.18,0.0,0.0,0.0,0.0,0.7925
OH_20260521_1000_강북구_삼양사거리_OH_0110,5,수유역,강북구,subway,0.6125,0.18,0.0,0.0,0.0,0.0,0.7925
OH_20260521_1000_강북구_삼양사거리_OH_0110,6,서울역,중구,subway,0.7902,0.0,0.0,0.0,0.0,0.0,0.7902
OH_20260521_1000_강북구_삼양사거리_OH_0110,7,구로디지털단지,구로구,subway,0.776,0.0,0.0,0.0,0.0,0.0,0.776
OH_20260521_1000_강북구_삼양사거리_OH_0110,8,서울대입구(관악구청),관악구,subway,0.7382,0.0,0.0,0.0,0.0,0.0,0.7382
OH_20260521_1000_강북구_삼양사거리_OH_0110,9,신도림,구로구,subway,0.7139,0.0,0.0,0.0,0.0,0.0,0.7139
OH_20260521_1000_강북구_삼양사거리_OH_0110,10,연신내,은평구,subway,0.667,0.0,0.0,0.0,0.0,0.0,0.667
OH_20260521_1100_서대문구_인왕시장_OH_0111,1,남대문시장,중구,market,0.6592,0.0,0.0,0.0,0.0,0.0,0.6592
OH_20260521_1100_서대문구_인왕시장_OH_0111,2,포방터시장,서대문구,market,0.4226,0.18,0.0,0.0,0.0,0.0,0.6026
OH_20260521_1100_서대문구_인왕시장_OH_0111,3,영천시장,서대문구,market,0.4213,0.18,0.0,0.0,0.0,0.0,0.6013
OH_20260521_1100_서대문구_인왕시장_OH_0111,4,남이동길골목형상점가,서대문구,market,0.4212,0.18,0.0,0.0,0.0,0.0,0.6012
OH_20260521_1100_서대문구_인왕시장_OH_0111,5,인왕시장,서대문구,market,0.4211,0.18,0.0,0.0,0.0,0.0,0.6011
OH_20260521_1100_서대문구_인왕시장_OH_0111,6,동대문종합시장,종로구,market,0.5837,0.0,0.0,0.0,0.0,0.0,0.5837
OH_20260521_1100_서대문구_인왕시장_OH_0111,7,장안 마실 골목형상점가,동대문구,market,0.5827,0.0,0.0,0.0,0.0,0.0,0.5827
OH_20260521_1100_서대문구_인왕시장_OH_0111,8,천호로데오거리상점가,강동구,market,0.5458,0.0,0.0,0.0,0.0,0.0,0.5458
OH_20260521_1100_서대문구_인왕시장_OH_0111,9,광장전통시장,종로구,market,0.5242,0.0,0.0,0.0,0.0,0.0,0.5242
OH_20260521_1100_서대문구_인왕시장_OH_0111,10,가락몰 골목형상점가,송파구,market,0.514,0.0,0.0,0.0,0.0,0.0,0.514
OH_20260521_1130_서대문구_국민은행홍제동점_OH_0112,1,신림,관악구,subway,0.9468,0.0,0.0,0.0,0.0,0.0,0.9468
OH_20260521_1130_서대문구_국민은행홍제동점_OH_0112,2,국민은행 홍제동점,서대문구,subway,0.6229,0.18,0.0,0.0,0.0,0.0,0.8029
OH_20260521_1130_서대문구_국민은행홍제동점_OH_0112,3,홍제역,서대문구,subway,0.6229,0.18,0.0,0.0,0.0,0.0,0.8029
OH_20260521_1130_서대문구_국민은행홍제동점_OH_0112,4,잠실(송파구청),송파구,subway,0.8013,0.0,0.0,0.0,0.0,0.0,0.8013
OH_20260521_1130_서대문구_국민은행홍제동점_OH_0112,5,서울역,중구,subway,0.7902,0.0,0.0,0.0,0.0,0.0,0.7902
OH_20260521_1130_서대문구_국민은행홍제동점_OH_0112,6,구로디지털단지,구로구,subway,0.776,0.0,0.0,0.0,0.0,0.0,0.776
OH_20260521_1130_서대문구_국민은행홍제동점_OH_0112,7,서울대입구(관악구청),관악구,subway,0.7382,0.0,0.0,0.0,0.0,0.0,0.7382
OH_20260521_1130_서대문구_국민은행홍제동점_OH_0112,8,신도림,구로구,subway,0.7139,0.0,0.0,0.0,0.0,0.0,0.7139
OH_20260521_1130_서대문구_국민은행홍제동점_OH_0112,9,연신내,은평구,subway,0.667,0.0,0.0,0.0,0.0,0.0,0.667
OH_20260521_1130_서대문구_국민은행홍제동점_OH_0112,10,까치산,강서구,subway,0.6301,0.0,0.0,0.0,0.0,0.0,0.6301
OH_20260521_1300_영등포구_우리시장_OH_0113,1,영등포유통상가,영등포구,market,0.5381,0.18,0.0,0.0,0.0,0.0,0.7181
OH_20260521_1300_영등포구_우리시장_OH_0113,2,남대문시장,중구,market,0.7056,0.0,0.0,0.0,0.0,0.0,0.7056
OH_20260521_1300_영등포구_우리시장_OH_0113,3,영등포시장기계공구상가,영등포구,market,0.4939,0.18,0.0,0.0,0.0,0.0,0.6739
OH_20260521_1300_영등포구_우리시장_OH_0113,4,영등포청과시장,영등포구,market,0.478,0.18,0.0,0.0,0.0,0.0,0.658
OH_20260521_1300_영등포구_우리시장_OH_0113,5,영등포전통시장,영등포구,market,0.4708,0.18,0.0,0.0,0.0,0.0,0.6508
OH_20260521_1300_영등포구_우리시장_OH_0113,6,대림중앙시장,영등포구,market,0.4696,0.18,0.0,0.0,0.0,0.0,0.6496
OH_20260521_1300_영등포구_우리시장_OH_0113,7,우리시장,영등포구,market,0.4695,0.18,0.0,0.0,0.0,0.0,0.6495
OH_20260521_1300_영등포구_우리시장_OH_0113,8,선유로운골목형상점가,영등포구,market,0.4686,0.18,0.0,0.0,0.0,0.0,0.6486
OH_20260521_1300_영등포구_우리시장_OH_0113,9,영등포 지하상가,영등포구,market,0.4685,0.18,0.0,0.0,0.0,0.0,0.6485
OH_20260521_1300_영등포구_우리시장_OH_0113,10,영등포전통시장 남문,영등포구,market,0.4685,0.18,0.0,0.0,0.0,0.0,0.6485
OH_20260521_1410_구로구_베다니교회앞_OH_0114,1,서울역,중구,subway,0.9642,0.0,0.0,0.0,0.0,0.0,0.9642
OH_20260521_1410_구로구_베다니교회앞_OH_0114,2,잠실(송파구청),송파구,subway,0.9611,0.0,0.0,0.0,0.0,0.0,0.9611
OH_20260521_1410_구로구_베다니교회앞_OH_0114,3,강남,강남구,subway,0.9318,0.0,0.0,0.0,0.0,0.0,0.9318
OH_20260521_1410_구로구_베다니교회앞_OH_0114,4,구로디지털단지,구로구,subway,0.6961,0.18,0.0,0.0,0.0,0.0,0.8761
OH_20260521_1410_구로구_베다니교회앞_OH_0114,5,홍대입구,마포구,subway,0.8656,0.0,0.0,0.0,0.0,0.0,0.8656
OH_20260521_1410_구로구_베다니교회앞_OH_0114,6,신도림,구로구,subway,0.6595,0.18,0.0,0.0,0.0,0.0,0.8395
OH_20260521_1410_구로구_베다니교회앞_OH_0114,7,고속터미널,서초구,subway,0.8161,0.0,0.0,0.0,0.0,0.0,0.8161
OH_20260521_1410_구로구_베다니교회앞_OH_0114,8,삼성(무역센터),강남구,subway,0.7312,0.0,0.0,0.0,0.0,0.0,0.7312
OH_20260521_1410_구로구_베다니교회앞_OH_0114,9,성수,성동구,subway,0.7287,0.0,0.0,0.0,0.0,0.0,0.7287
OH_20260521_1410_구로구_베다니교회앞_OH_0114,10,대림(구로구청),구로구,subway,0.4549,0.18,0.0,0.0,0.0,0.0,0.6349
OH_20260521_1530_성북구_성신여대입구_OH_0115,1,서울역,중구,subway,0.9642,0.0,0.0,0.0,0.0,0.0,0.9642
OH_20260521_1530_성북구_성신여대입구_OH_0115,2,잠실(송파구청),송파구,subway,0.9611,0.0,0.0,0.0,0.0,0.0,0.9611
OH_20260521_1530_성북구_성신여대입구_OH_0115,3,강남,강남구,subway,0.9318,0.0,0.0,0.0,0.0,0.0,0.9318
OH_20260521_1530_성북구_성신여대입구_OH_0115,4,성신여대입구,성북구,subway,0.696,0.18,0.0,0.0,0.0,0.0,0.876
OH_20260521_1530_성북구_성신여대입구_OH_0115,5,정릉공영차고지,성북구,subway,0.696,0.18,0.0,0.0,0.0,0.0,0.876
OH_20260521_1530_성북구_성신여대입구_OH_0115,6,홍대입구,마포구,subway,0.8656,0.0,0.0,0.0,0.0,0.0,0.8656
OH_20260521_1530_성북구_성신여대입구_OH_0115,7,고속터미널,서초구,subway,0.8161,0.0,0.0,0.0,0.0,0.0,0.8161
OH_20260521_1530_성북구_성신여대입구_OH_0115,8,삼성(무역센터),강남구,subway,0.7312,0.0,0.0,0.0,0.0,0.0,0.7312
OH_20260521_1530_성북구_성신여대입구_OH_0115,9,성수,성동구,subway,0.7287,0.0,0.0,0.0,0.0,0.0,0.7287
OH_20260521_1530_성북구_성신여대입구_OH_0115,10,선릉,강남구,subway,0.7238,0.0,0.0,0.0,0.0,0.0,0.7238
OH_20260521_1730_동대문구_경동시장_OH_0116,1,장안 마실 골목형상점가,동대문구,market,0.6299,0.18,0.0,0.0,0.0,0.0,0.8099
OH_20260521_1730_동대문구_경동시장_OH_0116,2,서울약령시장,동대문구,market,0.5526,0.18,0.0,0.0,0.0,0.0,0.7326
OH_20260521_1730_동대문구_경동시장_OH_0116,3,신설동 들락거리 골목형상점가,동대문구,market,0.4875,0.18,0.0,0.0,0.0,0.0,0.6675
OH_20260521_1730_동대문구_경동시장_OH_0116,4,경동시장,동대문구,market,0.4833,0.18,0.0,0.0,0.0,0.0,0.6633
OH_20260521_1730_동대문구_경동시장_OH_0116,5,제기동 고대앞마을 골목형상점가,동대문구,market,0.4799,0.18,0.0,0.0,0.0,0.0,0.6599
OH_20260521_1730_동대문구_경동시장_OH_0116,6,장한평역  먹자 골목형상점가,동대문구,market,0.4743,0.18,0.0,0.0,0.0,0.0,0.6543
OH_20260521_1730_동대문구_경동시장_OH_0116,7,경희담길 골목형상점가,동대문구,market,0.4732,0.18,0.0,0.0,0.0,0.0,0.6532
OH_20260521_1730_동대문구_경동시장_OH_0116,8,청량리종합시장,동대문구,market,0.472,0.18,0.0,0.0,0.0,0.0,0.652
OH_20260521_1730_동대문구_경동시장_OH_0116,9,회기역골목형상점가,동대문구,market,0.4716,0.18,0.0,0.0,0.0,0.0,0.6516
OH_20260521_1730_동대문구_경동시장_OH_0116,10,청량리농수산물시장,동대문구,market,0.4713,0.18,0.0,0.0,0.0,0.0,0.6513
OH_20260521_1800_동대문구_청량리역사거리_OH_0117,1,서울역,중구,subway,0.9642,0.0,0.0,0.0,0.0,0.0,0.9642
OH_20260521_1800_동대문구_청량리역사거리_OH_0117,2,잠실(송파구청),송파구,subway,0.9611,0.0,0.0,0.0,0.0,0.0,0.9611
OH_20260521_1800_동대문구_청량리역사거리_OH_0117,3,강남,강남구,subway,0.9318,0.0,0.0,0.0,0.0,0.0,0.9318
OH_20260521_1800_동대문구_청량리역사거리_OH_0117,4,청량리역사거리,동대문구,subway,0.696,0.18,0.0,0.0,0.0,0.0,0.876
OH_20260521_1800_동대문구_청량리역사거리_OH_0117,5,홍대입구,마포구,subway,0.8656,0.0,0.0,0.0,0.0,0.0,0.8656
OH_20260521_1800_동대문구_청량리역사거리_OH_0117,6,고속터미널,서초구,subway,0.8161,0.0,0.0,0.0,0.0,0.0,0.8161
OH_20260521_1800_동대문구_청량리역사거리_OH_0117,7,삼성(무역센터),강남구,subway,0.7312,0.0,0.0,0.0,0.0,0.0,0.7312
OH_20260521_1800_동대문구_청량리역사거리_OH_0117,8,성수,성동구,subway,0.7287,0.0,0.0,0.0,0.0,0.0,0.7287
OH_20260521_1800_동대문구_청량리역사거리_OH_0117,9,선릉,강남구,subway,0.7238,0.0,0.0,0.0,0.0,0.0,0.7238
OH_20260521_1800_동대문구_청량리역사거리_OH_0117,10,용산,용산구,subway,0.7194,0.0,0.0,0.0,0.0,0.0,0.7194
OH_20260521_2000_강남구_강남역_OH_0118,1,강남,강남구,subway,0.9318,0.18,0.0,0.0,0.0,0.0,1.1118
OH_20260521_2000_강남구_강남역_OH_0118,2,서울역,중구,subway,0.9642,0.0,0.0,0.0,0.0,0.0,0.9642
OH_20260521_2000_강남구_강남역_OH_0118,3,잠실(송파구청),송파구,subway,0.9611,0.0,0.0,0.0,0.0,0.0,0.9611
OH_20260521_2000_강남구_강남역_OH_0118,4,삼성(무역센터),강남구,subway,0.7312,0.18,0.0,0.0,0.0,0.0,0.9112
OH_20260521_2000_강남구_강남역_OH_0118,5,선릉,강남구,subway,0.7238,0.18,0.0,0.0,0.0,0.0,0.9038
OH_20260521_2000_강남구_강남역_OH_0118,6,홍대입구,마포구,subway,0.8656,0.0,0.0,0.0,0.0,0.0,0.8656
OH_20260521_2000_강남구_강남역_OH_0118,7,역삼,강남구,subway,0.6459,0.18,0.0,0.0,0.0,0.0,0.8259
OH_20260521_2000_강남구_강남역_OH_0118,8,고속터미널,서초구,subway,0.8161,0.0,0.0,0.0,0.0,0.0,0.8161
OH_20260521_2000_강남구_강남역_OH_0118,9,성수,성동구,subway,0.7287,0.0,0.0,0.0,0.0,0.0,0.7287
OH_20260521_2000_강남구_강남역_OH_0118,10,강남구청,강남구,subway,0.364,0.18,0.0,0.0,0.0,0.0,0.544
OH_20260522_0730_동작구_보라매공원_OH_0119,1,신림,관악구,subway,0.9468,0.0,0.0,0.0,0.0,0.0,0.9468
OH_20260522_0730_동작구_보라매공원_OH_0119,2,잠실(송파구청),송파구,subway,0.8013,0.0,0.0,0.0,0.0,0.0,0.8013
OH_20260522_0730_동작구_보라매공원_OH_0119,3,서울역,중구,subway,0.7902,0.0,0.0,0.0,0.0,0.0,0.7902
OH_20260522_0730_동작구_보라매공원_OH_0119,4,구로디지털단지,구로구,subway,0.776,0.0,0.0,0.0,0.0,0.0,0.776
OH_20260522_0730_동작구_보라매공원_OH_0119,5,신대방,동작구,subway,0.5796,0.18,0.0,0.0,0.0,0.0,0.7596
OH_20260522_0730_동작구_보라매공원_OH_0119,6,사당,동작구,subway,0.5744,0.18,0.0,0.0,0.0,0.0,0.7544
OH_20260522_0730_동작구_보라매공원_OH_0119,7,보라매공원,동작구,park,0.5743,0.18,0.0,0.0,0.0,0.0,0.7543
OH_20260522_0730_동작구_보라매공원_OH_0119,8,서울대입구(관악구청),관악구,subway,0.7382,0.0,0.0,0.0,0.0,0.0,0.7382
OH_20260522_0730_동작구_보라매공원_OH_0119,9,신도림,구로구,subway,0.7139,0.0,0.0,0.0,0.0,0.0,0.7139
OH_20260522_0730_동작구_보라매공원_OH_0119,10,연신내,은평구,subway,0.667,0.0,0.0,0.0,0.0,0.0,0.667
OH_20260522_1000_광진구_능동어린이대공원_OH_0120,1,어린이대공원,광진구,park,0.6201,0.18,0.0,0.0,0.0,0.0,0.8001
OH_20260522_1000_광진구_능동어린이대공원_OH_0120,2,아차산공원,광진구,park,0.5971,0.18,0.0,0.0,0.0,0.0,0.7771
OH_20260522_1000_광진구_능동어린이대공원_OH_0120,3,능동어린이대공원,광진구,park,0.597,0.18,0.0,0.0,0.0,0.0,0.777
OH_20260522_1000_광진구_능동어린이대공원_OH_0120,4,서울어린이대공원,광진구,park,0.597,0.18,0.0,0.0,0.0,0.0,0.777
OH_20260522_1000_광진구_능동어린이대공원_OH_0120,5,봉은공원,강남구,park,0.7275,0.0,0.0,0.0,0.0,0.0,0.7275
OH_20260522_1000_광진구_능동어린이대공원_OH_0120,6,월드컵공원,마포구,park,0.7248,0.0,0.0,0.0,0.0,0.0,0.7248
OH_20260522_1000_광진구_능동어린이대공원_OH_0120,7,중랑캠핑숲,중랑구,park,0.7213,0.0,0.0,0.0,0.0,0.0,0.7213
OH_20260522_1000_광진구_능동어린이대공원_OH_0120,8,백련근린공원,서대문구,park,0.7077,0.0,0.0,0.0,0.0,0.0,0.7077
OH_20260522_1000_광진구_능동어린이대공원_OH_0120,9,남산공원,중구,park,0.6998,0.0,0.0,0.0,0.0,0.0,0.6998
OH_20260522_1000_광진구_능동어린이대공원_OH_0120,10,안산도시자연공원,서대문구,park,0.6971,0.0,0.0,0.0,0.0,0.0,0.6971
OH_20260522_1030_광진구_건대입구롯데백화점앞_OH_0121,1,신림,관악구,subway,0.9468,0.0,0.0,0.0,0.0,0.0,0.9468
OH_20260522_1030_광진구_건대입구롯데백화점앞_OH_0121,2,잠실(송파구청),송파구,subway,0.8013,0.0,0.0,0.0,0.0,0.0,0.8013
OH_20260522_1030_광진구_건대입구롯데백화점앞_OH_0121,3,서울역,중구,subway,0.7902,0.0,0.0,0.0,0.0,0.0,0.7902
OH_20260522_1030_광진구_건대입구롯데백화점앞_OH_0121,4,구로디지털단지,구로구,subway,0.776,0.0,0.0,0.0,0.0,0.0,0.776
OH_20260522_1030_광진구_건대입구롯데백화점앞_OH_0121,5,구의(광진구청),광진구,subway,0.5673,0.18,0.0,0.0,0.0,0.0,0.7473
OH_20260522_1030_광진구_건대입구롯데백화점앞_OH_0121,6,서울대입구(관악구청),관악구,subway,0.7382,0.0,0.0,0.0,0.0,0.0,0.7382
OH_20260522_1030_광진구_건대입구롯데백화점앞_OH_0121,7,신도림,구로구,subway,0.7139,0.0,0.0,0.0,0.0,0.0,0.7139
OH_20260522_1030_광진구_건대입구롯데백화점앞_OH_0121,8,건대입구,광진구,subway,0.5155,0.18,0.0,0.0,0.0,0.0,0.6955
OH_20260522_1030_광진구_건대입구롯데백화점앞_OH_0121,9,건대입구 롯데백화점 앞,광진구,subway,0.5154,0.18,0.0,0.0,0.0,0.0,0.6954
OH_20260522_1030_광진구_건대입구롯데백화점앞_OH_0121,10,동서울우편집중국,광진구,subway,0.5154,0.18,0.0,0.0,0.0,0.0,0.6954
OH_20260522_1130_성동구_뚝도시장_OH_0122,1,남대문시장,중구,market,0.6592,0.0,0.0,0.0,0.0,0.0,0.6592
OH_20260522_1130_성동구_뚝도시장_OH_0122,2,마장축산물시장,성동구,market,0.4644,0.18,0.0,0.0,0.0,0.0,0.6444
OH_20260522_1130_성동구_뚝도시장_OH_0122,3,성동용답상가시장,성동구,market,0.4344,0.18,0.0,0.0,0.0,0.0,0.6144
OH_20260522_1130_성동구_뚝도시장_OH_0122,4,송정벚꽃골목형상점가,성동구,market,0.4303,0.18,0.0,0.0,0.0,0.0,0.6103
OH_20260522_1130_성동구_뚝도시장_OH_0122,5,사근살곶이골목형상점가시장,성동구,market,0.4268,0.18,0.0,0.0,0.0,0.0,0.6068
OH_20260522_1130_성동구_뚝도시장_OH_0122,6,금남시장,성동구,market,0.4235,0.18,0.0,0.0,0.0,0.0,0.6035
OH_20260522_1130_성동구_뚝도시장_OH_0122,7,뚝도시장,성동구,market,0.4212,0.18,0.0,0.0,0.0,0.0,0.6012
OH_20260522_1130_성동구_뚝도시장_OH_0122,8,마장동축산물시장,성동구,market,0.4211,0.18,0.0,0.0,0.0,0.0,0.6011
OH_20260522_1130_성동구_뚝도시장_OH_0122,9,성수동 골목상권,성동구,market,0.4211,0.18,0.0,0.0,0.0,0.0,0.6011
OH_20260522_1130_성동구_뚝도시장_OH_0122,10,성수동 카페거리,성동구,market,0.4211,0.18,0.0,0.0,0.0,0.0,0.6011
OH_20260522_1150_성동구_성수역사거리_OH_0123,1,신림,관악구,subway,0.9468,0.0,0.0,0.0,0.0,0.0,0.9468
OH_20260522_1150_성동구_성수역사거리_OH_0123,2,잠실(송파구청),송파구,subway,0.8013,0.0,0.0,0.0,0.0,0.0,0.8013
OH_20260522_1150_성동구_성수역사거리_OH_0123,3,서울역,중구,subway,0.7902,0.0,0.0,0.0,0.0,0.0,0.7902
OH_20260522_1150_성동구_성수역사거리_OH_0123,4,구로디지털단지,구로구,subway,0.776,0.0,0.0,0.0,0.0,0.0,0.776
OH_20260522_1150_성동구_성수역사거리_OH_0123,5,서울대입구(관악구청),관악구,subway,0.7382,0.0,0.0,0.0,0.0,0.0,0.7382
OH_20260522_1150_성동구_성수역사거리_OH_0123,6,신도림,구로구,subway,0.7139,0.0,0.0,0.0,0.0,0.0,0.7139
OH_20260522_1150_성동구_성수역사거리_OH_0123,7,연신내,은평구,subway,0.667,0.0,0.0,0.0,0.0,0.0,0.667
OH_20260522_1150_성동구_성수역사거리_OH_0123,8,까치산,강서구,subway,0.6301,0.0,0.0,0.0,0.0,0.0,0.6301
OH_20260522_1150_성동구_성수역사거리_OH_0123,9,성수,성동구,subway,0.4239,0.18,0.0,0.0,0.0,0.0,0.6039
OH_20260522_1150_성동구_성수역사거리_OH_0123,10,왕십리(성동구청),성동구,subway,0.3758,0.18,0.0,0.0,0.0,0.0,0.5558
OH_20260522_1220_성동구_성수역일대_OH_0124,1,서울역,중구,subway,0.9642,0.0,0.0,0.0,0.0,0.0,0.9642
OH_20260522_1220_성동구_성수역일대_OH_0124,2,잠실(송파구청),송파구,subway,0.9611,0.0,0.0,0.0,0.0,0.0,0.9611
OH_20260522_1220_성동구_성수역일대_OH_0124,3,강남,강남구,subway,0.9318,0.0,0.0,0.0,0.0,0.0,0.9318
OH_20260522_1220_성동구_성수역일대_OH_0124,4,성수,성동구,subway,0.7287,0.18,0.0,0.0,0.0,0.0,0.9087
OH_20260522_1220_성동구_성수역일대_OH_0124,5,홍대입구,마포구,subway,0.8656,0.0,0.0,0.0,0.0,0.0,0.8656
OH_20260522_1220_성동구_성수역일대_OH_0124,6,고속터미널,서초구,subway,0.8161,0.0,0.0,0.0,0.0,0.0,0.8161
OH_20260522_1220_성동구_성수역일대_OH_0124,7,삼성(무역센터),강남구,subway,0.7312,0.0,0.0,0.0,0.0,0.0,0.7312
OH_20260522_1220_성동구_성수역일대_OH_0124,8,선릉,강남구,subway,0.7238,0.0,0.0,0.0,0.0,0.0,0.7238
OH_20260522_1220_성동구_성수역일대_OH_0124,9,용산,용산구,subway,0.7194,0.0,0.0,0.0,0.0,0.0,0.7194
OH_20260522_1220_성동구_성수역일대_OH_0124,10,왕십리(성동구청),성동구,subway,0.3918,0.18,0.0,0.0,0.0,0.0,0.5718
OH_20260522_1400_용산구_용문전통시장_OH_0125,1,남대문시장,중구,market,0.7056,0.0,0.0,0.0,0.0,0.0,0.7056
OH_20260522_1400_용산구_용문전통시장_OH_0125,2,용산용문시장,용산구,market,0.4751,0.18,0.0,0.0,0.0,0.0,0.6551
OH_20260522_1400_용산구_용문전통시장_OH_0125,3,이촌종합시장,용산구,market,0.4695,0.18,0.0,0.0,0.0,0.0,0.6495
OH_20260522_1400_용산구_용문전통시장_OH_0125,4,용문전통시장,용산구,market,0.4694,0.18,0.0,0.0,0.0,0.0,0.6494
OH_20260522_1400_용산구_용문전통시장_OH_0125,5,동대문종합시장,종로구,market,0.6301,0.0,0.0,0.0,0.0,0.0,0.6301
OH_20260522_1400_용산구_용문전통시장_OH_0125,6,장안 마실 골목형상점가,동대문구,market,0.6299,0.0,0.0,0.0,0.0,0.0,0.6299
OH_20260522_1400_용산구_용문전통시장_OH_0125,7,천호로데오거리상점가,강동구,market,0.5914,0.0,0.0,0.0,0.0,0.0,0.5914
OH_20260522_1400_용산구_용문전통시장_OH_0125,8,광장전통시장,종로구,market,0.5714,0.0,0.0,0.0,0.0,0.0,0.5714
OH_20260522_1400_용산구_용문전통시장_OH_0125,9,가락몰 골목형상점가,송파구,market,0.5612,0.0,0.0,0.0,0.0,0.0,0.5612
OH_20260522_1400_용산구_용문전통시장_OH_0125,10,평화시장,중구,market,0.5528,0.0,0.0,0.0,0.0,0.0,0.5528
OH_20260522_1500_동작구_남성시장_OH_0126,1,노량진수산시장골목형상점가,동작구,market,0.5136,0.18,0.0,0.0,0.0,0.0,0.6936
OH_20260522_1500_동작구_남성시장_OH_0126,2,이수미로 골목형상점가,동작구,market,0.4843,0.18,0.0,0.0,0.0,0.0,0.6643
OH_20260522_1500_동작구_남성시장_OH_0126,3,숭실마루길 골목형상점가,동작구,market,0.4765,0.18,0.0,0.0,0.0,0.0,0.6565
OH_20260522_1500_동작구_남성시장_OH_0126,4,성대전통시장,동작구,market,0.4756,0.18,0.0,0.0,0.0,0.0,0.6556
OH_20260522_1500_동작구_남성시장_OH_0126,5,남성사계시장(남성시장),동작구,market,0.4745,0.18,0.0,0.0,0.0,0.0,0.6545
OH_20260522_1500_동작구_남성시장_OH_0126,6,흑석시장 골목형상점가,동작구,market,0.4738,0.18,0.0,0.0,0.0,0.0,0.6538
OH_20260522_1500_동작구_남성시장_OH_0126,7,상도전통시장,동작구,market,0.4731,0.18,0.0,0.0,0.0,0.0,0.6531
OH_20260522_1500_동작구_남성시장_OH_0126,8,본동인정시장,동작구,market,0.4726,0.18,0.0,0.0,0.0,0.0,0.6526
OH_20260522_1500_동작구_남성시장_OH_0126,9,보라매다올길골목형상점가,동작구,market,0.4724,0.18,0.0,0.0,0.0,0.0,0.6524
OH_20260522_1500_동작구_남성시장_OH_0126,10,신대방1동 온누리길 골목형상점가,동작구,market,0.4707,0.18,0.0,0.0,0.0,0.0,0.6507
OH_20260522_1530_동작구_이수역14번출구_OH_0127,1,서울역,중구,subway,0.9642,0.0,0.0,0.0,0.0,0.0,0.9642
OH_20260522_1530_동작구_이수역14번출구_OH_0127,2,잠실(송파구청),송파구,subway,0.9611,0.0,0.0,0.0,0.0,0.0,0.9611
OH_20260522_1530_동작구_이수역14번출구_OH_0127,3,강남,강남구,subway,0.9318,0.0,0.0,0.0,0.0,0.0,0.9318
OH_20260522_1530_동작구_이수역14번출구_OH_0127,4,홍대입구,마포구,subway,0.8656,0.0,0.0,0.0,0.0,0.0,0.8656
OH_20260522_1530_동작구_이수역14번출구_OH_0127,5,고속터미널,서초구,subway,0.8161,0.0,0.0,0.0,0.0,0.0,0.8161
OH_20260522_1530_동작구_이수역14번출구_OH_0127,6,사당,동작구,subway,0.5846,0.18,0.0,0.0,0.0,0.0,0.7646
OH_20260522_1530_동작구_이수역14번출구_OH_0127,7,삼성(무역센터),강남구,subway,0.7312,0.0,0.0,0.0,0.0,0.0,0.7312
OH_20260522_1530_동작구_이수역14번출구_OH_0127,8,성수,성동구,subway,0.7287,0.0,0.0,0.0,0.0,0.0,0.7287
OH_20260522_1530_동작구_이수역14번출구_OH_0127,9,선릉,강남구,subway,0.7238,0.0,0.0,0.0,0.0,0.0,0.7238
OH_20260522_1530_동작구_이수역14번출구_OH_0127,10,신대방,동작구,subway,0.4423,0.18,0.0,0.0,0.0,0.0,0.6223
OH_20260522_1730_영등포구_영등포지하상가_OH_0128,1,영등포유통상가,영등포구,market,0.5381,0.18,0.0,0.0,0.0,0.0,0.7181
OH_20260522_1730_영등포구_영등포지하상가_OH_0128,2,남대문시장,중구,market,0.7056,0.0,0.0,0.0,0.0,0.0,0.7056
OH_20260522_1730_영등포구_영등포지하상가_OH_0128,3,영등포시장기계공구상가,영등포구,market,0.4939,0.18,0.0,0.0,0.0,0.0,0.6739
OH_20260522_1730_영등포구_영등포지하상가_OH_0128,4,영등포청과시장,영등포구,market,0.478,0.18,0.0,0.0,0.0,0.0,0.658
OH_20260522_1730_영등포구_영등포지하상가_OH_0128,5,영등포전통시장,영등포구,market,0.4708,0.18,0.0,0.0,0.0,0.0,0.6508
OH_20260522_1730_영등포구_영등포지하상가_OH_0128,6,대림중앙시장,영등포구,market,0.4696,0.18,0.0,0.0,0.0,0.0,0.6496
OH_20260522_1730_영등포구_영등포지하상가_OH_0128,7,우리시장,영등포구,market,0.4695,0.18,0.0,0.0,0.0,0.0,0.6495
OH_20260522_1730_영등포구_영등포지하상가_OH_0128,8,선유로운골목형상점가,영등포구,market,0.4686,0.18,0.0,0.0,0.0,0.0,0.6486
OH_20260522_1730_영등포구_영등포지하상가_OH_0128,9,영등포 지하상가,영등포구,market,0.4685,0.18,0.0,0.0,0.0,0.0,0.6485
OH_20260522_1730_영등포구_영등포지하상가_OH_0128,10,영등포전통시장 남문,영등포구,market,0.4685,0.18,0.0,0.0,0.0,0.0,0.6485
OH_20260522_1900_마포구_홍대상상마당_OH_0129,1,홍대입구,마포구,subway,0.8656,0.18,0.0,0.0,0.0,0.0,1.0456
OH_20260522_1900_마포구_홍대상상마당_OH_0129,2,서울역,중구,subway,0.9642,0.0,0.0,0.0,0.0,0.0,0.9642
OH_20260522_1900_마포구_홍대상상마당_OH_0129,3,잠실(송파구청),송파구,subway,0.9611,0.0,0.0,0.0,0.0,0.0,0.9611
OH_20260522_1900_마포구_홍대상상마당_OH_0129,4,강남,강남구,subway,0.9318,0.0,0.0,0.0,0.0,0.0,0.9318
OH_20260522_1900_마포구_홍대상상마당_OH_0129,5,고속터미널,서초구,subway,0.8161,0.0,0.0,0.0,0.0,0.0,0.8161
OH_20260522_1900_마포구_홍대상상마당_OH_0129,6,삼성(무역센터),강남구,subway,0.7312,0.0,0.0,0.0,0.0,0.0,0.7312
OH_20260522_1900_마포구_홍대상상마당_OH_0129,7,성수,성동구,subway,0.7287,0.0,0.0,0.0,0.0,0.0,0.7287
OH_20260522_1900_마포구_홍대상상마당_OH_0129,8,선릉,강남구,subway,0.7238,0.0,0.0,0.0,0.0,0.0,0.7238
OH_20260522_1900_마포구_홍대상상마당_OH_0129,9,합정,마포구,subway,0.4906,0.18,0.0,0.0,0.0,0.0,0.6706
OH_20260522_1900_마포구_홍대상상마당_OH_0129,10,마포구청,마포구,subway,0.3615,0.18,0.0,0.0,0.0,0.0,0.5415
OH_20260524_1500_중구_돈화문사거리_OH_0134,1,서울역,중구,subway,0.9642,0.18,0.0,0.0,0.0,0.0,1.1442
OH_20260524_1500_중구_돈화문사거리_OH_0134,2,잠실(송파구청),송파구,subway,0.9611,0.0,0.0,0.0,0.0,0.0,0.9611
OH_20260524_1500_중구_돈화문사거리_OH_0134,3,강남,강남구,subway,0.9318,0.0,0.0,0.0,0.0,0.0,0.9318
OH_20260524_1500_중구_돈화문사거리_OH_0134,4,홍대입구,마포구,subway,0.8656,0.0,0.0,0.0,0.0,0.0,0.8656
OH_20260524_1500_중구_돈화문사거리_OH_0134,5,을지로입구,중구,subway,0.6806,0.18,0.0,0.0,0.0,0.0,0.8606
OH_20260524_1500_중구_돈화문사거리_OH_0134,6,고속터미널,서초구,subway,0.8161,0.0,0.0,0.0,0.0,0.0,0.8161
OH_20260524_1500_중구_돈화문사거리_OH_0134,7,명동,중구,subway,0.5738,0.18,0.0,0.0,0.0,0.0,0.7538
OH_20260524_1500_중구_돈화문사거리_OH_0134,8,돈화문 사거리,중구,subway,0.5737,0.18,0.0,0.0,0.0,0.0,0.7537
OH_20260524_1500_중구_돈화문사거리_OH_0134,9,신당역,중구,subway,0.5737,0.18,0.0,0.0,0.0,0.0,0.7537
OH_20260524_1500_중구_돈화문사거리_OH_0134,10,삼성(무역센터),강남구,subway,0.7312,0.0,0.0,0.0,0.0,0.0,0.7312
OH_20260524_1630_중랑구_동원시장_OH_0135,1,우림골목시장,중랑구,market,0.4775,0.18,0.0,0.0,0.0,0.0,0.6575
OH_20260524_1630_중랑구_동원시장_OH_0135,2,동원전통종합시장,중랑구,market,0.4761,0.18,0.0,0.0,0.0,0.0,0.6561
OH_20260524_1630_중랑구_동원시장_OH_0135,3,상봉먹자 골목형상점가,중랑구,market,0.4738,0.18,0.0,0.0,0.0,0.0,0.6538
OH_20260524_1630_중랑구_동원시장_OH_0135,4,사가정시장,중랑구,market,0.4731,0.18,0.0,0.0,0.0,0.0,0.6531
OH_20260524_1630_중랑구_동원시장_OH_0135,5,면목시장(골목형),중랑구,market,0.4729,0.18,0.0,0.0,0.0,0.0,0.6529
OH_20260524_1630_중랑구_동원시장_OH_0135,6,신내구길 골목형상점가,중랑구,market,0.4722,0.18,0.0,0.0,0.0,0.0,0.6522
OH_20260524_1630_중랑구_동원시장_OH_0135,7,사가정51길 골목형상점가,중랑구,market,0.4706,0.18,0.0,0.0,0.0,0.0,0.6506
OH_20260524_1630_중랑구_동원시장_OH_0135,8,중랑동부시장,중랑구,market,0.4702,0.18,0.0,0.0,0.0,0.0,0.6502
OH_20260524_1630_중랑구_동원시장_OH_0135,9,묵동도깨비시장 골목형상점가,중랑구,market,0.4701,0.18,0.0,0.0,0.0,0.0,0.6501
OH_20260524_1630_중랑구_동원시장_OH_0135,10,태능 골목형상점가,중랑구,market,0.4699,0.18,0.0,0.0,0.0,0.0,0.6499
OH_20260524_2000_서초구_잠수교_OH_0137,1,매헌시민의숲,서초구,park,0.6618,0.18,0.0,0.0,0.0,0.0,0.8418
OH_20260524_2000_서초구_잠수교_OH_0137,2,문화예술공원,서초구,park,0.6545,0.18,0.0,0.0,0.0,0.0,0.8345
OH_20260524_2000_서초구_잠수교_OH_0137,3,청계산도시자연공원,서초구,park,0.65,0.18,0.0,0.0,0.0,0.0,0.83
OH_20260524_2000_서초구_잠수교_OH_0137,4,우면산도시자연공원,서초구,park,0.6495,0.18,0.0,0.0,0.0,0.0,0.8295
OH_20260524_2000_서초구_잠수교_OH_0137,5,인능산도시자연공원,서초구,park,0.6437,0.18,0.0,0.0,0.0,0.0,0.8237
OH_20260524_2000_서초구_잠수교_OH_0137,6,구룡산도시자연공원,서초구,park,0.6435,0.18,0.0,0.0,0.0,0.0,0.8235
OH_20260524_2000_서초구_잠수교_OH_0137,7,예술의전당,서초구,park,0.6434,0.18,0.0,0.0,0.0,0.0,0.8234
OH_20260524_2000_서초구_잠수교_OH_0137,8,잠수교,서초구,park,0.6434,0.18,0.0,0.0,0.0,0.0,0.8234
OH_20260524_2000_서초구_잠수교_OH_0137,9,잠수대교 남단,서초구,park,0.6434,0.18,0.0,0.0,0.0,0.0,0.8234
OH_20260524_2000_서초구_잠수교_OH_0137,10,봉은공원,강남구,park,0.7451,0.0,0.0,0.0,0.0,0.0,0.7451
OH_20260525_0820_관악구_서울농산관_OH_0138,1,신림,관악구,subway,0.9468,0.18,0.0,0.0,0.0,0.0,1.1268
OH_20260525_0820_관악구_서울농산관_OH_0138,2,서울대입구(관악구청),관악구,subway,0.7382,0.18,0.0,0.0,0.0,0.0,0.9182
OH_20260525_0820_관악구_서울농산관_OH_0138,3,잠실(송파구청),송파구,subway,0.8013,0.0,0.0,0.0,0.0,0.0,0.8013
OH_20260525_0820_관악구_서울농산관_OH_0138,4,서울역,중구,subway,0.7902,0.0,0.0,0.0,0.0,0.0,0.7902
OH_20260525_0820_관악구_서울농산관_OH_0138,5,구로디지털단지,구로구,subway,0.776,0.0,0.0,0.0,0.0,0.0,0.776
OH_20260525_0820_관악구_서울농산관_OH_0138,6,낙성대(강감찬),관악구,subway,0.5749,0.18,0.0,0.0,0.0,0.0,0.7549
OH_20260525_0820_관악구_서울농산관_OH_0138,7,봉천,관악구,subway,0.561,0.18,0.0,0.0,0.0,0.0,0.741
OH_20260525_0820_관악구_서울농산관_OH_0138,8,서울농산관,관악구,subway,0.5609,0.18,0.0,0.0,0.0,0.0,0.7409
OH_20260525_0820_관악구_서울농산관_OH_0138,9,신도림,구로구,subway,0.7139,0.0,0.0,0.0,0.0,0.0,0.7139
OH_20260525_0820_관악구_서울농산관_OH_0138,10,연신내,은평구,subway,0.667,0.0,0.0,0.0,0.0,0.0,0.667
OH_20260525_1000_도봉구_도봉산입구_OH_0139,1,초안산근린공원,도봉구,park,0.6845,0.18,0.0,0.0,0.0,0.0,0.8645
OH_20260525_1000_도봉구_도봉산입구_OH_0139,2,초안산생태공원,도봉구,park,0.652,0.18,0.0,0.0,0.0,0.0,0.832
OH_20260525_1000_도봉구_도봉산입구_OH_0139,3,쌍문근린공원,도봉구,park,0.6298,0.18,0.0,0.0,0.0,0.0,0.8098
OH_20260525_1000_도봉구_도봉산입구_OH_0139,4,월천근린공원,도봉구,park,0.5986,0.18,0.0,0.0,0.0,0.0,0.7786
OH_20260525_1000_도봉구_도봉산입구_OH_0139,5,발바닥공원,도봉구,park,0.5888,0.18,0.0,0.0,0.0,0.0,0.7688
OH_20260525_1000_도봉구_도봉산입구_OH_0139,6,서울창포원,도봉구,park,0.5824,0.18,0.0,0.0,0.0,0.0,0.7624
OH_20260525_1000_도봉구_도봉산입구_OH_0139,7,도봉산 입구,도봉구,park,0.5823,0.18,0.0,0.0,0.0,0.0,0.7623
OH_20260525_1000_도봉구_도봉산입구_OH_0139,8,도봉산길,도봉구,park,0.5823,0.18,0.0,0.0,0.0,0.0,0.7623
OH_20260525_1000_도봉구_도봉산입구_OH_0139,9,봉은공원,강남구,park,0.7275,0.0,0.0,0.0,0.0,0.0,0.7275
OH_20260525_1000_도봉구_도봉산입구_OH_0139,10,월드컵공원,마포구,park,0.7248,0.0,0.0,0.0,0.0,0.0,0.7248
OH_20260525_1030_도봉구_방학역_OH_0140,1,신림,관악구,subway,0.9468,0.0,0.0,0.0,0.0,0.0,0.9468
OH_20260525_1030_도봉구_방학역_OH_0140,2,쌍문,도봉구,subway,0.623,0.18,0.0,0.0,0.0,0.0,0.803
OH_20260525_1030_도봉구_방학역_OH_0140,3,도봉산 입구,도봉구,subway,0.6229,0.18,0.0,0.0,0.0,0.0,0.8029
OH_20260525_1030_도봉구_방학역_OH_0140,4,박영선 지역유세장,도봉구,subway,0.6229,0.18,0.0,0.0,0.0,0.0,0.8029
OH_20260525_1030_도봉구_방학역_OH_0140,5,방학역,도봉구,subway,0.6229,0.18,0.0,0.0,0.0,0.0,0.8029
OH_20260525_1030_도봉구_방학역_OH_0140,6,잠실(송파구청),송파구,subway,0.8013,0.0,0.0,0.0,0.0,0.0,0.8013
OH_20260525_1030_도봉구_방학역_OH_0140,7,서울역,중구,subway,0.7902,0.0,0.0,0.0,0.0,0.0,0.7902
OH_20260525_1030_도봉구_방학역_OH_0140,8,구로디지털단지,구로구,subway,0.776,0.0,0.0,0.0,0.0,0.0,0.776
OH_20260525_1030_도봉구_방학역_OH_0140,9,서울대입구(관악구청),관악구,subway,0.7382,0.0,0.0,0.0,0.0,0.0,0.7382
OH_20260525_1030_도봉구_방학역_OH_0140,10,신도림,구로구,subway,0.7139,0.0,0.0,0.0,0.0,0.0,0.7139
OH_20260525_1130_노원구_경춘선숲길_OH_0141,1,수락산도시자연공원,노원구,park,0.64,0.18,0.0,0.0,0.0,0.0,0.82
OH_20260525_1130_노원구_경춘선숲길_OH_0141,2,불암산도시자연공원,노원구,park,0.6372,0.18,0.0,0.0,0.0,0.0,0.8172
OH_20260525_1130_노원구_경춘선숲길_OH_0141,3,경춘선숲길,노원구,park,0.5485,0.18,0.0,0.0,0.0,0.0,0.7285
OH_20260525_1130_노원구_경춘선숲길_OH_0141,4,경춘선 숲길,노원구,park,0.5484,0.18,0.0,0.0,0.0,0.0,0.7284
OH_20260525_1130_노원구_경춘선숲길_OH_0141,5,마들스포츠타운,노원구,park,0.5484,0.18,0.0,0.0,0.0,0.0,0.7284
OH_20260525_1130_노원구_경춘선숲길_OH_0141,6,불암산철쭉동산,노원구,park,0.5484,0.18,0.0,0.0,0.0,0.0,0.7284
OH_20260525_1130_노원구_경춘선숲길_OH_0141,7,봉은공원,강남구,park,0.7275,0.0,0.0,0.0,0.0,0.0,0.7275
OH_20260525_1130_노원구_경춘선숲길_OH_0141,8,월드컵공원,마포구,park,0.7248,0.0,0.0,0.0,0.0,0.0,0.7248
OH_20260525_1130_노원구_경춘선숲길_OH_0141,9,중랑캠핑숲,중랑구,park,0.7213,0.0,0.0,0.0,0.0,0.0,0.7213
OH_20260525_1130_노원구_경춘선숲길_OH_0141,10,백련근린공원,서대문구,park,0.7077,0.0,0.0,0.0,0.0,0.0,0.7077
OH_20260525_1400_중구_백학시장_OH_0142,1,남대문시장,중구,market,0.7056,0.18,0.0,0.0,0.0,0.0,0.8856
OH_20260525_1400_중구_백학시장_OH_0142,2,평화시장,중구,market,0.5528,0.18,0.0,0.0,0.0,0.0,0.7328
OH_20260525_1400_중구_백학시장_OH_0142,3,삼익패션타운,중구,market,0.5222,0.18,0.0,0.0,0.0,0.0,0.7022
OH_20260525_1400_중구_백학시장_OH_0142,4,동평화시장,중구,market,0.5126,0.18,0.0,0.0,0.0,0.0,0.6926
OH_20260525_1400_중구_백학시장_OH_0142,5,청평화시장,중구,market,0.5024,0.18,0.0,0.0,0.0,0.0,0.6824
OH_20260525_1400_중구_백학시장_OH_0142,6,신평화패션타운,중구,market,0.4993,0.18,0.0,0.0,0.0,0.0,0.6793
OH_20260525_1400_중구_백학시장_OH_0142,7,방산시장,중구,market,0.4988,0.18,0.0,0.0,0.0,0.0,0.6788
OH_20260525_1400_중구_백학시장_OH_0142,8,광희패션몰,중구,market,0.4973,0.18,0.0,0.0,0.0,0.0,0.6773
OH_20260525_1400_중구_백학시장_OH_0142,9,통일상가,중구,market,0.4936,0.18,0.0,0.0,0.0,0.0,0.6736
OH_20260525_1400_중구_백학시장_OH_0142,10,중부시장,중구,market,0.4895,0.18,0.0,0.0,0.0,0.0,0.6695
OH_20260525_1430_중구_신당역_OH_0143,1,서울역,중구,subway,0.9642,0.18,0.0,0.0,0.0,0.0,1.1442
OH_20260525_1430_중구_신당역_OH_0143,2,잠실(송파구청),송파구,subway,0.9611,0.0,0.0,0.0,0.0,0.0,0.9611
OH_20260525_1430_중구_신당역_OH_0143,3,강남,강남구,subway,0.9318,0.0,0.0,0.0,0.0,0.0,0.9318
OH_20260525_1430_중구_신당역_OH_0143,4,홍대입구,마포구,subway,0.8656,0.0,0.0,0.0,0.0,0.0,0.8656
OH_20260525_1430_중구_신당역_OH_0143,5,을지로입구,중구,subway,0.6806,0.18,0.0,0.0,0.0,0.0,0.8606
OH_20260525_1430_중구_신당역_OH_0143,6,고속터미널,서초구,subway,0.8161,0.0,0.0,0.0,0.0,0.0,0.8161
OH_20260525_1430_중구_신당역_OH_0143,7,명동,중구,subway,0.5738,0.18,0.0,0.0,0.0,0.0,0.7538
OH_20260525_1430_중구_신당역_OH_0143,8,돈화문 사거리,중구,subway,0.5737,0.18,0.0,0.0,0.0,0.0,0.7537
OH_20260525_1430_중구_신당역_OH_0143,9,신당역,중구,subway,0.5737,0.18,0.0,0.0,0.0,0.0,0.7537
OH_20260525_1430_중구_신당역_OH_0143,10,삼성(무역센터),강남구,subway,0.7312,0.0,0.0,0.0,0.0,0.0,0.7312
OH_20260525_1530_광진구_어린이대공원_OH_0144,1,어린이대공원,광진구,park,0.6366,0.18,0.0,0.0,0.0,0.0,0.8166
OH_20260525_1530_광진구_어린이대공원_OH_0144,2,아차산공원,광진구,park,0.6147,0.18,0.0,0.0,0.0,0.0,0.7947
OH_20260525_1530_광진구_어린이대공원_OH_0144,3,능동어린이대공원,광진구,park,0.6146,0.18,0.0,0.0,0.0,0.0,0.7946
OH_20260525_1530_광진구_어린이대공원_OH_0144,4,서울어린이대공원,광진구,park,0.6146,0.18,0.0,0.0,0.0,0.0,0.7946
OH_20260525_1530_광진구_어린이대공원_OH_0144,5,봉은공원,강남구,park,0.7451,0.0,0.0,0.0,0.0,0.0,0.7451
OH_20260525_1530_광진구_어린이대공원_OH_0144,6,월드컵공원,마포구,park,0.7425,0.0,0.0,0.0,0.0,0.0,0.7425
OH_20260525_1530_광진구_어린이대공원_OH_0144,7,중랑캠핑숲,중랑구,park,0.7412,0.0,0.0,0.0,0.0,0.0,0.7412
OH_20260525_1530_광진구_어린이대공원_OH_0144,8,백련근린공원,서대문구,park,0.7275,0.0,0.0,0.0,0.0,0.0,0.7275
OH_20260525_1530_광진구_어린이대공원_OH_0144,9,남산공원,중구,park,0.7185,0.0,0.0,0.0,0.0,0.0,0.7185
OH_20260525_1530_광진구_어린이대공원_OH_0144,10,안산도시자연공원,서대문구,park,0.7158,0.0,0.0,0.0,0.0,0.0,0.7158
OH_20260525_1700_강남구_수서역만남의광장_OH_0145,1,강남,강남구,subway,0.9318,0.18,0.0,0.0,0.0,0.0,1.1118
OH_20260525_1700_강남구_수서역만남의광장_OH_0145,2,서울역,중구,subway,0.9642,0.0,0.0,0.0,0.0,0.0,0.9642
OH_20260525_1700_강남구_수서역만남의광장_OH_0145,3,잠실(송파구청),송파구,subway,0.9611,0.0,0.0,0.0,0.0,0.0,0.9611
OH_20260525_1700_강남구_수서역만남의광장_OH_0145,4,삼성(무역센터),강남구,subway,0.7312,0.18,0.0,0.0,0.0,0.0,0.9112
OH_20260525_1700_강남구_수서역만남의광장_OH_0145,5,선릉,강남구,subway,0.7238,0.18,0.0,0.0,0.0,0.0,0.9038
OH_20260525_1700_강남구_수서역만남의광장_OH_0145,6,홍대입구,마포구,subway,0.8656,0.0,0.0,0.0,0.0,0.0,0.8656
OH_20260525_1700_강남구_수서역만남의광장_OH_0145,7,역삼,강남구,subway,0.6459,0.18,0.0,0.0,0.0,0.0,0.8259
OH_20260525_1700_강남구_수서역만남의광장_OH_0145,8,고속터미널,서초구,subway,0.8161,0.0,0.0,0.0,0.0,0.0,0.8161
OH_20260525_1700_강남구_수서역만남의광장_OH_0145,9,성수,성동구,subway,0.7287,0.0,0.0,0.0,0.0,0.0,0.7287
OH_20260525_1700_강남구_수서역만남의광장_OH_0145,10,강남구청,강남구,subway,0.364,0.18,0.0,0.0,0.0,0.0,0.544
OH_20260525_1740_강남구_개포동시장_OH_0146,1,남대문시장,중구,market,0.7056,0.0,0.0,0.0,0.0,0.0,0.7056
OH_20260525_1740_강남구_개포동시장_OH_0146,2,영동전통시장,강남구,market,0.4753,0.18,0.0,0.0,0.0,0.0,0.6553
OH_20260525_1740_강남구_개포동시장_OH_0146,3,개포동 시장,강남구,market,0.4752,0.18,0.0,0.0,0.0,0.0,0.6552
OH_20260525_1740_강남구_개포동시장_OH_0146,4,동대문종합시장,종로구,market,0.6301,0.0,0.0,0.0,0.0,0.0,0.6301
OH_20260525_1740_강남구_개포동시장_OH_0146,5,장안 마실 골목형상점가,동대문구,market,0.6299,0.0,0.0,0.0,0.0,0.0,0.6299
OH_20260525_1740_강남구_개포동시장_OH_0146,6,천호로데오거리상점가,강동구,market,0.5914,0.0,0.0,0.0,0.0,0.0,0.5914
OH_20260525_1740_강남구_개포동시장_OH_0146,7,광장전통시장,종로구,market,0.5714,0.0,0.0,0.0,0.0,0.0,0.5714
OH_20260525_1740_강남구_개포동시장_OH_0146,8,가락몰 골목형상점가,송파구,market,0.5612,0.0,0.0,0.0,0.0,0.0,0.5612
OH_20260525_1740_강남구_개포동시장_OH_0146,9,평화시장,중구,market,0.5528,0.0,0.0,0.0,0.0,0.0,0.5528
OH_20260525_1740_강남구_개포동시장_OH_0146,10,서울약령시장,동대문구,market,0.5526,0.0,0.0,0.0,0.0,0.0,0.5526
OH_20260525_1930_성동구_성수동골목상권_OH_0147,1,남대문시장,중구,market,0.7056,0.0,0.0,0.0,0.0,0.0,0.7056
OH_20260525_1930_성동구_성수동골목상권_OH_0147,2,마장축산물시장,성동구,market,0.5116,0.18,0.0,0.0,0.0,0.0,0.6916
OH_20260525_1930_성동구_성수동골목상권_OH_0147,3,성동용답상가시장,성동구,market,0.4816,0.18,0.0,0.0,0.0,0.0,0.6616
OH_20260525_1930_성동구_성수동골목상권_OH_0147,4,송정벚꽃골목형상점가,성동구,market,0.4775,0.18,0.0,0.0,0.0,0.0,0.6575
OH_20260525_1930_성동구_성수동골목상권_OH_0147,5,사근살곶이골목형상점가시장,성동구,market,0.474,0.18,0.0,0.0,0.0,0.0,0.654
OH_20260525_1930_성동구_성수동골목상권_OH_0147,6,금남시장,성동구,market,0.4707,0.18,0.0,0.0,0.0,0.0,0.6507
OH_20260525_1930_성동구_성수동골목상권_OH_0147,7,뚝도시장,성동구,market,0.4683,0.18,0.0,0.0,0.0,0.0,0.6483
OH_20260525_1930_성동구_성수동골목상권_OH_0147,8,마장동축산물시장,성동구,market,0.4682,0.18,0.0,0.0,0.0,0.0,0.6482
OH_20260525_1930_성동구_성수동골목상권_OH_0147,9,성수동 골목상권,성동구,market,0.4682,0.18,0.0,0.0,0.0,0.0,0.6482
OH_20260525_1930_성동구_성수동골목상권_OH_0147,10,성수동 카페거리,성동구,market,0.4682,0.18,0.0,0.0,0.0,0.0,0.6482
JG_20260310_1740_중구_황학시장입구_JG_0006,1,남대문시장,중구,market,0.7056,0.18,0.0,0.0,0.0,0.0,0.8856
JG_20260310_1740_중구_황학시장입구_JG_0006,2,평화시장,중구,market,0.5528,0.18,0.0,0.0,0.0,0.0,0.7328
JG_20260310_1740_중구_황학시장입구_JG_0006,3,삼익패션타운,중구,market,0.5222,0.18,0.0,0.0,0.0,0.0,0.7022
JG_20260310_1740_중구_황학시장입구_JG_0006,4,동평화시장,중구,market,0.5126,0.18,0.0,0.0,0.0,0.0,0.6926
JG_20260310_1740_중구_황학시장입구_JG_0006,5,청평화시장,중구,market,0.5024,0.18,0.0,0.0,0.0,0.0,0.6824
JG_20260310_1740_중구_황학시장입구_JG_0006,6,신평화패션타운,중구,market,0.4993,0.18,0.0,0.0,0.0,0.0,0.6793
JG_20260310_1740_중구_황학시장입구_JG_0006,7,방산시장,중구,market,0.4988,0.18,0.0,0.0,0.0,0.0,0.6788
JG_20260310_1740_중구_황학시장입구_JG_0006,8,광희패션몰,중구,market,0.4973,0.18,0.0,0.0,0.0,0.0,0.6773
JG_20260310_1740_중구_황학시장입구_JG_0006,9,통일상가,중구,market,0.4936,0.18,0.0,0.0,0.0,0.0,0.6736
JG_20260310_1740_중구_황학시장입구_JG_0006,10,중부시장,중구,market,0.4895,0.18,0.0,0.0,0.0,0.0,0.6695
JG_20260311_1510_영등포구_영등포전통시장남문_JG_0009,1,영등포유통상가,영등포구,market,0.5381,0.18,0.0,0.0,0.0,0.0,0.7181
JG_20260311_1510_영등포구_영등포전통시장남문_JG_0009,2,남대문시장,중구,market,0.7056,0.0,0.0,0.0,0.0,0.0,0.7056
JG_20260311_1510_영등포구_영등포전통시장남문_JG_0009,3,영등포시장기계공구상가,영등포구,market,0.4939,0.18,0.0,0.0,0.0,0.0,0.6739
JG_20260311_1510_영등포구_영등포전통시장남문_JG_0009,4,영등포청과시장,영등포구,market,0.478,0.18,0.0,0.0,0.0,0.0,0.658
JG_20260311_1510_영등포구_영등포전통시장남문_JG_0009,5,영등포전통시장,영등포구,market,0.4708,0.18,0.0,0.0,0.0,0.0,0.6508
JG_20260311_1510_영등포구_영등포전통시장남문_JG_0009,6,대림중앙시장,영등포구,market,0.4696,0.18,0.0,0.0,0.0,0.0,0.6496
JG_20260311_1510_영등포구_영등포전통시장남문_JG_0009,7,우리시장,영등포구,market,0.4695,0.18,0.0,0.0,0.0,0.0,0.6495
JG_20260311_1510_영등포구_영등포전통시장남문_JG_0009,8,선유로운골목형상점가,영등포구,market,0.4686,0.18,0.0,0.0,0.0,0.0,0.6486
JG_20260311_1510_영등포구_영등포전통시장남문_JG_0009,9,영등포 지하상가,영등포구,market,0.4685,0.18,0.0,0.0,0.0,0.0,0.6485
JG_20260311_1510_영등포구_영등포전통시장남문_JG_0009,10,영등포전통시장 남문,영등포구,market,0.4685,0.18,0.0,0.0,0.0,0.0,0.6485
JG_20260311_1620_영등포구_대림중앙시장_JG_0010,1,영등포유통상가,영등포구,market,0.5381,0.18,0.0,0.0,0.0,0.0,0.7181
JG_20260311_1620_영등포구_대림중앙시장_JG_0010,2,남대문시장,중구,market,0.7056,0.0,0.0,0.0,0.0,0.0,0.7056
JG_20260311_1620_영등포구_대림중앙시장_JG_0010,3,영등포시장기계공구상가,영등포구,market,0.4939,0.18,0.0,0.0,0.0,0.0,0.6739
JG_20260311_1620_영등포구_대림중앙시장_JG_0010,4,영등포청과시장,영등포구,market,0.478,0.18,0.0,0.0,0.0,0.0,0.658
JG_20260311_1620_영등포구_대림중앙시장_JG_0010,5,영등포전통시장,영등포구,market,0.4708,0.18,0.0,0.0,0.0,0.0,0.6508
JG_20260311_1620_영등포구_대림중앙시장_JG_0010,6,대림중앙시장,영등포구,market,0.4696,0.18,0.0,0.0,0.0,0.0,0.6496
JG_20260311_1620_영등포구_대림중앙시장_JG_0010,7,우리시장,영등포구,market,0.4695,0.18,0.0,0.0,0.0,0.0,0.6495
JG_20260311_1620_영등포구_대림중앙시장_JG_0010,8,선유로운골목형상점가,영등포구,market,0.4686,0.18,0.0,0.0,0.0,0.0,0.6486
JG_20260311_1620_영등포구_대림중앙시장_JG_0010,9,영등포 지하상가,영등포구,market,0.4685,0.18,0.0,0.0,0.0,0.0,0.6485
JG_20260311_1620_영등포구_대림중앙시장_JG_0010,10,영등포전통시장 남문,영등포구,market,0.4685,0.18,0.0,0.0,0.0,0.0,0.6485
JG_20260312_1600_강서구_방신전통시장_JG_0015,1,공항동 먹자골목 골목형상점가,강서구,market,0.494,0.18,0.0,0.0,0.0,0.0,0.674
JG_20260312_1600_강서구_방신전통시장_JG_0015,2,강서구청먹자골목 골목형상점가,강서구,market,0.4867,0.18,0.0,0.0,0.0,0.0,0.6667
JG_20260312_1600_강서구_방신전통시장_JG_0015,3,까치산시장,강서구,market,0.4792,0.18,0.0,0.0,0.0,0.0,0.6592
JG_20260312_1600_강서구_방신전통시장_JG_0015,4,가양역사거리 골목형상점가,강서구,market,0.4788,0.18,0.0,0.0,0.0,0.0,0.6588
JG_20260312_1600_강서구_방신전통시장_JG_0015,5,남부골목시장,강서구,market,0.4786,0.18,0.0,0.0,0.0,0.0,0.6586
JG_20260312_1600_강서구_방신전통시장_JG_0015,6,송화벽화시장,강서구,market,0.4759,0.18,0.0,0.0,0.0,0.0,0.6559
JG_20260312_1600_강서구_방신전통시장_JG_0015,7,송정역 카페거리 골목형상점가,강서구,market,0.4716,0.18,0.0,0.0,0.0,0.0,0.6516
JG_20260312_1600_강서구_방신전통시장_JG_0015,8,공항대로 골목형상점가,강서구,market,0.471,0.18,0.0,0.0,0.0,0.0,0.651
JG_20260312_1600_강서구_방신전통시장_JG_0015,9,방신전통시장,강서구,market,0.4709,0.18,0.0,0.0,0.0,0.0,0.6509
JG_20260312_1600_강서구_방신전통시장_JG_0015,10,화곡중앙시장,강서구,market,0.4701,0.18,0.0,0.0,0.0,0.0,0.6501
JG_20260312_1725_강서구_남부골목시장_JG_0016,1,공항동 먹자골목 골목형상점가,강서구,market,0.494,0.18,0.0,0.0,0.0,0.0,0.674
JG_20260312_1725_강서구_남부골목시장_JG_0016,2,강서구청먹자골목 골목형상점가,강서구,market,0.4867,0.18,0.0,0.0,0.0,0.0,0.6667
JG_20260312_1725_강서구_남부골목시장_JG_0016,3,까치산시장,강서구,market,0.4792,0.18,0.0,0.0,0.0,0.0,0.6592
JG_20260312_1725_강서구_남부골목시장_JG_0016,4,가양역사거리 골목형상점가,강서구,market,0.4788,0.18,0.0,0.0,0.0,0.0,0.6588
JG_20260312_1725_강서구_남부골목시장_JG_0016,5,남부골목시장,강서구,market,0.4786,0.18,0.0,0.0,0.0,0.0,0.6586
JG_20260312_1725_강서구_남부골목시장_JG_0016,6,송화벽화시장,강서구,market,0.4759,0.18,0.0,0.0,0.0,0.0,0.6559
JG_20260312_1725_강서구_남부골목시장_JG_0016,7,송정역 카페거리 골목형상점가,강서구,market,0.4716,0.18,0.0,0.0,0.0,0.0,0.6516
JG_20260312_1725_강서구_남부골목시장_JG_0016,8,공항대로 골목형상점가,강서구,market,0.471,0.18,0.0,0.0,0.0,0.0,0.651
JG_20260312_1725_강서구_남부골목시장_JG_0016,9,방신전통시장,강서구,market,0.4709,0.18,0.0,0.0,0.0,0.0,0.6509
JG_20260312_1725_강서구_남부골목시장_JG_0016,10,화곡중앙시장,강서구,market,0.4701,0.18,0.0,0.0,0.0,0.0,0.6501
JG_20260313_1410_노원구_상계중앙시장_JG_0017,1,남대문시장,중구,market,0.7056,0.0,0.0,0.0,0.0,0.0,0.7056
JG_20260313_1410_노원구_상계중앙시장_JG_0017,2,공릉동도깨비시장,노원구,market,0.4746,0.18,0.0,0.0,0.0,0.0,0.6546
JG_20260313_1410_노원구_상계중앙시장_JG_0017,3,상계중앙시장,노원구,market,0.4739,0.18,0.0,0.0,0.0,0.0,0.6539
JG_20260313_1410_노원구_상계중앙시장_JG_0017,4,공릉도깨비시장,노원구,market,0.4738,0.18,0.0,0.0,0.0,0.0,0.6538
JG_20260313_1410_노원구_상계중앙시장_JG_0017,5,동대문종합시장,종로구,market,0.6301,0.0,0.0,0.0,0.0,0.0,0.6301
JG_20260313_1410_노원구_상계중앙시장_JG_0017,6,장안 마실 골목형상점가,동대문구,market,0.6299,0.0,0.0,0.0,0.0,0.0,0.6299
JG_20260313_1410_노원구_상계중앙시장_JG_0017,7,천호로데오거리상점가,강동구,market,0.5914,0.0,0.0,0.0,0.0,0.0,0.5914
JG_20260313_1410_노원구_상계중앙시장_JG_0017,8,광장전통시장,종로구,market,0.5714,0.0,0.0,0.0,0.0,0.0,0.5714
JG_20260313_1410_노원구_상계중앙시장_JG_0017,9,가락몰 골목형상점가,송파구,market,0.5612,0.0,0.0,0.0,0.0,0.0,0.5612
JG_20260313_1410_노원구_상계중앙시장_JG_0017,10,평화시장,중구,market,0.5528,0.0,0.0,0.0,0.0,0.0,0.5528
JG_20260313_1450_노원구_구립수락노인종합복지관_JG_0018,1,공릉노인복지관,노원구,senior_friendly,0.9591,0.18,0.0,0.0,0.0,0.0,1.1391
JG_20260313_1450_노원구_구립수락노인종합복지관_JG_0018,2,구립수락노인종합복지관,노원구,senior_friendly,0.959,0.18,0.0,0.0,0.0,0.0,1.139
JG_20260313_1450_노원구_구립수락노인종합복지관_JG_0018,3,성수1가2동노인복지관 대현분소,성동구,senior_friendly,0.9739,0.0,0.0,0.0,0.0,0.0,0.9739
JG_20260313_1450_노원구_구립수락노인종합복지관_JG_0018,4,강남구립 도곡1노인복지관,강남구,senior_friendly,0.9689,0.0,0.0,0.0,0.0,0.0,0.9689
JG_20260313_1450_노원구_구립수락노인종합복지관_JG_0018,5,강동구립 해공노인복지관,강동구,senior_friendly,0.9673,0.0,0.0,0.0,0.0,0.0,0.9673
JG_20260313_1450_노원구_구립수락노인종합복지관_JG_0018,6,구립 자양노인복지관,광진구,senior_friendly,0.964,0.0,0.0,0.0,0.0,0.0,0.964
JG_20260313_1450_노원구_구립수락노인종합복지관_JG_0018,7,구립갈현노인복지관,은평구,senior_friendly,0.9624,0.0,0.0,0.0,0.0,0.0,0.9624
JG_20260313_1450_노원구_구립수락노인종합복지관_JG_0018,8,용강 노인복지관,마포구,senior_friendly,0.9607,0.0,0.0,0.0,0.0,0.0,0.9607
JG_20260313_1450_노원구_구립수락노인종합복지관_JG_0018,9,북가좌노인복지관,서대문구,senior_friendly,0.9607,0.0,0.0,0.0,0.0,0.0,0.9607
JG_20260313_1450_노원구_구립수락노인종합복지관_JG_0018,10,청파노인복지관,용산구,senior_friendly,0.9591,0.0,0.0,0.0,0.0,0.0,0.9591
JG_20260313_1530_노원구_공릉도깨비시장_JG_0019,1,남대문시장,중구,market,0.7056,0.0,0.0,0.0,0.0,0.0,0.7056
JG_20260313_1530_노원구_공릉도깨비시장_JG_0019,2,공릉동도깨비시장,노원구,market,0.4746,0.18,0.0,0.0,0.0,0.0,0.6546
JG_20260313_1530_노원구_공릉도깨비시장_JG_0019,3,상계중앙시장,노원구,market,0.4739,0.18,0.0,0.0,0.0,0.0,0.6539
JG_20260313_1530_노원구_공릉도깨비시장_JG_0019,4,공릉도깨비시장,노원구,market,0.4738,0.18,0.0,0.0,0.0,0.0,0.6538
JG_20260313_1530_노원구_공릉도깨비시장_JG_0019,5,동대문종합시장,종로구,market,0.6301,0.0,0.0,0.0,0.0,0.0,0.6301
JG_20260313_1530_노원구_공릉도깨비시장_JG_0019,6,장안 마실 골목형상점가,동대문구,market,0.6299,0.0,0.0,0.0,0.0,0.0,0.6299
JG_20260313_1530_노원구_공릉도깨비시장_JG_0019,7,천호로데오거리상점가,강동구,market,0.5914,0.0,0.0,0.0,0.0,0.0,0.5914
JG_20260313_1530_노원구_공릉도깨비시장_JG_0019,8,광장전통시장,종로구,market,0.5714,0.0,0.0,0.0,0.0,0.0,0.5714
JG_20260313_1530_노원구_공릉도깨비시장_JG_0019,9,가락몰 골목형상점가,송파구,market,0.5612,0.0,0.0,0.0,0.0,0.0,0.5612
JG_20260313_1530_노원구_공릉도깨비시장_JG_0019,10,평화시장,중구,market,0.5528,0.0,0.0,0.0,0.0,0.0,0.5528
JG_20260316_1300_구로구_남구로시장_JG_0021,1,남대문시장,중구,market,0.7056,0.0,0.0,0.0,0.0,0.0,0.7056
JG_20260316_1300_구로구_남구로시장_JG_0021,2,오류버들시장 골목형상점가,구로구,market,0.4915,0.18,0.0,0.0,0.0,0.0,0.6715
JG_20260316_1300_구로구_남구로시장_JG_0021,3,남구로시장,구로구,market,0.4811,0.18,0.0,0.0,0.0,0.0,0.6611
JG_20260316_1300_구로구_남구로시장_JG_0021,4,그라운드고척 골목형상점가,구로구,market,0.4792,0.18,0.0,0.0,0.0,0.0,0.6592
JG_20260316_1300_구로구_남구로시장_JG_0021,5,구로시장,구로구,market,0.4737,0.18,0.0,0.0,0.0,0.0,0.6537
JG_20260316_1300_구로구_남구로시장_JG_0021,6,가리봉시장,구로구,market,0.4705,0.18,0.0,0.0,0.0,0.0,0.6505
JG_20260316_1300_구로구_남구로시장_JG_0021,7,고척근린시장,구로구,market,0.4696,0.18,0.0,0.0,0.0,0.0,0.6496
JG_20260316_1300_구로구_남구로시장_JG_0021,8,개봉중앙 골목형상점가,구로구,market,0.4681,0.18,0.0,0.0,0.0,0.0,0.6481
JG_20260316_1300_구로구_남구로시장_JG_0021,9,동대문종합시장,종로구,market,0.6301,0.0,0.0,0.0,0.0,0.0,0.6301
JG_20260316_1300_구로구_남구로시장_JG_0021,10,장안 마실 골목형상점가,동대문구,market,0.6299,0.0,0.0,0.0,0.0,0.0,0.6299
JG_20260316_1400_구로구_궁동종합사회복지관_JG_0022,1,구로노인종합복지관,구로구,senior_friendly,0.9351,0.18,0.0,0.0,0.0,0.0,1.1151
JG_20260316_1400_구로구_궁동종합사회복지관_JG_0022,2,궁동종합사회복지관,구로구,senior_friendly,0.935,0.18,0.0,0.0,0.0,0.0,1.115
JG_20260316_1400_구로구_궁동종합사회복지관_JG_0022,3,성수1가2동노인복지관 대현분소,성동구,senior_friendly,0.9739,0.0,0.0,0.0,0.0,0.0,0.9739
JG_20260316_1400_구로구_궁동종합사회복지관_JG_0022,4,강남구립 도곡1노인복지관,강남구,senior_friendly,0.9689,0.0,0.0,0.0,0.0,0.0,0.9689
JG_20260316_1400_구로구_궁동종합사회복지관_JG_0022,5,강동구립 해공노인복지관,강동구,senior_friendly,0.9673,0.0,0.0,0.0,0.0,0.0,0.9673
JG_20260316_1400_구로구_궁동종합사회복지관_JG_0022,6,구립 자양노인복지관,광진구,senior_friendly,0.964,0.0,0.0,0.0,0.0,0.0,0.964
JG_20260316_1400_구로구_궁동종합사회복지관_JG_0022,7,구립갈현노인복지관,은평구,senior_friendly,0.9624,0.0,0.0,0.0,0.0,0.0,0.9624
JG_20260316_1400_구로구_궁동종합사회복지관_JG_0022,8,용강 노인복지관,마포구,senior_friendly,0.9607,0.0,0.0,0.0,0.0,0.0,0.9607
JG_20260316_1400_구로구_궁동종합사회복지관_JG_0022,9,북가좌노인복지관,서대문구,senior_friendly,0.9607,0.0,0.0,0.0,0.0,0.0,0.9607
JG_20260316_1400_구로구_궁동종합사회복지관_JG_0022,10,청파노인복지관,용산구,senior_friendly,0.9591,0.0,0.0,0.0,0.0,0.0,0.9591
JG_20260317_1400_마포구_망원시장월드컵시장_JG_0025,1,남대문시장,중구,market,0.7056,0.0,0.0,0.0,0.0,0.0,0.7056
JG_20260317_1400_마포구_망원시장월드컵시장_JG_0025,2,아현시장,마포구,market,0.4776,0.18,0.0,0.0,0.0,0.0,0.6576
JG_20260317_1400_마포구_망원시장월드컵시장_JG_0025,3,연남동골목형상점가,마포구,market,0.4764,0.18,0.0,0.0,0.0,0.0,0.6564
JG_20260317_1400_마포구_망원시장월드컵시장_JG_0025,4,망원시장,마포구,market,0.4721,0.18,0.0,0.0,0.0,0.0,0.6521
JG_20260317_1400_마포구_망원시장월드컵시장_JG_0025,5,홍대레드로드골목형상점가,마포구,market,0.4699,0.18,0.0,0.0,0.0,0.0,0.6499
JG_20260317_1400_마포구_망원시장월드컵시장_JG_0025,6,망원동월드컵시장,마포구,market,0.4684,0.18,0.0,0.0,0.0,0.0,0.6484
JG_20260317_1400_마포구_망원시장월드컵시장_JG_0025,7,"망원시장, 월드컵시장",마포구,market,0.4683,0.18,0.0,0.0,0.0,0.0,0.6483
JG_20260317_1400_마포구_망원시장월드컵시장_JG_0025,8,홍대거리,마포구,market,0.4683,0.18,0.0,0.0,0.0,0.0,0.6483
JG_20260317_1400_마포구_망원시장월드컵시장_JG_0025,9,동대문종합시장,종로구,market,0.6301,0.0,0.0,0.0,0.0,0.0,0.6301
JG_20260317_1400_마포구_망원시장월드컵시장_JG_0025,10,장안 마실 골목형상점가,동대문구,market,0.6299,0.0,0.0,0.0,0.0,0.0,0.6299
JG_20260319_1000_송파구_잠실학생체육관_JG_0026,1,잠실(송파구청),송파구,subway,0.8013,0.18,0.0,0.0,0.0,0.0,0.9813
JG_20260319_1000_송파구_잠실학생체육관_JG_0026,2,신림,관악구,subway,0.9468,0.0,0.0,0.0,0.0,0.0,0.9468
JG_20260319_1000_송파구_잠실학생체육관_JG_0026,3,잠실보조경기장,송파구,park,0.6229,0.18,0.0,0.0,0.0,0.0,0.8029
JG_20260319_1000_송파구_잠실학생체육관_JG_0026,4,잠실실내체육관,송파구,park,0.6229,0.18,0.0,0.0,0.0,0.0,0.8029
JG_20260319_1000_송파구_잠실학생체육관_JG_0026,5,잠실종합운동장,송파구,park,0.6229,0.18,0.0,0.0,0.0,0.0,0.8029
JG_20260319_1000_송파구_잠실학생체육관_JG_0026,6,잠실학생체육관,송파구,park,0.6229,0.18,0.0,0.0,0.0,0.0,0.8029
JG_20260319_1000_송파구_잠실학생체육관_JG_0026,7,서울역,중구,subway,0.7902,0.0,0.0,0.0,0.0,0.0,0.7902
JG_20260319_1000_송파구_잠실학생체육관_JG_0026,8,구로디지털단지,구로구,subway,0.776,0.0,0.0,0.0,0.0,0.0,0.776
JG_20260319_1000_송파구_잠실학생체육관_JG_0026,9,서울대입구(관악구청),관악구,subway,0.7382,0.0,0.0,0.0,0.0,0.0,0.7382
JG_20260319_1000_송파구_잠실학생체육관_JG_0026,10,신도림,구로구,subway,0.7139,0.0,0.0,0.0,0.0,0.0,0.7139
JG_20260324_1700_종로구_세종대로사거리광화문광장_JG_0031,1,서울역,중구,subway,0.9642,0.0,0.0,0.0,0.0,0.0,0.9642
JG_20260324_1700_종로구_세종대로사거리광화문광장_JG_0031,2,잠실(송파구청),송파구,subway,0.9611,0.0,0.0,0.0,0.0,0.0,0.9611
JG_20260324_1700_종로구_세종대로사거리광화문광장_JG_0031,3,강남,강남구,subway,0.9318,0.0,0.0,0.0,0.0,0.0,0.9318
JG_20260324_1700_종로구_세종대로사거리광화문광장_JG_0031,4,홍대입구,마포구,subway,0.8656,0.0,0.0,0.0,0.0,0.0,0.8656
JG_20260324_1700_종로구_세종대로사거리광화문광장_JG_0031,5,고속터미널,서초구,subway,0.8161,0.0,0.0,0.0,0.0,0.0,0.8161
JG_20260324_1700_종로구_세종대로사거리광화문광장_JG_0031,6,종각,종로구,subway,0.5903,0.18,0.0,0.0,0.0,0.0,0.7703
JG_20260324_1700_종로구_세종대로사거리광화문광장_JG_0031,7,혜화,종로구,subway,0.5759,0.18,0.0,0.0,0.0,0.0,0.7559
JG_20260324_1700_종로구_세종대로사거리광화문광장_JG_0031,8,서울배달라이더 현장,종로구,subway,0.5758,0.18,0.0,0.0,0.0,0.0,0.7558
JG_20260324_1700_종로구_세종대로사거리광화문광장_JG_0031,9,세종대로 사거리 광화문광장,종로구,subway,0.5758,0.18,0.0,0.0,0.0,0.0,0.7558
JG_20260324_1700_종로구_세종대로사거리광화문광장_JG_0031,10,삼성(무역센터),강남구,subway,0.7312,0.0,0.0,0.0,0.0,0.0,0.7312
JG_20260324_1740_종로구_세종마을음식문화거리_JG_0032,1,동대문종합시장,종로구,market,0.6301,0.18,0.0,0.0,0.0,0.0,0.8101
JG_20260324_1740_종로구_세종마을음식문화거리_JG_0032,2,광장전통시장,종로구,market,0.5714,0.18,0.0,0.0,0.0,0.0,0.7514
JG_20260324_1740_종로구_세종마을음식문화거리_JG_0032,3,광장시장,종로구,market,0.5254,0.18,0.0,0.0,0.0,0.0,0.7054
JG_20260324_1740_종로구_세종마을음식문화거리_JG_0032,4,동대문종합시장D동,종로구,market,0.4968,0.18,0.0,0.0,0.0,0.0,0.6768
JG_20260324_1740_종로구_세종마을음식문화거리_JG_0032,5,동대문문구?완구거리,종로구,market,0.4736,0.18,0.0,0.0,0.0,0.0,0.6536
JG_20260324_1740_종로구_세종마을음식문화거리_JG_0032,6,동묘시장,종로구,market,0.4726,0.18,0.0,0.0,0.0,0.0,0.6526
JG_20260324_1740_종로구_세종마을음식문화거리_JG_0032,7,창신골목시장,종로구,market,0.472,0.18,0.0,0.0,0.0,0.0,0.652
JG_20260324_1740_종로구_세종마을음식문화거리_JG_0032,8,세종마을음식문화거리,종로구,market,0.4714,0.18,0.0,0.0,0.0,0.0,0.6514
JG_20260324_1740_종로구_세종마을음식문화거리_JG_0032,9,북촌계동길 골목형상점가,종로구,market,0.4713,0.18,0.0,0.0,0.0,0.0,0.6513
JG_20260324_1740_종로구_세종마을음식문화거리_JG_0032,10,통인시장,종로구,market,0.4694,0.18,0.0,0.0,0.0,0.0,0.6494
JG_20260325_1720_광진구_중곡제일골목시장_JG_0034,1,남대문시장,중구,market,0.7056,0.0,0.0,0.0,0.0,0.0,0.7056
JG_20260325_1720_광진구_중곡제일골목시장_JG_0034,2,신성전통시장,광진구,market,0.477,0.18,0.0,0.0,0.0,0.0,0.657
JG_20260325_1720_광진구_중곡제일골목시장_JG_0034,3,자양전통시장,광진구,market,0.4758,0.18,0.0,0.0,0.0,0.0,0.6558
JG_20260325_1720_광진구_중곡제일골목시장_JG_0034,4,중곡제일골목시장,광진구,market,0.4754,0.18,0.0,0.0,0.0,0.0,0.6554
JG_20260325_1720_광진구_중곡제일골목시장_JG_0034,5,건리단길골목형상점가,광진구,market,0.4751,0.18,0.0,0.0,0.0,0.0,0.6551
JG_20260325_1720_광진구_중곡제일골목시장_JG_0034,6,자양15번가 골목형상점가,광진구,market,0.475,0.18,0.0,0.0,0.0,0.0,0.655
JG_20260325_1720_광진구_중곡제일골목시장_JG_0034,7,화양제일골목시장,광진구,market,0.4717,0.18,0.0,0.0,0.0,0.0,0.6517
JG_20260325_1720_광진구_중곡제일골목시장_JG_0034,8,자양한강전통시장,광진구,market,0.4712,0.18,0.0,0.0,0.0,0.0,0.6512
JG_20260325_1720_광진구_중곡제일골목시장_JG_0034,9,영동교골목시장,광진구,market,0.4712,0.18,0.0,0.0,0.0,0.0,0.6512
JG_20260325_1720_광진구_중곡제일골목시장_JG_0034,10,건대 맛의거리,광진구,market,0.4711,0.18,0.0,0.0,0.0,0.0,0.6511
JG_20260325_1815_광진구_건대맛의거리_JG_0035,1,남대문시장,중구,market,0.7056,0.0,0.0,0.0,0.0,0.0,0.7056
JG_20260325_1815_광진구_건대맛의거리_JG_0035,2,신성전통시장,광진구,market,0.477,0.18,0.0,0.0,0.0,0.0,0.657
JG_20260325_1815_광진구_건대맛의거리_JG_0035,3,자양전통시장,광진구,market,0.4758,0.18,0.0,0.0,0.0,0.0,0.6558
JG_20260325_1815_광진구_건대맛의거리_JG_0035,4,중곡제일골목시장,광진구,market,0.4754,0.18,0.0,0.0,0.0,0.0,0.6554
JG_20260325_1815_광진구_건대맛의거리_JG_0035,5,건리단길골목형상점가,광진구,market,0.4751,0.18,0.0,0.0,0.0,0.0,0.6551
JG_20260325_1815_광진구_건대맛의거리_JG_0035,6,자양15번가 골목형상점가,광진구,market,0.475,0.18,0.0,0.0,0.0,0.0,0.655
JG_20260325_1815_광진구_건대맛의거리_JG_0035,7,화양제일골목시장,광진구,market,0.4717,0.18,0.0,0.0,0.0,0.0,0.6517
JG_20260325_1815_광진구_건대맛의거리_JG_0035,8,자양한강전통시장,광진구,market,0.4712,0.18,0.0,0.0,0.0,0.0,0.6512
JG_20260325_1815_광진구_건대맛의거리_JG_0035,9,영동교골목시장,광진구,market,0.4712,0.18,0.0,0.0,0.0,0.0,0.6512
JG_20260325_1815_광진구_건대맛의거리_JG_0035,10,건대 맛의거리,광진구,market,0.4711,0.18,0.0,0.0,0.0,0.0,0.6511
JG_20260326_1600_관악구_도림천_JG_0037,1,서울역,중구,subway,0.9642,0.0,0.0,0.0,0.0,0.0,0.9642
JG_20260326_1600_관악구_도림천_JG_0037,2,잠실(송파구청),송파구,subway,0.9611,0.0,0.0,0.0,0.0,0.0,0.9611
JG_20260326_1600_관악구_도림천_JG_0037,3,강남,강남구,subway,0.9318,0.0,0.0,0.0,0.0,0.0,0.9318
JG_20260326_1600_관악구_도림천_JG_0037,4,신림,관악구,subway,0.6921,0.18,0.0,0.0,0.0,0.0,0.8721
JG_20260326_1600_관악구_도림천_JG_0037,5,홍대입구,마포구,subway,0.8656,0.0,0.0,0.0,0.0,0.0,0.8656
JG_20260326_1600_관악구_도림천_JG_0037,6,고속터미널,서초구,subway,0.8161,0.0,0.0,0.0,0.0,0.0,0.8161
JG_20260326_1600_관악구_도림천_JG_0037,7,서울대입구(관악구청),관악구,subway,0.628,0.18,0.0,0.0,0.0,0.0,0.808
JG_20260326_1600_관악구_도림천_JG_0037,8,삼성(무역센터),강남구,subway,0.7312,0.0,0.0,0.0,0.0,0.0,0.7312
JG_20260326_1600_관악구_도림천_JG_0037,9,낙성대(강감찬),관악구,subway,0.4696,0.18,0.0,0.0,0.0,0.0,0.6496
JG_20260326_1600_관악구_도림천_JG_0037,10,봉천,관악구,subway,0.4399,0.18,0.0,0.0,0.0,0.0,0.6199
JG_20260326_1615_관악구_신원시장_JG_0038,1,남대문시장,중구,market,0.7056,0.0,0.0,0.0,0.0,0.0,0.7056
JG_20260326_1615_관악구_신원시장_JG_0038,2,신림별빛거리 골목형상점가,관악구,market,0.4918,0.18,0.0,0.0,0.0,0.0,0.6718
JG_20260326_1615_관악구_신원시장_JG_0038,3,녹두S밸리 골목형상점가,관악구,market,0.4746,0.18,0.0,0.0,0.0,0.0,0.6546
JG_20260326_1615_관악구_신원시장_JG_0038,4,행운담길 골목형상점가,관악구,market,0.4739,0.18,0.0,0.0,0.0,0.0,0.6539
JG_20260326_1615_관악구_신원시장_JG_0038,5,녹두 골목형상점가,관악구,market,0.4733,0.18,0.0,0.0,0.0,0.0,0.6533
JG_20260326_1615_관악구_신원시장_JG_0038,6,삼성동시장,관악구,market,0.4717,0.18,0.0,0.0,0.0,0.0,0.6517
JG_20260326_1615_관악구_신원시장_JG_0038,7,신원시장,관악구,market,0.4713,0.18,0.0,0.0,0.0,0.0,0.6513
JG_20260326_1615_관악구_신원시장_JG_0038,8,조원동펭귄시장,관악구,market,0.471,0.18,0.0,0.0,0.0,0.0,0.651
JG_20260326_1615_관악구_신원시장_JG_0038,9,관악신사시장,관악구,market,0.4703,0.18,0.0,0.0,0.0,0.0,0.6503
JG_20260326_1615_관악구_신원시장_JG_0038,10,인헌시장,관악구,market,0.4699,0.18,0.0,0.0,0.0,0.0,0.6499
JG_20260328_1250_성동구_응봉산팔각정_JG_0041,1,서울역,중구,subway,0.9642,0.0,0.0,0.0,0.0,0.0,0.9642
JG_20260328_1250_성동구_응봉산팔각정_JG_0041,2,잠실(송파구청),송파구,subway,0.9611,0.0,0.0,0.0,0.0,0.0,0.9611
JG_20260328_1250_성동구_응봉산팔각정_JG_0041,3,강남,강남구,subway,0.9318,0.0,0.0,0.0,0.0,0.0,0.9318
JG_20260328_1250_성동구_응봉산팔각정_JG_0041,4,성수,성동구,subway,0.7287,0.18,0.0,0.0,0.0,0.0,0.9087
JG_20260328_1250_성동구_응봉산팔각정_JG_0041,5,홍대입구,마포구,subway,0.8656,0.0,0.0,0.0,0.0,0.0,0.8656
JG_20260328_1250_성동구_응봉산팔각정_JG_0041,6,고속터미널,서초구,subway,0.8161,0.0,0.0,0.0,0.0,0.0,0.8161
JG_20260328_1250_성동구_응봉산팔각정_JG_0041,7,삼성(무역센터),강남구,subway,0.7312,0.0,0.0,0.0,0.0,0.0,0.7312
JG_20260328_1250_성동구_응봉산팔각정_JG_0041,8,선릉,강남구,subway,0.7238,0.0,0.0,0.0,0.0,0.0,0.7238
JG_20260328_1250_성동구_응봉산팔각정_JG_0041,9,용산,용산구,subway,0.7194,0.0,0.0,0.0,0.0,0.0,0.7194
JG_20260328_1250_성동구_응봉산팔각정_JG_0041,10,왕십리(성동구청),성동구,subway,0.3918,0.18,0.0,0.0,0.0,0.0,0.5718
JG_20260330_1100_동작구_노량진수산시장_JG_0045,1,노량진수산시장골목형상점가,동작구,market,0.4672,0.18,0.0,0.0,0.0,0.0,0.6472
JG_20260330_1100_동작구_노량진수산시장_JG_0045,2,이수미로 골목형상점가,동작구,market,0.4371,0.18,0.0,0.0,0.0,0.0,0.6171
JG_20260330_1100_동작구_노량진수산시장_JG_0045,3,숭실마루길 골목형상점가,동작구,market,0.4293,0.18,0.0,0.0,0.0,0.0,0.6093
JG_20260330_1100_동작구_노량진수산시장_JG_0045,4,성대전통시장,동작구,market,0.4285,0.18,0.0,0.0,0.0,0.0,0.6085
JG_20260330_1100_동작구_노량진수산시장_JG_0045,5,남성사계시장(남성시장),동작구,market,0.4273,0.18,0.0,0.0,0.0,0.0,0.6073
JG_20260330_1100_동작구_노량진수산시장_JG_0045,6,흑석시장 골목형상점가,동작구,market,0.4267,0.18,0.0,0.0,0.0,0.0,0.6067
JG_20260330_1100_동작구_노량진수산시장_JG_0045,7,상도전통시장,동작구,market,0.4259,0.18,0.0,0.0,0.0,0.0,0.6059
JG_20260330_1100_동작구_노량진수산시장_JG_0045,8,본동인정시장,동작구,market,0.4254,0.18,0.0,0.0,0.0,0.0,0.6054
JG_20260330_1100_동작구_노량진수산시장_JG_0045,9,보라매다올길골목형상점가,동작구,market,0.4252,0.18,0.0,0.0,0.0,0.0,0.6052
JG_20260330_1100_동작구_노량진수산시장_JG_0045,10,신대방1동 온누리길 골목형상점가,동작구,market,0.4236,0.18,0.0,0.0,0.0,0.0,0.6036
JG_20260331_1130_동대문구_장안동벚꽃길_JG_0046,1,신림,관악구,subway,0.9468,0.0,0.0,0.0,0.0,0.0,0.9468
JG_20260331_1130_동대문구_장안동벚꽃길_JG_0046,2,장안동 벚꽃길,동대문구,park,0.6229,0.18,0.0,0.0,0.0,0.0,0.8029
JG_20260331_1130_동대문구_장안동벚꽃길_JG_0046,3,잠실(송파구청),송파구,subway,0.8013,0.0,0.0,0.0,0.0,0.0,0.8013
JG_20260331_1130_동대문구_장안동벚꽃길_JG_0046,4,서울역,중구,subway,0.7902,0.0,0.0,0.0,0.0,0.0,0.7902
JG_20260331_1130_동대문구_장안동벚꽃길_JG_0046,5,구로디지털단지,구로구,subway,0.776,0.0,0.0,0.0,0.0,0.0,0.776
JG_20260331_1130_동대문구_장안동벚꽃길_JG_0046,6,서울대입구(관악구청),관악구,subway,0.7382,0.0,0.0,0.0,0.0,0.0,0.7382
JG_20260331_1130_동대문구_장안동벚꽃길_JG_0046,7,신도림,구로구,subway,0.7139,0.0,0.0,0.0,0.0,0.0,0.7139
JG_20260331_1130_동대문구_장안동벚꽃길_JG_0046,8,연신내,은평구,subway,0.667,0.0,0.0,0.0,0.0,0.0,0.667
JG_20260331_1130_동대문구_장안동벚꽃길_JG_0046,9,까치산,강서구,subway,0.6301,0.0,0.0,0.0,0.0,0.0,0.6301
JG_20260331_1130_동대문구_장안동벚꽃길_JG_0046,10,화곡,강서구,subway,0.6251,0.0,0.0,0.0,0.0,0.0,0.6251
JG_20260402_1600_양천구_파리공원_JG_0048,1,서울역,중구,subway,0.9642,0.0,0.0,0.0,0.0,0.0,0.9642
JG_20260402_1600_양천구_파리공원_JG_0048,2,잠실(송파구청),송파구,subway,0.9611,0.0,0.0,0.0,0.0,0.0,0.9611
JG_20260402_1600_양천구_파리공원_JG_0048,3,강남,강남구,subway,0.9318,0.0,0.0,0.0,0.0,0.0,0.9318
JG_20260402_1600_양천구_파리공원_JG_0048,4,양재천 수변무대,양천구,park,0.696,0.18,0.0,0.0,0.0,0.0,0.876
JG_20260402_1600_양천구_파리공원_JG_0048,5,양재천 수변무대 일대,양천구,park,0.696,0.18,0.0,0.0,0.0,0.0,0.876
JG_20260402_1600_양천구_파리공원_JG_0048,6,파리공원,양천구,park,0.696,0.18,0.0,0.0,0.0,0.0,0.876
JG_20260402_1600_양천구_파리공원_JG_0048,7,홍대입구,마포구,subway,0.8656,0.0,0.0,0.0,0.0,0.0,0.8656
JG_20260402_1600_양천구_파리공원_JG_0048,8,고속터미널,서초구,subway,0.8161,0.0,0.0,0.0,0.0,0.0,0.8161
JG_20260402_1600_양천구_파리공원_JG_0048,9,삼성(무역센터),강남구,subway,0.7312,0.0,0.0,0.0,0.0,0.0,0.7312
JG_20260402_1600_양천구_파리공원_JG_0048,10,성수,성동구,subway,0.7287,0.0,0.0,0.0,0.0,0.0,0.7287
JG_20260404_1000_노원구_마들스포츠타운_JG_0052,1,신림,관악구,subway,0.9468,0.0,0.0,0.0,0.0,0.0,0.9468
JG_20260404_1000_노원구_마들스포츠타운_JG_0052,2,잠실(송파구청),송파구,subway,0.8013,0.0,0.0,0.0,0.0,0.0,0.8013
JG_20260404_1000_노원구_마들스포츠타운_JG_0052,3,서울역,중구,subway,0.7902,0.0,0.0,0.0,0.0,0.0,0.7902
JG_20260404_1000_노원구_마들스포츠타운_JG_0052,4,구로디지털단지,구로구,subway,0.776,0.0,0.0,0.0,0.0,0.0,0.776
JG_20260404_1000_노원구_마들스포츠타운_JG_0052,5,서울대입구(관악구청),관악구,subway,0.7382,0.0,0.0,0.0,0.0,0.0,0.7382
JG_20260404_1000_노원구_마들스포츠타운_JG_0052,6,신도림,구로구,subway,0.7139,0.0,0.0,0.0,0.0,0.0,0.7139
JG_20260404_1000_노원구_마들스포츠타운_JG_0052,7,연신내,은평구,subway,0.667,0.0,0.0,0.0,0.0,0.0,0.667
JG_20260404_1000_노원구_마들스포츠타운_JG_0052,8,까치산,강서구,subway,0.6301,0.0,0.0,0.0,0.0,0.0,0.6301
JG_20260404_1000_노원구_마들스포츠타운_JG_0052,9,화곡,강서구,subway,0.6251,0.0,0.0,0.0,0.0,0.0,0.6251
JG_20260404_1000_노원구_마들스포츠타운_JG_0052,10,노원,노원구,subway,0.4295,0.18,0.0,0.0,0.0,0.0,0.6095
JG_20260405_1740_양천구_양재천수변무대일대_JG_0054,1,서울역,중구,subway,0.9642,0.0,0.0,0.0,0.0,0.0,0.9642
JG_20260405_1740_양천구_양재천수변무대일대_JG_0054,2,잠실(송파구청),송파구,subway,0.9611,0.0,0.0,0.0,0.0,0.0,0.9611
JG_20260405_1740_양천구_양재천수변무대일대_JG_0054,3,강남,강남구,subway,0.9318,0.0,0.0,0.0,0.0,0.0,0.9318
JG_20260405_1740_양천구_양재천수변무대일대_JG_0054,4,양재천 수변무대,양천구,park,0.696,0.18,0.0,0.0,0.0,0.0,0.876
JG_20260405_1740_양천구_양재천수변무대일대_JG_0054,5,양재천 수변무대 일대,양천구,park,0.696,0.18,0.0,0.0,0.0,0.0,0.876
JG_20260405_1740_양천구_양재천수변무대일대_JG_0054,6,파리공원,양천구,park,0.696,0.18,0.0,0.0,0.0,0.0,0.876
JG_20260405_1740_양천구_양재천수변무대일대_JG_0054,7,홍대입구,마포구,subway,0.8656,0.0,0.0,0.0,0.0,0.0,0.8656
JG_20260405_1740_양천구_양재천수변무대일대_JG_0054,8,고속터미널,서초구,subway,0.8161,0.0,0.0,0.0,0.0,0.0,0.8161
JG_20260405_1740_양천구_양재천수변무대일대_JG_0054,9,삼성(무역센터),강남구,subway,0.7312,0.0,0.0,0.0,0.0,0.0,0.7312
JG_20260405_1740_양천구_양재천수변무대일대_JG_0054,10,성수,성동구,subway,0.7287,0.0,0.0,0.0,0.0,0.0,0.7287
JG_20260406_1630_강북구_수유시장_JG_0057,1,남대문시장,중구,market,0.7056,0.0,0.0,0.0,0.0,0.0,0.7056
JG_20260406_1630_강북구_수유시장_JG_0057,2,강북북부골목시장,강북구,market,0.4721,0.18,0.0,0.0,0.0,0.0,0.6521
JG_20260406_1630_강북구_수유시장_JG_0057,3,미소상인회 골목형상점가,강북구,market,0.4717,0.18,0.0,0.0,0.0,0.0,0.6517
JG_20260406_1630_강북구_수유시장_JG_0057,4,오패산로 골목형상점가,강북구,market,0.4713,0.18,0.0,0.0,0.0,0.0,0.6513
JG_20260406_1630_강북구_수유시장_JG_0057,5,우이골목시장골목형상점가,강북구,market,0.471,0.18,0.0,0.0,0.0,0.0,0.651
JG_20260406_1630_강북구_수유시장_JG_0057,6,인수로골목형상점가,강북구,market,0.4709,0.18,0.0,0.0,0.0,0.0,0.6509
JG_20260406_1630_강북구_수유시장_JG_0057,7,수유재래시장,강북구,market,0.4702,0.18,0.0,0.0,0.0,0.0,0.6502
JG_20260406_1630_강북구_수유시장_JG_0057,8,솔샘시장 골목형상점가,강북구,market,0.4701,0.18,0.0,0.0,0.0,0.0,0.6501
JG_20260406_1630_강북구_수유시장_JG_0057,9,장미원골목시장,강북구,market,0.4688,0.18,0.0,0.0,0.0,0.0,0.6488
JG_20260406_1630_강북구_수유시장_JG_0057,10,수유전통시장,강북구,market,0.4681,0.18,0.0,0.0,0.0,0.0,0.6481
JG_20260406_1800_성북구_성북천상점가_JG_0058,1,월곡달빛오거리골목형상점가,성북구,market,0.4759,0.18,0.0,0.0,0.0,0.0,0.6559
JG_20260406_1800_성북구_성북천상점가_JG_0058,2,석계음식문화거리,성북구,market,0.4756,0.18,0.0,0.0,0.0,0.0,0.6556
JG_20260406_1800_성북구_성북천상점가_JG_0058,3,종암북바위길골목형상점가,성북구,market,0.4748,0.18,0.0,0.0,0.0,0.0,0.6548
JG_20260406_1800_성북구_성북천상점가_JG_0058,4,돈암시장,성북구,market,0.4738,0.18,0.0,0.0,0.0,0.0,0.6538
JG_20260406_1800_성북구_성북천상점가_JG_0058,5,정릉시장,성북구,market,0.473,0.18,0.0,0.0,0.0,0.0,0.653
JG_20260406_1800_성북구_성북천상점가_JG_0058,6,성북천골목형상점가,성북구,market,0.4707,0.18,0.0,0.0,0.0,0.0,0.6507
JG_20260406_1800_성북구_성북천상점가_JG_0058,7,돌곶이시장,성북구,market,0.4704,0.18,0.0,0.0,0.0,0.0,0.6504
JG_20260406_1800_성북구_성북천상점가_JG_0058,8,정릉서경대길골목형상점가,성북구,market,0.4695,0.18,0.0,0.0,0.0,0.0,0.6495
JG_20260406_1800_성북구_성북천상점가_JG_0058,9,장위전통시장,성북구,market,0.4689,0.18,0.0,0.0,0.0,0.0,0.6489
JG_20260406_1800_성북구_성북천상점가_JG_0058,10,꿈의숲장곡골목형상점가,성북구,market,0.4684,0.18,0.0,0.0,0.0,0.0,0.6484
JG_20260407_1540_동작구_남성사계시장_JG_0062,1,노량진수산시장골목형상점가,동작구,market,0.5136,0.18,0.0,0.0,0.0,0.0,0.6936
JG_20260407_1540_동작구_남성사계시장_JG_0062,2,이수미로 골목형상점가,동작구,market,0.4843,0.18,0.0,0.0,0.0,0.0,0.6643
JG_20260407_1540_동작구_남성사계시장_JG_0062,3,숭실마루길 골목형상점가,동작구,market,0.4765,0.18,0.0,0.0,0.0,0.0,0.6565
JG_20260407_1540_동작구_남성사계시장_JG_0062,4,성대전통시장,동작구,market,0.4756,0.18,0.0,0.0,0.0,0.0,0.6556
JG_20260407_1540_동작구_남성사계시장_JG_0062,5,남성사계시장(남성시장),동작구,market,0.4745,0.18,0.0,0.0,0.0,0.0,0.6545
JG_20260407_1540_동작구_남성사계시장_JG_0062,6,흑석시장 골목형상점가,동작구,market,0.4738,0.18,0.0,0.0,0.0,0.0,0.6538
JG_20260407_1540_동작구_남성사계시장_JG_0062,7,상도전통시장,동작구,market,0.4731,0.18,0.0,0.0,0.0,0.0,0.6531
JG_20260407_1540_동작구_남성사계시장_JG_0062,8,본동인정시장,동작구,market,0.4726,0.18,0.0,0.0,0.0,0.0,0.6526
JG_20260407_1540_동작구_남성사계시장_JG_0062,9,보라매다올길골목형상점가,동작구,market,0.4724,0.18,0.0,0.0,0.0,0.0,0.6524
JG_20260407_1540_동작구_남성사계시장_JG_0062,10,신대방1동 온누리길 골목형상점가,동작구,market,0.4707,0.18,0.0,0.0,0.0,0.0,0.6507
JG_20260407_1640_동작구_성대전통시장_JG_0063,1,노량진수산시장골목형상점가,동작구,market,0.5136,0.18,0.0,0.0,0.0,0.0,0.6936
JG_20260407_1640_동작구_성대전통시장_JG_0063,2,이수미로 골목형상점가,동작구,market,0.4843,0.18,0.0,0.0,0.0,0.0,0.6643
JG_20260407_1640_동작구_성대전통시장_JG_0063,3,숭실마루길 골목형상점가,동작구,market,0.4765,0.18,0.0,0.0,0.0,0.0,0.6565
JG_20260407_1640_동작구_성대전통시장_JG_0063,4,성대전통시장,동작구,market,0.4756,0.18,0.0,0.0,0.0,0.0,0.6556
JG_20260407_1640_동작구_성대전통시장_JG_0063,5,남성사계시장(남성시장),동작구,market,0.4745,0.18,0.0,0.0,0.0,0.0,0.6545
JG_20260407_1640_동작구_성대전통시장_JG_0063,6,흑석시장 골목형상점가,동작구,market,0.4738,0.18,0.0,0.0,0.0,0.0,0.6538
JG_20260407_1640_동작구_성대전통시장_JG_0063,7,상도전통시장,동작구,market,0.4731,0.18,0.0,0.0,0.0,0.0,0.6531
JG_20260407_1640_동작구_성대전통시장_JG_0063,8,본동인정시장,동작구,market,0.4726,0.18,0.0,0.0,0.0,0.0,0.6526
JG_20260407_1640_동작구_성대전통시장_JG_0063,9,보라매다올길골목형상점가,동작구,market,0.4724,0.18,0.0,0.0,0.0,0.0,0.6524
JG_20260407_1640_동작구_성대전통시장_JG_0063,10,신대방1동 온누리길 골목형상점가,동작구,market,0.4707,0.18,0.0,0.0,0.0,0.0,0.6507
JG_20260408_1700_서대문구_영천시장_JG_0067,1,남대문시장,중구,market,0.7056,0.0,0.0,0.0,0.0,0.0,0.7056
JG_20260408_1700_서대문구_영천시장_JG_0067,2,포방터시장,서대문구,market,0.4698,0.18,0.0,0.0,0.0,0.0,0.6498
JG_20260408_1700_서대문구_영천시장_JG_0067,3,영천시장,서대문구,market,0.4684,0.18,0.0,0.0,0.0,0.0,0.6484
JG_20260408_1700_서대문구_영천시장_JG_0067,4,남이동길골목형상점가,서대문구,market,0.4684,0.18,0.0,0.0,0.0,0.0,0.6484
JG_20260408_1700_서대문구_영천시장_JG_0067,5,인왕시장,서대문구,market,0.4683,0.18,0.0,0.0,0.0,0.0,0.6483
JG_20260408_1700_서대문구_영천시장_JG_0067,6,동대문종합시장,종로구,market,0.6301,0.0,0.0,0.0,0.0,0.0,0.6301
JG_20260408_1700_서대문구_영천시장_JG_0067,7,장안 마실 골목형상점가,동대문구,market,0.6299,0.0,0.0,0.0,0.0,0.0,0.6299
JG_20260408_1700_서대문구_영천시장_JG_0067,8,천호로데오거리상점가,강동구,market,0.5914,0.0,0.0,0.0,0.0,0.0,0.5914
JG_20260408_1700_서대문구_영천시장_JG_0067,9,광장전통시장,종로구,market,0.5714,0.0,0.0,0.0,0.0,0.0,0.5714
JG_20260408_1700_서대문구_영천시장_JG_0067,10,가락몰 골목형상점가,송파구,market,0.5612,0.0,0.0,0.0,0.0,0.0,0.5612
JG_20260408_1755_서대문구_홍제천인공폭포_JG_0068,1,서울역,중구,subway,0.9642,0.0,0.0,0.0,0.0,0.0,0.9642
JG_20260408_1755_서대문구_홍제천인공폭포_JG_0068,2,잠실(송파구청),송파구,subway,0.9611,0.0,0.0,0.0,0.0,0.0,0.9611
JG_20260408_1755_서대문구_홍제천인공폭포_JG_0068,3,강남,강남구,subway,0.9318,0.0,0.0,0.0,0.0,0.0,0.9318
JG_20260408_1755_서대문구_홍제천인공폭포_JG_0068,4,가좌역광장,서대문구,subway,0.696,0.18,0.0,0.0,0.0,0.0,0.876
JG_20260408_1755_서대문구_홍제천인공폭포_JG_0068,5,홍제천 인공폭포,서대문구,park,0.696,0.18,0.0,0.0,0.0,0.0,0.876
JG_20260408_1755_서대문구_홍제천인공폭포_JG_0068,6,홍대입구,마포구,subway,0.8656,0.0,0.0,0.0,0.0,0.0,0.8656
JG_20260408_1755_서대문구_홍제천인공폭포_JG_0068,7,고속터미널,서초구,subway,0.8161,0.0,0.0,0.0,0.0,0.0,0.8161
JG_20260408_1755_서대문구_홍제천인공폭포_JG_0068,8,삼성(무역센터),강남구,subway,0.7312,0.0,0.0,0.0,0.0,0.0,0.7312
JG_20260408_1755_서대문구_홍제천인공폭포_JG_0068,9,성수,성동구,subway,0.7287,0.0,0.0,0.0,0.0,0.0,0.7287
JG_20260408_1755_서대문구_홍제천인공폭포_JG_0068,10,선릉,강남구,subway,0.7238,0.0,0.0,0.0,0.0,0.0,0.7238
JG_20260409_1500_중랑구_동원시장_JG_0071,1,우림골목시장,중랑구,market,0.4775,0.18,0.0,0.0,0.0,0.0,0.6575
JG_20260409_1500_중랑구_동원시장_JG_0071,2,동원전통종합시장,중랑구,market,0.4761,0.18,0.0,0.0,0.0,0.0,0.6561
JG_20260409_1500_중랑구_동원시장_JG_0071,3,상봉먹자 골목형상점가,중랑구,market,0.4738,0.18,0.0,0.0,0.0,0.0,0.6538
JG_20260409_1500_중랑구_동원시장_JG_0071,4,사가정시장,중랑구,market,0.4731,0.18,0.0,0.0,0.0,0.0,0.6531
JG_20260409_1500_중랑구_동원시장_JG_0071,5,면목시장(골목형),중랑구,market,0.4729,0.18,0.0,0.0,0.0,0.0,0.6529
JG_20260409_1500_중랑구_동원시장_JG_0071,6,신내구길 골목형상점가,중랑구,market,0.4722,0.18,0.0,0.0,0.0,0.0,0.6522
JG_20260409_1500_중랑구_동원시장_JG_0071,7,사가정51길 골목형상점가,중랑구,market,0.4706,0.18,0.0,0.0,0.0,0.0,0.6506
JG_20260409_1500_중랑구_동원시장_JG_0071,8,중랑동부시장,중랑구,market,0.4702,0.18,0.0,0.0,0.0,0.0,0.6502
JG_20260409_1500_중랑구_동원시장_JG_0071,9,묵동도깨비시장 골목형상점가,중랑구,market,0.4701,0.18,0.0,0.0,0.0,0.0,0.6501
JG_20260409_1500_중랑구_동원시장_JG_0071,10,태능 골목형상점가,중랑구,market,0.4699,0.18,0.0,0.0,0.0,0.0,0.6499
JG_20260409_1550_중랑구_우림시장_JG_0072,1,우림골목시장,중랑구,market,0.4775,0.18,0.0,0.0,0.0,0.0,0.6575
JG_20260409_1550_중랑구_우림시장_JG_0072,2,동원전통종합시장,중랑구,market,0.4761,0.18,0.0,0.0,0.0,0.0,0.6561
JG_20260409_1550_중랑구_우림시장_JG_0072,3,상봉먹자 골목형상점가,중랑구,market,0.4738,0.18,0.0,0.0,0.0,0.0,0.6538
JG_20260409_1550_중랑구_우림시장_JG_0072,4,사가정시장,중랑구,market,0.4731,0.18,0.0,0.0,0.0,0.0,0.6531
JG_20260409_1550_중랑구_우림시장_JG_0072,5,면목시장(골목형),중랑구,market,0.4729,0.18,0.0,0.0,0.0,0.0,0.6529
JG_20260409_1550_중랑구_우림시장_JG_0072,6,신내구길 골목형상점가,중랑구,market,0.4722,0.18,0.0,0.0,0.0,0.0,0.6522
JG_20260409_1550_중랑구_우림시장_JG_0072,7,사가정51길 골목형상점가,중랑구,market,0.4706,0.18,0.0,0.0,0.0,0.0,0.6506
JG_20260409_1550_중랑구_우림시장_JG_0072,8,중랑동부시장,중랑구,market,0.4702,0.18,0.0,0.0,0.0,0.0,0.6502
JG_20260409_1550_중랑구_우림시장_JG_0072,9,묵동도깨비시장 골목형상점가,중랑구,market,0.4701,0.18,0.0,0.0,0.0,0.0,0.6501
JG_20260409_1550_중랑구_우림시장_JG_0072,10,태능 골목형상점가,중랑구,market,0.4699,0.18,0.0,0.0,0.0,0.0,0.6499
JG_20260415_1055_종로구_북촌의봄_JG_0081,1,동대문종합시장,종로구,market,0.5837,0.18,0.0,0.0,0.0,0.0,0.7637
JG_20260415_1055_종로구_북촌의봄_JG_0081,2,광장전통시장,종로구,market,0.5242,0.18,0.0,0.0,0.0,0.0,0.7042
JG_20260415_1055_종로구_북촌의봄_JG_0081,3,광장시장,종로구,market,0.479,0.18,0.0,0.0,0.0,0.0,0.659
JG_20260415_1055_종로구_북촌의봄_JG_0081,4,동대문종합시장D동,종로구,market,0.4504,0.18,0.0,0.0,0.0,0.0,0.6304
JG_20260415_1055_종로구_북촌의봄_JG_0081,5,동대문문구?완구거리,종로구,market,0.4264,0.18,0.0,0.0,0.0,0.0,0.6064
JG_20260415_1055_종로구_북촌의봄_JG_0081,6,동묘시장,종로구,market,0.4255,0.18,0.0,0.0,0.0,0.0,0.6055
JG_20260415_1055_종로구_북촌의봄_JG_0081,7,창신골목시장,종로구,market,0.4248,0.18,0.0,0.0,0.0,0.0,0.6048
JG_20260415_1055_종로구_북촌의봄_JG_0081,8,세종마을음식문화거리,종로구,market,0.4242,0.18,0.0,0.0,0.0,0.0,0.6042
JG_20260415_1055_종로구_북촌의봄_JG_0081,9,북촌계동길 골목형상점가,종로구,market,0.4241,0.18,0.0,0.0,0.0,0.0,0.6041
JG_20260415_1055_종로구_북촌의봄_JG_0081,10,통인시장,종로구,market,0.4222,0.18,0.0,0.0,0.0,0.0,0.6022
JG_20260417_0730_송파구_가락몰농수산물시장_JG_0085,1,가락몰 골목형상점가,송파구,market,0.514,0.18,0.0,0.0,0.0,0.0,0.694
JG_20260417_0730_송파구_가락몰농수산물시장_JG_0085,2,남대문시장,중구,market,0.6592,0.0,0.0,0.0,0.0,0.0,0.6592
JG_20260417_0730_송파구_가락몰농수산물시장_JG_0085,3,방이시장,송파구,market,0.4351,0.18,0.0,0.0,0.0,0.0,0.6151
JG_20260417_0730_송파구_가락몰농수산물시장_JG_0085,4,풍납시장,송파구,market,0.4315,0.18,0.0,0.0,0.0,0.0,0.6115
JG_20260417_0730_송파구_가락몰농수산물시장_JG_0085,5,새마을시장,송파구,market,0.4291,0.18,0.0,0.0,0.0,0.0,0.6091
JG_20260417_0730_송파구_가락몰농수산물시장_JG_0085,6,마천중앙시장,송파구,market,0.4285,0.18,0.0,0.0,0.0,0.0,0.6085
JG_20260417_0730_송파구_가락몰농수산물시장_JG_0085,7,석촌시장,송파구,market,0.426,0.18,0.0,0.0,0.0,0.0,0.606
JG_20260417_0730_송파구_가락몰농수산물시장_JG_0085,8,가락몰 농수산물시장,송파구,market,0.4259,0.18,0.0,0.0,0.0,0.0,0.6059
JG_20260417_0730_송파구_가락몰농수산물시장_JG_0085,9,새마을전통시장,송파구,market,0.4259,0.18,0.0,0.0,0.0,0.0,0.6059
JG_20260417_0730_송파구_가락몰농수산물시장_JG_0085,10,동대문종합시장,종로구,market,0.5837,0.0,0.0,0.0,0.0,0.0,0.5837
JG_20260417_1530_강동구_명일동싱크홀현장_JG_0089,1,서울역,중구,subway,0.9642,0.0,0.0,0.0,0.0,0.0,0.9642
JG_20260417_1530_강동구_명일동싱크홀현장_JG_0089,2,잠실(송파구청),송파구,subway,0.9611,0.0,0.0,0.0,0.0,0.0,0.9611
JG_20260417_1530_강동구_명일동싱크홀현장_JG_0089,3,강남,강남구,subway,0.9318,0.0,0.0,0.0,0.0,0.0,0.9318
JG_20260417_1530_강동구_명일동싱크홀현장_JG_0089,4,고덕비즈밸리,강동구,subway,0.696,0.18,0.0,0.0,0.0,0.0,0.876
JG_20260417_1530_강동구_명일동싱크홀현장_JG_0089,5,명일동 싱크홀 현장,강동구,market,0.696,0.18,0.0,0.0,0.0,0.0,0.876
JG_20260417_1530_강동구_명일동싱크홀현장_JG_0089,6,홍대입구,마포구,subway,0.8656,0.0,0.0,0.0,0.0,0.0,0.8656
JG_20260417_1530_강동구_명일동싱크홀현장_JG_0089,7,고속터미널,서초구,subway,0.8161,0.0,0.0,0.0,0.0,0.0,0.8161
JG_20260417_1530_강동구_명일동싱크홀현장_JG_0089,8,삼성(무역센터),강남구,subway,0.7312,0.0,0.0,0.0,0.0,0.0,0.7312
JG_20260417_1530_강동구_명일동싱크홀현장_JG_0089,9,성수,성동구,subway,0.7287,0.0,0.0,0.0,0.0,0.0,0.7287
JG_20260417_1530_강동구_명일동싱크홀현장_JG_0089,10,선릉,강남구,subway,0.7238,0.0,0.0,0.0,0.0,0.0,0.7238
JG_20260417_1600_강동구_고덕비즈밸리_JG_0090,1,서울역,중구,subway,0.9642,0.0,0.0,0.0,0.0,0.0,0.9642
JG_20260417_1600_강동구_고덕비즈밸리_JG_0090,2,잠실(송파구청),송파구,subway,0.9611,0.0,0.0,0.0,0.0,0.0,0.9611
JG_20260417_1600_강동구_고덕비즈밸리_JG_0090,3,강남,강남구,subway,0.9318,0.0,0.0,0.0,0.0,0.0,0.9318
JG_20260417_1600_강동구_고덕비즈밸리_JG_0090,4,고덕비즈밸리,강동구,subway,0.696,0.18,0.0,0.0,0.0,0.0,0.876
JG_20260417_1600_강동구_고덕비즈밸리_JG_0090,5,명일동 싱크홀 현장,강동구,market,0.696,0.18,0.0,0.0,0.0,0.0,0.876
JG_20260417_1600_강동구_고덕비즈밸리_JG_0090,6,홍대입구,마포구,subway,0.8656,0.0,0.0,0.0,0.0,0.0,0.8656
JG_20260417_1600_강동구_고덕비즈밸리_JG_0090,7,고속터미널,서초구,subway,0.8161,0.0,0.0,0.0,0.0,0.0,0.8161
JG_20260417_1600_강동구_고덕비즈밸리_JG_0090,8,삼성(무역센터),강남구,subway,0.7312,0.0,0.0,0.0,0.0,0.0,0.7312
JG_20260417_1600_강동구_고덕비즈밸리_JG_0090,9,성수,성동구,subway,0.7287,0.0,0.0,0.0,0.0,0.0,0.7287
JG_20260417_1600_강동구_고덕비즈밸리_JG_0090,10,선릉,강남구,subway,0.7238,0.0,0.0,0.0,0.0,0.0,0.7238
JG_20260417_1635_강동구_고덕비즈밸리역공사현장_JG_0091,1,서울역,중구,subway,0.9642,0.0,0.0,0.0,0.0,0.0,0.9642
JG_20260417_1635_강동구_고덕비즈밸리역공사현장_JG_0091,2,잠실(송파구청),송파구,subway,0.9611,0.0,0.0,0.0,0.0,0.0,0.9611
JG_20260417_1635_강동구_고덕비즈밸리역공사현장_JG_0091,3,강남,강남구,subway,0.9318,0.0,0.0,0.0,0.0,0.0,0.9318
JG_20260417_1635_강동구_고덕비즈밸리역공사현장_JG_0091,4,고덕비즈밸리역 공사현장,강동구,subway,0.696,0.18,0.0,0.0,0.0,0.0,0.876
JG_20260417_1635_강동구_고덕비즈밸리역공사현장_JG_0091,5,홍대입구,마포구,subway,0.8656,0.0,0.0,0.0,0.0,0.0,0.8656
JG_20260417_1635_강동구_고덕비즈밸리역공사현장_JG_0091,6,고속터미널,서초구,subway,0.8161,0.0,0.0,0.0,0.0,0.0,0.8161
JG_20260417_1635_강동구_고덕비즈밸리역공사현장_JG_0091,7,삼성(무역센터),강남구,subway,0.7312,0.0,0.0,0.0,0.0,0.0,0.7312
JG_20260417_1635_강동구_고덕비즈밸리역공사현장_JG_0091,8,성수,성동구,subway,0.7287,0.0,0.0,0.0,0.0,0.0,0.7287
JG_20260417_1635_강동구_고덕비즈밸리역공사현장_JG_0091,9,선릉,강남구,subway,0.7238,0.0,0.0,0.0,0.0,0.0,0.7238
JG_20260417_1635_강동구_고덕비즈밸리역공사현장_JG_0091,10,용산,용산구,subway,0.7194,0.0,0.0,0.0,0.0,0.0,0.7194
JG_20260419_1440_노원구_불암산철쭉동산_JG_0092,1,서울역,중구,subway,0.9642,0.0,0.0,0.0,0.0,0.0,0.9642
JG_20260419_1440_노원구_불암산철쭉동산_JG_0092,2,잠실(송파구청),송파구,subway,0.9611,0.0,0.0,0.0,0.0,0.0,0.9611
JG_20260419_1440_노원구_불암산철쭉동산_JG_0092,3,강남,강남구,subway,0.9318,0.0,0.0,0.0,0.0,0.0,0.9318
JG_20260419_1440_노원구_불암산철쭉동산_JG_0092,4,홍대입구,마포구,subway,0.8656,0.0,0.0,0.0,0.0,0.0,0.8656
JG_20260419_1440_노원구_불암산철쭉동산_JG_0092,5,고속터미널,서초구,subway,0.8161,0.0,0.0,0.0,0.0,0.0,0.8161
JG_20260419_1440_노원구_불암산철쭉동산_JG_0092,6,삼성(무역센터),강남구,subway,0.7312,0.0,0.0,0.0,0.0,0.0,0.7312
JG_20260419_1440_노원구_불암산철쭉동산_JG_0092,7,성수,성동구,subway,0.7287,0.0,0.0,0.0,0.0,0.0,0.7287
JG_20260419_1440_노원구_불암산철쭉동산_JG_0092,8,선릉,강남구,subway,0.7238,0.0,0.0,0.0,0.0,0.0,0.7238
JG_20260419_1440_노원구_불암산철쭉동산_JG_0092,9,용산,용산구,subway,0.7194,0.0,0.0,0.0,0.0,0.0,0.7194
JG_20260419_1440_노원구_불암산철쭉동산_JG_0092,10,노원,노원구,subway,0.4421,0.18,0.0,0.0,0.0,0.0,0.6221
JG_20260422_1800_은평구_불광천_JG_0100,1,서울역,중구,subway,0.9642,0.0,0.0,0.0,0.0,0.0,0.9642
JG_20260422_1800_은평구_불광천_JG_0100,2,잠실(송파구청),송파구,subway,0.9611,0.0,0.0,0.0,0.0,0.0,0.9611
JG_20260422_1800_은평구_불광천_JG_0100,3,강남,강남구,subway,0.9318,0.0,0.0,0.0,0.0,0.0,0.9318
JG_20260422_1800_은평구_불광천_JG_0100,4,홍대입구,마포구,subway,0.8656,0.0,0.0,0.0,0.0,0.0,0.8656
JG_20260422_1800_은평구_불광천_JG_0100,5,고속터미널,서초구,subway,0.8161,0.0,0.0,0.0,0.0,0.0,0.8161
JG_20260422_1800_은평구_불광천_JG_0100,6,연신내,은평구,subway,0.5711,0.18,0.0,0.0,0.0,0.0,0.7511
JG_20260422_1800_은평구_불광천_JG_0100,7,불광천,은평구,park,0.571,0.18,0.0,0.0,0.0,0.0,0.751
JG_20260422_1800_은평구_불광천_JG_0100,8,삼성(무역센터),강남구,subway,0.7312,0.0,0.0,0.0,0.0,0.0,0.7312
JG_20260422_1800_은평구_불광천_JG_0100,9,성수,성동구,subway,0.7287,0.0,0.0,0.0,0.0,0.0,0.7287
JG_20260422_1800_은평구_불광천_JG_0100,10,선릉,강남구,subway,0.7238,0.0,0.0,0.0,0.0,0.0,0.7238
JG_20260424_1445_성동구_아지오성수점_JG_0104,1,남대문시장,중구,market,0.7056,0.0,0.0,0.0,0.0,0.0,0.7056
JG_20260424_1445_성동구_아지오성수점_JG_0104,2,마장축산물시장,성동구,market,0.5116,0.18,0.0,0.0,0.0,0.0,0.6916
JG_20260424_1445_성동구_아지오성수점_JG_0104,3,성동용답상가시장,성동구,market,0.4816,0.18,0.0,0.0,0.0,0.0,0.6616
JG_20260424_1445_성동구_아지오성수점_JG_0104,4,송정벚꽃골목형상점가,성동구,market,0.4775,0.18,0.0,0.0,0.0,0.0,0.6575
JG_20260424_1445_성동구_아지오성수점_JG_0104,5,사근살곶이골목형상점가시장,성동구,market,0.474,0.18,0.0,0.0,0.0,0.0,0.654
JG_20260424_1445_성동구_아지오성수점_JG_0104,6,금남시장,성동구,market,0.4707,0.18,0.0,0.0,0.0,0.0,0.6507
JG_20260424_1445_성동구_아지오성수점_JG_0104,7,뚝도시장,성동구,market,0.4683,0.18,0.0,0.0,0.0,0.0,0.6483
JG_20260424_1445_성동구_아지오성수점_JG_0104,8,마장동축산물시장,성동구,market,0.4682,0.18,0.0,0.0,0.0,0.0,0.6482
JG_20260424_1445_성동구_아지오성수점_JG_0104,9,성수동 골목상권,성동구,market,0.4682,0.18,0.0,0.0,0.0,0.0,0.6482
JG_20260424_1445_성동구_아지오성수점_JG_0104,10,성수동 카페거리,성동구,market,0.4682,0.18,0.0,0.0,0.0,0.0,0.6482
JG_20260424_1650_성동구_금남시장_JG_0105,1,남대문시장,중구,market,0.7056,0.0,0.0,0.0,0.0,0.0,0.7056
JG_20260424_1650_성동구_금남시장_JG_0105,2,마장축산물시장,성동구,market,0.5116,0.18,0.0,0.0,0.0,0.0,0.6916
JG_20260424_1650_성동구_금남시장_JG_0105,3,성동용답상가시장,성동구,market,0.4816,0.18,0.0,0.0,0.0,0.0,0.6616
JG_20260424_1650_성동구_금남시장_JG_0105,4,송정벚꽃골목형상점가,성동구,market,0.4775,0.18,0.0,0.0,0.0,0.0,0.6575
JG_20260424_1650_성동구_금남시장_JG_0105,5,사근살곶이골목형상점가시장,성동구,market,0.474,0.18,0.0,0.0,0.0,0.0,0.654
JG_20260424_1650_성동구_금남시장_JG_0105,6,금남시장,성동구,market,0.4707,0.18,0.0,0.0,0.0,0.0,0.6507
JG_20260424_1650_성동구_금남시장_JG_0105,7,뚝도시장,성동구,market,0.4683,0.18,0.0,0.0,0.0,0.0,0.6483
JG_20260424_1650_성동구_금남시장_JG_0105,8,마장동축산물시장,성동구,market,0.4682,0.18,0.0,0.0,0.0,0.0,0.6482
JG_20260424_1650_성동구_금남시장_JG_0105,9,성수동 골목상권,성동구,market,0.4682,0.18,0.0,0.0,0.0,0.0,0.6482
JG_20260424_1650_성동구_금남시장_JG_0105,10,성수동 카페거리,성동구,market,0.4682,0.18,0.0,0.0,0.0,0.0,0.6482
JG_20260425_0900_서초구_잠수대교남단_JG_0106,1,신림,관악구,subway,0.9468,0.0,0.0,0.0,0.0,0.0,0.9468
JG_20260425_0900_서초구_잠수대교남단_JG_0106,2,잠실(송파구청),송파구,subway,0.8013,0.0,0.0,0.0,0.0,0.0,0.8013
JG_20260425_0900_서초구_잠수대교남단_JG_0106,3,서울역,중구,subway,0.7902,0.0,0.0,0.0,0.0,0.0,0.7902
JG_20260425_0900_서초구_잠수대교남단_JG_0106,4,구로디지털단지,구로구,subway,0.776,0.0,0.0,0.0,0.0,0.0,0.776
JG_20260425_0900_서초구_잠수대교남단_JG_0106,5,서울대입구(관악구청),관악구,subway,0.7382,0.0,0.0,0.0,0.0,0.0,0.7382
JG_20260425_0900_서초구_잠수대교남단_JG_0106,6,신도림,구로구,subway,0.7139,0.0,0.0,0.0,0.0,0.0,0.7139
JG_20260425_0900_서초구_잠수대교남단_JG_0106,7,고속터미널,서초구,subway,0.4976,0.18,0.0,0.0,0.0,0.0,0.6776
JG_20260425_0900_서초구_잠수대교남단_JG_0106,8,연신내,은평구,subway,0.667,0.0,0.0,0.0,0.0,0.0,0.667
JG_20260425_0900_서초구_잠수대교남단_JG_0106,9,까치산,강서구,subway,0.6301,0.0,0.0,0.0,0.0,0.0,0.6301
JG_20260425_0900_서초구_잠수대교남단_JG_0106,10,양재(서초구청),서초구,subway,0.4286,0.18,0.0,0.0,0.0,0.0,0.6086
JG_20260425_1140_중구_남대문시장_JG_0107,1,남대문시장,중구,market,0.6592,0.18,0.0,0.0,0.0,0.0,0.8392
JG_20260425_1140_중구_남대문시장_JG_0107,2,평화시장,중구,market,0.5064,0.18,0.0,0.0,0.0,0.0,0.6864
JG_20260425_1140_중구_남대문시장_JG_0107,3,삼익패션타운,중구,market,0.4758,0.18,0.0,0.0,0.0,0.0,0.6558
JG_20260425_1140_중구_남대문시장_JG_0107,4,동평화시장,중구,market,0.4662,0.18,0.0,0.0,0.0,0.0,0.6462
JG_20260425_1140_중구_남대문시장_JG_0107,5,청평화시장,중구,market,0.4559,0.18,0.0,0.0,0.0,0.0,0.6359
JG_20260425_1140_중구_남대문시장_JG_0107,6,방산시장,중구,market,0.4531,0.18,0.0,0.0,0.0,0.0,0.6331
JG_20260425_1140_중구_남대문시장_JG_0107,7,신평화패션타운,중구,market,0.4529,0.18,0.0,0.0,0.0,0.0,0.6329
JG_20260425_1140_중구_남대문시장_JG_0107,8,광희패션몰,중구,market,0.4509,0.18,0.0,0.0,0.0,0.0,0.6309
JG_20260425_1140_중구_남대문시장_JG_0107,9,통일상가,중구,market,0.4472,0.18,0.0,0.0,0.0,0.0,0.6272
JG_20260425_1140_중구_남대문시장_JG_0107,10,중부시장,중구,market,0.4423,0.18,0.0,0.0,0.0,0.0,0.6223
JG_20260426_1155_영등포구_광야홈리스복지센터_JG_0109,1,구립영등포노인종합복지관,영등포구,senior_friendly,0.9248,0.18,0.0,0.0,0.0,0.0,1.1048
JG_20260426_1155_영등포구_광야홈리스복지센터_JG_0109,2,광야홈리스복지센터,영등포구,senior_friendly,0.9247,0.18,0.0,0.0,0.0,0.0,1.1047
JG_20260426_1155_영등포구_광야홈리스복지센터_JG_0109,3,성수1가2동노인복지관 대현분소,성동구,senior_friendly,0.9585,0.0,0.0,0.0,0.0,0.0,0.9585
JG_20260426_1155_영등포구_광야홈리스복지센터_JG_0109,4,강남구립 도곡1노인복지관,강남구,senior_friendly,0.9536,0.0,0.0,0.0,0.0,0.0,0.9536
JG_20260426_1155_영등포구_광야홈리스복지센터_JG_0109,5,강동구립 해공노인복지관,강동구,senior_friendly,0.952,0.0,0.0,0.0,0.0,0.0,0.952
JG_20260426_1155_영등포구_광야홈리스복지센터_JG_0109,6,구립 자양노인복지관,광진구,senior_friendly,0.9487,0.0,0.0,0.0,0.0,0.0,0.9487
JG_20260426_1155_영등포구_광야홈리스복지센터_JG_0109,7,구립갈현노인복지관,은평구,senior_friendly,0.947,0.0,0.0,0.0,0.0,0.0,0.947
JG_20260426_1155_영등포구_광야홈리스복지센터_JG_0109,8,용강 노인복지관,마포구,senior_friendly,0.9454,0.0,0.0,0.0,0.0,0.0,0.9454
JG_20260426_1155_영등포구_광야홈리스복지센터_JG_0109,9,북가좌노인복지관,서대문구,senior_friendly,0.9454,0.0,0.0,0.0,0.0,0.0,0.9454
JG_20260426_1155_영등포구_광야홈리스복지센터_JG_0109,10,청파노인복지관,용산구,senior_friendly,0.9438,0.0,0.0,0.0,0.0,0.0,0.9438
JG_20260427_1020_서초구_광수약국_JG_0110,1,신림,관악구,subway,0.9468,0.0,0.0,0.0,0.0,0.0,0.9468
JG_20260427_1020_서초구_광수약국_JG_0110,2,잠실(송파구청),송파구,subway,0.8013,0.0,0.0,0.0,0.0,0.0,0.8013
JG_20260427_1020_서초구_광수약국_JG_0110,3,서울역,중구,subway,0.7902,0.0,0.0,0.0,0.0,0.0,0.7902
JG_20260427_1020_서초구_광수약국_JG_0110,4,구로디지털단지,구로구,subway,0.776,0.0,0.0,0.0,0.0,0.0,0.776
JG_20260427_1020_서초구_광수약국_JG_0110,5,서울대입구(관악구청),관악구,subway,0.7382,0.0,0.0,0.0,0.0,0.0,0.7382
JG_20260427_1020_서초구_광수약국_JG_0110,6,신도림,구로구,subway,0.7139,0.0,0.0,0.0,0.0,0.0,0.7139
JG_20260427_1020_서초구_광수약국_JG_0110,7,고속터미널,서초구,subway,0.4976,0.18,0.0,0.0,0.0,0.0,0.6776
JG_20260427_1020_서초구_광수약국_JG_0110,8,연신내,은평구,subway,0.667,0.0,0.0,0.0,0.0,0.0,0.667
JG_20260427_1020_서초구_광수약국_JG_0110,9,까치산,강서구,subway,0.6301,0.0,0.0,0.0,0.0,0.0,0.6301
JG_20260427_1020_서초구_광수약국_JG_0110,10,양재(서초구청),서초구,subway,0.4286,0.18,0.0,0.0,0.0,0.0,0.6086
JG_20260427_1100_서초구_서울고속버스터미널지하상가_JG_0111,1,남대문시장,중구,market,0.6592,0.0,0.0,0.0,0.0,0.0,0.6592
JG_20260427_1100_서초구_서울고속버스터미널지하상가_JG_0111,2,서울고속버스터미널 지하상가,서초구,market,0.4789,0.18,0.0,0.0,0.0,0.0,0.6589
JG_20260427_1100_서초구_서울고속버스터미널지하상가_JG_0111,3,동대문종합시장,종로구,market,0.5837,0.0,0.0,0.0,0.0,0.0,0.5837
JG_20260427_1100_서초구_서울고속버스터미널지하상가_JG_0111,4,장안 마실 골목형상점가,동대문구,market,0.5827,0.0,0.0,0.0,0.0,0.0,0.5827
JG_20260427_1100_서초구_서울고속버스터미널지하상가_JG_0111,5,천호로데오거리상점가,강동구,market,0.5458,0.0,0.0,0.0,0.0,0.0,0.5458
JG_20260427_1100_서초구_서울고속버스터미널지하상가_JG_0111,6,광장전통시장,종로구,market,0.5242,0.0,0.0,0.0,0.0,0.0,0.5242
JG_20260427_1100_서초구_서울고속버스터미널지하상가_JG_0111,7,가락몰 골목형상점가,송파구,market,0.514,0.0,0.0,0.0,0.0,0.0,0.514
JG_20260427_1100_서초구_서울고속버스터미널지하상가_JG_0111,8,평화시장,중구,market,0.5064,0.0,0.0,0.0,0.0,0.0,0.5064
JG_20260427_1100_서초구_서울고속버스터미널지하상가_JG_0111,9,서울약령시장,동대문구,market,0.5054,0.0,0.0,0.0,0.0,0.0,0.5054
JG_20260427_1100_서초구_서울고속버스터미널지하상가_JG_0111,10,영등포유통상가,영등포구,market,0.4917,0.0,0.0,0.0,0.0,0.0,0.4917
JG_20260429_1050_성북구_장위14주택재개발구역_JG_0119,1,신림,관악구,subway,0.9468,0.0,0.0,0.0,0.0,0.0,0.9468
JG_20260429_1050_성북구_장위14주택재개발구역_JG_0119,2,상경청년 자취방,성북구,market,0.6229,0.18,0.0,0.0,0.0,0.0,0.8029
JG_20260429_1050_성북구_장위14주택재개발구역_JG_0119,3,장위14주택재개발구역,성북구,subway,0.6229,0.18,0.0,0.0,0.0,0.0,0.8029
JG_20260429_1050_성북구_장위14주택재개발구역_JG_0119,4,잠실(송파구청),송파구,subway,0.8013,0.0,0.0,0.0,0.0,0.0,0.8013
JG_20260429_1050_성북구_장위14주택재개발구역_JG_0119,5,서울역,중구,subway,0.7902,0.0,0.0,0.0,0.0,0.0,0.7902
JG_20260429_1050_성북구_장위14주택재개발구역_JG_0119,6,구로디지털단지,구로구,subway,0.776,0.0,0.0,0.0,0.0,0.0,0.776
JG_20260429_1050_성북구_장위14주택재개발구역_JG_0119,7,서울대입구(관악구청),관악구,subway,0.7382,0.0,0.0,0.0,0.0,0.0,0.7382
JG_20260429_1050_성북구_장위14주택재개발구역_JG_0119,8,신도림,구로구,subway,0.7139,0.0,0.0,0.0,0.0,0.0,0.7139
JG_20260429_1050_성북구_장위14주택재개발구역_JG_0119,9,연신내,은평구,subway,0.667,0.0,0.0,0.0,0.0,0.0,0.667
JG_20260429_1050_성북구_장위14주택재개발구역_JG_0119,10,까치산,강서구,subway,0.6301,0.0,0.0,0.0,0.0,0.0,0.6301
JG_20260429_1200_성북구_정릉공영차고지_JG_0121,1,서울역,중구,subway,0.9642,0.0,0.0,0.0,0.0,0.0,0.9642
JG_20260429_1200_성북구_정릉공영차고지_JG_0121,2,잠실(송파구청),송파구,subway,0.9611,0.0,0.0,0.0,0.0,0.0,0.9611
JG_20260429_1200_성북구_정릉공영차고지_JG_0121,3,강남,강남구,subway,0.9318,0.0,0.0,0.0,0.0,0.0,0.9318
JG_20260429_1200_성북구_정릉공영차고지_JG_0121,4,성신여대입구,성북구,subway,0.696,0.18,0.0,0.0,0.0,0.0,0.876
JG_20260429_1200_성북구_정릉공영차고지_JG_0121,5,정릉공영차고지,성북구,subway,0.696,0.18,0.0,0.0,0.0,0.0,0.876
JG_20260429_1200_성북구_정릉공영차고지_JG_0121,6,홍대입구,마포구,subway,0.8656,0.0,0.0,0.0,0.0,0.0,0.8656
JG_20260429_1200_성북구_정릉공영차고지_JG_0121,7,고속터미널,서초구,subway,0.8161,0.0,0.0,0.0,0.0,0.0,0.8161
JG_20260429_1200_성북구_정릉공영차고지_JG_0121,8,삼성(무역센터),강남구,subway,0.7312,0.0,0.0,0.0,0.0,0.0,0.7312
JG_20260429_1200_성북구_정릉공영차고지_JG_0121,9,성수,성동구,subway,0.7287,0.0,0.0,0.0,0.0,0.0,0.7287
JG_20260429_1200_성북구_정릉공영차고지_JG_0121,10,선릉,강남구,subway,0.7238,0.0,0.0,0.0,0.0,0.0,0.7238
JG_20260430_0500_양천구_신정차량사업소_JG_0123,1,신림,관악구,subway,0.9468,0.0,0.0,0.0,0.0,0.0,0.9468
JG_20260430_0500_양천구_신정차량사업소_JG_0123,2,신정차량사업소,양천구,subway,0.6229,0.18,0.0,0.0,0.0,0.0,0.8029
JG_20260430_0500_양천구_신정차량사업소_JG_0123,3,양재천 수변무대,양천구,park,0.6229,0.18,0.0,0.0,0.0,0.0,0.8029
JG_20260430_0500_양천구_신정차량사업소_JG_0123,4,양재천 수변무대 일대,양천구,park,0.6229,0.18,0.0,0.0,0.0,0.0,0.8029
JG_20260430_0500_양천구_신정차량사업소_JG_0123,5,양천공영차고지,양천구,subway,0.6229,0.18,0.0,0.0,0.0,0.0,0.8029
JG_20260430_0500_양천구_신정차량사업소_JG_0123,6,파리공원,양천구,park,0.6229,0.18,0.0,0.0,0.0,0.0,0.8029
JG_20260430_0500_양천구_신정차량사업소_JG_0123,7,현대백화점 목동점,양천구,subway,0.6229,0.18,0.0,0.0,0.0,0.0,0.8029
JG_20260430_0500_양천구_신정차량사업소_JG_0123,8,잠실(송파구청),송파구,subway,0.8013,0.0,0.0,0.0,0.0,0.0,0.8013
JG_20260430_0500_양천구_신정차량사업소_JG_0123,9,서울역,중구,subway,0.7902,0.0,0.0,0.0,0.0,0.0,0.7902
JG_20260430_0500_양천구_신정차량사업소_JG_0123,10,구로디지털단지,구로구,subway,0.776,0.0,0.0,0.0,0.0,0.0,0.776
JG_20260430_0540_양천구_양천공영차고지_JG_0124,1,양천어르신종합복지관,양천구,senior_friendly,0.746,0.18,0.0,0.0,0.0,0.0,0.926
JG_20260430_0540_양천구_양천공영차고지_JG_0124,2,계남근린공원,양천구,park,0.6437,0.18,0.0,0.0,0.0,0.0,0.8237
JG_20260430_0540_양천구_양천공영차고지_JG_0124,3,서서울호수공원,양천구,park,0.6335,0.18,0.0,0.0,0.0,0.0,0.8135
JG_20260430_0540_양천구_양천공영차고지_JG_0124,4,갈산근린공원,양천구,park,0.6227,0.18,0.0,0.0,0.0,0.0,0.8027
JG_20260430_0540_양천구_양천공영차고지_JG_0124,5,용왕산근린공원,양천구,park,0.612,0.18,0.0,0.0,0.0,0.0,0.792
JG_20260430_0540_양천구_양천공영차고지_JG_0124,6,파리근린공원,양천구,park,0.6047,0.18,0.0,0.0,0.0,0.0,0.7847
JG_20260430_0540_양천구_양천공영차고지_JG_0124,7,신영시장,양천구,market,0.4237,0.18,0.0,0.0,0.0,0.0,0.6037
JG_20260430_0540_양천구_양천공영차고지_JG_0124,8,목동깨비시장,양천구,market,0.423,0.18,0.0,0.0,0.0,0.0,0.603
JG_20260430_0540_양천구_양천공영차고지_JG_0124,9,목2동시장,양천구,market,0.4223,0.18,0.0,0.0,0.0,0.0,0.6023
JG_20260430_0540_양천구_양천공영차고지_JG_0124,10,목사랑시장,양천구,market,0.4216,0.18,0.0,0.0,0.0,0.0,0.6016
JG_20260430_1500_금천구_금천현대시장_JG_0130,1,남대문시장,중구,market,0.7056,0.0,0.0,0.0,0.0,0.0,0.7056
JG_20260430_1500_금천구_금천현대시장_JG_0130,2,대명여울빛거리시장,금천구,market,0.4824,0.18,0.0,0.0,0.0,0.0,0.6624
JG_20260430_1500_금천구_금천현대시장_JG_0130,3,비단길현대시장,금천구,market,0.4807,0.18,0.0,0.0,0.0,0.0,0.6607
JG_20260430_1500_금천구_금천현대시장_JG_0130,4,법원단지길 상점가,금천구,market,0.4739,0.18,0.0,0.0,0.0,0.0,0.6539
JG_20260430_1500_금천구_금천현대시장_JG_0130,5,별빛남문시장,금천구,market,0.4734,0.18,0.0,0.0,0.0,0.0,0.6534
JG_20260430_1500_금천구_금천현대시장_JG_0130,6,정훈한마음골목시장,금천구,market,0.4713,0.18,0.0,0.0,0.0,0.0,0.6513
JG_20260430_1500_금천구_금천현대시장_JG_0130,7,금천현대시장,금천구,market,0.4712,0.18,0.0,0.0,0.0,0.0,0.6512
JG_20260430_1500_금천구_금천현대시장_JG_0130,8,동대문종합시장,종로구,market,0.6301,0.0,0.0,0.0,0.0,0.0,0.6301
JG_20260430_1500_금천구_금천현대시장_JG_0130,9,장안 마실 골목형상점가,동대문구,market,0.6299,0.0,0.0,0.0,0.0,0.0,0.6299
JG_20260430_1500_금천구_금천현대시장_JG_0130,10,천호로데오거리상점가,강동구,market,0.5914,0.0,0.0,0.0,0.0,0.0,0.5914
JG_20260501_1400_마포구_여의도공원10번출구_JG_0132,1,홍대입구,마포구,subway,0.8656,0.18,0.0,0.0,0.0,0.0,1.0456
JG_20260501_1400_마포구_여의도공원10번출구_JG_0132,2,용강 노인복지관,마포구,senior_friendly,0.7839,0.18,0.0,0.0,0.0,0.0,0.9639
JG_20260501_1400_마포구_여의도공원10번출구_JG_0132,3,월드컵공원,마포구,park,0.7425,0.18,0.0,0.0,0.0,0.0,0.9225
JG_20260501_1400_마포구_여의도공원10번출구_JG_0132,4,문화비축기지,마포구,park,0.634,0.18,0.0,0.0,0.0,0.0,0.814
JG_20260501_1400_마포구_여의도공원10번출구_JG_0132,5,와우근린공원,마포구,park,0.6305,0.18,0.0,0.0,0.0,0.0,0.8105
JG_20260501_1400_마포구_여의도공원10번출구_JG_0132,6,상암근린공원,마포구,park,0.6243,0.18,0.0,0.0,0.0,0.0,0.8043
JG_20260501_1400_마포구_여의도공원10번출구_JG_0132,7,외국인묘지공원,마포구,park,0.5815,0.18,0.0,0.0,0.0,0.0,0.7615
JG_20260501_1400_마포구_여의도공원10번출구_JG_0132,8,합정,마포구,subway,0.4906,0.18,0.0,0.0,0.0,0.0,0.6706
JG_20260501_1400_마포구_여의도공원10번출구_JG_0132,9,아현시장,마포구,market,0.4776,0.18,0.0,0.0,0.0,0.0,0.6576
JG_20260501_1400_마포구_여의도공원10번출구_JG_0132,10,연남동골목형상점가,마포구,market,0.4764,0.18,0.0,0.0,0.0,0.0,0.6564
JG_20260502_0700_마포구_마포구월드컵로251_JG_0133,1,월드컵공원,마포구,park,0.7248,0.18,0.0,0.0,0.0,0.0,0.9048
JG_20260502_0700_마포구_마포구월드컵로251_JG_0133,2,문화비축기지,마포구,park,0.6163,0.18,0.0,0.0,0.0,0.0,0.7963
JG_20260502_0700_마포구_마포구월드컵로251_JG_0133,3,와우근린공원,마포구,park,0.6129,0.18,0.0,0.0,0.0,0.0,0.7929
JG_20260502_0700_마포구_마포구월드컵로251_JG_0133,4,상암근린공원,마포구,park,0.6077,0.18,0.0,0.0,0.0,0.0,0.7877
JG_20260502_0700_마포구_마포구월드컵로251_JG_0133,5,외국인묘지공원,마포구,park,0.565,0.18,0.0,0.0,0.0,0.0,0.745
JG_20260502_0700_마포구_마포구월드컵로251_JG_0133,6,마포구 월드컵로 251,마포구,park,0.5649,0.18,0.0,0.0,0.0,0.0,0.7449
JG_20260502_0700_마포구_마포구월드컵로251_JG_0133,7,상암동 월드컵공원,마포구,park,0.5649,0.18,0.0,0.0,0.0,0.0,0.7449
JG_20260502_0700_마포구_마포구월드컵로251_JG_0133,8,서울월드컵경기장,마포구,park,0.5649,0.18,0.0,0.0,0.0,0.0,0.7449
JG_20260502_0700_마포구_마포구월드컵로251_JG_0133,9,봉은공원,강남구,park,0.7275,0.0,0.0,0.0,0.0,0.0,0.7275
JG_20260502_0700_마포구_마포구월드컵로251_JG_0133,10,중랑캠핑숲,중랑구,park,0.7213,0.0,0.0,0.0,0.0,0.0,0.7213
JG_20260502_1000_동대문구_밥퍼나눔운동본부_JG_0134,1,서울시립동대문노인종합복지관,동대문구,senior_friendly,0.928,0.18,0.0,0.0,0.0,0.0,1.108
JG_20260502_1000_동대문구_밥퍼나눔운동본부_JG_0134,2,밥퍼나눔운동본부,동대문구,senior_friendly,0.9279,0.18,0.0,0.0,0.0,0.0,1.1079
JG_20260502_1000_동대문구_밥퍼나눔운동본부_JG_0134,3,성수1가2동노인복지관 대현분소,성동구,senior_friendly,0.9585,0.0,0.0,0.0,0.0,0.0,0.9585
JG_20260502_1000_동대문구_밥퍼나눔운동본부_JG_0134,4,강남구립 도곡1노인복지관,강남구,senior_friendly,0.9536,0.0,0.0,0.0,0.0,0.0,0.9536
JG_20260502_1000_동대문구_밥퍼나눔운동본부_JG_0134,5,강동구립 해공노인복지관,강동구,senior_friendly,0.952,0.0,0.0,0.0,0.0,0.0,0.952
JG_20260502_1000_동대문구_밥퍼나눔운동본부_JG_0134,6,구립 자양노인복지관,광진구,senior_friendly,0.9487,0.0,0.0,0.0,0.0,0.0,0.9487
JG_20260502_1000_동대문구_밥퍼나눔운동본부_JG_0134,7,구립갈현노인복지관,은평구,senior_friendly,0.947,0.0,0.0,0.0,0.0,0.0,0.947
JG_20260502_1000_동대문구_밥퍼나눔운동본부_JG_0134,8,용강 노인복지관,마포구,senior_friendly,0.9454,0.0,0.0,0.0,0.0,0.0,0.9454
JG_20260502_1000_동대문구_밥퍼나눔운동본부_JG_0134,9,북가좌노인복지관,서대문구,senior_friendly,0.9454,0.0,0.0,0.0,0.0,0.0,0.9454
JG_20260502_1000_동대문구_밥퍼나눔운동본부_JG_0134,10,청파노인복지관,용산구,senior_friendly,0.9438,0.0,0.0,0.0,0.0,0.0,0.9438
JG_20260503_0830_용산구_효창운동장_JG_0136,1,신림,관악구,subway,0.9468,0.0,0.0,0.0,0.0,0.0,0.9468
JG_20260503_0830_용산구_효창운동장_JG_0136,2,잠실(송파구청),송파구,subway,0.8013,0.0,0.0,0.0,0.0,0.0,0.8013
JG_20260503_0830_용산구_효창운동장_JG_0136,3,서울역,중구,subway,0.7902,0.0,0.0,0.0,0.0,0.0,0.7902
JG_20260503_0830_용산구_효창운동장_JG_0136,4,구로디지털단지,구로구,subway,0.776,0.0,0.0,0.0,0.0,0.0,0.776
JG_20260503_0830_용산구_효창운동장_JG_0136,5,서울대입구(관악구청),관악구,subway,0.7382,0.0,0.0,0.0,0.0,0.0,0.7382
JG_20260503_0830_용산구_효창운동장_JG_0136,6,신도림,구로구,subway,0.7139,0.0,0.0,0.0,0.0,0.0,0.7139
JG_20260503_0830_용산구_효창운동장_JG_0136,7,연신내,은평구,subway,0.667,0.0,0.0,0.0,0.0,0.0,0.667
JG_20260503_0830_용산구_효창운동장_JG_0136,8,용산,용산구,subway,0.4554,0.18,0.0,0.0,0.0,0.0,0.6354
JG_20260503_0830_용산구_효창운동장_JG_0136,9,효창운동장,용산구,park,0.4553,0.18,0.0,0.0,0.0,0.0,0.6353
JG_20260503_0830_용산구_효창운동장_JG_0136,10,까치산,강서구,subway,0.6301,0.0,0.0,0.0,0.0,0.0,0.6301
JG_20260504_1430_영등포구_한국거래소_JG_0142,1,구립영등포노인종합복지관,영등포구,senior_friendly,0.7632,0.18,0.0,0.0,0.0,0.0,0.9432
JG_20260504_1430_영등포구_한국거래소_JG_0142,2,여의도근린공원,영등포구,park,0.7046,0.18,0.0,0.0,0.0,0.0,0.8846
JG_20260504_1430_영등포구_한국거래소_JG_0142,3,영등포,영등포구,subway,0.6567,0.18,0.0,0.0,0.0,0.0,0.8367
JG_20260504_1430_영등포구_한국거래소_JG_0142,4,선유도근린공원,영등포구,park,0.6121,0.18,0.0,0.0,0.0,0.0,0.7921
JG_20260504_1430_영등포구_한국거래소_JG_0142,5,영등포근린공원,영등포구,park,0.6119,0.18,0.0,0.0,0.0,0.0,0.7919
JG_20260504_1430_영등포구_한국거래소_JG_0142,6,중마루근린공원,영등포구,park,0.6067,0.18,0.0,0.0,0.0,0.0,0.7867
JG_20260504_1430_영등포구_한국거래소_JG_0142,7,자매근린공원,영등포구,park,0.5863,0.18,0.0,0.0,0.0,0.0,0.7663
JG_20260504_1430_영등포구_한국거래소_JG_0142,8,영등포유통상가,영등포구,market,0.5381,0.18,0.0,0.0,0.0,0.0,0.7181
JG_20260504_1430_영등포구_한국거래소_JG_0142,9,여의도,영등포구,subway,0.5131,0.18,0.0,0.0,0.0,0.0,0.6931
JG_20260504_1430_영등포구_한국거래소_JG_0142,10,영등포시장기계공구상가,영등포구,market,0.4939,0.18,0.0,0.0,0.0,0.0,0.6739
JG_20260505_1100_광진구_서울어린이대공원_JG_0143,1,어린이대공원,광진구,park,0.6201,0.18,0.0,0.0,0.0,0.0,0.8001
JG_20260505_1100_광진구_서울어린이대공원_JG_0143,2,아차산공원,광진구,park,0.5971,0.18,0.0,0.0,0.0,0.0,0.7771
JG_20260505_1100_광진구_서울어린이대공원_JG_0143,3,능동어린이대공원,광진구,park,0.597,0.18,0.0,0.0,0.0,0.0,0.777
JG_20260505_1100_광진구_서울어린이대공원_JG_0143,4,서울어린이대공원,광진구,park,0.597,0.18,0.0,0.0,0.0,0.0,0.777
JG_20260505_1100_광진구_서울어린이대공원_JG_0143,5,봉은공원,강남구,park,0.7275,0.0,0.0,0.0,0.0,0.0,0.7275
JG_20260505_1100_광진구_서울어린이대공원_JG_0143,6,월드컵공원,마포구,park,0.7248,0.0,0.0,0.0,0.0,0.0,0.7248
JG_20260505_1100_광진구_서울어린이대공원_JG_0143,7,중랑캠핑숲,중랑구,park,0.7213,0.0,0.0,0.0,0.0,0.0,0.7213
JG_20260505_1100_광진구_서울어린이대공원_JG_0143,8,백련근린공원,서대문구,park,0.7077,0.0,0.0,0.0,0.0,0.0,0.7077
JG_20260505_1100_광진구_서울어린이대공원_JG_0143,9,남산공원,중구,park,0.6998,0.0,0.0,0.0,0.0,0.0,0.6998
JG_20260505_1100_광진구_서울어린이대공원_JG_0143,10,안산도시자연공원,서대문구,park,0.6971,0.0,0.0,0.0,0.0,0.0,0.6971
JG_20260505_1300_송파구_잠실종합운동장_JG_0144,1,장지근린공원,송파구,park,0.6518,0.18,0.0,0.0,0.0,0.0,0.8318
JG_20260505_1300_송파구_잠실종합운동장_JG_0144,2,아시아근린공원,송파구,park,0.6515,0.18,0.0,0.0,0.0,0.0,0.8315
JG_20260505_1300_송파구_잠실종합운동장_JG_0144,3,오금근린공원,송파구,park,0.6432,0.18,0.0,0.0,0.0,0.0,0.8232
JG_20260505_1300_송파구_잠실종합운동장_JG_0144,4,문정근린공원,송파구,park,0.6261,0.18,0.0,0.0,0.0,0.0,0.8061
JG_20260505_1300_송파구_잠실종합운동장_JG_0144,5,송파나루근린공원(석촌호수),송파구,park,0.6193,0.18,0.0,0.0,0.0,0.0,0.7993
JG_20260505_1300_송파구_잠실종합운동장_JG_0144,6,천마근린공원,송파구,park,0.6141,0.18,0.0,0.0,0.0,0.0,0.7941
JG_20260505_1300_송파구_잠실종합운동장_JG_0144,7,봉은공원,강남구,park,0.7451,0.0,0.0,0.0,0.0,0.0,0.7451
JG_20260505_1300_송파구_잠실종합운동장_JG_0144,8,월드컵공원,마포구,park,0.7425,0.0,0.0,0.0,0.0,0.0,0.7425
JG_20260505_1300_송파구_잠실종합운동장_JG_0144,9,중랑캠핑숲,중랑구,park,0.7412,0.0,0.0,0.0,0.0,0.0,0.7412
JG_20260505_1300_송파구_잠실종합운동장_JG_0144,10,올림픽공원,송파구,park,0.4994,0.18,0.0,0.0,0.0,0.0,0.6794
JG_20260506_1040_중구_장충체육관_JG_0146,1,약수노인복지관,중구,senior_friendly,0.9438,0.18,0.0,0.0,0.0,0.0,1.1238
JG_20260506_1040_중구_장충체육관_JG_0146,2,서울장애인종합복지관,중구,senior_friendly,0.9437,0.18,0.0,0.0,0.0,0.0,1.1237
JG_20260506_1040_중구_장충체육관_JG_0146,3,장충체육관,중구,park,0.9437,0.18,0.0,0.0,0.0,0.0,1.1237
JG_20260506_1040_중구_장충체육관_JG_0146,4,성수1가2동노인복지관 대현분소,성동구,senior_friendly,0.9585,0.0,0.0,0.0,0.0,0.0,0.9585
JG_20260506_1040_중구_장충체육관_JG_0146,5,강남구립 도곡1노인복지관,강남구,senior_friendly,0.9536,0.0,0.0,0.0,0.0,0.0,0.9536
JG_20260506_1040_중구_장충체육관_JG_0146,6,강동구립 해공노인복지관,강동구,senior_friendly,0.952,0.0,0.0,0.0,0.0,0.0,0.952
JG_20260506_1040_중구_장충체육관_JG_0146,7,구립 자양노인복지관,광진구,senior_friendly,0.9487,0.0,0.0,0.0,0.0,0.0,0.9487
JG_20260506_1040_중구_장충체육관_JG_0146,8,구립갈현노인복지관,은평구,senior_friendly,0.947,0.0,0.0,0.0,0.0,0.0,0.947
JG_20260506_1040_중구_장충체육관_JG_0146,9,용강 노인복지관,마포구,senior_friendly,0.9454,0.0,0.0,0.0,0.0,0.0,0.9454
JG_20260506_1040_중구_장충체육관_JG_0146,10,북가좌노인복지관,서대문구,senior_friendly,0.9454,0.0,0.0,0.0,0.0,0.0,0.9454
JG_20260507_1600_송파구_송파거여새마을지구공공재개발현장_JG_0154,1,잠실(송파구청),송파구,subway,0.9611,0.18,0.0,0.0,0.0,0.0,1.1411
JG_20260507_1600_송파구_송파거여새마을지구공공재개발현장_JG_0154,2,서울역,중구,subway,0.9642,0.0,0.0,0.0,0.0,0.0,0.9642
JG_20260507_1600_송파구_송파거여새마을지구공공재개발현장_JG_0154,3,강남,강남구,subway,0.9318,0.0,0.0,0.0,0.0,0.0,0.9318
JG_20260507_1600_송파구_송파거여새마을지구공공재개발현장_JG_0154,4,송파 거여새마을지구 공공재개발 현장,송파구,subway,0.696,0.18,0.0,0.0,0.0,0.0,0.876
JG_20260507_1600_송파구_송파거여새마을지구공공재개발현장_JG_0154,5,잠실 MICE 현장,송파구,market,0.696,0.18,0.0,0.0,0.0,0.0,0.876
JG_20260507_1600_송파구_송파거여새마을지구공공재개발현장_JG_0154,6,재개발·재건축 현장,송파구,subway,0.696,0.18,0.0,0.0,0.0,0.0,0.876
JG_20260507_1600_송파구_송파거여새마을지구공공재개발현장_JG_0154,7,홍대입구,마포구,subway,0.8656,0.0,0.0,0.0,0.0,0.0,0.8656
JG_20260507_1600_송파구_송파거여새마을지구공공재개발현장_JG_0154,8,고속터미널,서초구,subway,0.8161,0.0,0.0,0.0,0.0,0.0,0.8161
JG_20260507_1600_송파구_송파거여새마을지구공공재개발현장_JG_0154,9,삼성(무역센터),강남구,subway,0.7312,0.0,0.0,0.0,0.0,0.0,0.7312
JG_20260507_1600_송파구_송파거여새마을지구공공재개발현장_JG_0154,10,성수,성동구,subway,0.7287,0.0,0.0,0.0,0.0,0.0,0.7287
JG_20260507_1700_송파구_새마을전통시장_JG_0155,1,가락몰 골목형상점가,송파구,market,0.5612,0.18,0.0,0.0,0.0,0.0,0.7412
JG_20260507_1700_송파구_새마을전통시장_JG_0155,2,남대문시장,중구,market,0.7056,0.0,0.0,0.0,0.0,0.0,0.7056
JG_20260507_1700_송파구_새마을전통시장_JG_0155,3,방이시장,송파구,market,0.4822,0.18,0.0,0.0,0.0,0.0,0.6622
JG_20260507_1700_송파구_새마을전통시장_JG_0155,4,풍납시장,송파구,market,0.4787,0.18,0.0,0.0,0.0,0.0,0.6587
JG_20260507_1700_송파구_새마을전통시장_JG_0155,5,새마을시장,송파구,market,0.4763,0.18,0.0,0.0,0.0,0.0,0.6563
JG_20260507_1700_송파구_새마을전통시장_JG_0155,6,마천중앙시장,송파구,market,0.4757,0.18,0.0,0.0,0.0,0.0,0.6557
JG_20260507_1700_송파구_새마을전통시장_JG_0155,7,석촌시장,송파구,market,0.4732,0.18,0.0,0.0,0.0,0.0,0.6532
JG_20260507_1700_송파구_새마을전통시장_JG_0155,8,가락몰 농수산물시장,송파구,market,0.4731,0.18,0.0,0.0,0.0,0.0,0.6531
JG_20260507_1700_송파구_새마을전통시장_JG_0155,9,새마을전통시장,송파구,market,0.4731,0.18,0.0,0.0,0.0,0.0,0.6531
JG_20260507_1700_송파구_새마을전통시장_JG_0155,10,동대문종합시장,종로구,market,0.6301,0.0,0.0,0.0,0.0,0.0,0.6301
JG_20260508_1500_강남구_개포우성7차아파트1015105_JG_0158,1,강남,강남구,subway,0.9318,0.18,0.0,0.0,0.0,0.0,1.1118
JG_20260508_1500_강남구_개포우성7차아파트1015105_JG_0158,2,서울역,중구,subway,0.9642,0.0,0.0,0.0,0.0,0.0,0.9642
JG_20260508_1500_강남구_개포우성7차아파트1015105_JG_0158,3,잠실(송파구청),송파구,subway,0.9611,0.0,0.0,0.0,0.0,0.0,0.9611
JG_20260508_1500_강남구_개포우성7차아파트1015105_JG_0158,4,삼성(무역센터),강남구,subway,0.7312,0.18,0.0,0.0,0.0,0.0,0.9112
JG_20260508_1500_강남구_개포우성7차아파트1015105_JG_0158,5,선릉,강남구,subway,0.7238,0.18,0.0,0.0,0.0,0.0,0.9038
JG_20260508_1500_강남구_개포우성7차아파트1015105_JG_0158,6,홍대입구,마포구,subway,0.8656,0.0,0.0,0.0,0.0,0.0,0.8656
JG_20260508_1500_강남구_개포우성7차아파트1015105_JG_0158,7,역삼,강남구,subway,0.6459,0.18,0.0,0.0,0.0,0.0,0.8259
JG_20260508_1500_강남구_개포우성7차아파트1015105_JG_0158,8,고속터미널,서초구,subway,0.8161,0.0,0.0,0.0,0.0,0.0,0.8161
JG_20260508_1500_강남구_개포우성7차아파트1015105_JG_0158,9,성수,성동구,subway,0.7287,0.0,0.0,0.0,0.0,0.0,0.7287
JG_20260508_1500_강남구_개포우성7차아파트1015105_JG_0158,10,강남구청,강남구,subway,0.364,0.18,0.0,0.0,0.0,0.0,0.544
JG_20260509_1145_영등포구_샛강생태공원_JG_0160,1,신림,관악구,subway,0.9468,0.0,0.0,0.0,0.0,0.0,0.9468
JG_20260509_1145_영등포구_샛강생태공원_JG_0160,2,잠실(송파구청),송파구,subway,0.8013,0.0,0.0,0.0,0.0,0.0,0.8013
JG_20260509_1145_영등포구_샛강생태공원_JG_0160,3,서울역,중구,subway,0.7902,0.0,0.0,0.0,0.0,0.0,0.7902
JG_20260509_1145_영등포구_샛강생태공원_JG_0160,4,구로디지털단지,구로구,subway,0.776,0.0,0.0,0.0,0.0,0.0,0.776
JG_20260509_1145_영등포구_샛강생태공원_JG_0160,5,서울대입구(관악구청),관악구,subway,0.7382,0.0,0.0,0.0,0.0,0.0,0.7382
JG_20260509_1145_영등포구_샛강생태공원_JG_0160,6,신도림,구로구,subway,0.7139,0.0,0.0,0.0,0.0,0.0,0.7139
JG_20260509_1145_영등포구_샛강생태공원_JG_0160,7,연신내,은평구,subway,0.667,0.0,0.0,0.0,0.0,0.0,0.667
JG_20260509_1145_영등포구_샛강생태공원_JG_0160,8,영등포,영등포구,subway,0.4735,0.18,0.0,0.0,0.0,0.0,0.6535
JG_20260509_1145_영등포구_샛강생태공원_JG_0160,9,당산,영등포구,subway,0.4319,0.18,0.0,0.0,0.0,0.0,0.6119
JG_20260509_1145_영등포구_샛강생태공원_JG_0160,10,영등포구청,영등포구,subway,0.4079,0.18,0.0,0.0,0.0,0.0,0.5879
JG_20260509_1330_영등포구_여의도공원3동무궁화화장실앞_JG_0161,1,여의도근린공원,영등포구,park,0.7046,0.18,0.0,0.0,0.0,0.0,0.8846
JG_20260509_1330_영등포구_여의도공원3동무궁화화장실앞_JG_0161,2,선유도근린공원,영등포구,park,0.6121,0.18,0.0,0.0,0.0,0.0,0.7921
JG_20260509_1330_영등포구_여의도공원3동무궁화화장실앞_JG_0161,3,영등포근린공원,영등포구,park,0.6119,0.18,0.0,0.0,0.0,0.0,0.7919
JG_20260509_1330_영등포구_여의도공원3동무궁화화장실앞_JG_0161,4,중마루근린공원,영등포구,park,0.6067,0.18,0.0,0.0,0.0,0.0,0.7867
JG_20260509_1330_영등포구_여의도공원3동무궁화화장실앞_JG_0161,5,자매근린공원,영등포구,park,0.5863,0.18,0.0,0.0,0.0,0.0,0.7663
JG_20260509_1330_영등포구_여의도공원3동무궁화화장실앞_JG_0161,6,샛강생태공원,영등포구,park,0.5862,0.18,0.0,0.0,0.0,0.0,0.7662
JG_20260509_1330_영등포구_여의도공원3동무궁화화장실앞_JG_0161,7,여의도공원 10번 출구,영등포구,subway,0.5862,0.18,0.0,0.0,0.0,0.0,0.7662
JG_20260509_1330_영등포구_여의도공원3동무궁화화장실앞_JG_0161,8,여의도공원 3동 무궁화화장실,영등포구,park,0.5862,0.18,0.0,0.0,0.0,0.0,0.7662
JG_20260509_1330_영등포구_여의도공원3동무궁화화장실앞_JG_0161,9,여의도공원 3동 무궁화화장실 앞,영등포구,park,0.5862,0.18,0.0,0.0,0.0,0.0,0.7662
JG_20260509_1330_영등포구_여의도공원3동무궁화화장실앞_JG_0161,10,타임스퀘어,영등포구,subway,0.5862,0.18,0.0,0.0,0.0,0.0,0.7662
JG_20260511_1000_강서구_마곡lg사이언스파크isc동_JG_0167,1,서울식물원,강서구,park,0.6609,0.18,0.0,0.0,0.0,0.0,0.8409
JG_20260511_1000_강서구_마곡lg사이언스파크isc동_JG_0167,2,방화근린공원,강서구,park,0.6584,0.18,0.0,0.0,0.0,0.0,0.8384
JG_20260511_1000_강서구_마곡lg사이언스파크isc동_JG_0167,3,우장산근린공원,강서구,park,0.6338,0.18,0.0,0.0,0.0,0.0,0.8138
JG_20260511_1000_강서구_마곡lg사이언스파크isc동_JG_0167,4,봉제산공원,강서구,park,0.6165,0.18,0.0,0.0,0.0,0.0,0.7965
JG_20260511_1000_강서구_마곡lg사이언스파크isc동_JG_0167,5,개화근린공원,강서구,park,0.6086,0.18,0.0,0.0,0.0,0.0,0.7886
JG_20260511_1000_강서구_마곡lg사이언스파크isc동_JG_0167,6,꿩고개근린공원,강서구,park,0.5968,0.18,0.0,0.0,0.0,0.0,0.7768
JG_20260511_1000_강서구_마곡lg사이언스파크isc동_JG_0167,7,궁산근린공원,강서구,park,0.5946,0.18,0.0,0.0,0.0,0.0,0.7746
JG_20260511_1000_강서구_마곡lg사이언스파크isc동_JG_0167,8,염창근린공원,강서구,park,0.5899,0.18,0.0,0.0,0.0,0.0,0.7699
JG_20260511_1000_강서구_마곡lg사이언스파크isc동_JG_0167,9,허준공원,강서구,park,0.5765,0.18,0.0,0.0,0.0,0.0,0.7565
JG_20260511_1000_강서구_마곡lg사이언스파크isc동_JG_0167,10,매화근린공원,강서구,park,0.5416,0.18,0.0,0.0,0.0,0.0,0.7216
JG_20260514_1400_중구_투썸플레이스정동길점_JG_0177,1,남대문시장,중구,market,0.7056,0.18,0.0,0.0,0.0,0.0,0.8856
JG_20260514_1400_중구_투썸플레이스정동길점_JG_0177,2,평화시장,중구,market,0.5528,0.18,0.0,0.0,0.0,0.0,0.7328
JG_20260514_1400_중구_투썸플레이스정동길점_JG_0177,3,삼익패션타운,중구,market,0.5222,0.18,0.0,0.0,0.0,0.0,0.7022
JG_20260514_1400_중구_투썸플레이스정동길점_JG_0177,4,동평화시장,중구,market,0.5126,0.18,0.0,0.0,0.0,0.0,0.6926
JG_20260514_1400_중구_투썸플레이스정동길점_JG_0177,5,청평화시장,중구,market,0.5024,0.18,0.0,0.0,0.0,0.0,0.6824
JG_20260514_1400_중구_투썸플레이스정동길점_JG_0177,6,신평화패션타운,중구,market,0.4993,0.18,0.0,0.0,0.0,0.0,0.6793
JG_20260514_1400_중구_투썸플레이스정동길점_JG_0177,7,방산시장,중구,market,0.4988,0.18,0.0,0.0,0.0,0.0,0.6788
JG_20260514_1400_중구_투썸플레이스정동길점_JG_0177,8,광희패션몰,중구,market,0.4973,0.18,0.0,0.0,0.0,0.0,0.6773
JG_20260514_1400_중구_투썸플레이스정동길점_JG_0177,9,통일상가,중구,market,0.4936,0.18,0.0,0.0,0.0,0.0,0.6736
JG_20260514_1400_중구_투썸플레이스정동길점_JG_0177,10,중부시장,중구,market,0.4895,0.18,0.0,0.0,0.0,0.0,0.6695
JG_20260515_1440_중랑구_먹골역7번출구앞_JG_0181,1,서울역,중구,subway,0.9642,0.0,0.0,0.0,0.0,0.0,0.9642
JG_20260515_1440_중랑구_먹골역7번출구앞_JG_0181,2,잠실(송파구청),송파구,subway,0.9611,0.0,0.0,0.0,0.0,0.0,0.9611
JG_20260515_1440_중랑구_먹골역7번출구앞_JG_0181,3,강남,강남구,subway,0.9318,0.0,0.0,0.0,0.0,0.0,0.9318
JG_20260515_1440_중랑구_먹골역7번출구앞_JG_0181,4,먹골역 7번출구,중랑구,subway,0.696,0.18,0.0,0.0,0.0,0.0,0.876
JG_20260515_1440_중랑구_먹골역7번출구앞_JG_0181,5,먹골역 7번출구 앞,중랑구,subway,0.696,0.18,0.0,0.0,0.0,0.0,0.876
JG_20260515_1440_중랑구_먹골역7번출구앞_JG_0181,6,중랑 서울장미축제,중랑구,park,0.696,0.18,0.0,0.0,0.0,0.0,0.876
JG_20260515_1440_중랑구_먹골역7번출구앞_JG_0181,7,홍대입구,마포구,subway,0.8656,0.0,0.0,0.0,0.0,0.0,0.8656
JG_20260515_1440_중랑구_먹골역7번출구앞_JG_0181,8,고속터미널,서초구,subway,0.8161,0.0,0.0,0.0,0.0,0.0,0.8161
JG_20260515_1440_중랑구_먹골역7번출구앞_JG_0181,9,삼성(무역센터),강남구,subway,0.7312,0.0,0.0,0.0,0.0,0.0,0.7312
JG_20260515_1440_중랑구_먹골역7번출구앞_JG_0181,10,성수,성동구,subway,0.7287,0.0,0.0,0.0,0.0,0.0,0.7287
JG_20260516_1000_송파구_잠실실내체육관_JG_0184,1,장지근린공원,송파구,park,0.6341,0.18,0.0,0.0,0.0,0.0,0.8141
JG_20260516_1000_송파구_잠실실내체육관_JG_0184,2,아시아근린공원,송파구,park,0.6327,0.18,0.0,0.0,0.0,0.0,0.8127
JG_20260516_1000_송파구_잠실실내체육관_JG_0184,3,오금근린공원,송파구,park,0.6255,0.18,0.0,0.0,0.0,0.0,0.8055
JG_20260516_1000_송파구_잠실실내체육관_JG_0184,4,문정근린공원,송파구,park,0.6084,0.18,0.0,0.0,0.0,0.0,0.7884
JG_20260516_1000_송파구_잠실실내체육관_JG_0184,5,송파나루근린공원(석촌호수),송파구,park,0.6028,0.18,0.0,0.0,0.0,0.0,0.7828
JG_20260516_1000_송파구_잠실실내체육관_JG_0184,6,천마근린공원,송파구,park,0.5976,0.18,0.0,0.0,0.0,0.0,0.7776
JG_20260516_1000_송파구_잠실실내체육관_JG_0184,7,봉은공원,강남구,park,0.7275,0.0,0.0,0.0,0.0,0.0,0.7275
JG_20260516_1000_송파구_잠실실내체육관_JG_0184,8,월드컵공원,마포구,park,0.7248,0.0,0.0,0.0,0.0,0.0,0.7248
JG_20260516_1000_송파구_잠실실내체육관_JG_0184,9,중랑캠핑숲,중랑구,park,0.7213,0.0,0.0,0.0,0.0,0.0,0.7213
JG_20260516_1000_송파구_잠실실내체육관_JG_0184,10,올림픽공원,송파구,park,0.4817,0.18,0.0,0.0,0.0,0.0,0.6617
JG_20260516_1230_성동구_성수역3번출구앞_JG_0185,1,남대문시장,중구,market,0.7056,0.0,0.0,0.0,0.0,0.0,0.7056
JG_20260516_1230_성동구_성수역3번출구앞_JG_0185,2,마장축산물시장,성동구,market,0.5116,0.18,0.0,0.0,0.0,0.0,0.6916
JG_20260516_1230_성동구_성수역3번출구앞_JG_0185,3,성동용답상가시장,성동구,market,0.4816,0.18,0.0,0.0,0.0,0.0,0.6616
JG_20260516_1230_성동구_성수역3번출구앞_JG_0185,4,송정벚꽃골목형상점가,성동구,market,0.4775,0.18,0.0,0.0,0.0,0.0,0.6575
JG_20260516_1230_성동구_성수역3번출구앞_JG_0185,5,사근살곶이골목형상점가시장,성동구,market,0.474,0.18,0.0,0.0,0.0,0.0,0.654
JG_20260516_1230_성동구_성수역3번출구앞_JG_0185,6,금남시장,성동구,market,0.4707,0.18,0.0,0.0,0.0,0.0,0.6507
JG_20260516_1230_성동구_성수역3번출구앞_JG_0185,7,뚝도시장,성동구,market,0.4683,0.18,0.0,0.0,0.0,0.0,0.6483
JG_20260516_1230_성동구_성수역3번출구앞_JG_0185,8,마장동축산물시장,성동구,market,0.4682,0.18,0.0,0.0,0.0,0.0,0.6482
JG_20260516_1230_성동구_성수역3번출구앞_JG_0185,9,성수동 골목상권,성동구,market,0.4682,0.18,0.0,0.0,0.0,0.0,0.6482
JG_20260516_1230_성동구_성수역3번출구앞_JG_0185,10,성수동 카페거리,성동구,market,0.4682,0.18,0.0,0.0,0.0,0.0,0.6482
JG_20260516_1840_종로구_황인재문_JG_0186,1,종로노인종합복지관,종로구,senior_friendly,0.7583,0.18,0.0,0.0,0.0,0.0,0.9383
JG_20260516_1840_종로구_황인재문_JG_0186,2,낙산근린공원,종로구,park,0.6884,0.18,0.0,0.0,0.0,0.0,0.8684
JG_20260516_1840_종로구_황인재문_JG_0186,3,북악산도시자연공원,종로구,park,0.6739,0.18,0.0,0.0,0.0,0.0,0.8539
JG_20260516_1840_종로구_황인재문_JG_0186,4,인왕산도시자연공원,종로구,park,0.6425,0.18,0.0,0.0,0.0,0.0,0.8225
JG_20260516_1840_종로구_황인재문_JG_0186,5,세종로공원,종로구,park,0.6373,0.18,0.0,0.0,0.0,0.0,0.8173
JG_20260516_1840_종로구_황인재문_JG_0186,6,경희궁,종로구,park,0.6317,0.18,0.0,0.0,0.0,0.0,0.8117
JG_20260516_1840_종로구_황인재문_JG_0186,7,동대문종합시장,종로구,market,0.6301,0.18,0.0,0.0,0.0,0.0,0.8101
JG_20260516_1840_종로구_황인재문_JG_0186,8,삼청근린공원,종로구,park,0.6253,0.18,0.0,0.0,0.0,0.0,0.8053
JG_20260516_1840_종로구_황인재문_JG_0186,9,광화문시민열린마당,종로구,park,0.6202,0.18,0.0,0.0,0.0,0.0,0.8002
JG_20260516_1840_종로구_황인재문_JG_0186,10,와룡근린공원,종로구,park,0.6141,0.18,0.0,0.0,0.0,0.0,0.7941
JG_20260517_1000_강남구_gtxa삼성역부실공사현장_JG_0187,1,강남구립 도곡1노인복지관,강남구,senior_friendly,0.7782,0.18,0.0,0.0,0.0,0.0,0.9582
JG_20260517_1000_강남구_gtxa삼성역부실공사현장_JG_0187,2,봉은공원,강남구,park,0.7275,0.18,0.0,0.0,0.0,0.0,0.9075
JG_20260517_1000_강남구_gtxa삼성역부실공사현장_JG_0187,3,대모산도시자연공원,강남구,park,0.6299,0.18,0.0,0.0,0.0,0.0,0.8099
JG_20260517_1000_강남구_gtxa삼성역부실공사현장_JG_0187,4,율현공원,강남구,park,0.6295,0.18,0.0,0.0,0.0,0.0,0.8095
JG_20260517_1000_강남구_gtxa삼성역부실공사현장_JG_0187,5,청담근린공원,강남구,park,0.6085,0.18,0.0,0.0,0.0,0.0,0.7885
JG_20260517_1000_강남구_gtxa삼성역부실공사현장_JG_0187,6,광평근린공원,강남구,park,0.6085,0.18,0.0,0.0,0.0,0.0,0.7885
JG_20260517_1000_강남구_gtxa삼성역부실공사현장_JG_0187,7,도곡근린공원,강남구,park,0.6017,0.18,0.0,0.0,0.0,0.0,0.7817
JG_20260517_1000_강남구_gtxa삼성역부실공사현장_JG_0187,8,도산근린공원,강남구,park,0.5757,0.18,0.0,0.0,0.0,0.0,0.7557
JG_20260517_1000_강남구_gtxa삼성역부실공사현장_JG_0187,9,강남,강남구,subway,0.554,0.18,0.0,0.0,0.0,0.0,0.734
JG_20260517_1000_강남구_gtxa삼성역부실공사현장_JG_0187,10,선릉,강남구,subway,0.4454,0.18,0.0,0.0,0.0,0.0,0.6254
JG_20260518_1330_종로구_청년서울살이현장_JG_0192,1,종로노인종합복지관,종로구,senior_friendly,0.7583,0.18,0.0,0.0,0.0,0.0,0.9383
JG_20260518_1330_종로구_청년서울살이현장_JG_0192,2,낙산근린공원,종로구,park,0.6884,0.18,0.0,0.0,0.0,0.0,0.8684
JG_20260518_1330_종로구_청년서울살이현장_JG_0192,3,북악산도시자연공원,종로구,park,0.6739,0.18,0.0,0.0,0.0,0.0,0.8539
JG_20260518_1330_종로구_청년서울살이현장_JG_0192,4,인왕산도시자연공원,종로구,park,0.6425,0.18,0.0,0.0,0.0,0.0,0.8225
JG_20260518_1330_종로구_청년서울살이현장_JG_0192,5,세종로공원,종로구,park,0.6373,0.18,0.0,0.0,0.0,0.0,0.8173
JG_20260518_1330_종로구_청년서울살이현장_JG_0192,6,경희궁,종로구,park,0.6317,0.18,0.0,0.0,0.0,0.0,0.8117
JG_20260518_1330_종로구_청년서울살이현장_JG_0192,7,동대문종합시장,종로구,market,0.6301,0.18,0.0,0.0,0.0,0.0,0.8101
JG_20260518_1330_종로구_청년서울살이현장_JG_0192,8,삼청근린공원,종로구,park,0.6253,0.18,0.0,0.0,0.0,0.0,0.8053
JG_20260518_1330_종로구_청년서울살이현장_JG_0192,9,광화문시민열린마당,종로구,park,0.6202,0.18,0.0,0.0,0.0,0.0,0.8002
JG_20260518_1330_종로구_청년서울살이현장_JG_0192,10,와룡근린공원,종로구,park,0.6141,0.18,0.0,0.0,0.0,0.0,0.7941
JG_20260518_1850_종로구_대학로마로니에공원_JG_0194,1,낙산근린공원,종로구,park,0.6884,0.18,0.0,0.0,0.0,0.0,0.8684
JG_20260518_1850_종로구_대학로마로니에공원_JG_0194,2,북악산도시자연공원,종로구,park,0.6739,0.18,0.0,0.0,0.0,0.0,0.8539
JG_20260518_1850_종로구_대학로마로니에공원_JG_0194,3,인왕산도시자연공원,종로구,park,0.6425,0.18,0.0,0.0,0.0,0.0,0.8225
JG_20260518_1850_종로구_대학로마로니에공원_JG_0194,4,세종로공원,종로구,park,0.6373,0.18,0.0,0.0,0.0,0.0,0.8173
JG_20260518_1850_종로구_대학로마로니에공원_JG_0194,5,경희궁,종로구,park,0.6317,0.18,0.0,0.0,0.0,0.0,0.8117
JG_20260518_1850_종로구_대학로마로니에공원_JG_0194,6,삼청근린공원,종로구,park,0.6253,0.18,0.0,0.0,0.0,0.0,0.8053
JG_20260518_1850_종로구_대학로마로니에공원_JG_0194,7,광화문시민열린마당,종로구,park,0.6202,0.18,0.0,0.0,0.0,0.0,0.8002
JG_20260518_1850_종로구_대학로마로니에공원_JG_0194,8,와룡근린공원,종로구,park,0.6141,0.18,0.0,0.0,0.0,0.0,0.7941
JG_20260518_1850_종로구_대학로마로니에공원_JG_0194,9,사직근린공원,종로구,park,0.614,0.18,0.0,0.0,0.0,0.0,0.794
JG_20260518_1850_종로구_대학로마로니에공원_JG_0194,10,마로니에공원,종로구,park,0.5949,0.18,0.0,0.0,0.0,0.0,0.7749
JG_20260519_1330_양천구_목동재건축현장_JG_0198,1,서울역,중구,subway,0.9642,0.0,0.0,0.0,0.0,0.0,0.9642
JG_20260519_1330_양천구_목동재건축현장_JG_0198,2,잠실(송파구청),송파구,subway,0.9611,0.0,0.0,0.0,0.0,0.0,0.9611
JG_20260519_1330_양천구_목동재건축현장_JG_0198,3,강남,강남구,subway,0.9318,0.0,0.0,0.0,0.0,0.0,0.9318
JG_20260519_1330_양천구_목동재건축현장_JG_0198,4,목동 재건축 현장,양천구,subway,0.696,0.18,0.0,0.0,0.0,0.0,0.876
JG_20260519_1330_양천구_목동재건축현장_JG_0198,5,홍대입구,마포구,subway,0.8656,0.0,0.0,0.0,0.0,0.0,0.8656
JG_20260519_1330_양천구_목동재건축현장_JG_0198,6,고속터미널,서초구,subway,0.8161,0.0,0.0,0.0,0.0,0.0,0.8161
JG_20260519_1330_양천구_목동재건축현장_JG_0198,7,삼성(무역센터),강남구,subway,0.7312,0.0,0.0,0.0,0.0,0.0,0.7312
JG_20260519_1330_양천구_목동재건축현장_JG_0198,8,성수,성동구,subway,0.7287,0.0,0.0,0.0,0.0,0.0,0.7287
JG_20260519_1330_양천구_목동재건축현장_JG_0198,9,선릉,강남구,subway,0.7238,0.0,0.0,0.0,0.0,0.0,0.7238
JG_20260519_1330_양천구_목동재건축현장_JG_0198,10,용산,용산구,subway,0.7194,0.0,0.0,0.0,0.0,0.0,0.7194
JG_20260521_0000_광진구_동서울우편집중국_JG_0202,1,구립 자양노인복지관,광진구,senior_friendly,0.7872,0.18,0.0,0.0,0.0,0.0,0.9672
JG_20260521_0000_광진구_동서울우편집중국_JG_0202,2,어린이대공원,광진구,park,0.6366,0.18,0.0,0.0,0.0,0.0,0.8166
JG_20260521_0000_광진구_동서울우편집중국_JG_0202,3,아차산공원,광진구,park,0.6147,0.18,0.0,0.0,0.0,0.0,0.7947
JG_20260521_0000_광진구_동서울우편집중국_JG_0202,4,건대입구,광진구,subway,0.5488,0.18,0.0,0.0,0.0,0.0,0.7288
JG_20260521_0000_광진구_동서울우편집중국_JG_0202,5,구의(광진구청),광진구,subway,0.4793,0.18,0.0,0.0,0.0,0.0,0.6593
JG_20260521_0000_광진구_동서울우편집중국_JG_0202,6,신성전통시장,광진구,market,0.477,0.18,0.0,0.0,0.0,0.0,0.657
JG_20260521_0000_광진구_동서울우편집중국_JG_0202,7,자양전통시장,광진구,market,0.4758,0.18,0.0,0.0,0.0,0.0,0.6558
JG_20260521_0000_광진구_동서울우편집중국_JG_0202,8,중곡제일골목시장,광진구,market,0.4754,0.18,0.0,0.0,0.0,0.0,0.6554
JG_20260521_0000_광진구_동서울우편집중국_JG_0202,9,건리단길골목형상점가,광진구,market,0.4751,0.18,0.0,0.0,0.0,0.0,0.6551
JG_20260521_0000_광진구_동서울우편집중국_JG_0202,10,자양15번가 골목형상점가,광진구,market,0.475,0.18,0.0,0.0,0.0,0.0,0.655
JG_20260521_1320_광진구_청년안심주택_JG_0205,1,구립 자양노인복지관,광진구,senior_friendly,0.7872,0.18,0.0,0.0,0.0,0.0,0.9672
JG_20260521_1320_광진구_청년안심주택_JG_0205,2,어린이대공원,광진구,park,0.6366,0.18,0.0,0.0,0.0,0.0,0.8166
JG_20260521_1320_광진구_청년안심주택_JG_0205,3,아차산공원,광진구,park,0.6147,0.18,0.0,0.0,0.0,0.0,0.7947
JG_20260521_1320_광진구_청년안심주택_JG_0205,4,건대입구,광진구,subway,0.5488,0.18,0.0,0.0,0.0,0.0,0.7288
JG_20260521_1320_광진구_청년안심주택_JG_0205,5,구의(광진구청),광진구,subway,0.4793,0.18,0.0,0.0,0.0,0.0,0.6593
JG_20260521_1320_광진구_청년안심주택_JG_0205,6,신성전통시장,광진구,market,0.477,0.18,0.0,0.0,0.0,0.0,0.657
JG_20260521_1320_광진구_청년안심주택_JG_0205,7,자양전통시장,광진구,market,0.4758,0.18,0.0,0.0,0.0,0.0,0.6558
JG_20260521_1320_광진구_청년안심주택_JG_0205,8,중곡제일골목시장,광진구,market,0.4754,0.18,0.0,0.0,0.0,0.0,0.6554
JG_20260521_1320_광진구_청년안심주택_JG_0205,9,건리단길골목형상점가,광진구,market,0.4751,0.18,0.0,0.0,0.0,0.0,0.6551
JG_20260521_1320_광진구_청년안심주택_JG_0205,10,자양15번가 골목형상점가,광진구,market,0.475,0.18,0.0,0.0,0.0,0.0,0.655
JG_20260521_1450_강남구_gtxa삼성역부실공사현장_JG_0207,1,강남,강남구,subway,0.9318,0.18,0.0,0.0,0.0,0.0,1.1118
JG_20260521_1450_강남구_gtxa삼성역부실공사현장_JG_0207,2,강남구립 도곡1노인복지관,강남구,senior_friendly,0.7921,0.18,0.0,0.0,0.0,0.0,0.9721
JG_20260521_1450_강남구_gtxa삼성역부실공사현장_JG_0207,3,봉은공원,강남구,park,0.7451,0.18,0.0,0.0,0.0,0.0,0.9251
JG_20260521_1450_강남구_gtxa삼성역부실공사현장_JG_0207,4,삼성(무역센터),강남구,subway,0.7312,0.18,0.0,0.0,0.0,0.0,0.9112
JG_20260521_1450_강남구_gtxa삼성역부실공사현장_JG_0207,5,선릉,강남구,subway,0.7238,0.18,0.0,0.0,0.0,0.0,0.9038
JG_20260521_1450_강남구_gtxa삼성역부실공사현장_JG_0207,6,율현공원,강남구,park,0.6472,0.18,0.0,0.0,0.0,0.0,0.8272
JG_20260521_1450_강남구_gtxa삼성역부실공사현장_JG_0207,7,대모산도시자연공원,강남구,park,0.6464,0.18,0.0,0.0,0.0,0.0,0.8264
JG_20260521_1450_강남구_gtxa삼성역부실공사현장_JG_0207,8,역삼,강남구,subway,0.6459,0.18,0.0,0.0,0.0,0.0,0.8259
JG_20260521_1450_강남구_gtxa삼성역부실공사현장_JG_0207,9,청담근린공원,강남구,park,0.6261,0.18,0.0,0.0,0.0,0.0,0.8061
JG_20260521_1450_강남구_gtxa삼성역부실공사현장_JG_0207,10,광평근린공원,강남구,park,0.625,0.18,0.0,0.0,0.0,0.0,0.805
JG_20260521_1530_서초구_고속터미널_JG_0208,1,고속터미널,서초구,subway,0.8161,0.18,0.0,0.0,0.0,0.0,0.9961
JG_20260521_1530_서초구_고속터미널_JG_0208,2,서울역,중구,subway,0.9642,0.0,0.0,0.0,0.0,0.0,0.9642
JG_20260521_1530_서초구_고속터미널_JG_0208,3,잠실(송파구청),송파구,subway,0.9611,0.0,0.0,0.0,0.0,0.0,0.9611
JG_20260521_1530_서초구_고속터미널_JG_0208,4,강남,강남구,subway,0.9318,0.0,0.0,0.0,0.0,0.0,0.9318
JG_20260521_1530_서초구_고속터미널_JG_0208,5,홍대입구,마포구,subway,0.8656,0.0,0.0,0.0,0.0,0.0,0.8656
JG_20260521_1530_서초구_고속터미널_JG_0208,6,삼성(무역센터),강남구,subway,0.7312,0.0,0.0,0.0,0.0,0.0,0.7312
JG_20260521_1530_서초구_고속터미널_JG_0208,7,성수,성동구,subway,0.7287,0.0,0.0,0.0,0.0,0.0,0.7287
JG_20260521_1530_서초구_고속터미널_JG_0208,8,양재(서초구청),서초구,subway,0.5482,0.18,0.0,0.0,0.0,0.0,0.7282
JG_20260521_1530_서초구_고속터미널_JG_0208,9,고속터미널,서초구,market,0.5481,0.18,0.0,0.0,0.0,0.0,0.7281
JG_20260521_1530_서초구_고속터미널_JG_0208,10,선릉,강남구,subway,0.7238,0.0,0.0,0.0,0.0,0.0,0.7238
JG_20260521_1800_강남구_강남스퀘어_JG_0210,1,강남,강남구,subway,0.9318,0.18,0.0,0.0,0.0,0.0,1.1118
JG_20260521_1800_강남구_강남스퀘어_JG_0210,2,서울역,중구,subway,0.9642,0.0,0.0,0.0,0.0,0.0,0.9642
JG_20260521_1800_강남구_강남스퀘어_JG_0210,3,잠실(송파구청),송파구,subway,0.9611,0.0,0.0,0.0,0.0,0.0,0.9611
JG_20260521_1800_강남구_강남스퀘어_JG_0210,4,삼성(무역센터),강남구,subway,0.7312,0.18,0.0,0.0,0.0,0.0,0.9112
JG_20260521_1800_강남구_강남스퀘어_JG_0210,5,선릉,강남구,subway,0.7238,0.18,0.0,0.0,0.0,0.0,0.9038
JG_20260521_1800_강남구_강남스퀘어_JG_0210,6,홍대입구,마포구,subway,0.8656,0.0,0.0,0.0,0.0,0.0,0.8656
JG_20260521_1800_강남구_강남스퀘어_JG_0210,7,역삼,강남구,subway,0.6459,0.18,0.0,0.0,0.0,0.0,0.8259
JG_20260521_1800_강남구_강남스퀘어_JG_0210,8,고속터미널,서초구,subway,0.8161,0.0,0.0,0.0,0.0,0.0,0.8161
JG_20260521_1800_강남구_강남스퀘어_JG_0210,9,성수,성동구,subway,0.7287,0.0,0.0,0.0,0.0,0.0,0.7287
JG_20260521_1800_강남구_강남스퀘어_JG_0210,10,강남구청,강남구,subway,0.364,0.18,0.0,0.0,0.0,0.0,0.544
JG_20260522_1130_중랑구_면목역광장_JG_0212,1,신림,관악구,subway,0.9468,0.0,0.0,0.0,0.0,0.0,0.9468
JG_20260522_1130_중랑구_면목역광장_JG_0212,2,면목역 광장,중랑구,subway,0.6229,0.18,0.0,0.0,0.0,0.0,0.8029
JG_20260522_1130_중랑구_면목역광장_JG_0212,3,잠실(송파구청),송파구,subway,0.8013,0.0,0.0,0.0,0.0,0.0,0.8013
JG_20260522_1130_중랑구_면목역광장_JG_0212,4,서울역,중구,subway,0.7902,0.0,0.0,0.0,0.0,0.0,0.7902
JG_20260522_1130_중랑구_면목역광장_JG_0212,5,구로디지털단지,구로구,subway,0.776,0.0,0.0,0.0,0.0,0.0,0.776
JG_20260522_1130_중랑구_면목역광장_JG_0212,6,서울대입구(관악구청),관악구,subway,0.7382,0.0,0.0,0.0,0.0,0.0,0.7382
JG_20260522_1130_중랑구_면목역광장_JG_0212,7,신도림,구로구,subway,0.7139,0.0,0.0,0.0,0.0,0.0,0.7139
JG_20260522_1130_중랑구_면목역광장_JG_0212,8,연신내,은평구,subway,0.667,0.0,0.0,0.0,0.0,0.0,0.667
JG_20260522_1130_중랑구_면목역광장_JG_0212,9,까치산,강서구,subway,0.6301,0.0,0.0,0.0,0.0,0.0,0.6301
JG_20260522_1130_중랑구_면목역광장_JG_0212,10,화곡,강서구,subway,0.6251,0.0,0.0,0.0,0.0,0.0,0.6251
JG_20260522_1140_중랑구_동일시장_JG_0213,1,우림골목시장,중랑구,market,0.4303,0.18,0.0,0.0,0.0,0.0,0.6103
JG_20260522_1140_중랑구_동일시장_JG_0213,2,동원전통종합시장,중랑구,market,0.4289,0.18,0.0,0.0,0.0,0.0,0.6089
JG_20260522_1140_중랑구_동일시장_JG_0213,3,상봉먹자 골목형상점가,중랑구,market,0.4267,0.18,0.0,0.0,0.0,0.0,0.6067
JG_20260522_1140_중랑구_동일시장_JG_0213,4,사가정시장,중랑구,market,0.4259,0.18,0.0,0.0,0.0,0.0,0.6059
JG_20260522_1140_중랑구_동일시장_JG_0213,5,면목시장(골목형),중랑구,market,0.4257,0.18,0.0,0.0,0.0,0.0,0.6057
JG_20260522_1140_중랑구_동일시장_JG_0213,6,신내구길 골목형상점가,중랑구,market,0.4251,0.18,0.0,0.0,0.0,0.0,0.6051
JG_20260522_1140_중랑구_동일시장_JG_0213,7,사가정51길 골목형상점가,중랑구,market,0.4235,0.18,0.0,0.0,0.0,0.0,0.6035
JG_20260522_1140_중랑구_동일시장_JG_0213,8,중랑동부시장,중랑구,market,0.423,0.18,0.0,0.0,0.0,0.0,0.603
JG_20260522_1140_중랑구_동일시장_JG_0213,9,묵동도깨비시장 골목형상점가,중랑구,market,0.4229,0.18,0.0,0.0,0.0,0.0,0.6029
JG_20260522_1140_중랑구_동일시장_JG_0213,10,태능 골목형상점가,중랑구,market,0.4228,0.18,0.0,0.0,0.0,0.0,0.6028
JG_20260522_1330_노원구_롯데백화점앞_JG_0214,1,서울역,중구,subway,0.9642,0.0,0.0,0.0,0.0,0.0,0.9642
JG_20260522_1330_노원구_롯데백화점앞_JG_0214,2,잠실(송파구청),송파구,subway,0.9611,0.0,0.0,0.0,0.0,0.0,0.9611
JG_20260522_1330_노원구_롯데백화점앞_JG_0214,3,강남,강남구,subway,0.9318,0.0,0.0,0.0,0.0,0.0,0.9318
JG_20260522_1330_노원구_롯데백화점앞_JG_0214,4,홍대입구,마포구,subway,0.8656,0.0,0.0,0.0,0.0,0.0,0.8656
JG_20260522_1330_노원구_롯데백화점앞_JG_0214,5,고속터미널,서초구,subway,0.8161,0.0,0.0,0.0,0.0,0.0,0.8161
JG_20260522_1330_노원구_롯데백화점앞_JG_0214,6,삼성(무역센터),강남구,subway,0.7312,0.0,0.0,0.0,0.0,0.0,0.7312
JG_20260522_1330_노원구_롯데백화점앞_JG_0214,7,성수,성동구,subway,0.7287,0.0,0.0,0.0,0.0,0.0,0.7287
JG_20260522_1330_노원구_롯데백화점앞_JG_0214,8,선릉,강남구,subway,0.7238,0.0,0.0,0.0,0.0,0.0,0.7238
JG_20260522_1330_노원구_롯데백화점앞_JG_0214,9,용산,용산구,subway,0.7194,0.0,0.0,0.0,0.0,0.0,0.7194
JG_20260522_1330_노원구_롯데백화점앞_JG_0214,10,노원,노원구,subway,0.4421,0.18,0.0,0.0,0.0,0.0,0.6221
JG_20260522_1440_노원구_상계보람아파트_JG_0215,1,서울역,중구,subway,0.9642,0.0,0.0,0.0,0.0,0.0,0.9642
JG_20260522_1440_노원구_상계보람아파트_JG_0215,2,잠실(송파구청),송파구,subway,0.9611,0.0,0.0,0.0,0.0,0.0,0.9611
JG_20260522_1440_노원구_상계보람아파트_JG_0215,3,강남,강남구,subway,0.9318,0.0,0.0,0.0,0.0,0.0,0.9318
JG_20260522_1440_노원구_상계보람아파트_JG_0215,4,홍대입구,마포구,subway,0.8656,0.0,0.0,0.0,0.0,0.0,0.8656
JG_20260522_1440_노원구_상계보람아파트_JG_0215,5,고속터미널,서초구,subway,0.8161,0.0,0.0,0.0,0.0,0.0,0.8161
JG_20260522_1440_노원구_상계보람아파트_JG_0215,6,삼성(무역센터),강남구,subway,0.7312,0.0,0.0,0.0,0.0,0.0,0.7312
JG_20260522_1440_노원구_상계보람아파트_JG_0215,7,성수,성동구,subway,0.7287,0.0,0.0,0.0,0.0,0.0,0.7287
JG_20260522_1440_노원구_상계보람아파트_JG_0215,8,선릉,강남구,subway,0.7238,0.0,0.0,0.0,0.0,0.0,0.7238
JG_20260522_1440_노원구_상계보람아파트_JG_0215,9,용산,용산구,subway,0.7194,0.0,0.0,0.0,0.0,0.0,0.7194
JG_20260522_1440_노원구_상계보람아파트_JG_0215,10,노원,노원구,subway,0.4421,0.18,0.0,0.0,0.0,0.0,0.6221
JG_20260522_1700_도봉구_박영선지역유세장_JG_0217,1,서울역,중구,subway,0.9642,0.0,0.0,0.0,0.0,0.0,0.9642
JG_20260522_1700_도봉구_박영선지역유세장_JG_0217,2,잠실(송파구청),송파구,subway,0.9611,0.0,0.0,0.0,0.0,0.0,0.9611
JG_20260522_1700_도봉구_박영선지역유세장_JG_0217,3,강남,강남구,subway,0.9318,0.0,0.0,0.0,0.0,0.0,0.9318
JG_20260522_1700_도봉구_박영선지역유세장_JG_0217,4,홍대입구,마포구,subway,0.8656,0.0,0.0,0.0,0.0,0.0,0.8656
JG_20260522_1700_도봉구_박영선지역유세장_JG_0217,5,고속터미널,서초구,subway,0.8161,0.0,0.0,0.0,0.0,0.0,0.8161
JG_20260522_1700_도봉구_박영선지역유세장_JG_0217,6,삼성(무역센터),강남구,subway,0.7312,0.0,0.0,0.0,0.0,0.0,0.7312
JG_20260522_1700_도봉구_박영선지역유세장_JG_0217,7,성수,성동구,subway,0.7287,0.0,0.0,0.0,0.0,0.0,0.7287
JG_20260522_1700_도봉구_박영선지역유세장_JG_0217,8,선릉,강남구,subway,0.7238,0.0,0.0,0.0,0.0,0.0,0.7238
JG_20260522_1700_도봉구_박영선지역유세장_JG_0217,9,용산,용산구,subway,0.7194,0.0,0.0,0.0,0.0,0.0,0.7194
JG_20260522_1700_도봉구_박영선지역유세장_JG_0217,10,쌍문,도봉구,subway,0.4837,0.18,0.0,0.0,0.0,0.0,0.6637
JG_20260522_1710_도봉구_중앙시장_JG_0218,1,남대문시장,중구,market,0.7056,0.0,0.0,0.0,0.0,0.0,0.7056
JG_20260522_1710_도봉구_중앙시장_JG_0218,2,신도봉시장,도봉구,market,0.4765,0.18,0.0,0.0,0.0,0.0,0.6565
JG_20260522_1710_도봉구_중앙시장_JG_0218,3,방학동도깨비시장,도봉구,market,0.4733,0.18,0.0,0.0,0.0,0.0,0.6533
JG_20260522_1710_도봉구_중앙시장_JG_0218,4,쌍문시장,도봉구,market,0.4726,0.18,0.0,0.0,0.0,0.0,0.6526
JG_20260522_1710_도봉구_중앙시장_JG_0218,5,창동신창시장,도봉구,market,0.4716,0.18,0.0,0.0,0.0,0.0,0.6516
JG_20260522_1710_도봉구_중앙시장_JG_0218,6,백운시장,도봉구,market,0.4704,0.18,0.0,0.0,0.0,0.0,0.6504
JG_20260522_1710_도봉구_중앙시장_JG_0218,7,창동골목시장,도봉구,market,0.4694,0.18,0.0,0.0,0.0,0.0,0.6494
JG_20260522_1710_도봉구_중앙시장_JG_0218,8,중앙시장,도봉구,market,0.4693,0.18,0.0,0.0,0.0,0.0,0.6493
JG_20260522_1710_도봉구_중앙시장_JG_0218,9,동대문종합시장,종로구,market,0.6301,0.0,0.0,0.0,0.0,0.0,0.6301
JG_20260522_1710_도봉구_중앙시장_JG_0218,10,장안 마실 골목형상점가,동대문구,market,0.6299,0.0,0.0,0.0,0.0,0.0,0.6299
JG_20260522_1900_용산구_용산역_JG_0219,1,서울역,중구,subway,0.9642,0.0,0.0,0.0,0.0,0.0,0.9642
JG_20260522_1900_용산구_용산역_JG_0219,2,잠실(송파구청),송파구,subway,0.9611,0.0,0.0,0.0,0.0,0.0,0.9611
JG_20260522_1900_용산구_용산역_JG_0219,3,강남,강남구,subway,0.9318,0.0,0.0,0.0,0.0,0.0,0.9318
JG_20260522_1900_용산구_용산역_JG_0219,4,용산,용산구,subway,0.7194,0.18,0.0,0.0,0.0,0.0,0.8994
JG_20260522_1900_용산구_용산역_JG_0219,5,용산역,용산구,subway,0.696,0.18,0.0,0.0,0.0,0.0,0.876
JG_20260522_1900_용산구_용산역_JG_0219,6,홍대입구,마포구,subway,0.8656,0.0,0.0,0.0,0.0,0.0,0.8656
JG_20260522_1900_용산구_용산역_JG_0219,7,고속터미널,서초구,subway,0.8161,0.0,0.0,0.0,0.0,0.0,0.8161
JG_20260522_1900_용산구_용산역_JG_0219,8,삼성(무역센터),강남구,subway,0.7312,0.0,0.0,0.0,0.0,0.0,0.7312
JG_20260522_1900_용산구_용산역_JG_0219,9,성수,성동구,subway,0.7287,0.0,0.0,0.0,0.0,0.0,0.7287
JG_20260522_1900_용산구_용산역_JG_0219,10,선릉,강남구,subway,0.7238,0.0,0.0,0.0,0.0,0.0,0.7238
JG_20260523_0900_도봉구_도봉산입구_JG_0220,1,신림,관악구,subway,0.9468,0.0,0.0,0.0,0.0,0.0,0.9468
JG_20260523_0900_도봉구_도봉산입구_JG_0220,2,쌍문,도봉구,subway,0.623,0.18,0.0,0.0,0.0,0.0,0.803
JG_20260523_0900_도봉구_도봉산입구_JG_0220,3,도봉산 입구,도봉구,subway,0.6229,0.18,0.0,0.0,0.0,0.0,0.8029
JG_20260523_0900_도봉구_도봉산입구_JG_0220,4,박영선 지역유세장,도봉구,subway,0.6229,0.18,0.0,0.0,0.0,0.0,0.8029
JG_20260523_0900_도봉구_도봉산입구_JG_0220,5,방학역,도봉구,subway,0.6229,0.18,0.0,0.0,0.0,0.0,0.8029
JG_20260523_0900_도봉구_도봉산입구_JG_0220,6,잠실(송파구청),송파구,subway,0.8013,0.0,0.0,0.0,0.0,0.0,0.8013
JG_20260523_0900_도봉구_도봉산입구_JG_0220,7,서울역,중구,subway,0.7902,0.0,0.0,0.0,0.0,0.0,0.7902
JG_20260523_0900_도봉구_도봉산입구_JG_0220,8,구로디지털단지,구로구,subway,0.776,0.0,0.0,0.0,0.0,0.0,0.776
JG_20260523_0900_도봉구_도봉산입구_JG_0220,9,서울대입구(관악구청),관악구,subway,0.7382,0.0,0.0,0.0,0.0,0.0,0.7382
JG_20260523_0900_도봉구_도봉산입구_JG_0220,10,신도림,구로구,subway,0.7139,0.0,0.0,0.0,0.0,0.0,0.7139
JG_20260523_0950_도봉구_도봉산길_JG_0221,1,초안산근린공원,도봉구,park,0.6845,0.18,0.0,0.0,0.0,0.0,0.8645
JG_20260523_0950_도봉구_도봉산길_JG_0221,2,초안산생태공원,도봉구,park,0.652,0.18,0.0,0.0,0.0,0.0,0.832
JG_20260523_0950_도봉구_도봉산길_JG_0221,3,쌍문근린공원,도봉구,park,0.6298,0.18,0.0,0.0,0.0,0.0,0.8098
JG_20260523_0950_도봉구_도봉산길_JG_0221,4,월천근린공원,도봉구,park,0.5986,0.18,0.0,0.0,0.0,0.0,0.7786
JG_20260523_0950_도봉구_도봉산길_JG_0221,5,발바닥공원,도봉구,park,0.5888,0.18,0.0,0.0,0.0,0.0,0.7688
JG_20260523_0950_도봉구_도봉산길_JG_0221,6,서울창포원,도봉구,park,0.5824,0.18,0.0,0.0,0.0,0.0,0.7624
JG_20260523_0950_도봉구_도봉산길_JG_0221,7,도봉산 입구,도봉구,park,0.5823,0.18,0.0,0.0,0.0,0.0,0.7623
JG_20260523_0950_도봉구_도봉산길_JG_0221,8,도봉산길,도봉구,park,0.5823,0.18,0.0,0.0,0.0,0.0,0.7623
JG_20260523_0950_도봉구_도봉산길_JG_0221,9,봉은공원,강남구,park,0.7275,0.0,0.0,0.0,0.0,0.0,0.7275
JG_20260523_0950_도봉구_도봉산길_JG_0221,10,월드컵공원,마포구,park,0.7248,0.0,0.0,0.0,0.0,0.0,0.7248
JG_20260523_1100_은평구_연신내역_JG_0222,1,신림,관악구,subway,0.9468,0.0,0.0,0.0,0.0,0.0,0.9468
JG_20260523_1100_은평구_연신내역_JG_0222,2,연신내,은평구,subway,0.667,0.18,0.0,0.0,0.0,0.0,0.847
JG_20260523_1100_은평구_연신내역_JG_0222,3,연신내역,은평구,subway,0.6229,0.18,0.0,0.0,0.0,0.0,0.8029
JG_20260523_1100_은평구_연신내역_JG_0222,4,잠실(송파구청),송파구,subway,0.8013,0.0,0.0,0.0,0.0,0.0,0.8013
JG_20260523_1100_은평구_연신내역_JG_0222,5,서울역,중구,subway,0.7902,0.0,0.0,0.0,0.0,0.0,0.7902
JG_20260523_1100_은평구_연신내역_JG_0222,6,구로디지털단지,구로구,subway,0.776,0.0,0.0,0.0,0.0,0.0,0.776
JG_20260523_1100_은평구_연신내역_JG_0222,7,서울대입구(관악구청),관악구,subway,0.7382,0.0,0.0,0.0,0.0,0.0,0.7382
JG_20260523_1100_은평구_연신내역_JG_0222,8,신도림,구로구,subway,0.7139,0.0,0.0,0.0,0.0,0.0,0.7139
JG_20260523_1100_은평구_연신내역_JG_0222,9,까치산,강서구,subway,0.6301,0.0,0.0,0.0,0.0,0.0,0.6301
JG_20260523_1100_은평구_연신내역_JG_0222,10,화곡,강서구,subway,0.6251,0.0,0.0,0.0,0.0,0.0,0.6251
JG_20260523_1140_은평구_연신내역_JG_0223,1,신림,관악구,subway,0.9468,0.0,0.0,0.0,0.0,0.0,0.9468
JG_20260523_1140_은평구_연신내역_JG_0223,2,연신내,은평구,subway,0.667,0.18,0.0,0.0,0.0,0.0,0.847
JG_20260523_1140_은평구_연신내역_JG_0223,3,연신내역,은평구,subway,0.6229,0.18,0.0,0.0,0.0,0.0,0.8029
JG_20260523_1140_은평구_연신내역_JG_0223,4,잠실(송파구청),송파구,subway,0.8013,0.0,0.0,0.0,0.0,0.0,0.8013
JG_20260523_1140_은평구_연신내역_JG_0223,5,서울역,중구,subway,0.7902,0.0,0.0,0.0,0.0,0.0,0.7902
JG_20260523_1140_은평구_연신내역_JG_0223,6,구로디지털단지,구로구,subway,0.776,0.0,0.0,0.0,0.0,0.0,0.776
JG_20260523_1140_은평구_연신내역_JG_0223,7,서울대입구(관악구청),관악구,subway,0.7382,0.0,0.0,0.0,0.0,0.0,0.7382
JG_20260523_1140_은평구_연신내역_JG_0223,8,신도림,구로구,subway,0.7139,0.0,0.0,0.0,0.0,0.0,0.7139
JG_20260523_1140_은평구_연신내역_JG_0223,9,까치산,강서구,subway,0.6301,0.0,0.0,0.0,0.0,0.0,0.6301
JG_20260523_1140_은평구_연신내역_JG_0223,10,화곡,강서구,subway,0.6251,0.0,0.0,0.0,0.0,0.0,0.6251
JG_20260523_1500_서대문구_홍제역_JG_0225,1,서울역,중구,subway,0.9642,0.0,0.0,0.0,0.0,0.0,0.9642
JG_20260523_1500_서대문구_홍제역_JG_0225,2,잠실(송파구청),송파구,subway,0.9611,0.0,0.0,0.0,0.0,0.0,0.9611
JG_20260523_1500_서대문구_홍제역_JG_0225,3,강남,강남구,subway,0.9318,0.0,0.0,0.0,0.0,0.0,0.9318
JG_20260523_1500_서대문구_홍제역_JG_0225,4,국민은행 홍제동점,서대문구,subway,0.696,0.18,0.0,0.0,0.0,0.0,0.876
JG_20260523_1500_서대문구_홍제역_JG_0225,5,홍제역,서대문구,subway,0.696,0.18,0.0,0.0,0.0,0.0,0.876
JG_20260523_1500_서대문구_홍제역_JG_0225,6,홍대입구,마포구,subway,0.8656,0.0,0.0,0.0,0.0,0.0,0.8656
JG_20260523_1500_서대문구_홍제역_JG_0225,7,고속터미널,서초구,subway,0.8161,0.0,0.0,0.0,0.0,0.0,0.8161
JG_20260523_1500_서대문구_홍제역_JG_0225,8,삼성(무역센터),강남구,subway,0.7312,0.0,0.0,0.0,0.0,0.0,0.7312
JG_20260523_1500_서대문구_홍제역_JG_0225,9,성수,성동구,subway,0.7287,0.0,0.0,0.0,0.0,0.0,0.7287
JG_20260523_1500_서대문구_홍제역_JG_0225,10,선릉,강남구,subway,0.7238,0.0,0.0,0.0,0.0,0.0,0.7238
JG_20260523_1550_서대문구_홍제역_JG_0226,1,서울역,중구,subway,0.9642,0.0,0.0,0.0,0.0,0.0,0.9642
JG_20260523_1550_서대문구_홍제역_JG_0226,2,잠실(송파구청),송파구,subway,0.9611,0.0,0.0,0.0,0.0,0.0,0.9611
JG_20260523_1550_서대문구_홍제역_JG_0226,3,강남,강남구,subway,0.9318,0.0,0.0,0.0,0.0,0.0,0.9318
JG_20260523_1550_서대문구_홍제역_JG_0226,4,국민은행 홍제동점,서대문구,subway,0.696,0.18,0.0,0.0,0.0,0.0,0.876
JG_20260523_1550_서대문구_홍제역_JG_0226,5,홍제역,서대문구,subway,0.696,0.18,0.0,0.0,0.0,0.0,0.876
JG_20260523_1550_서대문구_홍제역_JG_0226,6,홍대입구,마포구,subway,0.8656,0.0,0.0,0.0,0.0,0.0,0.8656
JG_20260523_1550_서대문구_홍제역_JG_0226,7,고속터미널,서초구,subway,0.8161,0.0,0.0,0.0,0.0,0.0,0.8161
JG_20260523_1550_서대문구_홍제역_JG_0226,8,삼성(무역센터),강남구,subway,0.7312,0.0,0.0,0.0,0.0,0.0,0.7312
JG_20260523_1550_서대문구_홍제역_JG_0226,9,성수,성동구,subway,0.7287,0.0,0.0,0.0,0.0,0.0,0.7287
JG_20260523_1550_서대문구_홍제역_JG_0226,10,선릉,강남구,subway,0.7238,0.0,0.0,0.0,0.0,0.0,0.7238
JG_20260523_1800_마포구_상암_JG_0227,1,홍대입구,마포구,subway,0.8656,0.18,0.0,0.0,0.0,0.0,1.0456
JG_20260523_1800_마포구_상암_JG_0227,2,서울역,중구,subway,0.9642,0.0,0.0,0.0,0.0,0.0,0.9642
JG_20260523_1800_마포구_상암_JG_0227,3,잠실(송파구청),송파구,subway,0.9611,0.0,0.0,0.0,0.0,0.0,0.9611
JG_20260523_1800_마포구_상암_JG_0227,4,강남,강남구,subway,0.9318,0.0,0.0,0.0,0.0,0.0,0.9318
JG_20260523_1800_마포구_상암_JG_0227,5,고속터미널,서초구,subway,0.8161,0.0,0.0,0.0,0.0,0.0,0.8161
JG_20260523_1800_마포구_상암_JG_0227,6,삼성(무역센터),강남구,subway,0.7312,0.0,0.0,0.0,0.0,0.0,0.7312
JG_20260523_1800_마포구_상암_JG_0227,7,성수,성동구,subway,0.7287,0.0,0.0,0.0,0.0,0.0,0.7287
JG_20260523_1800_마포구_상암_JG_0227,8,선릉,강남구,subway,0.7238,0.0,0.0,0.0,0.0,0.0,0.7238
JG_20260523_1800_마포구_상암_JG_0227,9,합정,마포구,subway,0.4906,0.18,0.0,0.0,0.0,0.0,0.6706
JG_20260523_1800_마포구_상암_JG_0227,10,마포구청,마포구,subway,0.3615,0.18,0.0,0.0,0.0,0.0,0.5415
JG_20260523_1810_마포구_홍대거리_JG_0228,1,남대문시장,중구,market,0.7056,0.0,0.0,0.0,0.0,0.0,0.7056
JG_20260523_1810_마포구_홍대거리_JG_0228,2,아현시장,마포구,market,0.4776,0.18,0.0,0.0,0.0,0.0,0.6576
JG_20260523_1810_마포구_홍대거리_JG_0228,3,연남동골목형상점가,마포구,market,0.4764,0.18,0.0,0.0,0.0,0.0,0.6564
JG_20260523_1810_마포구_홍대거리_JG_0228,4,망원시장,마포구,market,0.4721,0.18,0.0,0.0,0.0,0.0,0.6521
JG_20260523_1810_마포구_홍대거리_JG_0228,5,홍대레드로드골목형상점가,마포구,market,0.4699,0.18,0.0,0.0,0.0,0.0,0.6499
JG_20260523_1810_마포구_홍대거리_JG_0228,6,망원동월드컵시장,마포구,market,0.4684,0.18,0.0,0.0,0.0,0.0,0.6484
JG_20260523_1810_마포구_홍대거리_JG_0228,7,"망원시장, 월드컵시장",마포구,market,0.4683,0.18,0.0,0.0,0.0,0.0,0.6483
JG_20260523_1810_마포구_홍대거리_JG_0228,8,홍대거리,마포구,market,0.4683,0.18,0.0,0.0,0.0,0.0,0.6483
JG_20260523_1810_마포구_홍대거리_JG_0228,9,동대문종합시장,종로구,market,0.6301,0.0,0.0,0.0,0.0,0.0,0.6301
JG_20260523_1810_마포구_홍대거리_JG_0228,10,장안 마실 골목형상점가,동대문구,market,0.6299,0.0,0.0,0.0,0.0,0.0,0.6299
JG_20260524_1400_광진구_어린이대공원_JG_0230,1,어린이대공원,광진구,park,0.6366,0.18,0.0,0.0,0.0,0.0,0.8166
JG_20260524_1400_광진구_어린이대공원_JG_0230,2,아차산공원,광진구,park,0.6147,0.18,0.0,0.0,0.0,0.0,0.7947
JG_20260524_1400_광진구_어린이대공원_JG_0230,3,능동어린이대공원,광진구,park,0.6146,0.18,0.0,0.0,0.0,0.0,0.7946
JG_20260524_1400_광진구_어린이대공원_JG_0230,4,서울어린이대공원,광진구,park,0.6146,0.18,0.0,0.0,0.0,0.0,0.7946
JG_20260524_1400_광진구_어린이대공원_JG_0230,5,봉은공원,강남구,park,0.7451,0.0,0.0,0.0,0.0,0.0,0.7451
JG_20260524_1400_광진구_어린이대공원_JG_0230,6,월드컵공원,마포구,park,0.7425,0.0,0.0,0.0,0.0,0.0,0.7425
JG_20260524_1400_광진구_어린이대공원_JG_0230,7,중랑캠핑숲,중랑구,park,0.7412,0.0,0.0,0.0,0.0,0.0,0.7412
JG_20260524_1400_광진구_어린이대공원_JG_0230,8,백련근린공원,서대문구,park,0.7275,0.0,0.0,0.0,0.0,0.0,0.7275
JG_20260524_1400_광진구_어린이대공원_JG_0230,9,남산공원,중구,park,0.7185,0.0,0.0,0.0,0.0,0.0,0.7185
JG_20260524_1400_광진구_어린이대공원_JG_0230,10,안산도시자연공원,서대문구,park,0.7158,0.0,0.0,0.0,0.0,0.0,0.7158
JG_20260524_1440_광진구_어린이대공원_JG_0231,1,어린이대공원,광진구,park,0.6366,0.18,0.0,0.0,0.0,0.0,0.8166
JG_20260524_1440_광진구_어린이대공원_JG_0231,2,아차산공원,광진구,park,0.6147,0.18,0.0,0.0,0.0,0.0,0.7947
JG_20260524_1440_광진구_어린이대공원_JG_0231,3,능동어린이대공원,광진구,park,0.6146,0.18,0.0,0.0,0.0,0.0,0.7946
JG_20260524_1440_광진구_어린이대공원_JG_0231,4,서울어린이대공원,광진구,park,0.6146,0.18,0.0,0.0,0.0,0.0,0.7946
JG_20260524_1440_광진구_어린이대공원_JG_0231,5,봉은공원,강남구,park,0.7451,0.0,0.0,0.0,0.0,0.0,0.7451
JG_20260524_1440_광진구_어린이대공원_JG_0231,6,월드컵공원,마포구,park,0.7425,0.0,0.0,0.0,0.0,0.0,0.7425
JG_20260524_1440_광진구_어린이대공원_JG_0231,7,중랑캠핑숲,중랑구,park,0.7412,0.0,0.0,0.0,0.0,0.0,0.7412
JG_20260524_1440_광진구_어린이대공원_JG_0231,8,백련근린공원,서대문구,park,0.7275,0.0,0.0,0.0,0.0,0.0,0.7275
JG_20260524_1440_광진구_어린이대공원_JG_0231,9,남산공원,중구,park,0.7185,0.0,0.0,0.0,0.0,0.0,0.7185
JG_20260524_1440_광진구_어린이대공원_JG_0231,10,안산도시자연공원,서대문구,park,0.7158,0.0,0.0,0.0,0.0,0.0,0.7158
JG_20260524_1500_광진구_재개발재건축현장_JG_0232,1,서울역,중구,subway,0.9642,0.0,0.0,0.0,0.0,0.0,0.9642
JG_20260524_1500_광진구_재개발재건축현장_JG_0232,2,잠실(송파구청),송파구,subway,0.9611,0.0,0.0,0.0,0.0,0.0,0.9611
JG_20260524_1500_광진구_재개발재건축현장_JG_0232,3,강남,강남구,subway,0.9318,0.0,0.0,0.0,0.0,0.0,0.9318
JG_20260524_1500_광진구_재개발재건축현장_JG_0232,4,홍대입구,마포구,subway,0.8656,0.0,0.0,0.0,0.0,0.0,0.8656
JG_20260524_1500_광진구_재개발재건축현장_JG_0232,5,고속터미널,서초구,subway,0.8161,0.0,0.0,0.0,0.0,0.0,0.8161
JG_20260524_1500_광진구_재개발재건축현장_JG_0232,6,삼성(무역센터),강남구,subway,0.7312,0.0,0.0,0.0,0.0,0.0,0.7312
JG_20260524_1500_광진구_재개발재건축현장_JG_0232,7,건대입구,광진구,subway,0.5488,0.18,0.0,0.0,0.0,0.0,0.7288
JG_20260524_1500_광진구_재개발재건축현장_JG_0232,8,성수,성동구,subway,0.7287,0.0,0.0,0.0,0.0,0.0,0.7287
JG_20260524_1500_광진구_재개발재건축현장_JG_0232,9,선릉,강남구,subway,0.7238,0.0,0.0,0.0,0.0,0.0,0.7238
JG_20260524_1500_광진구_재개발재건축현장_JG_0232,10,구의(광진구청),광진구,subway,0.4793,0.18,0.0,0.0,0.0,0.0,0.6593
JG_20260524_1530_강동구_천호공원_JG_0233,1,일자산근린공원,강동구,park,0.694,0.18,0.0,0.0,0.0,0.0,0.874
JG_20260524_1530_강동구_천호공원_JG_0233,2,천호근린공원,강동구,park,0.6519,0.18,0.0,0.0,0.0,0.0,0.8319
JG_20260524_1530_강동구_천호공원_JG_0233,3,길동생태공원,강동구,park,0.6301,0.18,0.0,0.0,0.0,0.0,0.8101
JG_20260524_1530_강동구_천호공원_JG_0233,4,명일근린공원,강동구,park,0.6253,0.18,0.0,0.0,0.0,0.0,0.8053
JG_20260524_1530_강동구_천호공원_JG_0233,5,동명근린공원,강동구,park,0.6058,0.18,0.0,0.0,0.0,0.0,0.7858
JG_20260524_1530_강동구_천호공원_JG_0233,6,허브천문공원,강동구,park,0.5907,0.18,0.0,0.0,0.0,0.0,0.7707
JG_20260524_1530_강동구_천호공원_JG_0233,7,샛마을근린공원,강동구,park,0.5803,0.18,0.0,0.0,0.0,0.0,0.7603
JG_20260524_1530_강동구_천호공원_JG_0233,8,천호공원,강동구,park,0.5802,0.18,0.0,0.0,0.0,0.0,0.7602
JG_20260524_1530_강동구_천호공원_JG_0233,9,봉은공원,강남구,park,0.7451,0.0,0.0,0.0,0.0,0.0,0.7451
JG_20260524_1530_강동구_천호공원_JG_0233,10,월드컵공원,마포구,park,0.7425,0.0,0.0,0.0,0.0,0.0,0.7425
JG_20260524_1640_강동구_재개발재건축현장_JG_0235,1,서울역,중구,subway,0.9642,0.0,0.0,0.0,0.0,0.0,0.9642
JG_20260524_1640_강동구_재개발재건축현장_JG_0235,2,잠실(송파구청),송파구,subway,0.9611,0.0,0.0,0.0,0.0,0.0,0.9611
JG_20260524_1640_강동구_재개발재건축현장_JG_0235,3,강남,강남구,subway,0.9318,0.0,0.0,0.0,0.0,0.0,0.9318
JG_20260524_1640_강동구_재개발재건축현장_JG_0235,4,고덕비즈밸리,강동구,subway,0.696,0.18,0.0,0.0,0.0,0.0,0.876
JG_20260524_1640_강동구_재개발재건축현장_JG_0235,5,명일동 싱크홀 현장,강동구,market,0.696,0.18,0.0,0.0,0.0,0.0,0.876
JG_20260524_1640_강동구_재개발재건축현장_JG_0235,6,재개발·재건축 현장,강동구,subway,0.696,0.18,0.0,0.0,0.0,0.0,0.876
JG_20260524_1640_강동구_재개발재건축현장_JG_0235,7,홍대입구,마포구,subway,0.8656,0.0,0.0,0.0,0.0,0.0,0.8656
JG_20260524_1640_강동구_재개발재건축현장_JG_0235,8,고속터미널,서초구,subway,0.8161,0.0,0.0,0.0,0.0,0.0,0.8161
JG_20260524_1640_강동구_재개발재건축현장_JG_0235,9,삼성(무역센터),강남구,subway,0.7312,0.0,0.0,0.0,0.0,0.0,0.7312
JG_20260524_1640_강동구_재개발재건축현장_JG_0235,10,성수,성동구,subway,0.7287,0.0,0.0,0.0,0.0,0.0,0.7287
JG_20260524_1740_송파구_재개발재건축현장_JG_0236,1,잠실(송파구청),송파구,subway,0.9611,0.18,0.0,0.0,0.0,0.0,1.1411
JG_20260524_1740_송파구_재개발재건축현장_JG_0236,2,서울역,중구,subway,0.9642,0.0,0.0,0.0,0.0,0.0,0.9642
JG_20260524_1740_송파구_재개발재건축현장_JG_0236,3,강남,강남구,subway,0.9318,0.0,0.0,0.0,0.0,0.0,0.9318
JG_20260524_1740_송파구_재개발재건축현장_JG_0236,4,송파 거여새마을지구 공공재개발 현장,송파구,subway,0.696,0.18,0.0,0.0,0.0,0.0,0.876
JG_20260524_1740_송파구_재개발재건축현장_JG_0236,5,잠실 MICE 현장,송파구,market,0.696,0.18,0.0,0.0,0.0,0.0,0.876
JG_20260524_1740_송파구_재개발재건축현장_JG_0236,6,재개발·재건축 현장,송파구,subway,0.696,0.18,0.0,0.0,0.0,0.0,0.876
JG_20260524_1740_송파구_재개발재건축현장_JG_0236,7,홍대입구,마포구,subway,0.8656,0.0,0.0,0.0,0.0,0.0,0.8656
JG_20260524_1740_송파구_재개발재건축현장_JG_0236,8,고속터미널,서초구,subway,0.8161,0.0,0.0,0.0,0.0,0.0,0.8161
JG_20260524_1740_송파구_재개발재건축현장_JG_0236,9,삼성(무역센터),강남구,subway,0.7312,0.0,0.0,0.0,0.0,0.0,0.7312
JG_20260524_1740_송파구_재개발재건축현장_JG_0236,10,성수,성동구,subway,0.7287,0.0,0.0,0.0,0.0,0.0,0.7287
JG_20260524_1800_강동구_성내전통시장_JG_0237,1,천호로데오거리상점가,강동구,market,0.5914,0.18,0.0,0.0,0.0,0.0,0.7714
JG_20260524_1800_강동구_성내전통시장_JG_0237,2,남대문시장,중구,market,0.7056,0.0,0.0,0.0,0.0,0.0,0.7056
JG_20260524_1800_강동구_성내전통시장_JG_0237,3,장신구거리,강동구,market,0.4813,0.18,0.0,0.0,0.0,0.0,0.6613
JG_20260524_1800_강동구_성내전통시장_JG_0237,4,길동복조리시장,강동구,market,0.4759,0.18,0.0,0.0,0.0,0.0,0.6559
JG_20260524_1800_강동구_성내전통시장_JG_0237,5,암사종합시장,강동구,market,0.4752,0.18,0.0,0.0,0.0,0.0,0.6552
JG_20260524_1800_강동구_성내전통시장_JG_0237,6,둔촌역전통시장,강동구,market,0.4698,0.18,0.0,0.0,0.0,0.0,0.6498
JG_20260524_1800_강동구_성내전통시장_JG_0237,7,성내전통시장,강동구,market,0.4688,0.18,0.0,0.0,0.0,0.0,0.6488
JG_20260524_1800_강동구_성내전통시장_JG_0237,8,고분다리전통시장,강동구,market,0.4682,0.18,0.0,0.0,0.0,0.0,0.6482
JG_20260524_1800_강동구_성내전통시장_JG_0237,9,동대문종합시장,종로구,market,0.6301,0.0,0.0,0.0,0.0,0.0,0.6301
JG_20260524_1800_강동구_성내전통시장_JG_0237,10,장안 마실 골목형상점가,동대문구,market,0.6299,0.0,0.0,0.0,0.0,0.0,0.6299
JG_20260525_1000_강서구_마곡나루역_JG_0238,1,신림,관악구,subway,0.9468,0.0,0.0,0.0,0.0,0.0,0.9468
JG_20260525_1000_강서구_마곡나루역_JG_0238,2,까치산,강서구,subway,0.6301,0.18,0.0,0.0,0.0,0.0,0.8101
JG_20260525_1000_강서구_마곡나루역_JG_0238,3,화곡,강서구,subway,0.6251,0.18,0.0,0.0,0.0,0.0,0.8051
JG_20260525_1000_강서구_마곡나루역_JG_0238,4,마곡나루역,강서구,subway,0.6229,0.18,0.0,0.0,0.0,0.0,0.8029
JG_20260525_1000_강서구_마곡나루역_JG_0238,5,잠실(송파구청),송파구,subway,0.8013,0.0,0.0,0.0,0.0,0.0,0.8013
JG_20260525_1000_강서구_마곡나루역_JG_0238,6,서울역,중구,subway,0.7902,0.0,0.0,0.0,0.0,0.0,0.7902
JG_20260525_1000_강서구_마곡나루역_JG_0238,7,구로디지털단지,구로구,subway,0.776,0.0,0.0,0.0,0.0,0.0,0.776
JG_20260525_1000_강서구_마곡나루역_JG_0238,8,서울대입구(관악구청),관악구,subway,0.7382,0.0,0.0,0.0,0.0,0.0,0.7382
JG_20260525_1000_강서구_마곡나루역_JG_0238,9,신도림,구로구,subway,0.7139,0.0,0.0,0.0,0.0,0.0,0.7139
JG_20260525_1000_강서구_마곡나루역_JG_0238,10,연신내,은평구,subway,0.667,0.0,0.0,0.0,0.0,0.0,0.667
JG_20260525_1050_강서구_서울식물원_JG_0239,1,서울식물원,강서구,park,0.6609,0.18,0.0,0.0,0.0,0.0,0.8409
JG_20260525_1050_강서구_서울식물원_JG_0239,2,방화근린공원,강서구,park,0.6584,0.18,0.0,0.0,0.0,0.0,0.8384
JG_20260525_1050_강서구_서울식물원_JG_0239,3,우장산근린공원,강서구,park,0.6338,0.18,0.0,0.0,0.0,0.0,0.8138
JG_20260525_1050_강서구_서울식물원_JG_0239,4,봉제산공원,강서구,park,0.6165,0.18,0.0,0.0,0.0,0.0,0.7965
JG_20260525_1050_강서구_서울식물원_JG_0239,5,개화근린공원,강서구,park,0.6086,0.18,0.0,0.0,0.0,0.0,0.7886
JG_20260525_1050_강서구_서울식물원_JG_0239,6,꿩고개근린공원,강서구,park,0.5968,0.18,0.0,0.0,0.0,0.0,0.7768
JG_20260525_1050_강서구_서울식물원_JG_0239,7,궁산근린공원,강서구,park,0.5946,0.18,0.0,0.0,0.0,0.0,0.7746
JG_20260525_1050_강서구_서울식물원_JG_0239,8,염창근린공원,강서구,park,0.5899,0.18,0.0,0.0,0.0,0.0,0.7699
JG_20260525_1050_강서구_서울식물원_JG_0239,9,허준공원,강서구,park,0.5765,0.18,0.0,0.0,0.0,0.0,0.7565
JG_20260525_1050_강서구_서울식물원_JG_0239,10,매화근린공원,강서구,park,0.5416,0.18,0.0,0.0,0.0,0.0,0.7216
JG_20260525_1240_양천구_현대백화점목동점_JG_0240,1,서울역,중구,subway,0.9642,0.0,0.0,0.0,0.0,0.0,0.9642
JG_20260525_1240_양천구_현대백화점목동점_JG_0240,2,잠실(송파구청),송파구,subway,0.9611,0.0,0.0,0.0,0.0,0.0,0.9611
JG_20260525_1240_양천구_현대백화점목동점_JG_0240,3,강남,강남구,subway,0.9318,0.0,0.0,0.0,0.0,0.0,0.9318
JG_20260525_1240_양천구_현대백화점목동점_JG_0240,4,신정차량사업소,양천구,subway,0.696,0.18,0.0,0.0,0.0,0.0,0.876
JG_20260525_1240_양천구_현대백화점목동점_JG_0240,5,양천공영차고지,양천구,subway,0.696,0.18,0.0,0.0,0.0,0.0,0.876
JG_20260525_1240_양천구_현대백화점목동점_JG_0240,6,현대백화점 목동점,양천구,subway,0.696,0.18,0.0,0.0,0.0,0.0,0.876
JG_20260525_1240_양천구_현대백화점목동점_JG_0240,7,홍대입구,마포구,subway,0.8656,0.0,0.0,0.0,0.0,0.0,0.8656
JG_20260525_1240_양천구_현대백화점목동점_JG_0240,8,고속터미널,서초구,subway,0.8161,0.0,0.0,0.0,0.0,0.0,0.8161
JG_20260525_1240_양천구_현대백화점목동점_JG_0240,9,삼성(무역센터),강남구,subway,0.7312,0.0,0.0,0.0,0.0,0.0,0.7312
JG_20260525_1240_양천구_현대백화점목동점_JG_0240,10,성수,성동구,subway,0.7287,0.0,0.0,0.0,0.0,0.0,0.7287
JG_20260525_1430_금천구_시티렉스앞_JG_0242,1,서울역,중구,subway,0.9642,0.0,0.0,0.0,0.0,0.0,0.9642
JG_20260525_1430_금천구_시티렉스앞_JG_0242,2,잠실(송파구청),송파구,subway,0.9611,0.0,0.0,0.0,0.0,0.0,0.9611
JG_20260525_1430_금천구_시티렉스앞_JG_0242,3,강남,강남구,subway,0.9318,0.0,0.0,0.0,0.0,0.0,0.9318
JG_20260525_1430_금천구_시티렉스앞_JG_0242,4,홍대입구,마포구,subway,0.8656,0.0,0.0,0.0,0.0,0.0,0.8656
JG_20260525_1430_금천구_시티렉스앞_JG_0242,5,고속터미널,서초구,subway,0.8161,0.0,0.0,0.0,0.0,0.0,0.8161
JG_20260525_1430_금천구_시티렉스앞_JG_0242,6,가산디지털단지,금천구,subway,0.586,0.18,0.0,0.0,0.0,0.0,0.766
JG_20260525_1430_금천구_시티렉스앞_JG_0242,7,시티렉스 앞,금천구,subway,0.5859,0.18,0.0,0.0,0.0,0.0,0.7659
JG_20260525_1430_금천구_시티렉스앞_JG_0242,8,삼성(무역센터),강남구,subway,0.7312,0.0,0.0,0.0,0.0,0.0,0.7312
JG_20260525_1430_금천구_시티렉스앞_JG_0242,9,성수,성동구,subway,0.7287,0.0,0.0,0.0,0.0,0.0,0.7287
JG_20260525_1430_금천구_시티렉스앞_JG_0242,10,선릉,강남구,subway,0.7238,0.0,0.0,0.0,0.0,0.0,0.7238
JG_20260525_1600_영등포구_영등포재개발재건축현장_JG_0243,1,서울역,중구,subway,0.9642,0.0,0.0,0.0,0.0,0.0,0.9642
JG_20260525_1600_영등포구_영등포재개발재건축현장_JG_0243,2,잠실(송파구청),송파구,subway,0.9611,0.0,0.0,0.0,0.0,0.0,0.9611
JG_20260525_1600_영등포구_영등포재개발재건축현장_JG_0243,3,강남,강남구,subway,0.9318,0.0,0.0,0.0,0.0,0.0,0.9318
JG_20260525_1600_영등포구_영등포재개발재건축현장_JG_0243,4,홍대입구,마포구,subway,0.8656,0.0,0.0,0.0,0.0,0.0,0.8656
JG_20260525_1600_영등포구_영등포재개발재건축현장_JG_0243,5,영등포,영등포구,subway,0.6567,0.18,0.0,0.0,0.0,0.0,0.8367
JG_20260525_1600_영등포구_영등포재개발재건축현장_JG_0243,6,고속터미널,서초구,subway,0.8161,0.0,0.0,0.0,0.0,0.0,0.8161
JG_20260525_1600_영등포구_영등포재개발재건축현장_JG_0243,7,삼성(무역센터),강남구,subway,0.7312,0.0,0.0,0.0,0.0,0.0,0.7312
JG_20260525_1600_영등포구_영등포재개발재건축현장_JG_0243,8,여의도,영등포구,subway,0.5131,0.18,0.0,0.0,0.0,0.0,0.6931
JG_20260525_1600_영등포구_영등포재개발재건축현장_JG_0243,9,영등포구청,영등포구,subway,0.427,0.18,0.0,0.0,0.0,0.0,0.607
JG_20260525_1600_영등포구_영등포재개발재건축현장_JG_0243,10,당산,영등포구,subway,0.3993,0.18,0.0,0.0,0.0,0.0,0.5793
JG_20260525_1630_영등포구_타임스퀘어_JG_0244,1,서울역,중구,subway,0.9642,0.0,0.0,0.0,0.0,0.0,0.9642
JG_20260525_1630_영등포구_타임스퀘어_JG_0244,2,잠실(송파구청),송파구,subway,0.9611,0.0,0.0,0.0,0.0,0.0,0.9611
JG_20260525_1630_영등포구_타임스퀘어_JG_0244,3,강남,강남구,subway,0.9318,0.0,0.0,0.0,0.0,0.0,0.9318
JG_20260525_1630_영등포구_타임스퀘어_JG_0244,4,홍대입구,마포구,subway,0.8656,0.0,0.0,0.0,0.0,0.0,0.8656
JG_20260525_1630_영등포구_타임스퀘어_JG_0244,5,영등포,영등포구,subway,0.6567,0.18,0.0,0.0,0.0,0.0,0.8367
JG_20260525_1630_영등포구_타임스퀘어_JG_0244,6,고속터미널,서초구,subway,0.8161,0.0,0.0,0.0,0.0,0.0,0.8161
JG_20260525_1630_영등포구_타임스퀘어_JG_0244,7,삼성(무역센터),강남구,subway,0.7312,0.0,0.0,0.0,0.0,0.0,0.7312
JG_20260525_1630_영등포구_타임스퀘어_JG_0244,8,여의도,영등포구,subway,0.5131,0.18,0.0,0.0,0.0,0.0,0.6931
JG_20260525_1630_영등포구_타임스퀘어_JG_0244,9,영등포구청,영등포구,subway,0.427,0.18,0.0,0.0,0.0,0.0,0.607
JG_20260525_1630_영등포구_타임스퀘어_JG_0244,10,당산,영등포구,subway,0.3993,0.18,0.0,0.0,0.0,0.0,0.5793
