query_id,rank,recommended_place_name,recommended_district,recommended_place_type,baseline_score,district_bonus,place_type_bonus,time_bonus,context_bonus,target_bonus,score
OH_20260429_1030_성동구_쌍리단길생문시장_OH_0008,1,남대문시장,중구,market,0.6592,0.0,0.0,0.1,0.0,0.0,0.7592
OH_20260429_1030_성동구_쌍리단길생문시장_OH_0008,2,동대문종합시장,종로구,market,0.5837,0.0,0.0,0.1,0.0,0.0,0.6837
OH_20260429_1030_성동구_쌍리단길생문시장_OH_0008,3,장안 마실 골목형상점가,동대문구,market,0.5827,0.0,0.0,0.1,0.0,0.0,0.6827
OH_20260429_1030_성동구_쌍리단길생문시장_OH_0008,4,천호로데오거리상점가,강동구,market,0.5458,0.0,0.0,0.1,0.0,0.0,0.6458
OH_20260429_1030_성동구_쌍리단길생문시장_OH_0008,5,마장축산물시장,성동구,market,0.4644,0.0,0.0,0.1,0.0,0.0,0.5644
OH_20260429_1030_성동구_쌍리단길생문시장_OH_0008,6,성동용답상가시장,성동구,market,0.4344,0.0,0.0,0.1,0.0,0.0,0.5344
OH_20260429_1030_성동구_쌍리단길생문시장_OH_0008,7,송정벚꽃골목형상점가,성동구,market,0.4303,0.0,0.0,0.1,0.0,0.0,0.5303
OH_20260429_1030_성동구_쌍리단길생문시장_OH_0008,8,사근살곶이골목형상점가시장,성동구,market,0.4268,0.0,0.0,0.1,0.0,0.0,0.5268
OH_20260429_1030_성동구_쌍리단길생문시장_OH_0008,9,금남시장,성동구,market,0.4235,0.0,0.0,0.1,0.0,0.0,0.5235
OH_20260429_1030_성동구_쌍리단길생문시장_OH_0008,10,뚝도시장,성동구,market,0.4212,0.0,0.0,0.1,0.0,0.0,0.5212
OH_20260501_1140_종로구_서울배달라이더현장_OH_0016,1,종로노인종합복지관,종로구,senior_friendly,0.7444,0.0,0.0,0.1,0.0,0.0,0.8444
OH_20260501_1140_종로구_서울배달라이더현장_OH_0016,2,낙산근린공원,종로구,park,0.6697,0.0,0.0,0.06,0.0,0.0,0.7297
OH_20260501_1140_종로구_서울배달라이더현장_OH_0016,3,북악산도시자연공원,종로구,park,0.6574,0.0,0.0,0.06,0.0,0.0,0.7174
OH_20260501_1140_종로구_서울배달라이더현장_OH_0016,4,인왕산도시자연공원,종로구,park,0.626,0.0,0.0,0.06,0.0,0.0,0.686
OH_20260501_1140_종로구_서울배달라이더현장_OH_0016,5,동대문종합시장,종로구,market,0.5837,0.0,0.0,0.1,0.0,0.0,0.6837
OH_20260501_1140_종로구_서울배달라이더현장_OH_0016,6,장안 마실 골목형상점가,동대문구,market,0.5827,0.0,0.0,0.1,0.0,0.0,0.6827
OH_20260501_1140_종로구_서울배달라이더현장_OH_0016,7,세종로공원,종로구,park,0.6186,0.0,0.0,0.06,0.0,0.0,0.6786
OH_20260501_1140_종로구_서울배달라이더현장_OH_0016,8,경희궁,종로구,park,0.6141,0.0,0.0,0.06,0.0,0.0,0.6741
OH_20260501_1140_종로구_서울배달라이더현장_OH_0016,9,삼청근린공원,종로구,park,0.6088,0.0,0.0,0.06,0.0,0.0,0.6688
OH_20260501_1140_종로구_서울배달라이더현장_OH_0016,10,광화문시민열린마당,종로구,park,0.6025,0.0,0.0,0.06,0.0,0.0,0.6625
OH_20260501_1550_성동구_서울숲_OH_0019,1,봉은공원,강남구,park,0.7451,0.0,0.0,0.12,0.0,0.0,0.8651
OH_20260501_1550_성동구_서울숲_OH_0019,2,월드컵공원,마포구,park,0.7425,0.0,0.0,0.12,0.0,0.0,0.8625
OH_20260501_1550_성동구_서울숲_OH_0019,3,중랑캠핑숲,중랑구,park,0.7412,0.0,0.0,0.12,0.0,0.0,0.8612
OH_20260501_1550_성동구_서울숲_OH_0019,4,백련근린공원,서대문구,park,0.7275,0.0,0.0,0.12,0.0,0.0,0.8475
OH_20260501_1550_성동구_서울숲_OH_0019,5,남산공원,중구,park,0.7185,0.0,0.0,0.12,0.0,0.0,0.8385
OH_20260501_1550_성동구_서울숲_OH_0019,6,서울숲,성동구,park,0.6805,0.0,0.0,0.12,0.0,0.0,0.8005
OH_20260501_1550_성동구_서울숲_OH_0019,7,응봉공원 (대현산배수지공원),성동구,park,0.637,0.0,0.0,0.12,0.0,0.0,0.757
OH_20260501_1550_성동구_서울숲_OH_0019,8,금호근린공원,성동구,park,0.6352,0.0,0.0,0.12,0.0,0.0,0.7552
OH_20260501_1550_성동구_서울숲_OH_0019,9,성수근린공원,성동구,park,0.6055,0.0,0.0,0.12,0.0,0.0,0.7255
OH_20260501_1550_성동구_서울숲_OH_0019,10,달맞이근린공원,성동구,park,0.6016,0.0,0.0,0.12,0.0,0.0,0.7216
OH_20260501_1630_성동구_서울숲야외무대_OH_0020,1,봉은공원,강남구,park,0.7451,0.0,0.0,0.06,0.0,0.0,0.8051
OH_20260501_1630_성동구_서울숲야외무대_OH_0020,2,월드컵공원,마포구,park,0.7425,0.0,0.0,0.06,0.0,0.0,0.8025
OH_20260501_1630_성동구_서울숲야외무대_OH_0020,3,중랑캠핑숲,중랑구,park,0.7412,0.0,0.0,0.06,0.0,0.0,0.8012
OH_20260501_1630_성동구_서울숲야외무대_OH_0020,4,백련근린공원,서대문구,park,0.7275,0.0,0.0,0.06,0.0,0.0,0.7875
OH_20260501_1630_성동구_서울숲야외무대_OH_0020,5,남산공원,중구,park,0.7185,0.0,0.0,0.06,0.0,0.0,0.7785
OH_20260501_1630_성동구_서울숲야외무대_OH_0020,6,서울숲,성동구,park,0.6805,0.0,0.0,0.06,0.0,0.0,0.7405
OH_20260501_1630_성동구_서울숲야외무대_OH_0020,7,응봉공원 (대현산배수지공원),성동구,park,0.637,0.0,0.0,0.06,0.0,0.0,0.697
OH_20260501_1630_성동구_서울숲야외무대_OH_0020,8,금호근린공원,성동구,park,0.6352,0.0,0.0,0.06,0.0,0.0,0.6952
OH_20260501_1630_성동구_서울숲야외무대_OH_0020,9,성수근린공원,성동구,park,0.6055,0.0,0.0,0.06,0.0,0.0,0.6655
OH_20260501_1630_성동구_서울숲야외무대_OH_0020,10,달맞이근린공원,성동구,park,0.6016,0.0,0.0,0.06,0.0,0.0,0.6616
OH_20260502_0700_마포구_상암동월드컵공원_OH_0021,1,봉은공원,강남구,park,0.7275,0.0,0.0,0.0,0.0,0.0,0.7275
OH_20260502_0700_마포구_상암동월드컵공원_OH_0021,2,월드컵공원,마포구,park,0.7248,0.0,0.0,0.0,0.0,0.0,0.7248
OH_20260502_0700_마포구_상암동월드컵공원_OH_0021,3,중랑캠핑숲,중랑구,park,0.7213,0.0,0.0,0.0,0.0,0.0,0.7213
OH_20260502_0700_마포구_상암동월드컵공원_OH_0021,4,백련근린공원,서대문구,park,0.7077,0.0,0.0,0.0,0.0,0.0,0.7077
OH_20260502_0700_마포구_상암동월드컵공원_OH_0021,5,남산공원,중구,park,0.6998,0.0,0.0,0.0,0.0,0.0,0.6998
OH_20260502_0700_마포구_상암동월드컵공원_OH_0021,6,안산도시자연공원,서대문구,park,0.6971,0.0,0.0,0.0,0.0,0.0,0.6971
OH_20260502_0700_마포구_상암동월드컵공원_OH_0021,7,문화비축기지,마포구,park,0.6163,0.0,0.0,0.0,0.0,0.0,0.6163
OH_20260502_0700_마포구_상암동월드컵공원_OH_0021,8,와우근린공원,마포구,park,0.6129,0.0,0.0,0.0,0.0,0.0,0.6129
OH_20260502_0700_마포구_상암동월드컵공원_OH_0021,9,상암근린공원,마포구,park,0.6077,0.0,0.0,0.0,0.0,0.0,0.6077
OH_20260502_0700_마포구_상암동월드컵공원_OH_0021,10,외국인묘지공원,마포구,park,0.565,0.0,0.0,0.0,0.0,0.0,0.565
OH_20260502_0930_성북구_상경청년자취방_OH_0022,1,시립성북노인종합복지관,성북구,senior_friendly,0.7477,0.0,0.0,0.05,0.0,0.0,0.7977
OH_20260502_0930_성북구_상경청년자취방_OH_0022,2,청량공원,성북구,park,0.6438,0.0,0.0,0.0,0.0,0.0,0.6438
OH_20260502_0930_성북구_상경청년자취방_OH_0022,3,개운산근린공원,성북구,park,0.6322,0.0,0.0,0.0,0.0,0.0,0.6322
OH_20260502_0930_성북구_상경청년자취방_OH_0022,4,성북근린공원,성북구,park,0.6182,0.0,0.0,0.0,0.0,0.0,0.6182
OH_20260502_0930_성북구_상경청년자취방_OH_0022,5,합정,마포구,subway,0.4234,0.0,0.0,0.14,0.0,0.0,0.5634
OH_20260502_0930_성북구_상경청년자취방_OH_0022,6,남부터미널(예술의전당),,subway,0.423,0.0,0.0,0.14,0.0,0.0,0.563
OH_20260502_0930_성북구_상경청년자취방_OH_0022,7,월곡달빛오거리골목형상점가,성북구,market,0.4287,0.0,0.0,0.05,0.0,0.0,0.4787
OH_20260502_0930_성북구_상경청년자취방_OH_0022,8,석계음식문화거리,성북구,market,0.4284,0.0,0.0,0.05,0.0,0.0,0.4784
OH_20260502_0930_성북구_상경청년자취방_OH_0022,9,종암북바위길골목형상점가,성북구,market,0.4276,0.0,0.0,0.05,0.0,0.0,0.4776
OH_20260502_0930_성북구_상경청년자취방_OH_0022,10,돈암시장,성북구,market,0.4266,0.0,0.0,0.05,0.0,0.0,0.4766
OH_20260503_0830_용산구_효창운동장_OH_0027,1,남대문시장,중구,market,0.6592,0.0,0.0,0.05,0.0,0.0,0.7092
OH_20260503_0830_용산구_효창운동장_OH_0027,2,동대문종합시장,종로구,market,0.5837,0.0,0.0,0.05,0.0,0.0,0.6337
OH_20260503_0830_용산구_효창운동장_OH_0027,3,장안 마실 골목형상점가,동대문구,market,0.5827,0.0,0.0,0.05,0.0,0.0,0.6327
OH_20260503_0830_용산구_효창운동장_OH_0027,4,천호로데오거리상점가,강동구,market,0.5458,0.0,0.0,0.05,0.0,0.0,0.5958
OH_20260503_0830_용산구_효창운동장_OH_0027,5,광장전통시장,종로구,market,0.5242,0.0,0.0,0.05,0.0,0.0,0.5742
OH_20260503_0830_용산구_효창운동장_OH_0027,6,가락몰 골목형상점가,송파구,market,0.514,0.0,0.0,0.05,0.0,0.0,0.564
OH_20260503_0830_용산구_효창운동장_OH_0027,7,평화시장,중구,market,0.5064,0.0,0.0,0.05,0.0,0.0,0.5564
OH_20260503_0830_용산구_효창운동장_OH_0027,8,서울약령시장,동대문구,market,0.5054,0.0,0.0,0.05,0.0,0.0,0.5554
OH_20260503_0830_용산구_효창운동장_OH_0027,9,용산용문시장,용산구,market,0.4279,0.0,0.0,0.05,0.0,0.0,0.4779
OH_20260503_0830_용산구_효창운동장_OH_0027,10,이촌종합시장,용산구,market,0.4223,0.0,0.0,0.05,0.0,0.0,0.4723
OH_20260504_1400_구로구_온수역_OH_0034,1,구로노인종합복지관,구로구,senior_friendly,0.7583,0.0,0.0,0.06,0.0,0.0,0.8183
OH_20260504_1400_구로구_온수역_OH_0034,2,온수도시자연공원,구로구,park,0.6365,0.0,0.0,0.12,0.0,0.0,0.7565
OH_20260504_1400_구로구_온수역_OH_0034,3,고척근린공원,구로구,park,0.6349,0.0,0.0,0.12,0.0,0.0,0.7549
OH_20260504_1400_구로구_온수역_OH_0034,4,개웅산근린공원,구로구,park,0.6241,0.0,0.0,0.12,0.0,0.0,0.7441
OH_20260504_1400_구로구_온수역_OH_0034,5,푸른수목원,구로구,park,0.6164,0.0,0.0,0.12,0.0,0.0,0.7364
OH_20260504_1400_구로구_온수역_OH_0034,6,구로디지털단지,구로구,subway,0.6961,0.0,0.0,0.0,0.0,0.0,0.6961
OH_20260504_1400_구로구_온수역_OH_0034,7,신도림,구로구,subway,0.6595,0.0,0.0,0.0,0.0,0.0,0.6595
OH_20260504_1400_구로구_온수역_OH_0034,8,오류버들시장 골목형상점가,구로구,market,0.4915,0.0,0.0,0.12,0.0,0.0,0.6115
OH_20260504_1400_구로구_온수역_OH_0034,9,남구로시장,구로구,market,0.4811,0.0,0.0,0.12,0.0,0.0,0.6011
OH_20260504_1400_구로구_온수역_OH_0034,10,그라운드고척 골목형상점가,구로구,market,0.4792,0.0,0.0,0.12,0.0,0.0,0.5992
OH_20260505_1330_중구_서울광장_OH_0038,1,봉은공원,강남구,park,0.7451,0.0,0.0,0.12,0.0,0.0,0.8651
OH_20260505_1330_중구_서울광장_OH_0038,2,월드컵공원,마포구,park,0.7425,0.0,0.0,0.12,0.0,0.0,0.8625
OH_20260505_1330_중구_서울광장_OH_0038,3,중랑캠핑숲,중랑구,park,0.7412,0.0,0.0,0.12,0.0,0.0,0.8612
OH_20260505_1330_중구_서울광장_OH_0038,4,백련근린공원,서대문구,park,0.7275,0.0,0.0,0.12,0.0,0.0,0.8475
OH_20260505_1330_중구_서울광장_OH_0038,5,남산공원,중구,park,0.7185,0.0,0.0,0.12,0.0,0.0,0.8385
OH_20260505_1330_중구_서울광장_OH_0038,6,안산도시자연공원,서대문구,park,0.7158,0.0,0.0,0.12,0.0,0.0,0.8358
OH_20260505_1330_중구_서울광장_OH_0038,7,훈련원근린공원,중구,park,0.6359,0.0,0.0,0.12,0.0,0.0,0.7559
OH_20260505_1330_중구_서울광장_OH_0038,8,손기정체육공원,중구,park,0.6178,0.0,0.0,0.12,0.0,0.0,0.7378
OH_20260505_1330_중구_서울광장_OH_0038,9,순화문화공원,중구,park,0.4624,0.0,0.0,0.12,0.0,0.0,0.5824
OH_20260505_1330_중구_서울광장_OH_0038,10,서소문역사공원,중구,park,0.4624,0.0,0.0,0.12,0.0,0.0,0.5824
OH_20260505_1430_중구_ddp_OH_0039,1,서울역,중구,subway,0.9642,0.0,0.0,0.0,0.0,0.0,0.9642
OH_20260505_1430_중구_ddp_OH_0039,2,약수노인복지관,중구,senior_friendly,0.7822,0.0,0.0,0.06,0.0,0.0,0.8422
OH_20260505_1430_중구_ddp_OH_0039,3,남산공원,중구,park,0.7185,0.0,0.0,0.12,0.0,0.0,0.8385
OH_20260505_1430_중구_ddp_OH_0039,4,남대문시장,중구,market,0.7056,0.0,0.0,0.12,0.0,0.0,0.8256
OH_20260505_1430_중구_ddp_OH_0039,5,훈련원근린공원,중구,park,0.6359,0.0,0.0,0.12,0.0,0.0,0.7559
OH_20260505_1430_중구_ddp_OH_0039,6,손기정체육공원,중구,park,0.6178,0.0,0.0,0.12,0.0,0.0,0.7378
OH_20260505_1430_중구_ddp_OH_0039,7,을지로입구,중구,subway,0.6806,0.0,0.0,0.0,0.0,0.0,0.6806
OH_20260505_1430_중구_ddp_OH_0039,8,평화시장,중구,market,0.5528,0.0,0.0,0.12,0.0,0.0,0.6728
OH_20260505_1430_중구_ddp_OH_0039,9,삼익패션타운,중구,market,0.5222,0.0,0.0,0.12,0.0,0.0,0.6422
OH_20260505_1430_중구_ddp_OH_0039,10,DDP,중구,market,0.5221,0.0,0.0,0.12,0.0,0.0,0.6421
OH_20260505_1540_서초구_예술의전당_OH_0040,1,봉은공원,강남구,park,0.7451,0.0,0.0,0.12,0.0,0.0,0.8651
OH_20260505_1540_서초구_예술의전당_OH_0040,2,월드컵공원,마포구,park,0.7425,0.0,0.0,0.12,0.0,0.0,0.8625
OH_20260505_1540_서초구_예술의전당_OH_0040,3,중랑캠핑숲,중랑구,park,0.7412,0.0,0.0,0.12,0.0,0.0,0.8612
OH_20260505_1540_서초구_예술의전당_OH_0040,4,백련근린공원,서대문구,park,0.7275,0.0,0.0,0.12,0.0,0.0,0.8475
OH_20260505_1540_서초구_예술의전당_OH_0040,5,매헌시민의숲,서초구,park,0.6618,0.0,0.0,0.12,0.0,0.0,0.7818
OH_20260505_1540_서초구_예술의전당_OH_0040,6,문화예술공원,서초구,park,0.6545,0.0,0.0,0.12,0.0,0.0,0.7745
OH_20260505_1540_서초구_예술의전당_OH_0040,7,청계산도시자연공원,서초구,park,0.65,0.0,0.0,0.12,0.0,0.0,0.77
OH_20260505_1540_서초구_예술의전당_OH_0040,8,우면산도시자연공원,서초구,park,0.6495,0.0,0.0,0.12,0.0,0.0,0.7695
OH_20260505_1540_서초구_예술의전당_OH_0040,9,인능산도시자연공원,서초구,park,0.6437,0.0,0.0,0.12,0.0,0.0,0.7637
OH_20260505_1540_서초구_예술의전당_OH_0040,10,구룡산도시자연공원,서초구,park,0.6435,0.0,0.0,0.12,0.0,0.0,0.7635
OH_20260506_0640_성동구_마장동축산물시장_OH_0041,1,남대문시장,중구,market,0.6592,0.0,0.0,0.0,0.0,0.0,0.6592
OH_20260506_0640_성동구_마장동축산물시장_OH_0041,2,동대문종합시장,종로구,market,0.5837,0.0,0.0,0.0,0.0,0.0,0.5837
OH_20260506_0640_성동구_마장동축산물시장_OH_0041,3,장안 마실 골목형상점가,동대문구,market,0.5827,0.0,0.0,0.0,0.0,0.0,0.5827
OH_20260506_0640_성동구_마장동축산물시장_OH_0041,4,천호로데오거리상점가,강동구,market,0.5458,0.0,0.0,0.0,0.0,0.0,0.5458
OH_20260506_0640_성동구_마장동축산물시장_OH_0041,5,마장축산물시장,성동구,market,0.4644,0.0,0.0,0.0,0.0,0.0,0.4644
OH_20260506_0640_성동구_마장동축산물시장_OH_0041,6,성동용답상가시장,성동구,market,0.4344,0.0,0.0,0.0,0.0,0.0,0.4344
OH_20260506_0640_성동구_마장동축산물시장_OH_0041,7,송정벚꽃골목형상점가,성동구,market,0.4303,0.0,0.0,0.0,0.0,0.0,0.4303
OH_20260506_0640_성동구_마장동축산물시장_OH_0041,8,사근살곶이골목형상점가시장,성동구,market,0.4268,0.0,0.0,0.0,0.0,0.0,0.4268
OH_20260506_0640_성동구_마장동축산물시장_OH_0041,9,금남시장,성동구,market,0.4235,0.0,0.0,0.0,0.0,0.0,0.4235
OH_20260506_0640_성동구_마장동축산물시장_OH_0041,10,뚝도시장,성동구,market,0.4212,0.0,0.0,0.0,0.0,0.0,0.4212
OH_20260506_1030_중구_장충체육관_OH_0042,1,성수1가2동노인복지관 대현분소,성동구,senior_friendly,0.9585,0.0,0.0,0.1,0.0,0.0,1.0585
OH_20260506_1030_중구_장충체육관_OH_0042,2,강남구립 도곡1노인복지관,강남구,senior_friendly,0.9536,0.0,0.0,0.1,0.0,0.0,1.0536
OH_20260506_1030_중구_장충체육관_OH_0042,3,강동구립 해공노인복지관,강동구,senior_friendly,0.952,0.0,0.0,0.1,0.0,0.0,1.052
OH_20260506_1030_중구_장충체육관_OH_0042,4,구립 자양노인복지관,광진구,senior_friendly,0.9487,0.0,0.0,0.1,0.0,0.0,1.0487
OH_20260506_1030_중구_장충체육관_OH_0042,5,구립갈현노인복지관,은평구,senior_friendly,0.947,0.0,0.0,0.1,0.0,0.0,1.047
OH_20260506_1030_중구_장충체육관_OH_0042,6,용강 노인복지관,마포구,senior_friendly,0.9454,0.0,0.0,0.1,0.0,0.0,1.0454
OH_20260506_1030_중구_장충체육관_OH_0042,7,북가좌노인복지관,서대문구,senior_friendly,0.9454,0.0,0.0,0.1,0.0,0.0,1.0454
OH_20260506_1030_중구_장충체육관_OH_0042,8,청파노인복지관,용산구,senior_friendly,0.9438,0.0,0.0,0.1,0.0,0.0,1.0438
OH_20260506_1030_중구_장충체육관_OH_0042,9,약수노인복지관,중구,senior_friendly,0.9438,0.0,0.0,0.1,0.0,0.0,1.0438
OH_20260506_1030_중구_장충체육관_OH_0042,10,공릉노인복지관,노원구,senior_friendly,0.9438,0.0,0.0,0.1,0.0,0.0,1.0438
OH_20260507_1000_영등포구_대림1구역재개발현장_OH_0047,1,신림,관악구,subway,0.9468,0.0,0.0,0.0,0.0,0.0,0.9468
OH_20260507_1000_영등포구_대림1구역재개발현장_OH_0047,2,잠실(송파구청),송파구,subway,0.8013,0.0,0.0,0.0,0.0,0.0,0.8013
OH_20260507_1000_영등포구_대림1구역재개발현장_OH_0047,3,서울역,중구,subway,0.7902,0.0,0.0,0.0,0.0,0.0,0.7902
OH_20260507_1000_영등포구_대림1구역재개발현장_OH_0047,4,구로디지털단지,구로구,subway,0.776,0.0,0.0,0.0,0.0,0.0,0.776
OH_20260507_1000_영등포구_대림1구역재개발현장_OH_0047,5,서울대입구(관악구청),관악구,subway,0.7382,0.0,0.0,0.0,0.0,0.0,0.7382
OH_20260507_1000_영등포구_대림1구역재개발현장_OH_0047,6,신도림,구로구,subway,0.7139,0.0,0.0,0.0,0.0,0.0,0.7139
OH_20260507_1000_영등포구_대림1구역재개발현장_OH_0047,7,연신내,은평구,subway,0.667,0.0,0.0,0.0,0.0,0.0,0.667
OH_20260507_1000_영등포구_대림1구역재개발현장_OH_0047,8,서울 청년취업사관학교,영등포구,market,0.4078,0.0,0.0,0.1,0.0,0.0,0.5078
OH_20260507_1000_영등포구_대림1구역재개발현장_OH_0047,9,서울시 창업지원시설,영등포구,market,0.4078,0.0,0.0,0.1,0.0,0.0,0.5078
OH_20260507_1000_영등포구_대림1구역재개발현장_OH_0047,10,한국거래소,영등포구,market,0.4078,0.0,0.0,0.1,0.0,0.0,0.5078
OH_20260507_1500_광진구_구의2동주택재개발후보지_OH_0050,1,서울역,중구,subway,0.9642,0.0,0.0,0.0,0.0,0.0,0.9642
OH_20260507_1500_광진구_구의2동주택재개발후보지_OH_0050,2,잠실(송파구청),송파구,subway,0.9611,0.0,0.0,0.0,0.0,0.0,0.9611
OH_20260507_1500_광진구_구의2동주택재개발후보지_OH_0050,3,강남,강남구,subway,0.9318,0.0,0.0,0.0,0.0,0.0,0.9318
OH_20260507_1500_광진구_구의2동주택재개발후보지_OH_0050,4,홍대입구,마포구,subway,0.8656,0.0,0.0,0.0,0.0,0.0,0.8656
OH_20260507_1500_광진구_구의2동주택재개발후보지_OH_0050,5,고속터미널,서초구,subway,0.8161,0.0,0.0,0.0,0.0,0.0,0.8161
OH_20260507_1500_광진구_구의2동주택재개발후보지_OH_0050,6,삼성(무역센터),강남구,subway,0.7312,0.0,0.0,0.0,0.0,0.0,0.7312
OH_20260507_1500_광진구_구의2동주택재개발후보지_OH_0050,7,성수,성동구,subway,0.7287,0.0,0.0,0.0,0.0,0.0,0.7287
OH_20260507_1500_광진구_구의2동주택재개발후보지_OH_0050,8,선릉,강남구,subway,0.7238,0.0,0.0,0.0,0.0,0.0,0.7238
OH_20260507_1500_광진구_구의2동주택재개발후보지_OH_0050,9,청년안심주택,광진구,market,0.4792,0.0,0.0,0.12,0.0,0.0,0.5992
OH_20260507_1500_광진구_구의2동주택재개발후보지_OH_0050,10,건대입구,광진구,subway,0.5488,0.0,0.0,0.0,0.0,0.0,0.5488
OH_20260508_1030_중구_서울장애인종합복지관_OH_0052,1,성수1가2동노인복지관 대현분소,성동구,senior_friendly,0.9585,0.0,0.0,0.1,0.0,0.0,1.0585
OH_20260508_1030_중구_서울장애인종합복지관_OH_0052,2,강남구립 도곡1노인복지관,강남구,senior_friendly,0.9536,0.0,0.0,0.1,0.0,0.0,1.0536
OH_20260508_1030_중구_서울장애인종합복지관_OH_0052,3,강동구립 해공노인복지관,강동구,senior_friendly,0.952,0.0,0.0,0.1,0.0,0.0,1.052
OH_20260508_1030_중구_서울장애인종합복지관_OH_0052,4,구립 자양노인복지관,광진구,senior_friendly,0.9487,0.0,0.0,0.1,0.0,0.0,1.0487
OH_20260508_1030_중구_서울장애인종합복지관_OH_0052,5,구립갈현노인복지관,은평구,senior_friendly,0.947,0.0,0.0,0.1,0.0,0.0,1.047
OH_20260508_1030_중구_서울장애인종합복지관_OH_0052,6,용강 노인복지관,마포구,senior_friendly,0.9454,0.0,0.0,0.1,0.0,0.0,1.0454
OH_20260508_1030_중구_서울장애인종합복지관_OH_0052,7,북가좌노인복지관,서대문구,senior_friendly,0.9454,0.0,0.0,0.1,0.0,0.0,1.0454
OH_20260508_1030_중구_서울장애인종합복지관_OH_0052,8,청파노인복지관,용산구,senior_friendly,0.9438,0.0,0.0,0.1,0.0,0.0,1.0438
OH_20260508_1030_중구_서울장애인종합복지관_OH_0052,9,약수노인복지관,중구,senior_friendly,0.9438,0.0,0.0,0.1,0.0,0.0,1.0438
OH_20260508_1030_중구_서울장애인종합복지관_OH_0052,10,공릉노인복지관,노원구,senior_friendly,0.9438,0.0,0.0,0.1,0.0,0.0,1.0438
OH_20260508_1400_서대문구_가좌역광장_OH_0053,1,봉은공원,강남구,park,0.7451,0.0,0.0,0.12,0.0,0.0,0.8651
OH_20260508_1400_서대문구_가좌역광장_OH_0053,2,월드컵공원,마포구,park,0.7425,0.0,0.0,0.12,0.0,0.0,0.8625
OH_20260508_1400_서대문구_가좌역광장_OH_0053,3,중랑캠핑숲,중랑구,park,0.7412,0.0,0.0,0.12,0.0,0.0,0.8612
OH_20260508_1400_서대문구_가좌역광장_OH_0053,4,백련근린공원,서대문구,park,0.7275,0.0,0.0,0.12,0.0,0.0,0.8475
OH_20260508_1400_서대문구_가좌역광장_OH_0053,5,남산공원,중구,park,0.7185,0.0,0.0,0.12,0.0,0.0,0.8385
OH_20260508_1400_서대문구_가좌역광장_OH_0053,6,안산도시자연공원,서대문구,park,0.7158,0.0,0.0,0.12,0.0,0.0,0.8358
OH_20260508_1400_서대문구_가좌역광장_OH_0053,7,여의도근린공원,영등포구,park,0.7046,0.0,0.0,0.12,0.0,0.0,0.8246
OH_20260508_1400_서대문구_가좌역광장_OH_0053,8,초안산근린공원,도봉구,park,0.7043,0.0,0.0,0.12,0.0,0.0,0.8243
OH_20260508_1400_서대문구_가좌역광장_OH_0053,9,궁동근린공원,서대문구,park,0.6662,0.0,0.0,0.12,0.0,0.0,0.7862
OH_20260508_1400_서대문구_가좌역광장_OH_0053,10,독립근린공원,서대문구,park,0.6152,0.0,0.0,0.12,0.0,0.0,0.7352
OH_20260509_1500_동대문구_청량리경동시장일대_OH_0058,1,장안 마실 골목형상점가,동대문구,market,0.6299,0.0,0.0,0.12,0.0,0.0,0.7499
OH_20260509_1500_동대문구_청량리경동시장일대_OH_0058,2,서울약령시장,동대문구,market,0.5526,0.0,0.0,0.12,0.0,0.0,0.6726
OH_20260509_1500_동대문구_청량리경동시장일대_OH_0058,3,신설동 들락거리 골목형상점가,동대문구,market,0.4875,0.0,0.0,0.12,0.0,0.0,0.6075
OH_20260509_1500_동대문구_청량리경동시장일대_OH_0058,4,경동시장,동대문구,market,0.4833,0.0,0.0,0.12,0.0,0.0,0.6033
OH_20260509_1500_동대문구_청량리경동시장일대_OH_0058,5,제기동 고대앞마을 골목형상점가,동대문구,market,0.4799,0.0,0.0,0.12,0.0,0.0,0.5999
OH_20260509_1500_동대문구_청량리경동시장일대_OH_0058,6,장한평역  먹자 골목형상점가,동대문구,market,0.4743,0.0,0.0,0.12,0.0,0.0,0.5943
OH_20260509_1500_동대문구_청량리경동시장일대_OH_0058,7,경희담길 골목형상점가,동대문구,market,0.4732,0.0,0.0,0.12,0.0,0.0,0.5932
OH_20260509_1500_동대문구_청량리경동시장일대_OH_0058,8,청량리종합시장,동대문구,market,0.472,0.0,0.0,0.12,0.0,0.0,0.592
OH_20260509_1500_동대문구_청량리경동시장일대_OH_0058,9,회기역골목형상점가,동대문구,market,0.4716,0.0,0.0,0.12,0.0,0.0,0.5916
OH_20260509_1500_동대문구_청량리경동시장일대_OH_0058,10,청량리농수산물시장,동대문구,market,0.4713,0.0,0.0,0.12,0.0,0.0,0.5913
OH_20260511_1420_구로구_고척1동이동약자현장_OH_0062,1,구로노인종합복지관,구로구,senior_friendly,0.7583,0.0,0.0,0.06,0.0,0.0,0.8183
OH_20260511_1420_구로구_고척1동이동약자현장_OH_0062,2,온수도시자연공원,구로구,park,0.6365,0.0,0.0,0.12,0.0,0.0,0.7565
OH_20260511_1420_구로구_고척1동이동약자현장_OH_0062,3,고척근린공원,구로구,park,0.6349,0.0,0.0,0.12,0.0,0.0,0.7549
OH_20260511_1420_구로구_고척1동이동약자현장_OH_0062,4,개웅산근린공원,구로구,park,0.6241,0.0,0.0,0.12,0.0,0.0,0.7441
OH_20260511_1420_구로구_고척1동이동약자현장_OH_0062,5,푸른수목원,구로구,park,0.6164,0.0,0.0,0.12,0.0,0.0,0.7364
OH_20260511_1420_구로구_고척1동이동약자현장_OH_0062,6,구로디지털단지,구로구,subway,0.6961,0.0,0.0,0.0,0.0,0.0,0.6961
OH_20260511_1420_구로구_고척1동이동약자현장_OH_0062,7,신도림,구로구,subway,0.6595,0.0,0.0,0.0,0.0,0.0,0.6595
OH_20260511_1420_구로구_고척1동이동약자현장_OH_0062,8,오류버들시장 골목형상점가,구로구,market,0.4915,0.0,0.0,0.12,0.0,0.0,0.6115
OH_20260511_1420_구로구_고척1동이동약자현장_OH_0062,9,남구로시장,구로구,market,0.4811,0.0,0.0,0.12,0.0,0.0,0.6011
OH_20260511_1420_구로구_고척1동이동약자현장_OH_0062,10,그라운드고척 골목형상점가,구로구,market,0.4792,0.0,0.0,0.12,0.0,0.0,0.5992
OH_20260512_1000_종로구_광화문광장감사의정원_OH_0065,1,낙산근린공원,종로구,park,0.6697,0.0,0.0,0.06,0.0,0.0,0.7297
OH_20260512_1000_종로구_광화문광장감사의정원_OH_0065,2,북악산도시자연공원,종로구,park,0.6574,0.0,0.0,0.06,0.0,0.0,0.7174
OH_20260512_1000_종로구_광화문광장감사의정원_OH_0065,3,인왕산도시자연공원,종로구,park,0.626,0.0,0.0,0.06,0.0,0.0,0.686
OH_20260512_1000_종로구_광화문광장감사의정원_OH_0065,4,세종로공원,종로구,park,0.6186,0.0,0.0,0.06,0.0,0.0,0.6786
OH_20260512_1000_종로구_광화문광장감사의정원_OH_0065,5,경희궁,종로구,park,0.6141,0.0,0.0,0.06,0.0,0.0,0.6741
OH_20260512_1000_종로구_광화문광장감사의정원_OH_0065,6,삼청근린공원,종로구,park,0.6088,0.0,0.0,0.06,0.0,0.0,0.6688
OH_20260512_1000_종로구_광화문광장감사의정원_OH_0065,7,광화문시민열린마당,종로구,park,0.6025,0.0,0.0,0.06,0.0,0.0,0.6625
OH_20260512_1000_종로구_광화문광장감사의정원_OH_0065,8,와룡근린공원,종로구,park,0.5976,0.0,0.0,0.06,0.0,0.0,0.6576
OH_20260512_1000_종로구_광화문광장감사의정원_OH_0065,9,사직근린공원,종로구,park,0.5975,0.0,0.0,0.06,0.0,0.0,0.6575
OH_20260512_1000_종로구_광화문광장감사의정원_OH_0065,10,숭인근린공원,종로구,park,0.5775,0.0,0.0,0.06,0.0,0.0,0.6375
OH_20260515_1500_송파구_잠실mice현장_OH_0083,1,잠실(송파구청),송파구,subway,0.9611,0.0,0.0,0.0,0.0,0.0,0.9611
OH_20260515_1500_송파구_잠실mice현장_OH_0083,2,문정노인종합복지관,송파구,senior_friendly,0.7583,0.0,0.0,0.06,0.0,0.0,0.8183
OH_20260515_1500_송파구_잠실mice현장_OH_0083,3,장지근린공원,송파구,park,0.6518,0.0,0.0,0.12,0.0,0.0,0.7718
OH_20260515_1500_송파구_잠실mice현장_OH_0083,4,아시아근린공원,송파구,park,0.6515,0.0,0.0,0.12,0.0,0.0,0.7715
OH_20260515_1500_송파구_잠실mice현장_OH_0083,5,오금근린공원,송파구,park,0.6432,0.0,0.0,0.12,0.0,0.0,0.7632
OH_20260515_1500_송파구_잠실mice현장_OH_0083,6,문정근린공원,송파구,park,0.6261,0.0,0.0,0.12,0.0,0.0,0.7461
OH_20260515_1500_송파구_잠실mice현장_OH_0083,7,송파나루근린공원(석촌호수),송파구,park,0.6193,0.0,0.0,0.12,0.0,0.0,0.7393
OH_20260515_1500_송파구_잠실mice현장_OH_0083,8,천마근린공원,송파구,park,0.6141,0.0,0.0,0.12,0.0,0.0,0.7341
OH_20260515_1500_송파구_잠실mice현장_OH_0083,9,가락몰 골목형상점가,송파구,market,0.5612,0.0,0.0,0.12,0.0,0.0,0.6812
OH_20260515_1500_송파구_잠실mice현장_OH_0083,10,올림픽공원,송파구,park,0.4994,0.0,0.0,0.12,0.0,0.0,0.6194
OH_20260516_0830_노원구_공릉동_OH_0086,1,신림,관악구,subway,0.9468,0.0,0.0,0.14,0.0,0.0,1.0868
OH_20260516_0830_노원구_공릉동_OH_0086,2,잠실(송파구청),송파구,subway,0.8013,0.0,0.0,0.14,0.0,0.0,0.9413
OH_20260516_0830_노원구_공릉동_OH_0086,3,서울역,중구,subway,0.7902,0.0,0.0,0.14,0.0,0.0,0.9302
OH_20260516_0830_노원구_공릉동_OH_0086,4,공릉노인복지관,노원구,senior_friendly,0.7683,0.0,0.0,0.05,0.0,0.0,0.8183
OH_20260516_0830_노원구_공릉동_OH_0086,5,수락산도시자연공원,노원구,park,0.64,0.0,0.0,0.0,0.0,0.0,0.64
OH_20260516_0830_노원구_공릉동_OH_0086,6,불암산도시자연공원,노원구,park,0.6372,0.0,0.0,0.0,0.0,0.0,0.6372
OH_20260516_0830_노원구_공릉동_OH_0086,7,노원,노원구,subway,0.4295,0.0,0.0,0.14,0.0,0.0,0.5695
OH_20260516_0830_노원구_공릉동_OH_0086,8,주안,,subway,0.4264,0.0,0.0,0.14,0.0,0.0,0.5664
OH_20260516_0830_노원구_공릉동_OH_0086,9,성균관대,,subway,0.4254,0.0,0.0,0.14,0.0,0.0,0.5654
OH_20260516_0830_노원구_공릉동_OH_0086,10,총신대입구(이수),총신대입구,subway,0.4254,0.0,0.0,0.14,0.0,0.0,0.5654
OH_20260516_1000_송파구_잠실보조경기장_OH_0087,1,봉은공원,강남구,park,0.7275,0.0,0.0,0.06,0.0,0.0,0.7875
OH_20260516_1000_송파구_잠실보조경기장_OH_0087,2,월드컵공원,마포구,park,0.7248,0.0,0.0,0.06,0.0,0.0,0.7848
OH_20260516_1000_송파구_잠실보조경기장_OH_0087,3,중랑캠핑숲,중랑구,park,0.7213,0.0,0.0,0.06,0.0,0.0,0.7813
OH_20260516_1000_송파구_잠실보조경기장_OH_0087,4,장지근린공원,송파구,park,0.6341,0.0,0.0,0.06,0.0,0.0,0.6941
OH_20260516_1000_송파구_잠실보조경기장_OH_0087,5,아시아근린공원,송파구,park,0.6327,0.0,0.0,0.06,0.0,0.0,0.6927
OH_20260516_1000_송파구_잠실보조경기장_OH_0087,6,오금근린공원,송파구,park,0.6255,0.0,0.0,0.06,0.0,0.0,0.6855
OH_20260516_1000_송파구_잠실보조경기장_OH_0087,7,문정근린공원,송파구,park,0.6084,0.0,0.0,0.06,0.0,0.0,0.6684
OH_20260516_1000_송파구_잠실보조경기장_OH_0087,8,송파나루근린공원(석촌호수),송파구,park,0.6028,0.0,0.0,0.06,0.0,0.0,0.6628
OH_20260516_1000_송파구_잠실보조경기장_OH_0087,9,천마근린공원,송파구,park,0.5976,0.0,0.0,0.06,0.0,0.0,0.6576
OH_20260516_1000_송파구_잠실보조경기장_OH_0087,10,올림픽공원,송파구,park,0.4817,0.0,0.0,0.06,0.0,0.0,0.5417
OH_20260517_1300_중랑구_중랑서울장미축제_OH_0093,1,봉은공원,강남구,park,0.7451,0.0,0.0,0.12,0.0,0.0,0.8651
OH_20260517_1300_중랑구_중랑서울장미축제_OH_0093,2,월드컵공원,마포구,park,0.7425,0.0,0.0,0.12,0.0,0.0,0.8625
OH_20260517_1300_중랑구_중랑서울장미축제_OH_0093,3,중랑캠핑숲,중랑구,park,0.7412,0.0,0.0,0.12,0.0,0.0,0.8612
OH_20260517_1300_중랑구_중랑서울장미축제_OH_0093,4,백련근린공원,서대문구,park,0.7275,0.0,0.0,0.12,0.0,0.0,0.8475
OH_20260517_1300_중랑구_중랑서울장미축제_OH_0093,5,남산공원,중구,park,0.7185,0.0,0.0,0.12,0.0,0.0,0.8385
OH_20260517_1300_중랑구_중랑서울장미축제_OH_0093,6,안산도시자연공원,서대문구,park,0.7158,0.0,0.0,0.12,0.0,0.0,0.8358
OH_20260517_1300_중랑구_중랑서울장미축제_OH_0093,7,용마폭포공원,중랑구,park,0.679,0.0,0.0,0.12,0.0,0.0,0.799
OH_20260517_1300_중랑구_중랑서울장미축제_OH_0093,8,봉화산근린공원,중랑구,park,0.6327,0.0,0.0,0.12,0.0,0.0,0.7527
OH_20260517_1300_중랑구_중랑서울장미축제_OH_0093,9,용마도시자연공원(사가정공원),중랑구,park,0.6315,0.0,0.0,0.12,0.0,0.0,0.7515
OH_20260517_1300_중랑구_중랑서울장미축제_OH_0093,10,서일대뒷산공원,중랑구,park,0.629,0.0,0.0,0.12,0.0,0.0,0.749
OH_20260518_1130_영등포구_서울청년취업사관학교_OH_0097,1,구립영등포노인종합복지관,영등포구,senior_friendly,0.7493,0.0,0.0,0.1,0.0,0.0,0.8493
OH_20260518_1130_영등포구_서울청년취업사관학교_OH_0097,2,여의도근린공원,영등포구,park,0.6858,0.0,0.0,0.06,0.0,0.0,0.7458
OH_20260518_1130_영등포구_서울청년취업사관학교_OH_0097,3,선유도근린공원,영등포구,park,0.5956,0.0,0.0,0.06,0.0,0.0,0.6556
OH_20260518_1130_영등포구_서울청년취업사관학교_OH_0097,4,영등포근린공원,영등포구,park,0.5954,0.0,0.0,0.06,0.0,0.0,0.6554
OH_20260518_1130_영등포구_서울청년취업사관학교_OH_0097,5,중마루근린공원,영등포구,park,0.5891,0.0,0.0,0.06,0.0,0.0,0.6491
OH_20260518_1130_영등포구_서울청년취업사관학교_OH_0097,6,자매근린공원,영등포구,park,0.5698,0.0,0.0,0.06,0.0,0.0,0.6298
OH_20260518_1130_영등포구_서울청년취업사관학교_OH_0097,7,영등포유통상가,영등포구,market,0.4917,0.0,0.0,0.1,0.0,0.0,0.5917
OH_20260518_1130_영등포구_서울청년취업사관학교_OH_0097,8,영등포시장기계공구상가,영등포구,market,0.4468,0.0,0.0,0.1,0.0,0.0,0.5468
OH_20260518_1130_영등포구_서울청년취업사관학교_OH_0097,9,서울 청년취업사관학교,영등포구,market,0.4318,0.0,0.0,0.1,0.0,0.0,0.5318
OH_20260518_1130_영등포구_서울청년취업사관학교_OH_0097,10,서울시 창업지원시설,영등포구,market,0.4318,0.0,0.0,0.1,0.0,0.0,0.5318
OH_20260518_1220_영등포구_서울시창업지원시설_OH_0098,1,여의도근린공원,영등포구,park,0.7046,0.0,0.0,0.12,0.0,0.0,0.8246
OH_20260518_1220_영등포구_서울시창업지원시설_OH_0098,2,구립영등포노인종합복지관,영등포구,senior_friendly,0.7632,0.0,0.0,0.06,0.0,0.0,0.8232
OH_20260518_1220_영등포구_서울시창업지원시설_OH_0098,3,선유도근린공원,영등포구,park,0.6121,0.0,0.0,0.12,0.0,0.0,0.7321
OH_20260518_1220_영등포구_서울시창업지원시설_OH_0098,4,영등포근린공원,영등포구,park,0.6119,0.0,0.0,0.12,0.0,0.0,0.7319
OH_20260518_1220_영등포구_서울시창업지원시설_OH_0098,5,중마루근린공원,영등포구,park,0.6067,0.0,0.0,0.12,0.0,0.0,0.7267
OH_20260518_1220_영등포구_서울시창업지원시설_OH_0098,6,자매근린공원,영등포구,park,0.5863,0.0,0.0,0.12,0.0,0.0,0.7063
OH_20260518_1220_영등포구_서울시창업지원시설_OH_0098,7,영등포유통상가,영등포구,market,0.5381,0.0,0.0,0.12,0.0,0.0,0.6581
OH_20260518_1220_영등포구_서울시창업지원시설_OH_0098,8,영등포,영등포구,subway,0.6567,0.0,0.0,0.0,0.0,0.0,0.6567
OH_20260518_1220_영등포구_서울시창업지원시설_OH_0098,9,영등포시장기계공구상가,영등포구,market,0.4939,0.0,0.0,0.12,0.0,0.0,0.6139
OH_20260518_1220_영등포구_서울시창업지원시설_OH_0098,10,서울 청년취업사관학교,영등포구,market,0.4938,0.0,0.0,0.12,0.0,0.0,0.6138
OH_20260519_1000_종로구_창신동쪽방촌온기창고_OH_0102,1,성수1가2동노인복지관 대현분소,성동구,senior_friendly,0.9585,0.0,0.0,0.1,0.0,0.0,1.0585
OH_20260519_1000_종로구_창신동쪽방촌온기창고_OH_0102,2,강남구립 도곡1노인복지관,강남구,senior_friendly,0.9536,0.0,0.0,0.1,0.0,0.0,1.0536
OH_20260519_1000_종로구_창신동쪽방촌온기창고_OH_0102,3,강동구립 해공노인복지관,강동구,senior_friendly,0.952,0.0,0.0,0.1,0.0,0.0,1.052
OH_20260519_1000_종로구_창신동쪽방촌온기창고_OH_0102,4,구립 자양노인복지관,광진구,senior_friendly,0.9487,0.0,0.0,0.1,0.0,0.0,1.0487
OH_20260519_1000_종로구_창신동쪽방촌온기창고_OH_0102,5,구립갈현노인복지관,은평구,senior_friendly,0.947,0.0,0.0,0.1,0.0,0.0,1.047
OH_20260519_1000_종로구_창신동쪽방촌온기창고_OH_0102,6,용강 노인복지관,마포구,senior_friendly,0.9454,0.0,0.0,0.1,0.0,0.0,1.0454
OH_20260519_1000_종로구_창신동쪽방촌온기창고_OH_0102,7,북가좌노인복지관,서대문구,senior_friendly,0.9454,0.0,0.0,0.1,0.0,0.0,1.0454
OH_20260519_1000_종로구_창신동쪽방촌온기창고_OH_0102,8,청파노인복지관,용산구,senior_friendly,0.9438,0.0,0.0,0.1,0.0,0.0,1.0438
OH_20260519_1000_종로구_창신동쪽방촌온기창고_OH_0102,9,약수노인복지관,중구,senior_friendly,0.9438,0.0,0.0,0.1,0.0,0.0,1.0438
OH_20260519_1000_종로구_창신동쪽방촌온기창고_OH_0102,10,종로노인종합복지관,종로구,senior_friendly,0.9198,0.0,0.0,0.1,0.0,0.0,1.0198
OH_20260519_1030_종로구_창신동문구완구거리_OH_0103,1,동대문종합시장,종로구,market,0.5837,0.0,0.0,0.1,0.0,0.0,0.6837
OH_20260519_1030_종로구_창신동문구완구거리_OH_0103,2,광장전통시장,종로구,market,0.5242,0.0,0.0,0.1,0.0,0.0,0.6242
OH_20260519_1030_종로구_창신동문구완구거리_OH_0103,3,광장시장,종로구,market,0.479,0.0,0.0,0.1,0.0,0.0,0.579
OH_20260519_1030_종로구_창신동문구완구거리_OH_0103,4,동대문종합시장D동,종로구,market,0.4504,0.0,0.0,0.1,0.0,0.0,0.5504
OH_20260519_1030_종로구_창신동문구완구거리_OH_0103,5,동대문문구?완구거리,종로구,market,0.4264,0.0,0.0,0.1,0.0,0.0,0.5264
OH_20260519_1030_종로구_창신동문구완구거리_OH_0103,6,동묘시장,종로구,market,0.4255,0.0,0.0,0.1,0.0,0.0,0.5255
OH_20260519_1030_종로구_창신동문구완구거리_OH_0103,7,창신골목시장,종로구,market,0.4248,0.0,0.0,0.1,0.0,0.0,0.5248
OH_20260519_1030_종로구_창신동문구완구거리_OH_0103,8,세종마을음식문화거리,종로구,market,0.4242,0.0,0.0,0.1,0.0,0.0,0.5242
OH_20260519_1030_종로구_창신동문구완구거리_OH_0103,9,북촌계동길 골목형상점가,종로구,market,0.4241,0.0,0.0,0.1,0.0,0.0,0.5241
OH_20260519_1030_종로구_창신동문구완구거리_OH_0103,10,통인시장,종로구,market,0.4222,0.0,0.0,0.1,0.0,0.0,0.5222
OH_20260521_0930_강북구_수유역_OH_0109,1,신림,관악구,subway,0.9468,0.0,0.0,0.14,0.0,0.0,1.0868
OH_20260521_0930_강북구_수유역_OH_0109,2,잠실(송파구청),송파구,subway,0.8013,0.0,0.0,0.14,0.0,0.0,0.9413
OH_20260521_0930_강북구_수유역_OH_0109,3,서울역,중구,subway,0.7902,0.0,0.0,0.14,0.0,0.0,0.9302
OH_20260521_0930_강북구_수유역_OH_0109,4,구로디지털단지,구로구,subway,0.776,0.0,0.0,0.14,0.0,0.0,0.916
OH_20260521_0930_강북구_수유역_OH_0109,5,서울대입구(관악구청),관악구,subway,0.7382,0.0,0.0,0.14,0.0,0.0,0.8782
OH_20260521_0930_강북구_수유역_OH_0109,6,신도림,구로구,subway,0.7139,0.0,0.0,0.14,0.0,0.0,0.8539
OH_20260521_0930_강북구_수유역_OH_0109,7,연신내,은평구,subway,0.667,0.0,0.0,0.14,0.0,0.0,0.807
OH_20260521_0930_강북구_수유역_OH_0109,8,까치산,강서구,subway,0.6301,0.0,0.0,0.14,0.0,0.0,0.7701
OH_20260521_0930_강북구_수유역_OH_0109,9,화곡,강서구,subway,0.6251,0.0,0.0,0.14,0.0,0.0,0.7651
OH_20260521_0930_강북구_수유역_OH_0109,10,수유(강북구청),강북구,subway,0.6126,0.0,0.0,0.14,0.0,0.0,0.7526
OH_20260521_1000_강북구_삼양사거리_OH_0110,1,신림,관악구,subway,0.9468,0.0,0.0,0.0,0.0,0.0,0.9468
OH_20260521_1000_강북구_삼양사거리_OH_0110,2,잠실(송파구청),송파구,subway,0.8013,0.0,0.0,0.0,0.0,0.0,0.8013
OH_20260521_1000_강북구_삼양사거리_OH_0110,3,서울역,중구,subway,0.7902,0.0,0.0,0.0,0.0,0.0,0.7902
OH_20260521_1000_강북구_삼양사거리_OH_0110,4,구로디지털단지,구로구,subway,0.776,0.0,0.0,0.0,0.0,0.0,0.776
OH_20260521_1000_강북구_삼양사거리_OH_0110,5,서울대입구(관악구청),관악구,subway,0.7382,0.0,0.0,0.0,0.0,0.0,0.7382
OH_20260521_1000_강북구_삼양사거리_OH_0110,6,신도림,구로구,subway,0.7139,0.0,0.0,0.0,0.0,0.0,0.7139
OH_20260521_1000_강북구_삼양사거리_OH_0110,7,연신내,은평구,subway,0.667,0.0,0.0,0.0,0.0,0.0,0.667
OH_20260521_1000_강북구_삼양사거리_OH_0110,8,까치산,강서구,subway,0.6301,0.0,0.0,0.0,0.0,0.0,0.6301
OH_20260521_1000_강북구_삼양사거리_OH_0110,9,화곡,강서구,subway,0.6251,0.0,0.0,0.0,0.0,0.0,0.6251
OH_20260521_1000_강북구_삼양사거리_OH_0110,10,수유(강북구청),강북구,subway,0.6126,0.0,0.0,0.0,0.0,0.0,0.6126
OH_20260521_1100_서대문구_인왕시장_OH_0111,1,남대문시장,중구,market,0.6592,0.0,0.0,0.1,0.0,0.0,0.7592
OH_20260521_1100_서대문구_인왕시장_OH_0111,2,동대문종합시장,종로구,market,0.5837,0.0,0.0,0.1,0.0,0.0,0.6837
OH_20260521_1100_서대문구_인왕시장_OH_0111,3,장안 마실 골목형상점가,동대문구,market,0.5827,0.0,0.0,0.1,0.0,0.0,0.6827
OH_20260521_1100_서대문구_인왕시장_OH_0111,4,천호로데오거리상점가,강동구,market,0.5458,0.0,0.0,0.1,0.0,0.0,0.6458
OH_20260521_1100_서대문구_인왕시장_OH_0111,5,광장전통시장,종로구,market,0.5242,0.0,0.0,0.1,0.0,0.0,0.6242
OH_20260521_1100_서대문구_인왕시장_OH_0111,6,가락몰 골목형상점가,송파구,market,0.514,0.0,0.0,0.1,0.0,0.0,0.614
OH_20260521_1100_서대문구_인왕시장_OH_0111,7,평화시장,중구,market,0.5064,0.0,0.0,0.1,0.0,0.0,0.6064
OH_20260521_1100_서대문구_인왕시장_OH_0111,8,포방터시장,서대문구,market,0.4226,0.0,0.0,0.1,0.0,0.0,0.5226
OH_20260521_1100_서대문구_인왕시장_OH_0111,9,영천시장,서대문구,market,0.4213,0.0,0.0,0.1,0.0,0.0,0.5213
OH_20260521_1100_서대문구_인왕시장_OH_0111,10,남이동길골목형상점가,서대문구,market,0.4212,0.0,0.0,0.1,0.0,0.0,0.5212
OH_20260521_1130_서대문구_국민은행홍제동점_OH_0112,1,신림,관악구,subway,0.9468,0.0,0.0,0.0,0.0,0.0,0.9468
OH_20260521_1130_서대문구_국민은행홍제동점_OH_0112,2,잠실(송파구청),송파구,subway,0.8013,0.0,0.0,0.0,0.0,0.0,0.8013
OH_20260521_1130_서대문구_국민은행홍제동점_OH_0112,3,서울역,중구,subway,0.7902,0.0,0.0,0.0,0.0,0.0,0.7902
OH_20260521_1130_서대문구_국민은행홍제동점_OH_0112,4,구로디지털단지,구로구,subway,0.776,0.0,0.0,0.0,0.0,0.0,0.776
OH_20260521_1130_서대문구_국민은행홍제동점_OH_0112,5,서울대입구(관악구청),관악구,subway,0.7382,0.0,0.0,0.0,0.0,0.0,0.7382
OH_20260521_1130_서대문구_국민은행홍제동점_OH_0112,6,신도림,구로구,subway,0.7139,0.0,0.0,0.0,0.0,0.0,0.7139
OH_20260521_1130_서대문구_국민은행홍제동점_OH_0112,7,연신내,은평구,subway,0.667,0.0,0.0,0.0,0.0,0.0,0.667
OH_20260521_1130_서대문구_국민은행홍제동점_OH_0112,8,까치산,강서구,subway,0.6301,0.0,0.0,0.0,0.0,0.0,0.6301
OH_20260521_1130_서대문구_국민은행홍제동점_OH_0112,9,화곡,강서구,subway,0.6251,0.0,0.0,0.0,0.0,0.0,0.6251
OH_20260521_1130_서대문구_국민은행홍제동점_OH_0112,10,쌍문,도봉구,subway,0.623,0.0,0.0,0.0,0.0,0.0,0.623
OH_20260521_1300_영등포구_우리시장_OH_0113,1,남대문시장,중구,market,0.7056,0.0,0.0,0.12,0.0,0.0,0.8256
OH_20260521_1300_영등포구_우리시장_OH_0113,2,동대문종합시장,종로구,market,0.6301,0.0,0.0,0.12,0.0,0.0,0.7501
OH_20260521_1300_영등포구_우리시장_OH_0113,3,장안 마실 골목형상점가,동대문구,market,0.6299,0.0,0.0,0.12,0.0,0.0,0.7499
OH_20260521_1300_영등포구_우리시장_OH_0113,4,영등포유통상가,영등포구,market,0.5381,0.0,0.0,0.12,0.0,0.0,0.6581
OH_20260521_1300_영등포구_우리시장_OH_0113,5,영등포시장기계공구상가,영등포구,market,0.4939,0.0,0.0,0.12,0.0,0.0,0.6139
OH_20260521_1300_영등포구_우리시장_OH_0113,6,영등포청과시장,영등포구,market,0.478,0.0,0.0,0.12,0.0,0.0,0.598
OH_20260521_1300_영등포구_우리시장_OH_0113,7,영등포전통시장,영등포구,market,0.4708,0.0,0.0,0.12,0.0,0.0,0.5908
OH_20260521_1300_영등포구_우리시장_OH_0113,8,대림중앙시장,영등포구,market,0.4696,0.0,0.0,0.12,0.0,0.0,0.5896
OH_20260521_1300_영등포구_우리시장_OH_0113,9,우리시장,영등포구,market,0.4695,0.0,0.0,0.12,0.0,0.0,0.5895
OH_20260521_1300_영등포구_우리시장_OH_0113,10,선유로운골목형상점가,영등포구,market,0.4686,0.0,0.0,0.12,0.0,0.0,0.5886
OH_20260521_1410_구로구_베다니교회앞_OH_0114,1,서울역,중구,subway,0.9642,0.0,0.0,0.0,0.0,0.0,0.9642
OH_20260521_1410_구로구_베다니교회앞_OH_0114,2,잠실(송파구청),송파구,subway,0.9611,0.0,0.0,0.0,0.0,0.0,0.9611
OH_20260521_1410_구로구_베다니교회앞_OH_0114,3,강남,강남구,subway,0.9318,0.0,0.0,0.0,0.0,0.0,0.9318
OH_20260521_1410_구로구_베다니교회앞_OH_0114,4,홍대입구,마포구,subway,0.8656,0.0,0.0,0.0,0.0,0.0,0.8656
OH_20260521_1410_구로구_베다니교회앞_OH_0114,5,고속터미널,서초구,subway,0.8161,0.0,0.0,0.0,0.0,0.0,0.8161
OH_20260521_1410_구로구_베다니교회앞_OH_0114,6,삼성(무역센터),강남구,subway,0.7312,0.0,0.0,0.0,0.0,0.0,0.7312
OH_20260521_1410_구로구_베다니교회앞_OH_0114,7,성수,성동구,subway,0.7287,0.0,0.0,0.0,0.0,0.0,0.7287
OH_20260521_1410_구로구_베다니교회앞_OH_0114,8,구로디지털단지,구로구,subway,0.6961,0.0,0.0,0.0,0.0,0.0,0.6961
OH_20260521_1410_구로구_베다니교회앞_OH_0114,9,신도림,구로구,subway,0.6595,0.0,0.0,0.0,0.0,0.0,0.6595
OH_20260521_1410_구로구_베다니교회앞_OH_0114,10,대림(구로구청),구로구,subway,0.4549,0.0,0.0,0.0,0.0,0.0,0.4549
OH_20260521_1530_성북구_성신여대입구_OH_0115,1,서울역,중구,subway,0.9642,0.0,0.0,0.0,0.0,0.0,0.9642
OH_20260521_1530_성북구_성신여대입구_OH_0115,2,잠실(송파구청),송파구,subway,0.9611,0.0,0.0,0.0,0.0,0.0,0.9611
OH_20260521_1530_성북구_성신여대입구_OH_0115,3,강남,강남구,subway,0.9318,0.0,0.0,0.0,0.0,0.0,0.9318
OH_20260521_1530_성북구_성신여대입구_OH_0115,4,홍대입구,마포구,subway,0.8656,0.0,0.0,0.0,0.0,0.0,0.8656
OH_20260521_1530_성북구_성신여대입구_OH_0115,5,고속터미널,서초구,subway,0.8161,0.0,0.0,0.0,0.0,0.0,0.8161
OH_20260521_1530_성북구_성신여대입구_OH_0115,6,삼성(무역센터),강남구,subway,0.7312,0.0,0.0,0.0,0.0,0.0,0.7312
OH_20260521_1530_성북구_성신여대입구_OH_0115,7,성수,성동구,subway,0.7287,0.0,0.0,0.0,0.0,0.0,0.7287
OH_20260521_1530_성북구_성신여대입구_OH_0115,8,선릉,강남구,subway,0.7238,0.0,0.0,0.0,0.0,0.0,0.7238
OH_20260521_1530_성북구_성신여대입구_OH_0115,9,용산,용산구,subway,0.7194,0.0,0.0,0.0,0.0,0.0,0.7194
OH_20260521_1530_성북구_성신여대입구_OH_0115,10,구로디지털단지,구로구,subway,0.6961,0.0,0.0,0.0,0.0,0.0,0.6961
OH_20260521_1730_동대문구_경동시장_OH_0116,1,장안 마실 골목형상점가,동대문구,market,0.6299,0.0,0.0,0.12,0.0,0.0,0.7499
OH_20260521_1730_동대문구_경동시장_OH_0116,2,서울약령시장,동대문구,market,0.5526,0.0,0.0,0.12,0.0,0.0,0.6726
OH_20260521_1730_동대문구_경동시장_OH_0116,3,신설동 들락거리 골목형상점가,동대문구,market,0.4875,0.0,0.0,0.12,0.0,0.0,0.6075
OH_20260521_1730_동대문구_경동시장_OH_0116,4,경동시장,동대문구,market,0.4833,0.0,0.0,0.12,0.0,0.0,0.6033
OH_20260521_1730_동대문구_경동시장_OH_0116,5,제기동 고대앞마을 골목형상점가,동대문구,market,0.4799,0.0,0.0,0.12,0.0,0.0,0.5999
OH_20260521_1730_동대문구_경동시장_OH_0116,6,장한평역  먹자 골목형상점가,동대문구,market,0.4743,0.0,0.0,0.12,0.0,0.0,0.5943
OH_20260521_1730_동대문구_경동시장_OH_0116,7,경희담길 골목형상점가,동대문구,market,0.4732,0.0,0.0,0.12,0.0,0.0,0.5932
OH_20260521_1730_동대문구_경동시장_OH_0116,8,청량리종합시장,동대문구,market,0.472,0.0,0.0,0.12,0.0,0.0,0.592
OH_20260521_1730_동대문구_경동시장_OH_0116,9,회기역골목형상점가,동대문구,market,0.4716,0.0,0.0,0.12,0.0,0.0,0.5916
OH_20260521_1730_동대문구_경동시장_OH_0116,10,청량리농수산물시장,동대문구,market,0.4713,0.0,0.0,0.12,0.0,0.0,0.5913
OH_20260521_1800_동대문구_청량리역사거리_OH_0117,1,서울역,중구,subway,0.9642,0.0,0.0,0.12,0.0,0.0,1.0842
OH_20260521_1800_동대문구_청량리역사거리_OH_0117,2,잠실(송파구청),송파구,subway,0.9611,0.0,0.0,0.12,0.0,0.0,1.0811
OH_20260521_1800_동대문구_청량리역사거리_OH_0117,3,강남,강남구,subway,0.9318,0.0,0.0,0.12,0.0,0.0,1.0518
OH_20260521_1800_동대문구_청량리역사거리_OH_0117,4,홍대입구,마포구,subway,0.8656,0.0,0.0,0.12,0.0,0.0,0.9856
OH_20260521_1800_동대문구_청량리역사거리_OH_0117,5,고속터미널,서초구,subway,0.8161,0.0,0.0,0.12,0.0,0.0,0.9361
OH_20260521_1800_동대문구_청량리역사거리_OH_0117,6,삼성(무역센터),강남구,subway,0.7312,0.0,0.0,0.12,0.0,0.0,0.8512
OH_20260521_1800_동대문구_청량리역사거리_OH_0117,7,성수,성동구,subway,0.7287,0.0,0.0,0.12,0.0,0.0,0.8487
OH_20260521_1800_동대문구_청량리역사거리_OH_0117,8,선릉,강남구,subway,0.7238,0.0,0.0,0.12,0.0,0.0,0.8438
OH_20260521_1800_동대문구_청량리역사거리_OH_0117,9,용산,용산구,subway,0.7194,0.0,0.0,0.12,0.0,0.0,0.8394
OH_20260521_1800_동대문구_청량리역사거리_OH_0117,10,구로디지털단지,구로구,subway,0.6961,0.0,0.0,0.12,0.0,0.0,0.8161
OH_20260521_2000_강남구_강남역_OH_0118,1,서울역,중구,subway,0.9642,0.0,0.0,0.0,0.0,0.0,0.9642
OH_20260521_2000_강남구_강남역_OH_0118,2,잠실(송파구청),송파구,subway,0.9611,0.0,0.0,0.0,0.0,0.0,0.9611
OH_20260521_2000_강남구_강남역_OH_0118,3,강남,강남구,subway,0.9318,0.0,0.0,0.0,0.0,0.0,0.9318
OH_20260521_2000_강남구_강남역_OH_0118,4,홍대입구,마포구,subway,0.8656,0.0,0.0,0.0,0.0,0.0,0.8656
OH_20260521_2000_강남구_강남역_OH_0118,5,고속터미널,서초구,subway,0.8161,0.0,0.0,0.0,0.0,0.0,0.8161
OH_20260521_2000_강남구_강남역_OH_0118,6,삼성(무역센터),강남구,subway,0.7312,0.0,0.0,0.0,0.0,0.0,0.7312
OH_20260521_2000_강남구_강남역_OH_0118,7,성수,성동구,subway,0.7287,0.0,0.0,0.0,0.0,0.0,0.7287
OH_20260521_2000_강남구_강남역_OH_0118,8,선릉,강남구,subway,0.7238,0.0,0.0,0.0,0.0,0.0,0.7238
OH_20260521_2000_강남구_강남역_OH_0118,9,역삼,강남구,subway,0.6459,0.0,0.0,0.0,0.0,0.0,0.6459
OH_20260521_2000_강남구_강남역_OH_0118,10,강남구청,강남구,subway,0.364,0.0,0.0,0.0,0.0,0.0,0.364
OH_20260522_0730_동작구_보라매공원_OH_0119,1,신림,관악구,subway,0.9468,0.0,0.0,0.14,0.0,0.0,1.0868
OH_20260522_0730_동작구_보라매공원_OH_0119,2,잠실(송파구청),송파구,subway,0.8013,0.0,0.0,0.14,0.0,0.0,0.9413
OH_20260522_0730_동작구_보라매공원_OH_0119,3,서울역,중구,subway,0.7902,0.0,0.0,0.14,0.0,0.0,0.9302
OH_20260522_0730_동작구_보라매공원_OH_0119,4,구로디지털단지,구로구,subway,0.776,0.0,0.0,0.14,0.0,0.0,0.916
OH_20260522_0730_동작구_보라매공원_OH_0119,5,서울대입구(관악구청),관악구,subway,0.7382,0.0,0.0,0.14,0.0,0.0,0.8782
OH_20260522_0730_동작구_보라매공원_OH_0119,6,신도림,구로구,subway,0.7139,0.0,0.0,0.14,0.0,0.0,0.8539
OH_20260522_0730_동작구_보라매공원_OH_0119,7,연신내,은평구,subway,0.667,0.0,0.0,0.14,0.0,0.0,0.807
OH_20260522_0730_동작구_보라매공원_OH_0119,8,까치산,강서구,subway,0.6301,0.0,0.0,0.14,0.0,0.0,0.7701
OH_20260522_0730_동작구_보라매공원_OH_0119,9,신대방,동작구,subway,0.5796,0.0,0.0,0.14,0.0,0.0,0.7196
OH_20260522_0730_동작구_보라매공원_OH_0119,10,사당,동작구,subway,0.5744,0.0,0.0,0.14,0.0,0.0,0.7144
OH_20260522_1000_광진구_능동어린이대공원_OH_0120,1,봉은공원,강남구,park,0.7275,0.0,0.0,0.06,0.0,0.0,0.7875
OH_20260522_1000_광진구_능동어린이대공원_OH_0120,2,월드컵공원,마포구,park,0.7248,0.0,0.0,0.06,0.0,0.0,0.7848
OH_20260522_1000_광진구_능동어린이대공원_OH_0120,3,중랑캠핑숲,중랑구,park,0.7213,0.0,0.0,0.06,0.0,0.0,0.7813
OH_20260522_1000_광진구_능동어린이대공원_OH_0120,4,백련근린공원,서대문구,park,0.7077,0.0,0.0,0.06,0.0,0.0,0.7677
OH_20260522_1000_광진구_능동어린이대공원_OH_0120,5,남산공원,중구,park,0.6998,0.0,0.0,0.06,0.0,0.0,0.7598
OH_20260522_1000_광진구_능동어린이대공원_OH_0120,6,안산도시자연공원,서대문구,park,0.6971,0.0,0.0,0.06,0.0,0.0,0.7571
OH_20260522_1000_광진구_능동어린이대공원_OH_0120,7,여의도근린공원,영등포구,park,0.6858,0.0,0.0,0.06,0.0,0.0,0.7458
OH_20260522_1000_광진구_능동어린이대공원_OH_0120,8,초안산근린공원,도봉구,park,0.6845,0.0,0.0,0.06,0.0,0.0,0.7445
OH_20260522_1000_광진구_능동어린이대공원_OH_0120,9,어린이대공원,광진구,park,0.6201,0.0,0.0,0.06,0.0,0.0,0.6801
OH_20260522_1000_광진구_능동어린이대공원_OH_0120,10,아차산공원,광진구,park,0.5971,0.0,0.0,0.06,0.0,0.0,0.6571
OH_20260522_1030_광진구_건대입구롯데백화점앞_OH_0121,1,신림,관악구,subway,0.9468,0.0,0.0,0.0,0.0,0.0,0.9468
OH_20260522_1030_광진구_건대입구롯데백화점앞_OH_0121,2,잠실(송파구청),송파구,subway,0.8013,0.0,0.0,0.0,0.0,0.0,0.8013
OH_20260522_1030_광진구_건대입구롯데백화점앞_OH_0121,3,서울역,중구,subway,0.7902,0.0,0.0,0.0,0.0,0.0,0.7902
OH_20260522_1030_광진구_건대입구롯데백화점앞_OH_0121,4,구로디지털단지,구로구,subway,0.776,0.0,0.0,0.0,0.0,0.0,0.776
OH_20260522_1030_광진구_건대입구롯데백화점앞_OH_0121,5,서울대입구(관악구청),관악구,subway,0.7382,0.0,0.0,0.0,0.0,0.0,0.7382
OH_20260522_1030_광진구_건대입구롯데백화점앞_OH_0121,6,신도림,구로구,subway,0.7139,0.0,0.0,0.0,0.0,0.0,0.7139
OH_20260522_1030_광진구_건대입구롯데백화점앞_OH_0121,7,연신내,은평구,subway,0.667,0.0,0.0,0.0,0.0,0.0,0.667
OH_20260522_1030_광진구_건대입구롯데백화점앞_OH_0121,8,까치산,강서구,subway,0.6301,0.0,0.0,0.0,0.0,0.0,0.6301
OH_20260522_1030_광진구_건대입구롯데백화점앞_OH_0121,9,구의(광진구청),광진구,subway,0.5673,0.0,0.0,0.0,0.0,0.0,0.5673
OH_20260522_1030_광진구_건대입구롯데백화점앞_OH_0121,10,건대입구,광진구,subway,0.5155,0.0,0.0,0.0,0.0,0.0,0.5155
OH_20260522_1130_성동구_뚝도시장_OH_0122,1,남대문시장,중구,market,0.6592,0.0,0.0,0.1,0.0,0.0,0.7592
OH_20260522_1130_성동구_뚝도시장_OH_0122,2,동대문종합시장,종로구,market,0.5837,0.0,0.0,0.1,0.0,0.0,0.6837
OH_20260522_1130_성동구_뚝도시장_OH_0122,3,장안 마실 골목형상점가,동대문구,market,0.5827,0.0,0.0,0.1,0.0,0.0,0.6827
OH_20260522_1130_성동구_뚝도시장_OH_0122,4,천호로데오거리상점가,강동구,market,0.5458,0.0,0.0,0.1,0.0,0.0,0.6458
OH_20260522_1130_성동구_뚝도시장_OH_0122,5,마장축산물시장,성동구,market,0.4644,0.0,0.0,0.1,0.0,0.0,0.5644
OH_20260522_1130_성동구_뚝도시장_OH_0122,6,성동용답상가시장,성동구,market,0.4344,0.0,0.0,0.1,0.0,0.0,0.5344
OH_20260522_1130_성동구_뚝도시장_OH_0122,7,송정벚꽃골목형상점가,성동구,market,0.4303,0.0,0.0,0.1,0.0,0.0,0.5303
OH_20260522_1130_성동구_뚝도시장_OH_0122,8,사근살곶이골목형상점가시장,성동구,market,0.4268,0.0,0.0,0.1,0.0,0.0,0.5268
OH_20260522_1130_성동구_뚝도시장_OH_0122,9,금남시장,성동구,market,0.4235,0.0,0.0,0.1,0.0,0.0,0.5235
OH_20260522_1130_성동구_뚝도시장_OH_0122,10,뚝도시장,성동구,market,0.4212,0.0,0.0,0.1,0.0,0.0,0.5212
OH_20260522_1150_성동구_성수역사거리_OH_0123,1,신림,관악구,subway,0.9468,0.0,0.0,0.0,0.0,0.0,0.9468
OH_20260522_1150_성동구_성수역사거리_OH_0123,2,잠실(송파구청),송파구,subway,0.8013,0.0,0.0,0.0,0.0,0.0,0.8013
OH_20260522_1150_성동구_성수역사거리_OH_0123,3,서울역,중구,subway,0.7902,0.0,0.0,0.0,0.0,0.0,0.7902
OH_20260522_1150_성동구_성수역사거리_OH_0123,4,구로디지털단지,구로구,subway,0.776,0.0,0.0,0.0,0.0,0.0,0.776
OH_20260522_1150_성동구_성수역사거리_OH_0123,5,서울대입구(관악구청),관악구,subway,0.7382,0.0,0.0,0.0,0.0,0.0,0.7382
OH_20260522_1150_성동구_성수역사거리_OH_0123,6,신도림,구로구,subway,0.7139,0.0,0.0,0.0,0.0,0.0,0.7139
OH_20260522_1150_성동구_성수역사거리_OH_0123,7,연신내,은평구,subway,0.667,0.0,0.0,0.0,0.0,0.0,0.667
OH_20260522_1150_성동구_성수역사거리_OH_0123,8,까치산,강서구,subway,0.6301,0.0,0.0,0.0,0.0,0.0,0.6301
OH_20260522_1150_성동구_성수역사거리_OH_0123,9,성수,성동구,subway,0.4239,0.0,0.0,0.0,0.0,0.0,0.4239
OH_20260522_1150_성동구_성수역사거리_OH_0123,10,왕십리(성동구청),성동구,subway,0.3758,0.0,0.0,0.0,0.0,0.0,0.3758
OH_20260522_1220_성동구_성수역일대_OH_0124,1,서울역,중구,subway,0.9642,0.0,0.0,0.0,0.0,0.0,0.9642
OH_20260522_1220_성동구_성수역일대_OH_0124,2,잠실(송파구청),송파구,subway,0.9611,0.0,0.0,0.0,0.0,0.0,0.9611
OH_20260522_1220_성동구_성수역일대_OH_0124,3,강남,강남구,subway,0.9318,0.0,0.0,0.0,0.0,0.0,0.9318
OH_20260522_1220_성동구_성수역일대_OH_0124,4,홍대입구,마포구,subway,0.8656,0.0,0.0,0.0,0.0,0.0,0.8656
OH_20260522_1220_성동구_성수역일대_OH_0124,5,고속터미널,서초구,subway,0.8161,0.0,0.0,0.0,0.0,0.0,0.8161
OH_20260522_1220_성동구_성수역일대_OH_0124,6,삼성(무역센터),강남구,subway,0.7312,0.0,0.0,0.0,0.0,0.0,0.7312
OH_20260522_1220_성동구_성수역일대_OH_0124,7,성수,성동구,subway,0.7287,0.0,0.0,0.0,0.0,0.0,0.7287
OH_20260522_1220_성동구_성수역일대_OH_0124,8,선릉,강남구,subway,0.7238,0.0,0.0,0.0,0.0,0.0,0.7238
OH_20260522_1220_성동구_성수역일대_OH_0124,9,용산,용산구,subway,0.7194,0.0,0.0,0.0,0.0,0.0,0.7194
OH_20260522_1220_성동구_성수역일대_OH_0124,10,왕십리(성동구청),성동구,subway,0.3918,0.0,0.0,0.0,0.0,0.0,0.3918
OH_20260522_1400_용산구_용문전통시장_OH_0125,1,남대문시장,중구,market,0.7056,0.0,0.0,0.12,0.0,0.0,0.8256
OH_20260522_1400_용산구_용문전통시장_OH_0125,2,동대문종합시장,종로구,market,0.6301,0.0,0.0,0.12,0.0,0.0,0.7501
OH_20260522_1400_용산구_용문전통시장_OH_0125,3,장안 마실 골목형상점가,동대문구,market,0.6299,0.0,0.0,0.12,0.0,0.0,0.7499
OH_20260522_1400_용산구_용문전통시장_OH_0125,4,천호로데오거리상점가,강동구,market,0.5914,0.0,0.0,0.12,0.0,0.0,0.7114
OH_20260522_1400_용산구_용문전통시장_OH_0125,5,광장전통시장,종로구,market,0.5714,0.0,0.0,0.12,0.0,0.0,0.6914
OH_20260522_1400_용산구_용문전통시장_OH_0125,6,가락몰 골목형상점가,송파구,market,0.5612,0.0,0.0,0.12,0.0,0.0,0.6812
OH_20260522_1400_용산구_용문전통시장_OH_0125,7,평화시장,중구,market,0.5528,0.0,0.0,0.12,0.0,0.0,0.6728
OH_20260522_1400_용산구_용문전통시장_OH_0125,8,서울약령시장,동대문구,market,0.5526,0.0,0.0,0.12,0.0,0.0,0.6726
OH_20260522_1400_용산구_용문전통시장_OH_0125,9,용산용문시장,용산구,market,0.4751,0.0,0.0,0.12,0.0,0.0,0.5951
OH_20260522_1400_용산구_용문전통시장_OH_0125,10,이촌종합시장,용산구,market,0.4695,0.0,0.0,0.12,0.0,0.0,0.5895
OH_20260522_1500_동작구_남성시장_OH_0126,1,노량진수산시장골목형상점가,동작구,market,0.5136,0.0,0.0,0.12,0.0,0.0,0.6336
OH_20260522_1500_동작구_남성시장_OH_0126,2,이수미로 골목형상점가,동작구,market,0.4843,0.0,0.0,0.12,0.0,0.0,0.6043
OH_20260522_1500_동작구_남성시장_OH_0126,3,숭실마루길 골목형상점가,동작구,market,0.4765,0.0,0.0,0.12,0.0,0.0,0.5965
OH_20260522_1500_동작구_남성시장_OH_0126,4,성대전통시장,동작구,market,0.4756,0.0,0.0,0.12,0.0,0.0,0.5956
OH_20260522_1500_동작구_남성시장_OH_0126,5,남성사계시장(남성시장),동작구,market,0.4745,0.0,0.0,0.12,0.0,0.0,0.5945
OH_20260522_1500_동작구_남성시장_OH_0126,6,흑석시장 골목형상점가,동작구,market,0.4738,0.0,0.0,0.12,0.0,0.0,0.5938
OH_20260522_1500_동작구_남성시장_OH_0126,7,상도전통시장,동작구,market,0.4731,0.0,0.0,0.12,0.0,0.0,0.5931
OH_20260522_1500_동작구_남성시장_OH_0126,8,본동인정시장,동작구,market,0.4726,0.0,0.0,0.12,0.0,0.0,0.5926
OH_20260522_1500_동작구_남성시장_OH_0126,9,보라매다올길골목형상점가,동작구,market,0.4724,0.0,0.0,0.12,0.0,0.0,0.5924
OH_20260522_1500_동작구_남성시장_OH_0126,10,신대방1동 온누리길 골목형상점가,동작구,market,0.4707,0.0,0.0,0.12,0.0,0.0,0.5907
OH_20260522_1530_동작구_이수역14번출구_OH_0127,1,서울역,중구,subway,0.9642,0.0,0.0,0.0,0.0,0.0,0.9642
OH_20260522_1530_동작구_이수역14번출구_OH_0127,2,잠실(송파구청),송파구,subway,0.9611,0.0,0.0,0.0,0.0,0.0,0.9611
OH_20260522_1530_동작구_이수역14번출구_OH_0127,3,강남,강남구,subway,0.9318,0.0,0.0,0.0,0.0,0.0,0.9318
OH_20260522_1530_동작구_이수역14번출구_OH_0127,4,홍대입구,마포구,subway,0.8656,0.0,0.0,0.0,0.0,0.0,0.8656
OH_20260522_1530_동작구_이수역14번출구_OH_0127,5,고속터미널,서초구,subway,0.8161,0.0,0.0,0.0,0.0,0.0,0.8161
OH_20260522_1530_동작구_이수역14번출구_OH_0127,6,삼성(무역센터),강남구,subway,0.7312,0.0,0.0,0.0,0.0,0.0,0.7312
OH_20260522_1530_동작구_이수역14번출구_OH_0127,7,성수,성동구,subway,0.7287,0.0,0.0,0.0,0.0,0.0,0.7287
OH_20260522_1530_동작구_이수역14번출구_OH_0127,8,선릉,강남구,subway,0.7238,0.0,0.0,0.0,0.0,0.0,0.7238
OH_20260522_1530_동작구_이수역14번출구_OH_0127,9,사당,동작구,subway,0.5846,0.0,0.0,0.0,0.0,0.0,0.5846
OH_20260522_1530_동작구_이수역14번출구_OH_0127,10,신대방,동작구,subway,0.4423,0.0,0.0,0.0,0.0,0.0,0.4423
OH_20260522_1730_영등포구_영등포지하상가_OH_0128,1,남대문시장,중구,market,0.7056,0.0,0.0,0.12,0.0,0.0,0.8256
OH_20260522_1730_영등포구_영등포지하상가_OH_0128,2,동대문종합시장,종로구,market,0.6301,0.0,0.0,0.12,0.0,0.0,0.7501
OH_20260522_1730_영등포구_영등포지하상가_OH_0128,3,장안 마실 골목형상점가,동대문구,market,0.6299,0.0,0.0,0.12,0.0,0.0,0.7499
OH_20260522_1730_영등포구_영등포지하상가_OH_0128,4,영등포유통상가,영등포구,market,0.5381,0.0,0.0,0.12,0.0,0.0,0.6581
OH_20260522_1730_영등포구_영등포지하상가_OH_0128,5,영등포시장기계공구상가,영등포구,market,0.4939,0.0,0.0,0.12,0.0,0.0,0.6139
OH_20260522_1730_영등포구_영등포지하상가_OH_0128,6,영등포청과시장,영등포구,market,0.478,0.0,0.0,0.12,0.0,0.0,0.598
OH_20260522_1730_영등포구_영등포지하상가_OH_0128,7,영등포전통시장,영등포구,market,0.4708,0.0,0.0,0.12,0.0,0.0,0.5908
OH_20260522_1730_영등포구_영등포지하상가_OH_0128,8,대림중앙시장,영등포구,market,0.4696,0.0,0.0,0.12,0.0,0.0,0.5896
OH_20260522_1730_영등포구_영등포지하상가_OH_0128,9,우리시장,영등포구,market,0.4695,0.0,0.0,0.12,0.0,0.0,0.5895
OH_20260522_1730_영등포구_영등포지하상가_OH_0128,10,선유로운골목형상점가,영등포구,market,0.4686,0.0,0.0,0.12,0.0,0.0,0.5886
OH_20260522_1900_마포구_홍대상상마당_OH_0129,1,서울역,중구,subway,0.9642,0.0,0.0,0.12,0.0,0.0,1.0842
OH_20260522_1900_마포구_홍대상상마당_OH_0129,2,잠실(송파구청),송파구,subway,0.9611,0.0,0.0,0.12,0.0,0.0,1.0811
OH_20260522_1900_마포구_홍대상상마당_OH_0129,3,강남,강남구,subway,0.9318,0.0,0.0,0.12,0.0,0.0,1.0518
OH_20260522_1900_마포구_홍대상상마당_OH_0129,4,홍대입구,마포구,subway,0.8656,0.0,0.0,0.12,0.0,0.0,0.9856
OH_20260522_1900_마포구_홍대상상마당_OH_0129,5,고속터미널,서초구,subway,0.8161,0.0,0.0,0.12,0.0,0.0,0.9361
OH_20260522_1900_마포구_홍대상상마당_OH_0129,6,삼성(무역센터),강남구,subway,0.7312,0.0,0.0,0.12,0.0,0.0,0.8512
OH_20260522_1900_마포구_홍대상상마당_OH_0129,7,성수,성동구,subway,0.7287,0.0,0.0,0.12,0.0,0.0,0.8487
OH_20260522_1900_마포구_홍대상상마당_OH_0129,8,선릉,강남구,subway,0.7238,0.0,0.0,0.12,0.0,0.0,0.8438
OH_20260522_1900_마포구_홍대상상마당_OH_0129,9,합정,마포구,subway,0.4906,0.0,0.0,0.12,0.0,0.0,0.6106
OH_20260522_1900_마포구_홍대상상마당_OH_0129,10,마포구청,마포구,subway,0.3615,0.0,0.0,0.12,0.0,0.0,0.4815
OH_20260524_1500_중구_돈화문사거리_OH_0134,1,서울역,중구,subway,0.9642,0.0,0.0,0.0,0.0,0.0,0.9642
OH_20260524_1500_중구_돈화문사거리_OH_0134,2,잠실(송파구청),송파구,subway,0.9611,0.0,0.0,0.0,0.0,0.0,0.9611
OH_20260524_1500_중구_돈화문사거리_OH_0134,3,강남,강남구,subway,0.9318,0.0,0.0,0.0,0.0,0.0,0.9318
OH_20260524_1500_중구_돈화문사거리_OH_0134,4,홍대입구,마포구,subway,0.8656,0.0,0.0,0.0,0.0,0.0,0.8656
OH_20260524_1500_중구_돈화문사거리_OH_0134,5,고속터미널,서초구,subway,0.8161,0.0,0.0,0.0,0.0,0.0,0.8161
OH_20260524_1500_중구_돈화문사거리_OH_0134,6,삼성(무역센터),강남구,subway,0.7312,0.0,0.0,0.0,0.0,0.0,0.7312
OH_20260524_1500_중구_돈화문사거리_OH_0134,7,성수,성동구,subway,0.7287,0.0,0.0,0.0,0.0,0.0,0.7287
OH_20260524_1500_중구_돈화문사거리_OH_0134,8,선릉,강남구,subway,0.7238,0.0,0.0,0.0,0.0,0.0,0.7238
OH_20260524_1500_중구_돈화문사거리_OH_0134,9,을지로입구,중구,subway,0.6806,0.0,0.0,0.0,0.0,0.0,0.6806
OH_20260524_1500_중구_돈화문사거리_OH_0134,10,명동,중구,subway,0.5738,0.0,0.0,0.0,0.0,0.0,0.5738
OH_20260524_1630_중랑구_동원시장_OH_0135,1,우림골목시장,중랑구,market,0.4775,0.0,0.0,0.12,0.0,0.0,0.5975
OH_20260524_1630_중랑구_동원시장_OH_0135,2,동원전통종합시장,중랑구,market,0.4761,0.0,0.0,0.12,0.0,0.0,0.5961
OH_20260524_1630_중랑구_동원시장_OH_0135,3,상봉먹자 골목형상점가,중랑구,market,0.4738,0.0,0.0,0.12,0.0,0.0,0.5938
OH_20260524_1630_중랑구_동원시장_OH_0135,4,사가정시장,중랑구,market,0.4731,0.0,0.0,0.12,0.0,0.0,0.5931
OH_20260524_1630_중랑구_동원시장_OH_0135,5,면목시장(골목형),중랑구,market,0.4729,0.0,0.0,0.12,0.0,0.0,0.5929
OH_20260524_1630_중랑구_동원시장_OH_0135,6,신내구길 골목형상점가,중랑구,market,0.4722,0.0,0.0,0.12,0.0,0.0,0.5922
OH_20260524_1630_중랑구_동원시장_OH_0135,7,사가정51길 골목형상점가,중랑구,market,0.4706,0.0,0.0,0.12,0.0,0.0,0.5906
OH_20260524_1630_중랑구_동원시장_OH_0135,8,중랑동부시장,중랑구,market,0.4702,0.0,0.0,0.12,0.0,0.0,0.5902
OH_20260524_1630_중랑구_동원시장_OH_0135,9,묵동도깨비시장 골목형상점가,중랑구,market,0.4701,0.0,0.0,0.12,0.0,0.0,0.5901
OH_20260524_1630_중랑구_동원시장_OH_0135,10,태능 골목형상점가,중랑구,market,0.4699,0.0,0.0,0.12,0.0,0.0,0.5899
OH_20260524_2000_서초구_잠수교_OH_0137,1,봉은공원,강남구,park,0.7451,0.0,0.0,0.0,0.0,0.0,0.7451
OH_20260524_2000_서초구_잠수교_OH_0137,2,월드컵공원,마포구,park,0.7425,0.0,0.0,0.0,0.0,0.0,0.7425
OH_20260524_2000_서초구_잠수교_OH_0137,3,중랑캠핑숲,중랑구,park,0.7412,0.0,0.0,0.0,0.0,0.0,0.7412
OH_20260524_2000_서초구_잠수교_OH_0137,4,백련근린공원,서대문구,park,0.7275,0.0,0.0,0.0,0.0,0.0,0.7275
OH_20260524_2000_서초구_잠수교_OH_0137,5,매헌시민의숲,서초구,park,0.6618,0.0,0.0,0.0,0.0,0.0,0.6618
OH_20260524_2000_서초구_잠수교_OH_0137,6,문화예술공원,서초구,park,0.6545,0.0,0.0,0.0,0.0,0.0,0.6545
OH_20260524_2000_서초구_잠수교_OH_0137,7,청계산도시자연공원,서초구,park,0.65,0.0,0.0,0.0,0.0,0.0,0.65
OH_20260524_2000_서초구_잠수교_OH_0137,8,우면산도시자연공원,서초구,park,0.6495,0.0,0.0,0.0,0.0,0.0,0.6495
OH_20260524_2000_서초구_잠수교_OH_0137,9,인능산도시자연공원,서초구,park,0.6437,0.0,0.0,0.0,0.0,0.0,0.6437
OH_20260524_2000_서초구_잠수교_OH_0137,10,구룡산도시자연공원,서초구,park,0.6435,0.0,0.0,0.0,0.0,0.0,0.6435
OH_20260525_0820_관악구_서울농산관_OH_0138,1,신림,관악구,subway,0.9468,0.0,0.0,0.14,0.0,0.0,1.0868
OH_20260525_0820_관악구_서울농산관_OH_0138,2,잠실(송파구청),송파구,subway,0.8013,0.0,0.0,0.14,0.0,0.0,0.9413
OH_20260525_0820_관악구_서울농산관_OH_0138,3,서울역,중구,subway,0.7902,0.0,0.0,0.14,0.0,0.0,0.9302
OH_20260525_0820_관악구_서울농산관_OH_0138,4,구로디지털단지,구로구,subway,0.776,0.0,0.0,0.14,0.0,0.0,0.916
OH_20260525_0820_관악구_서울농산관_OH_0138,5,서울대입구(관악구청),관악구,subway,0.7382,0.0,0.0,0.14,0.0,0.0,0.8782
OH_20260525_0820_관악구_서울농산관_OH_0138,6,신도림,구로구,subway,0.7139,0.0,0.0,0.14,0.0,0.0,0.8539
OH_20260525_0820_관악구_서울농산관_OH_0138,7,연신내,은평구,subway,0.667,0.0,0.0,0.14,0.0,0.0,0.807
OH_20260525_0820_관악구_서울농산관_OH_0138,8,까치산,강서구,subway,0.6301,0.0,0.0,0.14,0.0,0.0,0.7701
OH_20260525_0820_관악구_서울농산관_OH_0138,9,낙성대(강감찬),관악구,subway,0.5749,0.0,0.0,0.14,0.0,0.0,0.7149
OH_20260525_0820_관악구_서울농산관_OH_0138,10,봉천,관악구,subway,0.561,0.0,0.0,0.14,0.0,0.0,0.701
OH_20260525_1000_도봉구_도봉산입구_OH_0139,1,봉은공원,강남구,park,0.7275,0.0,0.0,0.06,0.0,0.0,0.7875
OH_20260525_1000_도봉구_도봉산입구_OH_0139,2,월드컵공원,마포구,park,0.7248,0.0,0.0,0.06,0.0,0.0,0.7848
OH_20260525_1000_도봉구_도봉산입구_OH_0139,3,중랑캠핑숲,중랑구,park,0.7213,0.0,0.0,0.06,0.0,0.0,0.7813
OH_20260525_1000_도봉구_도봉산입구_OH_0139,4,백련근린공원,서대문구,park,0.7077,0.0,0.0,0.06,0.0,0.0,0.7677
OH_20260525_1000_도봉구_도봉산입구_OH_0139,5,초안산근린공원,도봉구,park,0.6845,0.0,0.0,0.06,0.0,0.0,0.7445
OH_20260525_1000_도봉구_도봉산입구_OH_0139,6,초안산생태공원,도봉구,park,0.652,0.0,0.0,0.06,0.0,0.0,0.712
OH_20260525_1000_도봉구_도봉산입구_OH_0139,7,쌍문근린공원,도봉구,park,0.6298,0.0,0.0,0.06,0.0,0.0,0.6898
OH_20260525_1000_도봉구_도봉산입구_OH_0139,8,월천근린공원,도봉구,park,0.5986,0.0,0.0,0.06,0.0,0.0,0.6586
OH_20260525_1000_도봉구_도봉산입구_OH_0139,9,발바닥공원,도봉구,park,0.5888,0.0,0.0,0.06,0.0,0.0,0.6488
OH_20260525_1000_도봉구_도봉산입구_OH_0139,10,서울창포원,도봉구,park,0.5824,0.0,0.0,0.06,0.0,0.0,0.6424
OH_20260525_1030_도봉구_방학역_OH_0140,1,신림,관악구,subway,0.9468,0.0,0.0,0.0,0.0,0.0,0.9468
OH_20260525_1030_도봉구_방학역_OH_0140,2,잠실(송파구청),송파구,subway,0.8013,0.0,0.0,0.0,0.0,0.0,0.8013
OH_20260525_1030_도봉구_방학역_OH_0140,3,서울역,중구,subway,0.7902,0.0,0.0,0.0,0.0,0.0,0.7902
OH_20260525_1030_도봉구_방학역_OH_0140,4,구로디지털단지,구로구,subway,0.776,0.0,0.0,0.0,0.0,0.0,0.776
OH_20260525_1030_도봉구_방학역_OH_0140,5,서울대입구(관악구청),관악구,subway,0.7382,0.0,0.0,0.0,0.0,0.0,0.7382
OH_20260525_1030_도봉구_방학역_OH_0140,6,신도림,구로구,subway,0.7139,0.0,0.0,0.0,0.0,0.0,0.7139
OH_20260525_1030_도봉구_방학역_OH_0140,7,연신내,은평구,subway,0.667,0.0,0.0,0.0,0.0,0.0,0.667
OH_20260525_1030_도봉구_방학역_OH_0140,8,까치산,강서구,subway,0.6301,0.0,0.0,0.0,0.0,0.0,0.6301
OH_20260525_1030_도봉구_방학역_OH_0140,9,화곡,강서구,subway,0.6251,0.0,0.0,0.0,0.0,0.0,0.6251
OH_20260525_1030_도봉구_방학역_OH_0140,10,쌍문,도봉구,subway,0.623,0.0,0.0,0.0,0.0,0.0,0.623
OH_20260525_1130_노원구_경춘선숲길_OH_0141,1,봉은공원,강남구,park,0.7275,0.0,0.0,0.06,0.0,0.0,0.7875
OH_20260525_1130_노원구_경춘선숲길_OH_0141,2,월드컵공원,마포구,park,0.7248,0.0,0.0,0.06,0.0,0.0,0.7848
OH_20260525_1130_노원구_경춘선숲길_OH_0141,3,중랑캠핑숲,중랑구,park,0.7213,0.0,0.0,0.06,0.0,0.0,0.7813
OH_20260525_1130_노원구_경춘선숲길_OH_0141,4,백련근린공원,서대문구,park,0.7077,0.0,0.0,0.06,0.0,0.0,0.7677
OH_20260525_1130_노원구_경춘선숲길_OH_0141,5,남산공원,중구,park,0.6998,0.0,0.0,0.06,0.0,0.0,0.7598
OH_20260525_1130_노원구_경춘선숲길_OH_0141,6,안산도시자연공원,서대문구,park,0.6971,0.0,0.0,0.06,0.0,0.0,0.7571
OH_20260525_1130_노원구_경춘선숲길_OH_0141,7,여의도근린공원,영등포구,park,0.6858,0.0,0.0,0.06,0.0,0.0,0.7458
OH_20260525_1130_노원구_경춘선숲길_OH_0141,8,수락산도시자연공원,노원구,park,0.64,0.0,0.0,0.06,0.0,0.0,0.7
OH_20260525_1130_노원구_경춘선숲길_OH_0141,9,불암산도시자연공원,노원구,park,0.6372,0.0,0.0,0.06,0.0,0.0,0.6972
OH_20260525_1130_노원구_경춘선숲길_OH_0141,10,경춘선숲길,노원구,park,0.5485,0.0,0.0,0.06,0.0,0.0,0.6085
OH_20260525_1400_중구_백학시장_OH_0142,1,남대문시장,중구,market,0.7056,0.0,0.0,0.12,0.0,0.0,0.8256
OH_20260525_1400_중구_백학시장_OH_0142,2,평화시장,중구,market,0.5528,0.0,0.0,0.12,0.0,0.0,0.6728
OH_20260525_1400_중구_백학시장_OH_0142,3,삼익패션타운,중구,market,0.5222,0.0,0.0,0.12,0.0,0.0,0.6422
OH_20260525_1400_중구_백학시장_OH_0142,4,동평화시장,중구,market,0.5126,0.0,0.0,0.12,0.0,0.0,0.6326
OH_20260525_1400_중구_백학시장_OH_0142,5,청평화시장,중구,market,0.5024,0.0,0.0,0.12,0.0,0.0,0.6224
OH_20260525_1400_중구_백학시장_OH_0142,6,신평화패션타운,중구,market,0.4993,0.0,0.0,0.12,0.0,0.0,0.6193
OH_20260525_1400_중구_백학시장_OH_0142,7,방산시장,중구,market,0.4988,0.0,0.0,0.12,0.0,0.0,0.6188
OH_20260525_1400_중구_백학시장_OH_0142,8,광희패션몰,중구,market,0.4973,0.0,0.0,0.12,0.0,0.0,0.6173
OH_20260525_1400_중구_백학시장_OH_0142,9,통일상가,중구,market,0.4936,0.0,0.0,0.12,0.0,0.0,0.6136
OH_20260525_1400_중구_백학시장_OH_0142,10,중부시장,중구,market,0.4895,0.0,0.0,0.12,0.0,0.0,0.6095
OH_20260525_1430_중구_신당역_OH_0143,1,서울역,중구,subway,0.9642,0.0,0.0,0.0,0.0,0.0,0.9642
OH_20260525_1430_중구_신당역_OH_0143,2,잠실(송파구청),송파구,subway,0.9611,0.0,0.0,0.0,0.0,0.0,0.9611
OH_20260525_1430_중구_신당역_OH_0143,3,강남,강남구,subway,0.9318,0.0,0.0,0.0,0.0,0.0,0.9318
OH_20260525_1430_중구_신당역_OH_0143,4,홍대입구,마포구,subway,0.8656,0.0,0.0,0.0,0.0,0.0,0.8656
OH_20260525_1430_중구_신당역_OH_0143,5,고속터미널,서초구,subway,0.8161,0.0,0.0,0.0,0.0,0.0,0.8161
OH_20260525_1430_중구_신당역_OH_0143,6,삼성(무역센터),강남구,subway,0.7312,0.0,0.0,0.0,0.0,0.0,0.7312
OH_20260525_1430_중구_신당역_OH_0143,7,성수,성동구,subway,0.7287,0.0,0.0,0.0,0.0,0.0,0.7287
OH_20260525_1430_중구_신당역_OH_0143,8,선릉,강남구,subway,0.7238,0.0,0.0,0.0,0.0,0.0,0.7238
OH_20260525_1430_중구_신당역_OH_0143,9,을지로입구,중구,subway,0.6806,0.0,0.0,0.0,0.0,0.0,0.6806
OH_20260525_1430_중구_신당역_OH_0143,10,명동,중구,subway,0.5738,0.0,0.0,0.0,0.0,0.0,0.5738
OH_20260525_1530_광진구_어린이대공원_OH_0144,1,봉은공원,강남구,park,0.7451,0.0,0.0,0.12,0.0,0.0,0.8651
OH_20260525_1530_광진구_어린이대공원_OH_0144,2,월드컵공원,마포구,park,0.7425,0.0,0.0,0.12,0.0,0.0,0.8625
OH_20260525_1530_광진구_어린이대공원_OH_0144,3,중랑캠핑숲,중랑구,park,0.7412,0.0,0.0,0.12,0.0,0.0,0.8612
OH_20260525_1530_광진구_어린이대공원_OH_0144,4,백련근린공원,서대문구,park,0.7275,0.0,0.0,0.12,0.0,0.0,0.8475
OH_20260525_1530_광진구_어린이대공원_OH_0144,5,남산공원,중구,park,0.7185,0.0,0.0,0.12,0.0,0.0,0.8385
OH_20260525_1530_광진구_어린이대공원_OH_0144,6,안산도시자연공원,서대문구,park,0.7158,0.0,0.0,0.12,0.0,0.0,0.8358
OH_20260525_1530_광진구_어린이대공원_OH_0144,7,여의도근린공원,영등포구,park,0.7046,0.0,0.0,0.12,0.0,0.0,0.8246
OH_20260525_1530_광진구_어린이대공원_OH_0144,8,초안산근린공원,도봉구,park,0.7043,0.0,0.0,0.12,0.0,0.0,0.8243
OH_20260525_1530_광진구_어린이대공원_OH_0144,9,어린이대공원,광진구,park,0.6366,0.0,0.0,0.12,0.0,0.0,0.7566
OH_20260525_1530_광진구_어린이대공원_OH_0144,10,아차산공원,광진구,park,0.6147,0.0,0.0,0.12,0.0,0.0,0.7347
OH_20260525_1700_강남구_수서역만남의광장_OH_0145,1,서울역,중구,subway,0.9642,0.0,0.0,0.12,0.0,0.0,1.0842
OH_20260525_1700_강남구_수서역만남의광장_OH_0145,2,잠실(송파구청),송파구,subway,0.9611,0.0,0.0,0.12,0.0,0.0,1.0811
OH_20260525_1700_강남구_수서역만남의광장_OH_0145,3,강남,강남구,subway,0.9318,0.0,0.0,0.12,0.0,0.0,1.0518
OH_20260525_1700_강남구_수서역만남의광장_OH_0145,4,홍대입구,마포구,subway,0.8656,0.0,0.0,0.12,0.0,0.0,0.9856
OH_20260525_1700_강남구_수서역만남의광장_OH_0145,5,고속터미널,서초구,subway,0.8161,0.0,0.0,0.12,0.0,0.0,0.9361
OH_20260525_1700_강남구_수서역만남의광장_OH_0145,6,삼성(무역센터),강남구,subway,0.7312,0.0,0.0,0.12,0.0,0.0,0.8512
OH_20260525_1700_강남구_수서역만남의광장_OH_0145,7,성수,성동구,subway,0.7287,0.0,0.0,0.12,0.0,0.0,0.8487
OH_20260525_1700_강남구_수서역만남의광장_OH_0145,8,선릉,강남구,subway,0.7238,0.0,0.0,0.12,0.0,0.0,0.8438
OH_20260525_1700_강남구_수서역만남의광장_OH_0145,9,역삼,강남구,subway,0.6459,0.0,0.0,0.12,0.0,0.0,0.7659
OH_20260525_1700_강남구_수서역만남의광장_OH_0145,10,강남구청,강남구,subway,0.364,0.0,0.0,0.12,0.0,0.0,0.484
OH_20260525_1740_강남구_개포동시장_OH_0146,1,남대문시장,중구,market,0.7056,0.0,0.0,0.12,0.0,0.0,0.8256
OH_20260525_1740_강남구_개포동시장_OH_0146,2,동대문종합시장,종로구,market,0.6301,0.0,0.0,0.12,0.0,0.0,0.7501
OH_20260525_1740_강남구_개포동시장_OH_0146,3,장안 마실 골목형상점가,동대문구,market,0.6299,0.0,0.0,0.12,0.0,0.0,0.7499
OH_20260525_1740_강남구_개포동시장_OH_0146,4,천호로데오거리상점가,강동구,market,0.5914,0.0,0.0,0.12,0.0,0.0,0.7114
OH_20260525_1740_강남구_개포동시장_OH_0146,5,광장전통시장,종로구,market,0.5714,0.0,0.0,0.12,0.0,0.0,0.6914
OH_20260525_1740_강남구_개포동시장_OH_0146,6,가락몰 골목형상점가,송파구,market,0.5612,0.0,0.0,0.12,0.0,0.0,0.6812
OH_20260525_1740_강남구_개포동시장_OH_0146,7,평화시장,중구,market,0.5528,0.0,0.0,0.12,0.0,0.0,0.6728
OH_20260525_1740_강남구_개포동시장_OH_0146,8,서울약령시장,동대문구,market,0.5526,0.0,0.0,0.12,0.0,0.0,0.6726
OH_20260525_1740_강남구_개포동시장_OH_0146,9,영등포유통상가,영등포구,market,0.5381,0.0,0.0,0.12,0.0,0.0,0.6581
OH_20260525_1740_강남구_개포동시장_OH_0146,10,영동전통시장,강남구,market,0.4753,0.0,0.0,0.12,0.0,0.0,0.5953
OH_20260525_1930_성동구_성수동골목상권_OH_0147,1,남대문시장,중구,market,0.7056,0.0,0.0,0.12,0.0,0.0,0.8256
OH_20260525_1930_성동구_성수동골목상권_OH_0147,2,동대문종합시장,종로구,market,0.6301,0.0,0.0,0.12,0.0,0.0,0.7501
OH_20260525_1930_성동구_성수동골목상권_OH_0147,3,장안 마실 골목형상점가,동대문구,market,0.6299,0.0,0.0,0.12,0.0,0.0,0.7499
OH_20260525_1930_성동구_성수동골목상권_OH_0147,4,천호로데오거리상점가,강동구,market,0.5914,0.0,0.0,0.12,0.0,0.0,0.7114
OH_20260525_1930_성동구_성수동골목상권_OH_0147,5,마장축산물시장,성동구,market,0.5116,0.0,0.0,0.12,0.0,0.0,0.6316
OH_20260525_1930_성동구_성수동골목상권_OH_0147,6,성동용답상가시장,성동구,market,0.4816,0.0,0.0,0.12,0.0,0.0,0.6016
OH_20260525_1930_성동구_성수동골목상권_OH_0147,7,송정벚꽃골목형상점가,성동구,market,0.4775,0.0,0.0,0.12,0.0,0.0,0.5975
OH_20260525_1930_성동구_성수동골목상권_OH_0147,8,사근살곶이골목형상점가시장,성동구,market,0.474,0.0,0.0,0.12,0.0,0.0,0.594
OH_20260525_1930_성동구_성수동골목상권_OH_0147,9,금남시장,성동구,market,0.4707,0.0,0.0,0.12,0.0,0.0,0.5907
OH_20260525_1930_성동구_성수동골목상권_OH_0147,10,뚝도시장,성동구,market,0.4683,0.0,0.0,0.12,0.0,0.0,0.5883
JG_20260310_1740_중구_황학시장입구_JG_0006,1,남대문시장,중구,market,0.7056,0.0,0.0,0.12,0.0,0.0,0.8256
JG_20260310_1740_중구_황학시장입구_JG_0006,2,평화시장,중구,market,0.5528,0.0,0.0,0.12,0.0,0.0,0.6728
JG_20260310_1740_중구_황학시장입구_JG_0006,3,삼익패션타운,중구,market,0.5222,0.0,0.0,0.12,0.0,0.0,0.6422
JG_20260310_1740_중구_황학시장입구_JG_0006,4,동평화시장,중구,market,0.5126,0.0,0.0,0.12,0.0,0.0,0.6326
JG_20260310_1740_중구_황학시장입구_JG_0006,5,청평화시장,중구,market,0.5024,0.0,0.0,0.12,0.0,0.0,0.6224
JG_20260310_1740_중구_황학시장입구_JG_0006,6,신평화패션타운,중구,market,0.4993,0.0,0.0,0.12,0.0,0.0,0.6193
JG_20260310_1740_중구_황학시장입구_JG_0006,7,방산시장,중구,market,0.4988,0.0,0.0,0.12,0.0,0.0,0.6188
JG_20260310_1740_중구_황학시장입구_JG_0006,8,광희패션몰,중구,market,0.4973,0.0,0.0,0.12,0.0,0.0,0.6173
JG_20260310_1740_중구_황학시장입구_JG_0006,9,통일상가,중구,market,0.4936,0.0,0.0,0.12,0.0,0.0,0.6136
JG_20260310_1740_중구_황학시장입구_JG_0006,10,중부시장,중구,market,0.4895,0.0,0.0,0.12,0.0,0.0,0.6095
JG_20260311_1510_영등포구_영등포전통시장남문_JG_0009,1,남대문시장,중구,market,0.7056,0.0,0.0,0.12,0.0,0.0,0.8256
JG_20260311_1510_영등포구_영등포전통시장남문_JG_0009,2,동대문종합시장,종로구,market,0.6301,0.0,0.0,0.12,0.0,0.0,0.7501
JG_20260311_1510_영등포구_영등포전통시장남문_JG_0009,3,장안 마실 골목형상점가,동대문구,market,0.6299,0.0,0.0,0.12,0.0,0.0,0.7499
JG_20260311_1510_영등포구_영등포전통시장남문_JG_0009,4,영등포유통상가,영등포구,market,0.5381,0.0,0.0,0.12,0.0,0.0,0.6581
JG_20260311_1510_영등포구_영등포전통시장남문_JG_0009,5,영등포시장기계공구상가,영등포구,market,0.4939,0.0,0.0,0.12,0.0,0.0,0.6139
JG_20260311_1510_영등포구_영등포전통시장남문_JG_0009,6,영등포청과시장,영등포구,market,0.478,0.0,0.0,0.12,0.0,0.0,0.598
JG_20260311_1510_영등포구_영등포전통시장남문_JG_0009,7,영등포전통시장,영등포구,market,0.4708,0.0,0.0,0.12,0.0,0.0,0.5908
JG_20260311_1510_영등포구_영등포전통시장남문_JG_0009,8,대림중앙시장,영등포구,market,0.4696,0.0,0.0,0.12,0.0,0.0,0.5896
JG_20260311_1510_영등포구_영등포전통시장남문_JG_0009,9,우리시장,영등포구,market,0.4695,0.0,0.0,0.12,0.0,0.0,0.5895
JG_20260311_1510_영등포구_영등포전통시장남문_JG_0009,10,선유로운골목형상점가,영등포구,market,0.4686,0.0,0.0,0.12,0.0,0.0,0.5886
JG_20260311_1620_영등포구_대림중앙시장_JG_0010,1,남대문시장,중구,market,0.7056,0.0,0.0,0.12,0.0,0.0,0.8256
JG_20260311_1620_영등포구_대림중앙시장_JG_0010,2,동대문종합시장,종로구,market,0.6301,0.0,0.0,0.12,0.0,0.0,0.7501
JG_20260311_1620_영등포구_대림중앙시장_JG_0010,3,장안 마실 골목형상점가,동대문구,market,0.6299,0.0,0.0,0.12,0.0,0.0,0.7499
JG_20260311_1620_영등포구_대림중앙시장_JG_0010,4,영등포유통상가,영등포구,market,0.5381,0.0,0.0,0.12,0.0,0.0,0.6581
JG_20260311_1620_영등포구_대림중앙시장_JG_0010,5,영등포시장기계공구상가,영등포구,market,0.4939,0.0,0.0,0.12,0.0,0.0,0.6139
JG_20260311_1620_영등포구_대림중앙시장_JG_0010,6,영등포청과시장,영등포구,market,0.478,0.0,0.0,0.12,0.0,0.0,0.598
JG_20260311_1620_영등포구_대림중앙시장_JG_0010,7,영등포전통시장,영등포구,market,0.4708,0.0,0.0,0.12,0.0,0.0,0.5908
JG_20260311_1620_영등포구_대림중앙시장_JG_0010,8,대림중앙시장,영등포구,market,0.4696,0.0,0.0,0.12,0.0,0.0,0.5896
JG_20260311_1620_영등포구_대림중앙시장_JG_0010,9,우리시장,영등포구,market,0.4695,0.0,0.0,0.12,0.0,0.0,0.5895
JG_20260311_1620_영등포구_대림중앙시장_JG_0010,10,선유로운골목형상점가,영등포구,market,0.4686,0.0,0.0,0.12,0.0,0.0,0.5886
JG_20260312_1600_강서구_방신전통시장_JG_0015,1,공항동 먹자골목 골목형상점가,강서구,market,0.494,0.0,0.0,0.12,0.0,0.0,0.614
JG_20260312_1600_강서구_방신전통시장_JG_0015,2,강서구청먹자골목 골목형상점가,강서구,market,0.4867,0.0,0.0,0.12,0.0,0.0,0.6067
JG_20260312_1600_강서구_방신전통시장_JG_0015,3,까치산시장,강서구,market,0.4792,0.0,0.0,0.12,0.0,0.0,0.5992
JG_20260312_1600_강서구_방신전통시장_JG_0015,4,가양역사거리 골목형상점가,강서구,market,0.4788,0.0,0.0,0.12,0.0,0.0,0.5988
JG_20260312_1600_강서구_방신전통시장_JG_0015,5,남부골목시장,강서구,market,0.4786,0.0,0.0,0.12,0.0,0.0,0.5986
JG_20260312_1600_강서구_방신전통시장_JG_0015,6,송화벽화시장,강서구,market,0.4759,0.0,0.0,0.12,0.0,0.0,0.5959
JG_20260312_1600_강서구_방신전통시장_JG_0015,7,송정역 카페거리 골목형상점가,강서구,market,0.4716,0.0,0.0,0.12,0.0,0.0,0.5916
JG_20260312_1600_강서구_방신전통시장_JG_0015,8,공항대로 골목형상점가,강서구,market,0.471,0.0,0.0,0.12,0.0,0.0,0.591
JG_20260312_1600_강서구_방신전통시장_JG_0015,9,방신전통시장,강서구,market,0.4709,0.0,0.0,0.12,0.0,0.0,0.5909
JG_20260312_1600_강서구_방신전통시장_JG_0015,10,화곡중앙시장,강서구,market,0.4701,0.0,0.0,0.12,0.0,0.0,0.5901
JG_20260312_1725_강서구_남부골목시장_JG_0016,1,공항동 먹자골목 골목형상점가,강서구,market,0.494,0.0,0.0,0.12,0.0,0.0,0.614
JG_20260312_1725_강서구_남부골목시장_JG_0016,2,강서구청먹자골목 골목형상점가,강서구,market,0.4867,0.0,0.0,0.12,0.0,0.0,0.6067
JG_20260312_1725_강서구_남부골목시장_JG_0016,3,까치산시장,강서구,market,0.4792,0.0,0.0,0.12,0.0,0.0,0.5992
JG_20260312_1725_강서구_남부골목시장_JG_0016,4,가양역사거리 골목형상점가,강서구,market,0.4788,0.0,0.0,0.12,0.0,0.0,0.5988
JG_20260312_1725_강서구_남부골목시장_JG_0016,5,남부골목시장,강서구,market,0.4786,0.0,0.0,0.12,0.0,0.0,0.5986
JG_20260312_1725_강서구_남부골목시장_JG_0016,6,송화벽화시장,강서구,market,0.4759,0.0,0.0,0.12,0.0,0.0,0.5959
JG_20260312_1725_강서구_남부골목시장_JG_0016,7,송정역 카페거리 골목형상점가,강서구,market,0.4716,0.0,0.0,0.12,0.0,0.0,0.5916
JG_20260312_1725_강서구_남부골목시장_JG_0016,8,공항대로 골목형상점가,강서구,market,0.471,0.0,0.0,0.12,0.0,0.0,0.591
JG_20260312_1725_강서구_남부골목시장_JG_0016,9,방신전통시장,강서구,market,0.4709,0.0,0.0,0.12,0.0,0.0,0.5909
JG_20260312_1725_강서구_남부골목시장_JG_0016,10,화곡중앙시장,강서구,market,0.4701,0.0,0.0,0.12,0.0,0.0,0.5901
JG_20260313_1410_노원구_상계중앙시장_JG_0017,1,남대문시장,중구,market,0.7056,0.0,0.0,0.12,0.0,0.0,0.8256
JG_20260313_1410_노원구_상계중앙시장_JG_0017,2,동대문종합시장,종로구,market,0.6301,0.0,0.0,0.12,0.0,0.0,0.7501
JG_20260313_1410_노원구_상계중앙시장_JG_0017,3,장안 마실 골목형상점가,동대문구,market,0.6299,0.0,0.0,0.12,0.0,0.0,0.7499
JG_20260313_1410_노원구_상계중앙시장_JG_0017,4,천호로데오거리상점가,강동구,market,0.5914,0.0,0.0,0.12,0.0,0.0,0.7114
JG_20260313_1410_노원구_상계중앙시장_JG_0017,5,광장전통시장,종로구,market,0.5714,0.0,0.0,0.12,0.0,0.0,0.6914
JG_20260313_1410_노원구_상계중앙시장_JG_0017,6,가락몰 골목형상점가,송파구,market,0.5612,0.0,0.0,0.12,0.0,0.0,0.6812
JG_20260313_1410_노원구_상계중앙시장_JG_0017,7,평화시장,중구,market,0.5528,0.0,0.0,0.12,0.0,0.0,0.6728
JG_20260313_1410_노원구_상계중앙시장_JG_0017,8,서울약령시장,동대문구,market,0.5526,0.0,0.0,0.12,0.0,0.0,0.6726
JG_20260313_1410_노원구_상계중앙시장_JG_0017,9,공릉동도깨비시장,노원구,market,0.4746,0.0,0.0,0.12,0.0,0.0,0.5946
JG_20260313_1410_노원구_상계중앙시장_JG_0017,10,상계중앙시장,노원구,market,0.4739,0.0,0.0,0.12,0.0,0.0,0.5939
JG_20260313_1450_노원구_구립수락노인종합복지관_JG_0018,1,성수1가2동노인복지관 대현분소,성동구,senior_friendly,0.9739,0.0,0.0,0.06,0.0,0.0,1.0339
JG_20260313_1450_노원구_구립수락노인종합복지관_JG_0018,2,강남구립 도곡1노인복지관,강남구,senior_friendly,0.9689,0.0,0.0,0.06,0.0,0.0,1.0289
JG_20260313_1450_노원구_구립수락노인종합복지관_JG_0018,3,강동구립 해공노인복지관,강동구,senior_friendly,0.9673,0.0,0.0,0.06,0.0,0.0,1.0273
JG_20260313_1450_노원구_구립수락노인종합복지관_JG_0018,4,구립 자양노인복지관,광진구,senior_friendly,0.964,0.0,0.0,0.06,0.0,0.0,1.024
JG_20260313_1450_노원구_구립수락노인종합복지관_JG_0018,5,구립갈현노인복지관,은평구,senior_friendly,0.9624,0.0,0.0,0.06,0.0,0.0,1.0224
JG_20260313_1450_노원구_구립수락노인종합복지관_JG_0018,6,용강 노인복지관,마포구,senior_friendly,0.9607,0.0,0.0,0.06,0.0,0.0,1.0207
JG_20260313_1450_노원구_구립수락노인종합복지관_JG_0018,7,북가좌노인복지관,서대문구,senior_friendly,0.9607,0.0,0.0,0.06,0.0,0.0,1.0207
JG_20260313_1450_노원구_구립수락노인종합복지관_JG_0018,8,청파노인복지관,용산구,senior_friendly,0.9591,0.0,0.0,0.06,0.0,0.0,1.0191
JG_20260313_1450_노원구_구립수락노인종합복지관_JG_0018,9,약수노인복지관,중구,senior_friendly,0.9591,0.0,0.0,0.06,0.0,0.0,1.0191
JG_20260313_1450_노원구_구립수락노인종합복지관_JG_0018,10,공릉노인복지관,노원구,senior_friendly,0.9591,0.0,0.0,0.06,0.0,0.0,1.0191
JG_20260313_1530_노원구_공릉도깨비시장_JG_0019,1,남대문시장,중구,market,0.7056,0.0,0.0,0.12,0.0,0.0,0.8256
JG_20260313_1530_노원구_공릉도깨비시장_JG_0019,2,동대문종합시장,종로구,market,0.6301,0.0,0.0,0.12,0.0,0.0,0.7501
JG_20260313_1530_노원구_공릉도깨비시장_JG_0019,3,장안 마실 골목형상점가,동대문구,market,0.6299,0.0,0.0,0.12,0.0,0.0,0.7499
JG_20260313_1530_노원구_공릉도깨비시장_JG_0019,4,천호로데오거리상점가,강동구,market,0.5914,0.0,0.0,0.12,0.0,0.0,0.7114
JG_20260313_1530_노원구_공릉도깨비시장_JG_0019,5,광장전통시장,종로구,market,0.5714,0.0,0.0,0.12,0.0,0.0,0.6914
JG_20260313_1530_노원구_공릉도깨비시장_JG_0019,6,가락몰 골목형상점가,송파구,market,0.5612,0.0,0.0,0.12,0.0,0.0,0.6812
JG_20260313_1530_노원구_공릉도깨비시장_JG_0019,7,평화시장,중구,market,0.5528,0.0,0.0,0.12,0.0,0.0,0.6728
JG_20260313_1530_노원구_공릉도깨비시장_JG_0019,8,서울약령시장,동대문구,market,0.5526,0.0,0.0,0.12,0.0,0.0,0.6726
JG_20260313_1530_노원구_공릉도깨비시장_JG_0019,9,공릉동도깨비시장,노원구,market,0.4746,0.0,0.0,0.12,0.0,0.0,0.5946
JG_20260313_1530_노원구_공릉도깨비시장_JG_0019,10,상계중앙시장,노원구,market,0.4739,0.0,0.0,0.12,0.0,0.0,0.5939
JG_20260316_1300_구로구_남구로시장_JG_0021,1,남대문시장,중구,market,0.7056,0.0,0.0,0.12,0.0,0.0,0.8256
JG_20260316_1300_구로구_남구로시장_JG_0021,2,동대문종합시장,종로구,market,0.6301,0.0,0.0,0.12,0.0,0.0,0.7501
JG_20260316_1300_구로구_남구로시장_JG_0021,3,장안 마실 골목형상점가,동대문구,market,0.6299,0.0,0.0,0.12,0.0,0.0,0.7499
JG_20260316_1300_구로구_남구로시장_JG_0021,4,오류버들시장 골목형상점가,구로구,market,0.4915,0.0,0.0,0.12,0.0,0.0,0.6115
JG_20260316_1300_구로구_남구로시장_JG_0021,5,남구로시장,구로구,market,0.4811,0.0,0.0,0.12,0.0,0.0,0.6011
JG_20260316_1300_구로구_남구로시장_JG_0021,6,그라운드고척 골목형상점가,구로구,market,0.4792,0.0,0.0,0.12,0.0,0.0,0.5992
JG_20260316_1300_구로구_남구로시장_JG_0021,7,구로시장,구로구,market,0.4737,0.0,0.0,0.12,0.0,0.0,0.5937
JG_20260316_1300_구로구_남구로시장_JG_0021,8,가리봉시장,구로구,market,0.4705,0.0,0.0,0.12,0.0,0.0,0.5905
JG_20260316_1300_구로구_남구로시장_JG_0021,9,고척근린시장,구로구,market,0.4696,0.0,0.0,0.12,0.0,0.0,0.5896
JG_20260316_1300_구로구_남구로시장_JG_0021,10,개봉중앙 골목형상점가,구로구,market,0.4681,0.0,0.0,0.12,0.0,0.0,0.5881
JG_20260316_1400_구로구_궁동종합사회복지관_JG_0022,1,성수1가2동노인복지관 대현분소,성동구,senior_friendly,0.9739,0.0,0.0,0.06,0.0,0.0,1.0339
JG_20260316_1400_구로구_궁동종합사회복지관_JG_0022,2,강남구립 도곡1노인복지관,강남구,senior_friendly,0.9689,0.0,0.0,0.06,0.0,0.0,1.0289
JG_20260316_1400_구로구_궁동종합사회복지관_JG_0022,3,강동구립 해공노인복지관,강동구,senior_friendly,0.9673,0.0,0.0,0.06,0.0,0.0,1.0273
JG_20260316_1400_구로구_궁동종합사회복지관_JG_0022,4,구립 자양노인복지관,광진구,senior_friendly,0.964,0.0,0.0,0.06,0.0,0.0,1.024
JG_20260316_1400_구로구_궁동종합사회복지관_JG_0022,5,구립갈현노인복지관,은평구,senior_friendly,0.9624,0.0,0.0,0.06,0.0,0.0,1.0224
JG_20260316_1400_구로구_궁동종합사회복지관_JG_0022,6,용강 노인복지관,마포구,senior_friendly,0.9607,0.0,0.0,0.06,0.0,0.0,1.0207
JG_20260316_1400_구로구_궁동종합사회복지관_JG_0022,7,북가좌노인복지관,서대문구,senior_friendly,0.9607,0.0,0.0,0.06,0.0,0.0,1.0207
JG_20260316_1400_구로구_궁동종합사회복지관_JG_0022,8,청파노인복지관,용산구,senior_friendly,0.9591,0.0,0.0,0.06,0.0,0.0,1.0191
JG_20260316_1400_구로구_궁동종합사회복지관_JG_0022,9,약수노인복지관,중구,senior_friendly,0.9591,0.0,0.0,0.06,0.0,0.0,1.0191
JG_20260316_1400_구로구_궁동종합사회복지관_JG_0022,10,구로노인종합복지관,구로구,senior_friendly,0.9351,0.0,0.0,0.06,0.0,0.0,0.9951
JG_20260317_1400_마포구_망원시장월드컵시장_JG_0025,1,남대문시장,중구,market,0.7056,0.0,0.0,0.12,0.0,0.0,0.8256
JG_20260317_1400_마포구_망원시장월드컵시장_JG_0025,2,동대문종합시장,종로구,market,0.6301,0.0,0.0,0.12,0.0,0.0,0.7501
JG_20260317_1400_마포구_망원시장월드컵시장_JG_0025,3,장안 마실 골목형상점가,동대문구,market,0.6299,0.0,0.0,0.12,0.0,0.0,0.7499
JG_20260317_1400_마포구_망원시장월드컵시장_JG_0025,4,천호로데오거리상점가,강동구,market,0.5914,0.0,0.0,0.12,0.0,0.0,0.7114
JG_20260317_1400_마포구_망원시장월드컵시장_JG_0025,5,광장전통시장,종로구,market,0.5714,0.0,0.0,0.12,0.0,0.0,0.6914
JG_20260317_1400_마포구_망원시장월드컵시장_JG_0025,6,아현시장,마포구,market,0.4776,0.0,0.0,0.12,0.0,0.0,0.5976
JG_20260317_1400_마포구_망원시장월드컵시장_JG_0025,7,연남동골목형상점가,마포구,market,0.4764,0.0,0.0,0.12,0.0,0.0,0.5964
JG_20260317_1400_마포구_망원시장월드컵시장_JG_0025,8,망원시장,마포구,market,0.4721,0.0,0.0,0.12,0.0,0.0,0.5921
JG_20260317_1400_마포구_망원시장월드컵시장_JG_0025,9,홍대레드로드골목형상점가,마포구,market,0.4699,0.0,0.0,0.12,0.0,0.0,0.5899
JG_20260317_1400_마포구_망원시장월드컵시장_JG_0025,10,망원동월드컵시장,마포구,market,0.4684,0.0,0.0,0.12,0.0,0.0,0.5884
JG_20260319_1000_송파구_잠실학생체육관_JG_0026,1,신림,관악구,subway,0.9468,0.0,0.0,0.0,0.0,0.0,0.9468
JG_20260319_1000_송파구_잠실학생체육관_JG_0026,2,잠실(송파구청),송파구,subway,0.8013,0.0,0.0,0.0,0.0,0.0,0.8013
JG_20260319_1000_송파구_잠실학생체육관_JG_0026,3,서울역,중구,subway,0.7902,0.0,0.0,0.0,0.0,0.0,0.7902
JG_20260319_1000_송파구_잠실학생체육관_JG_0026,4,구로디지털단지,구로구,subway,0.776,0.0,0.0,0.0,0.0,0.0,0.776
JG_20260319_1000_송파구_잠실학생체육관_JG_0026,5,서울대입구(관악구청),관악구,subway,0.7382,0.0,0.0,0.0,0.0,0.0,0.7382
JG_20260319_1000_송파구_잠실학생체육관_JG_0026,6,신도림,구로구,subway,0.7139,0.0,0.0,0.0,0.0,0.0,0.7139
JG_20260319_1000_송파구_잠실학생체육관_JG_0026,7,잠실보조경기장,송파구,park,0.6229,0.0,0.0,0.06,0.0,0.0,0.6829
JG_20260319_1000_송파구_잠실학생체육관_JG_0026,8,잠실실내체육관,송파구,park,0.6229,0.0,0.0,0.06,0.0,0.0,0.6829
JG_20260319_1000_송파구_잠실학생체육관_JG_0026,9,잠실종합운동장,송파구,park,0.6229,0.0,0.0,0.06,0.0,0.0,0.6829
JG_20260319_1000_송파구_잠실학생체육관_JG_0026,10,잠실학생체육관,송파구,park,0.6229,0.0,0.0,0.06,0.0,0.0,0.6829
JG_20260324_1700_종로구_세종대로사거리광화문광장_JG_0031,1,서울역,중구,subway,0.9642,0.0,0.0,0.12,0.0,0.0,1.0842
JG_20260324_1700_종로구_세종대로사거리광화문광장_JG_0031,2,잠실(송파구청),송파구,subway,0.9611,0.0,0.0,0.12,0.0,0.0,1.0811
JG_20260324_1700_종로구_세종대로사거리광화문광장_JG_0031,3,강남,강남구,subway,0.9318,0.0,0.0,0.12,0.0,0.0,1.0518
JG_20260324_1700_종로구_세종대로사거리광화문광장_JG_0031,4,홍대입구,마포구,subway,0.8656,0.0,0.0,0.12,0.0,0.0,0.9856
JG_20260324_1700_종로구_세종대로사거리광화문광장_JG_0031,5,고속터미널,서초구,subway,0.8161,0.0,0.0,0.12,0.0,0.0,0.9361
JG_20260324_1700_종로구_세종대로사거리광화문광장_JG_0031,6,삼성(무역센터),강남구,subway,0.7312,0.0,0.0,0.12,0.0,0.0,0.8512
JG_20260324_1700_종로구_세종대로사거리광화문광장_JG_0031,7,성수,성동구,subway,0.7287,0.0,0.0,0.12,0.0,0.0,0.8487
JG_20260324_1700_종로구_세종대로사거리광화문광장_JG_0031,8,선릉,강남구,subway,0.7238,0.0,0.0,0.12,0.0,0.0,0.8438
JG_20260324_1700_종로구_세종대로사거리광화문광장_JG_0031,9,종각,종로구,subway,0.5903,0.0,0.0,0.12,0.0,0.0,0.7103
JG_20260324_1700_종로구_세종대로사거리광화문광장_JG_0031,10,혜화,종로구,subway,0.5759,0.0,0.0,0.12,0.0,0.0,0.6959
JG_20260324_1740_종로구_세종마을음식문화거리_JG_0032,1,동대문종합시장,종로구,market,0.6301,0.0,0.0,0.12,0.0,0.0,0.7501
JG_20260324_1740_종로구_세종마을음식문화거리_JG_0032,2,광장전통시장,종로구,market,0.5714,0.0,0.0,0.12,0.0,0.0,0.6914
JG_20260324_1740_종로구_세종마을음식문화거리_JG_0032,3,광장시장,종로구,market,0.5254,0.0,0.0,0.12,0.0,0.0,0.6454
JG_20260324_1740_종로구_세종마을음식문화거리_JG_0032,4,동대문종합시장D동,종로구,market,0.4968,0.0,0.0,0.12,0.0,0.0,0.6168
JG_20260324_1740_종로구_세종마을음식문화거리_JG_0032,5,동대문문구?완구거리,종로구,market,0.4736,0.0,0.0,0.12,0.0,0.0,0.5936
JG_20260324_1740_종로구_세종마을음식문화거리_JG_0032,6,동묘시장,종로구,market,0.4726,0.0,0.0,0.12,0.0,0.0,0.5926
JG_20260324_1740_종로구_세종마을음식문화거리_JG_0032,7,창신골목시장,종로구,market,0.472,0.0,0.0,0.12,0.0,0.0,0.592
JG_20260324_1740_종로구_세종마을음식문화거리_JG_0032,8,세종마을음식문화거리,종로구,market,0.4714,0.0,0.0,0.12,0.0,0.0,0.5914
JG_20260324_1740_종로구_세종마을음식문화거리_JG_0032,9,북촌계동길 골목형상점가,종로구,market,0.4713,0.0,0.0,0.12,0.0,0.0,0.5913
JG_20260324_1740_종로구_세종마을음식문화거리_JG_0032,10,통인시장,종로구,market,0.4694,0.0,0.0,0.12,0.0,0.0,0.5894
JG_20260325_1720_광진구_중곡제일골목시장_JG_0034,1,남대문시장,중구,market,0.7056,0.0,0.0,0.12,0.0,0.0,0.8256
JG_20260325_1720_광진구_중곡제일골목시장_JG_0034,2,동대문종합시장,종로구,market,0.6301,0.0,0.0,0.12,0.0,0.0,0.7501
JG_20260325_1720_광진구_중곡제일골목시장_JG_0034,3,신성전통시장,광진구,market,0.477,0.0,0.0,0.12,0.0,0.0,0.597
JG_20260325_1720_광진구_중곡제일골목시장_JG_0034,4,자양전통시장,광진구,market,0.4758,0.0,0.0,0.12,0.0,0.0,0.5958
JG_20260325_1720_광진구_중곡제일골목시장_JG_0034,5,중곡제일골목시장,광진구,market,0.4754,0.0,0.0,0.12,0.0,0.0,0.5954
JG_20260325_1720_광진구_중곡제일골목시장_JG_0034,6,건리단길골목형상점가,광진구,market,0.4751,0.0,0.0,0.12,0.0,0.0,0.5951
JG_20260325_1720_광진구_중곡제일골목시장_JG_0034,7,자양15번가 골목형상점가,광진구,market,0.475,0.0,0.0,0.12,0.0,0.0,0.595
JG_20260325_1720_광진구_중곡제일골목시장_JG_0034,8,화양제일골목시장,광진구,market,0.4717,0.0,0.0,0.12,0.0,0.0,0.5917
JG_20260325_1720_광진구_중곡제일골목시장_JG_0034,9,자양한강전통시장,광진구,market,0.4712,0.0,0.0,0.12,0.0,0.0,0.5912
JG_20260325_1720_광진구_중곡제일골목시장_JG_0034,10,영동교골목시장,광진구,market,0.4712,0.0,0.0,0.12,0.0,0.0,0.5912
JG_20260325_1815_광진구_건대맛의거리_JG_0035,1,남대문시장,중구,market,0.7056,0.0,0.0,0.12,0.0,0.0,0.8256
JG_20260325_1815_광진구_건대맛의거리_JG_0035,2,동대문종합시장,종로구,market,0.6301,0.0,0.0,0.12,0.0,0.0,0.7501
JG_20260325_1815_광진구_건대맛의거리_JG_0035,3,신성전통시장,광진구,market,0.477,0.0,0.0,0.12,0.0,0.0,0.597
JG_20260325_1815_광진구_건대맛의거리_JG_0035,4,자양전통시장,광진구,market,0.4758,0.0,0.0,0.12,0.0,0.0,0.5958
JG_20260325_1815_광진구_건대맛의거리_JG_0035,5,중곡제일골목시장,광진구,market,0.4754,0.0,0.0,0.12,0.0,0.0,0.5954
JG_20260325_1815_광진구_건대맛의거리_JG_0035,6,건리단길골목형상점가,광진구,market,0.4751,0.0,0.0,0.12,0.0,0.0,0.5951
JG_20260325_1815_광진구_건대맛의거리_JG_0035,7,자양15번가 골목형상점가,광진구,market,0.475,0.0,0.0,0.12,0.0,0.0,0.595
JG_20260325_1815_광진구_건대맛의거리_JG_0035,8,화양제일골목시장,광진구,market,0.4717,0.0,0.0,0.12,0.0,0.0,0.5917
JG_20260325_1815_광진구_건대맛의거리_JG_0035,9,자양한강전통시장,광진구,market,0.4712,0.0,0.0,0.12,0.0,0.0,0.5912
JG_20260325_1815_광진구_건대맛의거리_JG_0035,10,영동교골목시장,광진구,market,0.4712,0.0,0.0,0.12,0.0,0.0,0.5912
JG_20260326_1600_관악구_도림천_JG_0037,1,서울역,중구,subway,0.9642,0.0,0.0,0.12,0.0,0.0,1.0842
JG_20260326_1600_관악구_도림천_JG_0037,2,잠실(송파구청),송파구,subway,0.9611,0.0,0.0,0.12,0.0,0.0,1.0811
JG_20260326_1600_관악구_도림천_JG_0037,3,강남,강남구,subway,0.9318,0.0,0.0,0.12,0.0,0.0,1.0518
JG_20260326_1600_관악구_도림천_JG_0037,4,홍대입구,마포구,subway,0.8656,0.0,0.0,0.12,0.0,0.0,0.9856
JG_20260326_1600_관악구_도림천_JG_0037,5,고속터미널,서초구,subway,0.8161,0.0,0.0,0.12,0.0,0.0,0.9361
JG_20260326_1600_관악구_도림천_JG_0037,6,삼성(무역센터),강남구,subway,0.7312,0.0,0.0,0.12,0.0,0.0,0.8512
JG_20260326_1600_관악구_도림천_JG_0037,7,신림,관악구,subway,0.6921,0.0,0.0,0.12,0.0,0.0,0.8121
JG_20260326_1600_관악구_도림천_JG_0037,8,서울대입구(관악구청),관악구,subway,0.628,0.0,0.0,0.12,0.0,0.0,0.748
JG_20260326_1600_관악구_도림천_JG_0037,9,낙성대(강감찬),관악구,subway,0.4696,0.0,0.0,0.12,0.0,0.0,0.5896
JG_20260326_1600_관악구_도림천_JG_0037,10,봉천,관악구,subway,0.4399,0.0,0.0,0.12,0.0,0.0,0.5599
JG_20260326_1615_관악구_신원시장_JG_0038,1,남대문시장,중구,market,0.7056,0.0,0.0,0.12,0.0,0.0,0.8256
JG_20260326_1615_관악구_신원시장_JG_0038,2,신림별빛거리 골목형상점가,관악구,market,0.4918,0.0,0.0,0.12,0.0,0.0,0.6118
JG_20260326_1615_관악구_신원시장_JG_0038,3,녹두S밸리 골목형상점가,관악구,market,0.4746,0.0,0.0,0.12,0.0,0.0,0.5946
JG_20260326_1615_관악구_신원시장_JG_0038,4,행운담길 골목형상점가,관악구,market,0.4739,0.0,0.0,0.12,0.0,0.0,0.5939
JG_20260326_1615_관악구_신원시장_JG_0038,5,녹두 골목형상점가,관악구,market,0.4733,0.0,0.0,0.12,0.0,0.0,0.5933
JG_20260326_1615_관악구_신원시장_JG_0038,6,삼성동시장,관악구,market,0.4717,0.0,0.0,0.12,0.0,0.0,0.5917
JG_20260326_1615_관악구_신원시장_JG_0038,7,신원시장,관악구,market,0.4713,0.0,0.0,0.12,0.0,0.0,0.5913
JG_20260326_1615_관악구_신원시장_JG_0038,8,조원동펭귄시장,관악구,market,0.471,0.0,0.0,0.12,0.0,0.0,0.591
JG_20260326_1615_관악구_신원시장_JG_0038,9,관악신사시장,관악구,market,0.4703,0.0,0.0,0.12,0.0,0.0,0.5903
JG_20260326_1615_관악구_신원시장_JG_0038,10,인헌시장,관악구,market,0.4699,0.0,0.0,0.12,0.0,0.0,0.5899
JG_20260328_1250_성동구_응봉산팔각정_JG_0041,1,서울역,중구,subway,0.9642,0.0,0.0,0.0,0.0,0.0,0.9642
JG_20260328_1250_성동구_응봉산팔각정_JG_0041,2,잠실(송파구청),송파구,subway,0.9611,0.0,0.0,0.0,0.0,0.0,0.9611
JG_20260328_1250_성동구_응봉산팔각정_JG_0041,3,강남,강남구,subway,0.9318,0.0,0.0,0.0,0.0,0.0,0.9318
JG_20260328_1250_성동구_응봉산팔각정_JG_0041,4,홍대입구,마포구,subway,0.8656,0.0,0.0,0.0,0.0,0.0,0.8656
JG_20260328_1250_성동구_응봉산팔각정_JG_0041,5,고속터미널,서초구,subway,0.8161,0.0,0.0,0.0,0.0,0.0,0.8161
JG_20260328_1250_성동구_응봉산팔각정_JG_0041,6,삼성(무역센터),강남구,subway,0.7312,0.0,0.0,0.0,0.0,0.0,0.7312
JG_20260328_1250_성동구_응봉산팔각정_JG_0041,7,성수,성동구,subway,0.7287,0.0,0.0,0.0,0.0,0.0,0.7287
JG_20260328_1250_성동구_응봉산팔각정_JG_0041,8,선릉,강남구,subway,0.7238,0.0,0.0,0.0,0.0,0.0,0.7238
JG_20260328_1250_성동구_응봉산팔각정_JG_0041,9,용산,용산구,subway,0.7194,0.0,0.0,0.0,0.0,0.0,0.7194
JG_20260328_1250_성동구_응봉산팔각정_JG_0041,10,서울숲,성동구,park,0.3917,0.0,0.0,0.12,0.0,0.0,0.5117
JG_20260330_1100_동작구_노량진수산시장_JG_0045,1,노량진수산시장골목형상점가,동작구,market,0.4672,0.0,0.0,0.1,0.0,0.0,0.5672
JG_20260330_1100_동작구_노량진수산시장_JG_0045,2,이수미로 골목형상점가,동작구,market,0.4371,0.0,0.0,0.1,0.0,0.0,0.5371
JG_20260330_1100_동작구_노량진수산시장_JG_0045,3,숭실마루길 골목형상점가,동작구,market,0.4293,0.0,0.0,0.1,0.0,0.0,0.5293
JG_20260330_1100_동작구_노량진수산시장_JG_0045,4,성대전통시장,동작구,market,0.4285,0.0,0.0,0.1,0.0,0.0,0.5285
JG_20260330_1100_동작구_노량진수산시장_JG_0045,5,남성사계시장(남성시장),동작구,market,0.4273,0.0,0.0,0.1,0.0,0.0,0.5273
JG_20260330_1100_동작구_노량진수산시장_JG_0045,6,흑석시장 골목형상점가,동작구,market,0.4267,0.0,0.0,0.1,0.0,0.0,0.5267
JG_20260330_1100_동작구_노량진수산시장_JG_0045,7,상도전통시장,동작구,market,0.4259,0.0,0.0,0.1,0.0,0.0,0.5259
JG_20260330_1100_동작구_노량진수산시장_JG_0045,8,본동인정시장,동작구,market,0.4254,0.0,0.0,0.1,0.0,0.0,0.5254
JG_20260330_1100_동작구_노량진수산시장_JG_0045,9,보라매다올길골목형상점가,동작구,market,0.4252,0.0,0.0,0.1,0.0,0.0,0.5252
JG_20260330_1100_동작구_노량진수산시장_JG_0045,10,신대방1동 온누리길 골목형상점가,동작구,market,0.4236,0.0,0.0,0.1,0.0,0.0,0.5236
JG_20260331_1130_동대문구_장안동벚꽃길_JG_0046,1,신림,관악구,subway,0.9468,0.0,0.0,0.0,0.0,0.0,0.9468
JG_20260331_1130_동대문구_장안동벚꽃길_JG_0046,2,잠실(송파구청),송파구,subway,0.8013,0.0,0.0,0.0,0.0,0.0,0.8013
JG_20260331_1130_동대문구_장안동벚꽃길_JG_0046,3,서울역,중구,subway,0.7902,0.0,0.0,0.0,0.0,0.0,0.7902
JG_20260331_1130_동대문구_장안동벚꽃길_JG_0046,4,구로디지털단지,구로구,subway,0.776,0.0,0.0,0.0,0.0,0.0,0.776
JG_20260331_1130_동대문구_장안동벚꽃길_JG_0046,5,서울대입구(관악구청),관악구,subway,0.7382,0.0,0.0,0.0,0.0,0.0,0.7382
JG_20260331_1130_동대문구_장안동벚꽃길_JG_0046,6,신도림,구로구,subway,0.7139,0.0,0.0,0.0,0.0,0.0,0.7139
JG_20260331_1130_동대문구_장안동벚꽃길_JG_0046,7,장안동 벚꽃길,동대문구,park,0.6229,0.0,0.0,0.06,0.0,0.0,0.6829
JG_20260331_1130_동대문구_장안동벚꽃길_JG_0046,8,연신내,은평구,subway,0.667,0.0,0.0,0.0,0.0,0.0,0.667
JG_20260331_1130_동대문구_장안동벚꽃길_JG_0046,9,까치산,강서구,subway,0.6301,0.0,0.0,0.0,0.0,0.0,0.6301
JG_20260331_1130_동대문구_장안동벚꽃길_JG_0046,10,화곡,강서구,subway,0.6251,0.0,0.0,0.0,0.0,0.0,0.6251
JG_20260402_1600_양천구_파리공원_JG_0048,1,서울역,중구,subway,0.9642,0.0,0.0,0.12,0.0,0.0,1.0842
JG_20260402_1600_양천구_파리공원_JG_0048,2,잠실(송파구청),송파구,subway,0.9611,0.0,0.0,0.12,0.0,0.0,1.0811
JG_20260402_1600_양천구_파리공원_JG_0048,3,강남,강남구,subway,0.9318,0.0,0.0,0.12,0.0,0.0,1.0518
JG_20260402_1600_양천구_파리공원_JG_0048,4,홍대입구,마포구,subway,0.8656,0.0,0.0,0.12,0.0,0.0,0.9856
JG_20260402_1600_양천구_파리공원_JG_0048,5,고속터미널,서초구,subway,0.8161,0.0,0.0,0.12,0.0,0.0,0.9361
JG_20260402_1600_양천구_파리공원_JG_0048,6,삼성(무역센터),강남구,subway,0.7312,0.0,0.0,0.12,0.0,0.0,0.8512
JG_20260402_1600_양천구_파리공원_JG_0048,7,성수,성동구,subway,0.7287,0.0,0.0,0.12,0.0,0.0,0.8487
JG_20260402_1600_양천구_파리공원_JG_0048,8,선릉,강남구,subway,0.7238,0.0,0.0,0.12,0.0,0.0,0.8438
JG_20260402_1600_양천구_파리공원_JG_0048,9,용산,용산구,subway,0.7194,0.0,0.0,0.12,0.0,0.0,0.8394
JG_20260402_1600_양천구_파리공원_JG_0048,10,구로디지털단지,구로구,subway,0.6961,0.0,0.0,0.12,0.0,0.0,0.8161
JG_20260404_1000_노원구_마들스포츠타운_JG_0052,1,신림,관악구,subway,0.9468,0.0,0.0,0.0,0.0,0.0,0.9468
JG_20260404_1000_노원구_마들스포츠타운_JG_0052,2,잠실(송파구청),송파구,subway,0.8013,0.0,0.0,0.0,0.0,0.0,0.8013
JG_20260404_1000_노원구_마들스포츠타운_JG_0052,3,서울역,중구,subway,0.7902,0.0,0.0,0.0,0.0,0.0,0.7902
JG_20260404_1000_노원구_마들스포츠타운_JG_0052,4,구로디지털단지,구로구,subway,0.776,0.0,0.0,0.0,0.0,0.0,0.776
JG_20260404_1000_노원구_마들스포츠타운_JG_0052,5,서울대입구(관악구청),관악구,subway,0.7382,0.0,0.0,0.0,0.0,0.0,0.7382
JG_20260404_1000_노원구_마들스포츠타운_JG_0052,6,신도림,구로구,subway,0.7139,0.0,0.0,0.0,0.0,0.0,0.7139
JG_20260404_1000_노원구_마들스포츠타운_JG_0052,7,연신내,은평구,subway,0.667,0.0,0.0,0.0,0.0,0.0,0.667
JG_20260404_1000_노원구_마들스포츠타운_JG_0052,8,까치산,강서구,subway,0.6301,0.0,0.0,0.0,0.0,0.0,0.6301
JG_20260404_1000_노원구_마들스포츠타운_JG_0052,9,화곡,강서구,subway,0.6251,0.0,0.0,0.0,0.0,0.0,0.6251
JG_20260404_1000_노원구_마들스포츠타운_JG_0052,10,경춘선 숲길,노원구,park,0.4294,0.0,0.0,0.06,0.0,0.0,0.4894
JG_20260405_1740_양천구_양재천수변무대일대_JG_0054,1,서울역,중구,subway,0.9642,0.0,0.0,0.12,0.0,0.0,1.0842
JG_20260405_1740_양천구_양재천수변무대일대_JG_0054,2,잠실(송파구청),송파구,subway,0.9611,0.0,0.0,0.12,0.0,0.0,1.0811
JG_20260405_1740_양천구_양재천수변무대일대_JG_0054,3,강남,강남구,subway,0.9318,0.0,0.0,0.12,0.0,0.0,1.0518
JG_20260405_1740_양천구_양재천수변무대일대_JG_0054,4,홍대입구,마포구,subway,0.8656,0.0,0.0,0.12,0.0,0.0,0.9856
JG_20260405_1740_양천구_양재천수변무대일대_JG_0054,5,고속터미널,서초구,subway,0.8161,0.0,0.0,0.12,0.0,0.0,0.9361
JG_20260405_1740_양천구_양재천수변무대일대_JG_0054,6,삼성(무역센터),강남구,subway,0.7312,0.0,0.0,0.12,0.0,0.0,0.8512
JG_20260405_1740_양천구_양재천수변무대일대_JG_0054,7,성수,성동구,subway,0.7287,0.0,0.0,0.12,0.0,0.0,0.8487
JG_20260405_1740_양천구_양재천수변무대일대_JG_0054,8,선릉,강남구,subway,0.7238,0.0,0.0,0.12,0.0,0.0,0.8438
JG_20260405_1740_양천구_양재천수변무대일대_JG_0054,9,용산,용산구,subway,0.7194,0.0,0.0,0.12,0.0,0.0,0.8394
JG_20260405_1740_양천구_양재천수변무대일대_JG_0054,10,구로디지털단지,구로구,subway,0.6961,0.0,0.0,0.12,0.0,0.0,0.8161
JG_20260406_1630_강북구_수유시장_JG_0057,1,남대문시장,중구,market,0.7056,0.0,0.0,0.12,0.0,0.0,0.8256
JG_20260406_1630_강북구_수유시장_JG_0057,2,강북북부골목시장,강북구,market,0.4721,0.0,0.0,0.12,0.0,0.0,0.5921
JG_20260406_1630_강북구_수유시장_JG_0057,3,미소상인회 골목형상점가,강북구,market,0.4717,0.0,0.0,0.12,0.0,0.0,0.5917
JG_20260406_1630_강북구_수유시장_JG_0057,4,오패산로 골목형상점가,강북구,market,0.4713,0.0,0.0,0.12,0.0,0.0,0.5913
JG_20260406_1630_강북구_수유시장_JG_0057,5,우이골목시장골목형상점가,강북구,market,0.471,0.0,0.0,0.12,0.0,0.0,0.591
JG_20260406_1630_강북구_수유시장_JG_0057,6,인수로골목형상점가,강북구,market,0.4709,0.0,0.0,0.12,0.0,0.0,0.5909
JG_20260406_1630_강북구_수유시장_JG_0057,7,수유재래시장,강북구,market,0.4702,0.0,0.0,0.12,0.0,0.0,0.5902
JG_20260406_1630_강북구_수유시장_JG_0057,8,솔샘시장 골목형상점가,강북구,market,0.4701,0.0,0.0,0.12,0.0,0.0,0.5901
JG_20260406_1630_강북구_수유시장_JG_0057,9,장미원골목시장,강북구,market,0.4688,0.0,0.0,0.12,0.0,0.0,0.5888
JG_20260406_1630_강북구_수유시장_JG_0057,10,수유전통시장,강북구,market,0.4681,0.0,0.0,0.12,0.0,0.0,0.5881
JG_20260406_1800_성북구_성북천상점가_JG_0058,1,월곡달빛오거리골목형상점가,성북구,market,0.4759,0.0,0.0,0.12,0.0,0.0,0.5959
JG_20260406_1800_성북구_성북천상점가_JG_0058,2,석계음식문화거리,성북구,market,0.4756,0.0,0.0,0.12,0.0,0.0,0.5956
JG_20260406_1800_성북구_성북천상점가_JG_0058,3,종암북바위길골목형상점가,성북구,market,0.4748,0.0,0.0,0.12,0.0,0.0,0.5948
JG_20260406_1800_성북구_성북천상점가_JG_0058,4,돈암시장,성북구,market,0.4738,0.0,0.0,0.12,0.0,0.0,0.5938
JG_20260406_1800_성북구_성북천상점가_JG_0058,5,정릉시장,성북구,market,0.473,0.0,0.0,0.12,0.0,0.0,0.593
JG_20260406_1800_성북구_성북천상점가_JG_0058,6,성북천골목형상점가,성북구,market,0.4707,0.0,0.0,0.12,0.0,0.0,0.5907
JG_20260406_1800_성북구_성북천상점가_JG_0058,7,돌곶이시장,성북구,market,0.4704,0.0,0.0,0.12,0.0,0.0,0.5904
JG_20260406_1800_성북구_성북천상점가_JG_0058,8,정릉서경대길골목형상점가,성북구,market,0.4695,0.0,0.0,0.12,0.0,0.0,0.5895
JG_20260406_1800_성북구_성북천상점가_JG_0058,9,장위전통시장,성북구,market,0.4689,0.0,0.0,0.12,0.0,0.0,0.5889
JG_20260406_1800_성북구_성북천상점가_JG_0058,10,꿈의숲장곡골목형상점가,성북구,market,0.4684,0.0,0.0,0.12,0.0,0.0,0.5884
JG_20260407_1540_동작구_남성사계시장_JG_0062,1,노량진수산시장골목형상점가,동작구,market,0.5136,0.0,0.0,0.12,0.0,0.0,0.6336
JG_20260407_1540_동작구_남성사계시장_JG_0062,2,이수미로 골목형상점가,동작구,market,0.4843,0.0,0.0,0.12,0.0,0.0,0.6043
JG_20260407_1540_동작구_남성사계시장_JG_0062,3,숭실마루길 골목형상점가,동작구,market,0.4765,0.0,0.0,0.12,0.0,0.0,0.5965
JG_20260407_1540_동작구_남성사계시장_JG_0062,4,성대전통시장,동작구,market,0.4756,0.0,0.0,0.12,0.0,0.0,0.5956
JG_20260407_1540_동작구_남성사계시장_JG_0062,5,남성사계시장(남성시장),동작구,market,0.4745,0.0,0.0,0.12,0.0,0.0,0.5945
JG_20260407_1540_동작구_남성사계시장_JG_0062,6,흑석시장 골목형상점가,동작구,market,0.4738,0.0,0.0,0.12,0.0,0.0,0.5938
JG_20260407_1540_동작구_남성사계시장_JG_0062,7,상도전통시장,동작구,market,0.4731,0.0,0.0,0.12,0.0,0.0,0.5931
JG_20260407_1540_동작구_남성사계시장_JG_0062,8,본동인정시장,동작구,market,0.4726,0.0,0.0,0.12,0.0,0.0,0.5926
JG_20260407_1540_동작구_남성사계시장_JG_0062,9,보라매다올길골목형상점가,동작구,market,0.4724,0.0,0.0,0.12,0.0,0.0,0.5924
JG_20260407_1540_동작구_남성사계시장_JG_0062,10,신대방1동 온누리길 골목형상점가,동작구,market,0.4707,0.0,0.0,0.12,0.0,0.0,0.5907
JG_20260407_1640_동작구_성대전통시장_JG_0063,1,노량진수산시장골목형상점가,동작구,market,0.5136,0.0,0.0,0.12,0.0,0.0,0.6336
JG_20260407_1640_동작구_성대전통시장_JG_0063,2,이수미로 골목형상점가,동작구,market,0.4843,0.0,0.0,0.12,0.0,0.0,0.6043
JG_20260407_1640_동작구_성대전통시장_JG_0063,3,숭실마루길 골목형상점가,동작구,market,0.4765,0.0,0.0,0.12,0.0,0.0,0.5965
JG_20260407_1640_동작구_성대전통시장_JG_0063,4,성대전통시장,동작구,market,0.4756,0.0,0.0,0.12,0.0,0.0,0.5956
JG_20260407_1640_동작구_성대전통시장_JG_0063,5,남성사계시장(남성시장),동작구,market,0.4745,0.0,0.0,0.12,0.0,0.0,0.5945
JG_20260407_1640_동작구_성대전통시장_JG_0063,6,흑석시장 골목형상점가,동작구,market,0.4738,0.0,0.0,0.12,0.0,0.0,0.5938
JG_20260407_1640_동작구_성대전통시장_JG_0063,7,상도전통시장,동작구,market,0.4731,0.0,0.0,0.12,0.0,0.0,0.5931
JG_20260407_1640_동작구_성대전통시장_JG_0063,8,본동인정시장,동작구,market,0.4726,0.0,0.0,0.12,0.0,0.0,0.5926
JG_20260407_1640_동작구_성대전통시장_JG_0063,9,보라매다올길골목형상점가,동작구,market,0.4724,0.0,0.0,0.12,0.0,0.0,0.5924
JG_20260407_1640_동작구_성대전통시장_JG_0063,10,신대방1동 온누리길 골목형상점가,동작구,market,0.4707,0.0,0.0,0.12,0.0,0.0,0.5907
JG_20260408_1700_서대문구_영천시장_JG_0067,1,남대문시장,중구,market,0.7056,0.0,0.0,0.12,0.0,0.0,0.8256
JG_20260408_1700_서대문구_영천시장_JG_0067,2,동대문종합시장,종로구,market,0.6301,0.0,0.0,0.12,0.0,0.0,0.7501
JG_20260408_1700_서대문구_영천시장_JG_0067,3,장안 마실 골목형상점가,동대문구,market,0.6299,0.0,0.0,0.12,0.0,0.0,0.7499
JG_20260408_1700_서대문구_영천시장_JG_0067,4,천호로데오거리상점가,강동구,market,0.5914,0.0,0.0,0.12,0.0,0.0,0.7114
JG_20260408_1700_서대문구_영천시장_JG_0067,5,광장전통시장,종로구,market,0.5714,0.0,0.0,0.12,0.0,0.0,0.6914
JG_20260408_1700_서대문구_영천시장_JG_0067,6,가락몰 골목형상점가,송파구,market,0.5612,0.0,0.0,0.12,0.0,0.0,0.6812
JG_20260408_1700_서대문구_영천시장_JG_0067,7,평화시장,중구,market,0.5528,0.0,0.0,0.12,0.0,0.0,0.6728
JG_20260408_1700_서대문구_영천시장_JG_0067,8,포방터시장,서대문구,market,0.4698,0.0,0.0,0.12,0.0,0.0,0.5898
JG_20260408_1700_서대문구_영천시장_JG_0067,9,영천시장,서대문구,market,0.4684,0.0,0.0,0.12,0.0,0.0,0.5884
JG_20260408_1700_서대문구_영천시장_JG_0067,10,남이동길골목형상점가,서대문구,market,0.4684,0.0,0.0,0.12,0.0,0.0,0.5884
JG_20260408_1755_서대문구_홍제천인공폭포_JG_0068,1,서울역,중구,subway,0.9642,0.0,0.0,0.12,0.0,0.0,1.0842
JG_20260408_1755_서대문구_홍제천인공폭포_JG_0068,2,잠실(송파구청),송파구,subway,0.9611,0.0,0.0,0.12,0.0,0.0,1.0811
JG_20260408_1755_서대문구_홍제천인공폭포_JG_0068,3,강남,강남구,subway,0.9318,0.0,0.0,0.12,0.0,0.0,1.0518
JG_20260408_1755_서대문구_홍제천인공폭포_JG_0068,4,홍대입구,마포구,subway,0.8656,0.0,0.0,0.12,0.0,0.0,0.9856
JG_20260408_1755_서대문구_홍제천인공폭포_JG_0068,5,고속터미널,서초구,subway,0.8161,0.0,0.0,0.12,0.0,0.0,0.9361
JG_20260408_1755_서대문구_홍제천인공폭포_JG_0068,6,삼성(무역센터),강남구,subway,0.7312,0.0,0.0,0.12,0.0,0.0,0.8512
JG_20260408_1755_서대문구_홍제천인공폭포_JG_0068,7,성수,성동구,subway,0.7287,0.0,0.0,0.12,0.0,0.0,0.8487
JG_20260408_1755_서대문구_홍제천인공폭포_JG_0068,8,선릉,강남구,subway,0.7238,0.0,0.0,0.12,0.0,0.0,0.8438
JG_20260408_1755_서대문구_홍제천인공폭포_JG_0068,9,용산,용산구,subway,0.7194,0.0,0.0,0.12,0.0,0.0,0.8394
JG_20260408_1755_서대문구_홍제천인공폭포_JG_0068,10,구로디지털단지,구로구,subway,0.6961,0.0,0.0,0.12,0.0,0.0,0.8161
JG_20260409_1500_중랑구_동원시장_JG_0071,1,우림골목시장,중랑구,market,0.4775,0.0,0.0,0.12,0.0,0.0,0.5975
JG_20260409_1500_중랑구_동원시장_JG_0071,2,동원전통종합시장,중랑구,market,0.4761,0.0,0.0,0.12,0.0,0.0,0.5961
JG_20260409_1500_중랑구_동원시장_JG_0071,3,상봉먹자 골목형상점가,중랑구,market,0.4738,0.0,0.0,0.12,0.0,0.0,0.5938
JG_20260409_1500_중랑구_동원시장_JG_0071,4,사가정시장,중랑구,market,0.4731,0.0,0.0,0.12,0.0,0.0,0.5931
JG_20260409_1500_중랑구_동원시장_JG_0071,5,면목시장(골목형),중랑구,market,0.4729,0.0,0.0,0.12,0.0,0.0,0.5929
JG_20260409_1500_중랑구_동원시장_JG_0071,6,신내구길 골목형상점가,중랑구,market,0.4722,0.0,0.0,0.12,0.0,0.0,0.5922
JG_20260409_1500_중랑구_동원시장_JG_0071,7,사가정51길 골목형상점가,중랑구,market,0.4706,0.0,0.0,0.12,0.0,0.0,0.5906
JG_20260409_1500_중랑구_동원시장_JG_0071,8,중랑동부시장,중랑구,market,0.4702,0.0,0.0,0.12,0.0,0.0,0.5902
JG_20260409_1500_중랑구_동원시장_JG_0071,9,묵동도깨비시장 골목형상점가,중랑구,market,0.4701,0.0,0.0,0.12,0.0,0.0,0.5901
JG_20260409_1500_중랑구_동원시장_JG_0071,10,태능 골목형상점가,중랑구,market,0.4699,0.0,0.0,0.12,0.0,0.0,0.5899
JG_20260409_1550_중랑구_우림시장_JG_0072,1,우림골목시장,중랑구,market,0.4775,0.0,0.0,0.12,0.0,0.0,0.5975
JG_20260409_1550_중랑구_우림시장_JG_0072,2,동원전통종합시장,중랑구,market,0.4761,0.0,0.0,0.12,0.0,0.0,0.5961
JG_20260409_1550_중랑구_우림시장_JG_0072,3,상봉먹자 골목형상점가,중랑구,market,0.4738,0.0,0.0,0.12,0.0,0.0,0.5938
JG_20260409_1550_중랑구_우림시장_JG_0072,4,사가정시장,중랑구,market,0.4731,0.0,0.0,0.12,0.0,0.0,0.5931
JG_20260409_1550_중랑구_우림시장_JG_0072,5,면목시장(골목형),중랑구,market,0.4729,0.0,0.0,0.12,0.0,0.0,0.5929
JG_20260409_1550_중랑구_우림시장_JG_0072,6,신내구길 골목형상점가,중랑구,market,0.4722,0.0,0.0,0.12,0.0,0.0,0.5922
JG_20260409_1550_중랑구_우림시장_JG_0072,7,사가정51길 골목형상점가,중랑구,market,0.4706,0.0,0.0,0.12,0.0,0.0,0.5906
JG_20260409_1550_중랑구_우림시장_JG_0072,8,중랑동부시장,중랑구,market,0.4702,0.0,0.0,0.12,0.0,0.0,0.5902
JG_20260409_1550_중랑구_우림시장_JG_0072,9,묵동도깨비시장 골목형상점가,중랑구,market,0.4701,0.0,0.0,0.12,0.0,0.0,0.5901
JG_20260409_1550_중랑구_우림시장_JG_0072,10,태능 골목형상점가,중랑구,market,0.4699,0.0,0.0,0.12,0.0,0.0,0.5899
JG_20260415_1055_종로구_북촌의봄_JG_0081,1,동대문종합시장,종로구,market,0.5837,0.0,0.0,0.1,0.0,0.0,0.6837
JG_20260415_1055_종로구_북촌의봄_JG_0081,2,광장전통시장,종로구,market,0.5242,0.0,0.0,0.1,0.0,0.0,0.6242
JG_20260415_1055_종로구_북촌의봄_JG_0081,3,광장시장,종로구,market,0.479,0.0,0.0,0.1,0.0,0.0,0.579
JG_20260415_1055_종로구_북촌의봄_JG_0081,4,동대문종합시장D동,종로구,market,0.4504,0.0,0.0,0.1,0.0,0.0,0.5504
JG_20260415_1055_종로구_북촌의봄_JG_0081,5,동대문문구?완구거리,종로구,market,0.4264,0.0,0.0,0.1,0.0,0.0,0.5264
JG_20260415_1055_종로구_북촌의봄_JG_0081,6,동묘시장,종로구,market,0.4255,0.0,0.0,0.1,0.0,0.0,0.5255
JG_20260415_1055_종로구_북촌의봄_JG_0081,7,창신골목시장,종로구,market,0.4248,0.0,0.0,0.1,0.0,0.0,0.5248
JG_20260415_1055_종로구_북촌의봄_JG_0081,8,세종마을음식문화거리,종로구,market,0.4242,0.0,0.0,0.1,0.0,0.0,0.5242
JG_20260415_1055_종로구_북촌의봄_JG_0081,9,북촌계동길 골목형상점가,종로구,market,0.4241,0.0,0.0,0.1,0.0,0.0,0.5241
JG_20260415_1055_종로구_북촌의봄_JG_0081,10,통인시장,종로구,market,0.4222,0.0,0.0,0.1,0.0,0.0,0.5222
JG_20260417_0730_송파구_가락몰농수산물시장_JG_0085,1,남대문시장,중구,market,0.6592,0.0,0.0,0.05,0.0,0.0,0.7092
JG_20260417_0730_송파구_가락몰농수산물시장_JG_0085,2,동대문종합시장,종로구,market,0.5837,0.0,0.0,0.05,0.0,0.0,0.6337
JG_20260417_0730_송파구_가락몰농수산물시장_JG_0085,3,장안 마실 골목형상점가,동대문구,market,0.5827,0.0,0.0,0.05,0.0,0.0,0.6327
JG_20260417_0730_송파구_가락몰농수산물시장_JG_0085,4,천호로데오거리상점가,강동구,market,0.5458,0.0,0.0,0.05,0.0,0.0,0.5958
JG_20260417_0730_송파구_가락몰농수산물시장_JG_0085,5,가락몰 골목형상점가,송파구,market,0.514,0.0,0.0,0.05,0.0,0.0,0.564
JG_20260417_0730_송파구_가락몰농수산물시장_JG_0085,6,방이시장,송파구,market,0.4351,0.0,0.0,0.05,0.0,0.0,0.4851
JG_20260417_0730_송파구_가락몰농수산물시장_JG_0085,7,풍납시장,송파구,market,0.4315,0.0,0.0,0.05,0.0,0.0,0.4815
JG_20260417_0730_송파구_가락몰농수산물시장_JG_0085,8,새마을시장,송파구,market,0.4291,0.0,0.0,0.05,0.0,0.0,0.4791
JG_20260417_0730_송파구_가락몰농수산물시장_JG_0085,9,마천중앙시장,송파구,market,0.4285,0.0,0.0,0.05,0.0,0.0,0.4785
JG_20260417_0730_송파구_가락몰농수산물시장_JG_0085,10,석촌시장,송파구,market,0.426,0.0,0.0,0.05,0.0,0.0,0.476
JG_20260417_1530_강동구_명일동싱크홀현장_JG_0089,1,서울역,중구,subway,0.9642,0.0,0.0,0.0,0.0,0.0,0.9642
JG_20260417_1530_강동구_명일동싱크홀현장_JG_0089,2,잠실(송파구청),송파구,subway,0.9611,0.0,0.0,0.0,0.0,0.0,0.9611
JG_20260417_1530_강동구_명일동싱크홀현장_JG_0089,3,강남,강남구,subway,0.9318,0.0,0.0,0.0,0.0,0.0,0.9318
JG_20260417_1530_강동구_명일동싱크홀현장_JG_0089,4,홍대입구,마포구,subway,0.8656,0.0,0.0,0.0,0.0,0.0,0.8656
JG_20260417_1530_강동구_명일동싱크홀현장_JG_0089,5,고속터미널,서초구,subway,0.8161,0.0,0.0,0.0,0.0,0.0,0.8161
JG_20260417_1530_강동구_명일동싱크홀현장_JG_0089,6,명일동 싱크홀 현장,강동구,market,0.696,0.0,0.0,0.12,0.0,0.0,0.816
JG_20260417_1530_강동구_명일동싱크홀현장_JG_0089,7,삼성(무역센터),강남구,subway,0.7312,0.0,0.0,0.0,0.0,0.0,0.7312
JG_20260417_1530_강동구_명일동싱크홀현장_JG_0089,8,성수,성동구,subway,0.7287,0.0,0.0,0.0,0.0,0.0,0.7287
JG_20260417_1530_강동구_명일동싱크홀현장_JG_0089,9,선릉,강남구,subway,0.7238,0.0,0.0,0.0,0.0,0.0,0.7238
JG_20260417_1530_강동구_명일동싱크홀현장_JG_0089,10,용산,용산구,subway,0.7194,0.0,0.0,0.0,0.0,0.0,0.7194
JG_20260417_1600_강동구_고덕비즈밸리_JG_0090,1,서울역,중구,subway,0.9642,0.0,0.0,0.12,0.0,0.0,1.0842
JG_20260417_1600_강동구_고덕비즈밸리_JG_0090,2,잠실(송파구청),송파구,subway,0.9611,0.0,0.0,0.12,0.0,0.0,1.0811
JG_20260417_1600_강동구_고덕비즈밸리_JG_0090,3,강남,강남구,subway,0.9318,0.0,0.0,0.12,0.0,0.0,1.0518
JG_20260417_1600_강동구_고덕비즈밸리_JG_0090,4,홍대입구,마포구,subway,0.8656,0.0,0.0,0.12,0.0,0.0,0.9856
JG_20260417_1600_강동구_고덕비즈밸리_JG_0090,5,고속터미널,서초구,subway,0.8161,0.0,0.0,0.12,0.0,0.0,0.9361
JG_20260417_1600_강동구_고덕비즈밸리_JG_0090,6,삼성(무역센터),강남구,subway,0.7312,0.0,0.0,0.12,0.0,0.0,0.8512
JG_20260417_1600_강동구_고덕비즈밸리_JG_0090,7,성수,성동구,subway,0.7287,0.0,0.0,0.12,0.0,0.0,0.8487
JG_20260417_1600_강동구_고덕비즈밸리_JG_0090,8,선릉,강남구,subway,0.7238,0.0,0.0,0.12,0.0,0.0,0.8438
JG_20260417_1600_강동구_고덕비즈밸리_JG_0090,9,용산,용산구,subway,0.7194,0.0,0.0,0.12,0.0,0.0,0.8394
JG_20260417_1600_강동구_고덕비즈밸리_JG_0090,10,구로디지털단지,구로구,subway,0.6961,0.0,0.0,0.12,0.0,0.0,0.8161
JG_20260417_1635_강동구_고덕비즈밸리역공사현장_JG_0091,1,서울역,중구,subway,0.9642,0.0,0.0,0.12,0.0,0.0,1.0842
JG_20260417_1635_강동구_고덕비즈밸리역공사현장_JG_0091,2,잠실(송파구청),송파구,subway,0.9611,0.0,0.0,0.12,0.0,0.0,1.0811
JG_20260417_1635_강동구_고덕비즈밸리역공사현장_JG_0091,3,강남,강남구,subway,0.9318,0.0,0.0,0.12,0.0,0.0,1.0518
JG_20260417_1635_강동구_고덕비즈밸리역공사현장_JG_0091,4,홍대입구,마포구,subway,0.8656,0.0,0.0,0.12,0.0,0.0,0.9856
JG_20260417_1635_강동구_고덕비즈밸리역공사현장_JG_0091,5,고속터미널,서초구,subway,0.8161,0.0,0.0,0.12,0.0,0.0,0.9361
JG_20260417_1635_강동구_고덕비즈밸리역공사현장_JG_0091,6,삼성(무역센터),강남구,subway,0.7312,0.0,0.0,0.12,0.0,0.0,0.8512
JG_20260417_1635_강동구_고덕비즈밸리역공사현장_JG_0091,7,성수,성동구,subway,0.7287,0.0,0.0,0.12,0.0,0.0,0.8487
JG_20260417_1635_강동구_고덕비즈밸리역공사현장_JG_0091,8,선릉,강남구,subway,0.7238,0.0,0.0,0.12,0.0,0.0,0.8438
JG_20260417_1635_강동구_고덕비즈밸리역공사현장_JG_0091,9,용산,용산구,subway,0.7194,0.0,0.0,0.12,0.0,0.0,0.8394
JG_20260417_1635_강동구_고덕비즈밸리역공사현장_JG_0091,10,구로디지털단지,구로구,subway,0.6961,0.0,0.0,0.12,0.0,0.0,0.8161
JG_20260419_1440_노원구_불암산철쭉동산_JG_0092,1,서울역,중구,subway,0.9642,0.0,0.0,0.0,0.0,0.0,0.9642
JG_20260419_1440_노원구_불암산철쭉동산_JG_0092,2,잠실(송파구청),송파구,subway,0.9611,0.0,0.0,0.0,0.0,0.0,0.9611
JG_20260419_1440_노원구_불암산철쭉동산_JG_0092,3,강남,강남구,subway,0.9318,0.0,0.0,0.0,0.0,0.0,0.9318
JG_20260419_1440_노원구_불암산철쭉동산_JG_0092,4,홍대입구,마포구,subway,0.8656,0.0,0.0,0.0,0.0,0.0,0.8656
JG_20260419_1440_노원구_불암산철쭉동산_JG_0092,5,고속터미널,서초구,subway,0.8161,0.0,0.0,0.0,0.0,0.0,0.8161
JG_20260419_1440_노원구_불암산철쭉동산_JG_0092,6,삼성(무역센터),강남구,subway,0.7312,0.0,0.0,0.0,0.0,0.0,0.7312
JG_20260419_1440_노원구_불암산철쭉동산_JG_0092,7,성수,성동구,subway,0.7287,0.0,0.0,0.0,0.0,0.0,0.7287
JG_20260419_1440_노원구_불암산철쭉동산_JG_0092,8,선릉,강남구,subway,0.7238,0.0,0.0,0.0,0.0,0.0,0.7238
JG_20260419_1440_노원구_불암산철쭉동산_JG_0092,9,용산,용산구,subway,0.7194,0.0,0.0,0.0,0.0,0.0,0.7194
JG_20260419_1440_노원구_불암산철쭉동산_JG_0092,10,경춘선 숲길,노원구,park,0.442,0.0,0.0,0.12,0.0,0.0,0.562
JG_20260422_1800_은평구_불광천_JG_0100,1,서울역,중구,subway,0.9642,0.0,0.0,0.12,0.0,0.0,1.0842
JG_20260422_1800_은평구_불광천_JG_0100,2,잠실(송파구청),송파구,subway,0.9611,0.0,0.0,0.12,0.0,0.0,1.0811
JG_20260422_1800_은평구_불광천_JG_0100,3,강남,강남구,subway,0.9318,0.0,0.0,0.12,0.0,0.0,1.0518
JG_20260422_1800_은평구_불광천_JG_0100,4,홍대입구,마포구,subway,0.8656,0.0,0.0,0.12,0.0,0.0,0.9856
JG_20260422_1800_은평구_불광천_JG_0100,5,고속터미널,서초구,subway,0.8161,0.0,0.0,0.12,0.0,0.0,0.9361
JG_20260422_1800_은평구_불광천_JG_0100,6,삼성(무역센터),강남구,subway,0.7312,0.0,0.0,0.12,0.0,0.0,0.8512
JG_20260422_1800_은평구_불광천_JG_0100,7,성수,성동구,subway,0.7287,0.0,0.0,0.12,0.0,0.0,0.8487
JG_20260422_1800_은평구_불광천_JG_0100,8,선릉,강남구,subway,0.7238,0.0,0.0,0.12,0.0,0.0,0.8438
JG_20260422_1800_은평구_불광천_JG_0100,9,용산,용산구,subway,0.7194,0.0,0.0,0.12,0.0,0.0,0.8394
JG_20260422_1800_은평구_불광천_JG_0100,10,연신내,은평구,subway,0.5711,0.0,0.0,0.12,0.0,0.0,0.6911
JG_20260424_1445_성동구_아지오성수점_JG_0104,1,남대문시장,중구,market,0.7056,0.0,0.0,0.12,0.0,0.0,0.8256
JG_20260424_1445_성동구_아지오성수점_JG_0104,2,동대문종합시장,종로구,market,0.6301,0.0,0.0,0.12,0.0,0.0,0.7501
JG_20260424_1445_성동구_아지오성수점_JG_0104,3,장안 마실 골목형상점가,동대문구,market,0.6299,0.0,0.0,0.12,0.0,0.0,0.7499
JG_20260424_1445_성동구_아지오성수점_JG_0104,4,천호로데오거리상점가,강동구,market,0.5914,0.0,0.0,0.12,0.0,0.0,0.7114
JG_20260424_1445_성동구_아지오성수점_JG_0104,5,마장축산물시장,성동구,market,0.5116,0.0,0.0,0.12,0.0,0.0,0.6316
JG_20260424_1445_성동구_아지오성수점_JG_0104,6,성동용답상가시장,성동구,market,0.4816,0.0,0.0,0.12,0.0,0.0,0.6016
JG_20260424_1445_성동구_아지오성수점_JG_0104,7,송정벚꽃골목형상점가,성동구,market,0.4775,0.0,0.0,0.12,0.0,0.0,0.5975
JG_20260424_1445_성동구_아지오성수점_JG_0104,8,사근살곶이골목형상점가시장,성동구,market,0.474,0.0,0.0,0.12,0.0,0.0,0.594
JG_20260424_1445_성동구_아지오성수점_JG_0104,9,금남시장,성동구,market,0.4707,0.0,0.0,0.12,0.0,0.0,0.5907
JG_20260424_1445_성동구_아지오성수점_JG_0104,10,뚝도시장,성동구,market,0.4683,0.0,0.0,0.12,0.0,0.0,0.5883
JG_20260424_1650_성동구_금남시장_JG_0105,1,남대문시장,중구,market,0.7056,0.0,0.0,0.12,0.0,0.0,0.8256
JG_20260424_1650_성동구_금남시장_JG_0105,2,동대문종합시장,종로구,market,0.6301,0.0,0.0,0.12,0.0,0.0,0.7501
JG_20260424_1650_성동구_금남시장_JG_0105,3,장안 마실 골목형상점가,동대문구,market,0.6299,0.0,0.0,0.12,0.0,0.0,0.7499
JG_20260424_1650_성동구_금남시장_JG_0105,4,천호로데오거리상점가,강동구,market,0.5914,0.0,0.0,0.12,0.0,0.0,0.7114
JG_20260424_1650_성동구_금남시장_JG_0105,5,마장축산물시장,성동구,market,0.5116,0.0,0.0,0.12,0.0,0.0,0.6316
JG_20260424_1650_성동구_금남시장_JG_0105,6,성동용답상가시장,성동구,market,0.4816,0.0,0.0,0.12,0.0,0.0,0.6016
JG_20260424_1650_성동구_금남시장_JG_0105,7,송정벚꽃골목형상점가,성동구,market,0.4775,0.0,0.0,0.12,0.0,0.0,0.5975
JG_20260424_1650_성동구_금남시장_JG_0105,8,사근살곶이골목형상점가시장,성동구,market,0.474,0.0,0.0,0.12,0.0,0.0,0.594
JG_20260424_1650_성동구_금남시장_JG_0105,9,금남시장,성동구,market,0.4707,0.0,0.0,0.12,0.0,0.0,0.5907
JG_20260424_1650_성동구_금남시장_JG_0105,10,뚝도시장,성동구,market,0.4683,0.0,0.0,0.12,0.0,0.0,0.5883
JG_20260425_0900_서초구_잠수대교남단_JG_0106,1,신림,관악구,subway,0.9468,0.0,0.0,0.14,0.0,0.0,1.0868
JG_20260425_0900_서초구_잠수대교남단_JG_0106,2,잠실(송파구청),송파구,subway,0.8013,0.0,0.0,0.14,0.0,0.0,0.9413
JG_20260425_0900_서초구_잠수대교남단_JG_0106,3,서울역,중구,subway,0.7902,0.0,0.0,0.14,0.0,0.0,0.9302
JG_20260425_0900_서초구_잠수대교남단_JG_0106,4,구로디지털단지,구로구,subway,0.776,0.0,0.0,0.14,0.0,0.0,0.916
JG_20260425_0900_서초구_잠수대교남단_JG_0106,5,서울대입구(관악구청),관악구,subway,0.7382,0.0,0.0,0.14,0.0,0.0,0.8782
JG_20260425_0900_서초구_잠수대교남단_JG_0106,6,신도림,구로구,subway,0.7139,0.0,0.0,0.14,0.0,0.0,0.8539
JG_20260425_0900_서초구_잠수대교남단_JG_0106,7,연신내,은평구,subway,0.667,0.0,0.0,0.14,0.0,0.0,0.807
JG_20260425_0900_서초구_잠수대교남단_JG_0106,8,까치산,강서구,subway,0.6301,0.0,0.0,0.14,0.0,0.0,0.7701
JG_20260425_0900_서초구_잠수대교남단_JG_0106,9,고속터미널,서초구,subway,0.4976,0.0,0.0,0.14,0.0,0.0,0.6376
JG_20260425_0900_서초구_잠수대교남단_JG_0106,10,양재(서초구청),서초구,subway,0.4286,0.0,0.0,0.14,0.0,0.0,0.5686
JG_20260425_1140_중구_남대문시장_JG_0107,1,남대문시장,중구,market,0.6592,0.0,0.0,0.1,0.0,0.0,0.7592
JG_20260425_1140_중구_남대문시장_JG_0107,2,평화시장,중구,market,0.5064,0.0,0.0,0.1,0.0,0.0,0.6064
JG_20260425_1140_중구_남대문시장_JG_0107,3,삼익패션타운,중구,market,0.4758,0.0,0.0,0.1,0.0,0.0,0.5758
JG_20260425_1140_중구_남대문시장_JG_0107,4,동평화시장,중구,market,0.4662,0.0,0.0,0.1,0.0,0.0,0.5662
JG_20260425_1140_중구_남대문시장_JG_0107,5,청평화시장,중구,market,0.4559,0.0,0.0,0.1,0.0,0.0,0.5559
JG_20260425_1140_중구_남대문시장_JG_0107,6,방산시장,중구,market,0.4531,0.0,0.0,0.1,0.0,0.0,0.5531
JG_20260425_1140_중구_남대문시장_JG_0107,7,신평화패션타운,중구,market,0.4529,0.0,0.0,0.1,0.0,0.0,0.5529
JG_20260425_1140_중구_남대문시장_JG_0107,8,광희패션몰,중구,market,0.4509,0.0,0.0,0.1,0.0,0.0,0.5509
JG_20260425_1140_중구_남대문시장_JG_0107,9,통일상가,중구,market,0.4472,0.0,0.0,0.1,0.0,0.0,0.5472
JG_20260425_1140_중구_남대문시장_JG_0107,10,중부시장,중구,market,0.4423,0.0,0.0,0.1,0.0,0.0,0.5423
JG_20260426_1155_영등포구_광야홈리스복지센터_JG_0109,1,성수1가2동노인복지관 대현분소,성동구,senior_friendly,0.9585,0.0,0.0,0.1,0.0,0.0,1.0585
JG_20260426_1155_영등포구_광야홈리스복지센터_JG_0109,2,강남구립 도곡1노인복지관,강남구,senior_friendly,0.9536,0.0,0.0,0.1,0.0,0.0,1.0536
JG_20260426_1155_영등포구_광야홈리스복지센터_JG_0109,3,강동구립 해공노인복지관,강동구,senior_friendly,0.952,0.0,0.0,0.1,0.0,0.0,1.052
JG_20260426_1155_영등포구_광야홈리스복지센터_JG_0109,4,구립 자양노인복지관,광진구,senior_friendly,0.9487,0.0,0.0,0.1,0.0,0.0,1.0487
JG_20260426_1155_영등포구_광야홈리스복지센터_JG_0109,5,구립갈현노인복지관,은평구,senior_friendly,0.947,0.0,0.0,0.1,0.0,0.0,1.047
JG_20260426_1155_영등포구_광야홈리스복지센터_JG_0109,6,용강 노인복지관,마포구,senior_friendly,0.9454,0.0,0.0,0.1,0.0,0.0,1.0454
JG_20260426_1155_영등포구_광야홈리스복지센터_JG_0109,7,북가좌노인복지관,서대문구,senior_friendly,0.9454,0.0,0.0,0.1,0.0,0.0,1.0454
JG_20260426_1155_영등포구_광야홈리스복지센터_JG_0109,8,청파노인복지관,용산구,senior_friendly,0.9438,0.0,0.0,0.1,0.0,0.0,1.0438
JG_20260426_1155_영등포구_광야홈리스복지센터_JG_0109,9,약수노인복지관,중구,senior_friendly,0.9438,0.0,0.0,0.1,0.0,0.0,1.0438
JG_20260426_1155_영등포구_광야홈리스복지센터_JG_0109,10,구립영등포노인종합복지관,영등포구,senior_friendly,0.9248,0.0,0.0,0.1,0.0,0.0,1.0248
JG_20260427_1020_서초구_광수약국_JG_0110,1,신림,관악구,subway,0.9468,0.0,0.0,0.0,0.0,0.0,0.9468
JG_20260427_1020_서초구_광수약국_JG_0110,2,잠실(송파구청),송파구,subway,0.8013,0.0,0.0,0.0,0.0,0.0,0.8013
JG_20260427_1020_서초구_광수약국_JG_0110,3,서울역,중구,subway,0.7902,0.0,0.0,0.0,0.0,0.0,0.7902
JG_20260427_1020_서초구_광수약국_JG_0110,4,구로디지털단지,구로구,subway,0.776,0.0,0.0,0.0,0.0,0.0,0.776
JG_20260427_1020_서초구_광수약국_JG_0110,5,서울대입구(관악구청),관악구,subway,0.7382,0.0,0.0,0.0,0.0,0.0,0.7382
JG_20260427_1020_서초구_광수약국_JG_0110,6,신도림,구로구,subway,0.7139,0.0,0.0,0.0,0.0,0.0,0.7139
JG_20260427_1020_서초구_광수약국_JG_0110,7,연신내,은평구,subway,0.667,0.0,0.0,0.0,0.0,0.0,0.667
JG_20260427_1020_서초구_광수약국_JG_0110,8,까치산,강서구,subway,0.6301,0.0,0.0,0.0,0.0,0.0,0.6301
JG_20260427_1020_서초구_광수약국_JG_0110,9,광수약국,서초구,market,0.4285,0.0,0.0,0.1,0.0,0.0,0.5285
JG_20260427_1020_서초구_광수약국_JG_0110,10,고속터미널,서초구,subway,0.4976,0.0,0.0,0.0,0.0,0.0,0.4976
JG_20260427_1100_서초구_서울고속버스터미널지하상가_JG_0111,1,남대문시장,중구,market,0.6592,0.0,0.0,0.1,0.0,0.0,0.7592
JG_20260427_1100_서초구_서울고속버스터미널지하상가_JG_0111,2,동대문종합시장,종로구,market,0.5837,0.0,0.0,0.1,0.0,0.0,0.6837
JG_20260427_1100_서초구_서울고속버스터미널지하상가_JG_0111,3,장안 마실 골목형상점가,동대문구,market,0.5827,0.0,0.0,0.1,0.0,0.0,0.6827
JG_20260427_1100_서초구_서울고속버스터미널지하상가_JG_0111,4,천호로데오거리상점가,강동구,market,0.5458,0.0,0.0,0.1,0.0,0.0,0.6458
JG_20260427_1100_서초구_서울고속버스터미널지하상가_JG_0111,5,광장전통시장,종로구,market,0.5242,0.0,0.0,0.1,0.0,0.0,0.6242
JG_20260427_1100_서초구_서울고속버스터미널지하상가_JG_0111,6,가락몰 골목형상점가,송파구,market,0.514,0.0,0.0,0.1,0.0,0.0,0.614
JG_20260427_1100_서초구_서울고속버스터미널지하상가_JG_0111,7,평화시장,중구,market,0.5064,0.0,0.0,0.1,0.0,0.0,0.6064
JG_20260427_1100_서초구_서울고속버스터미널지하상가_JG_0111,8,서울약령시장,동대문구,market,0.5054,0.0,0.0,0.1,0.0,0.0,0.6054
JG_20260427_1100_서초구_서울고속버스터미널지하상가_JG_0111,9,영등포유통상가,영등포구,market,0.4917,0.0,0.0,0.1,0.0,0.0,0.5917
JG_20260427_1100_서초구_서울고속버스터미널지하상가_JG_0111,10,광장시장,종로구,market,0.479,0.0,0.0,0.1,0.0,0.0,0.579
JG_20260429_1050_성북구_장위14주택재개발구역_JG_0119,1,신림,관악구,subway,0.9468,0.0,0.0,0.0,0.0,0.0,0.9468
JG_20260429_1050_성북구_장위14주택재개발구역_JG_0119,2,잠실(송파구청),송파구,subway,0.8013,0.0,0.0,0.0,0.0,0.0,0.8013
JG_20260429_1050_성북구_장위14주택재개발구역_JG_0119,3,서울역,중구,subway,0.7902,0.0,0.0,0.0,0.0,0.0,0.7902
JG_20260429_1050_성북구_장위14주택재개발구역_JG_0119,4,구로디지털단지,구로구,subway,0.776,0.0,0.0,0.0,0.0,0.0,0.776
JG_20260429_1050_성북구_장위14주택재개발구역_JG_0119,5,서울대입구(관악구청),관악구,subway,0.7382,0.0,0.0,0.0,0.0,0.0,0.7382
JG_20260429_1050_성북구_장위14주택재개발구역_JG_0119,6,상경청년 자취방,성북구,market,0.6229,0.0,0.0,0.1,0.0,0.0,0.7229
JG_20260429_1050_성북구_장위14주택재개발구역_JG_0119,7,신도림,구로구,subway,0.7139,0.0,0.0,0.0,0.0,0.0,0.7139
JG_20260429_1050_성북구_장위14주택재개발구역_JG_0119,8,연신내,은평구,subway,0.667,0.0,0.0,0.0,0.0,0.0,0.667
JG_20260429_1050_성북구_장위14주택재개발구역_JG_0119,9,까치산,강서구,subway,0.6301,0.0,0.0,0.0,0.0,0.0,0.6301
JG_20260429_1050_성북구_장위14주택재개발구역_JG_0119,10,화곡,강서구,subway,0.6251,0.0,0.0,0.0,0.0,0.0,0.6251
JG_20260429_1200_성북구_정릉공영차고지_JG_0121,1,서울역,중구,subway,0.9642,0.0,0.0,0.0,0.0,0.0,0.9642
JG_20260429_1200_성북구_정릉공영차고지_JG_0121,2,잠실(송파구청),송파구,subway,0.9611,0.0,0.0,0.0,0.0,0.0,0.9611
JG_20260429_1200_성북구_정릉공영차고지_JG_0121,3,강남,강남구,subway,0.9318,0.0,0.0,0.0,0.0,0.0,0.9318
JG_20260429_1200_성북구_정릉공영차고지_JG_0121,4,홍대입구,마포구,subway,0.8656,0.0,0.0,0.0,0.0,0.0,0.8656
JG_20260429_1200_성북구_정릉공영차고지_JG_0121,5,고속터미널,서초구,subway,0.8161,0.0,0.0,0.0,0.0,0.0,0.8161
JG_20260429_1200_성북구_정릉공영차고지_JG_0121,6,삼성(무역센터),강남구,subway,0.7312,0.0,0.0,0.0,0.0,0.0,0.7312
JG_20260429_1200_성북구_정릉공영차고지_JG_0121,7,성수,성동구,subway,0.7287,0.0,0.0,0.0,0.0,0.0,0.7287
JG_20260429_1200_성북구_정릉공영차고지_JG_0121,8,선릉,강남구,subway,0.7238,0.0,0.0,0.0,0.0,0.0,0.7238
JG_20260429_1200_성북구_정릉공영차고지_JG_0121,9,용산,용산구,subway,0.7194,0.0,0.0,0.0,0.0,0.0,0.7194
JG_20260429_1200_성북구_정릉공영차고지_JG_0121,10,구로디지털단지,구로구,subway,0.6961,0.0,0.0,0.0,0.0,0.0,0.6961
JG_20260430_0500_양천구_신정차량사업소_JG_0123,1,신림,관악구,subway,0.9468,0.0,0.0,0.0,0.0,0.0,0.9468
JG_20260430_0500_양천구_신정차량사업소_JG_0123,2,잠실(송파구청),송파구,subway,0.8013,0.0,0.0,0.0,0.0,0.0,0.8013
JG_20260430_0500_양천구_신정차량사업소_JG_0123,3,서울역,중구,subway,0.7902,0.0,0.0,0.0,0.0,0.0,0.7902
JG_20260430_0500_양천구_신정차량사업소_JG_0123,4,구로디지털단지,구로구,subway,0.776,0.0,0.0,0.0,0.0,0.0,0.776
JG_20260430_0500_양천구_신정차량사업소_JG_0123,5,서울대입구(관악구청),관악구,subway,0.7382,0.0,0.0,0.0,0.0,0.0,0.7382
JG_20260430_0500_양천구_신정차량사업소_JG_0123,6,신도림,구로구,subway,0.7139,0.0,0.0,0.0,0.0,0.0,0.7139
JG_20260430_0500_양천구_신정차량사업소_JG_0123,7,연신내,은평구,subway,0.667,0.0,0.0,0.0,0.0,0.0,0.667
JG_20260430_0500_양천구_신정차량사업소_JG_0123,8,까치산,강서구,subway,0.6301,0.0,0.0,0.0,0.0,0.0,0.6301
JG_20260430_0500_양천구_신정차량사업소_JG_0123,9,화곡,강서구,subway,0.6251,0.0,0.0,0.0,0.0,0.0,0.6251
JG_20260430_0500_양천구_신정차량사업소_JG_0123,10,쌍문,도봉구,subway,0.623,0.0,0.0,0.0,0.0,0.0,0.623
JG_20260430_0540_양천구_양천공영차고지_JG_0124,1,양천어르신종합복지관,양천구,senior_friendly,0.746,0.0,0.0,0.0,0.0,0.0,0.746
JG_20260430_0540_양천구_양천공영차고지_JG_0124,2,계남근린공원,양천구,park,0.6437,0.0,0.0,0.0,0.0,0.0,0.6437
JG_20260430_0540_양천구_양천공영차고지_JG_0124,3,서서울호수공원,양천구,park,0.6335,0.0,0.0,0.0,0.0,0.0,0.6335
JG_20260430_0540_양천구_양천공영차고지_JG_0124,4,갈산근린공원,양천구,park,0.6227,0.0,0.0,0.0,0.0,0.0,0.6227
JG_20260430_0540_양천구_양천공영차고지_JG_0124,5,용왕산근린공원,양천구,park,0.612,0.0,0.0,0.0,0.0,0.0,0.612
JG_20260430_0540_양천구_양천공영차고지_JG_0124,6,파리근린공원,양천구,park,0.6047,0.0,0.0,0.0,0.0,0.0,0.6047
JG_20260430_0540_양천구_양천공영차고지_JG_0124,7,신영시장,양천구,market,0.4237,0.0,0.0,0.0,0.0,0.0,0.4237
JG_20260430_0540_양천구_양천공영차고지_JG_0124,8,목동깨비시장,양천구,market,0.423,0.0,0.0,0.0,0.0,0.0,0.423
JG_20260430_0540_양천구_양천공영차고지_JG_0124,9,목2동시장,양천구,market,0.4223,0.0,0.0,0.0,0.0,0.0,0.4223
JG_20260430_0540_양천구_양천공영차고지_JG_0124,10,목사랑시장,양천구,market,0.4216,0.0,0.0,0.0,0.0,0.0,0.4216
JG_20260430_1500_금천구_금천현대시장_JG_0130,1,남대문시장,중구,market,0.7056,0.0,0.0,0.12,0.0,0.0,0.8256
JG_20260430_1500_금천구_금천현대시장_JG_0130,2,동대문종합시장,종로구,market,0.6301,0.0,0.0,0.12,0.0,0.0,0.7501
JG_20260430_1500_금천구_금천현대시장_JG_0130,3,장안 마실 골목형상점가,동대문구,market,0.6299,0.0,0.0,0.12,0.0,0.0,0.7499
JG_20260430_1500_금천구_금천현대시장_JG_0130,4,천호로데오거리상점가,강동구,market,0.5914,0.0,0.0,0.12,0.0,0.0,0.7114
JG_20260430_1500_금천구_금천현대시장_JG_0130,5,광장전통시장,종로구,market,0.5714,0.0,0.0,0.12,0.0,0.0,0.6914
JG_20260430_1500_금천구_금천현대시장_JG_0130,6,대명여울빛거리시장,금천구,market,0.4824,0.0,0.0,0.12,0.0,0.0,0.6024
JG_20260430_1500_금천구_금천현대시장_JG_0130,7,비단길현대시장,금천구,market,0.4807,0.0,0.0,0.12,0.0,0.0,0.6007
JG_20260430_1500_금천구_금천현대시장_JG_0130,8,법원단지길 상점가,금천구,market,0.4739,0.0,0.0,0.12,0.0,0.0,0.5939
JG_20260430_1500_금천구_금천현대시장_JG_0130,9,별빛남문시장,금천구,market,0.4734,0.0,0.0,0.12,0.0,0.0,0.5934
JG_20260430_1500_금천구_금천현대시장_JG_0130,10,정훈한마음골목시장,금천구,market,0.4713,0.0,0.0,0.12,0.0,0.0,0.5913
JG_20260501_1400_마포구_여의도공원10번출구_JG_0132,1,홍대입구,마포구,subway,0.8656,0.0,0.0,0.0,0.0,0.0,0.8656
JG_20260501_1400_마포구_여의도공원10번출구_JG_0132,2,월드컵공원,마포구,park,0.7425,0.0,0.0,0.12,0.0,0.0,0.8625
JG_20260501_1400_마포구_여의도공원10번출구_JG_0132,3,용강 노인복지관,마포구,senior_friendly,0.7839,0.0,0.0,0.06,0.0,0.0,0.8439
JG_20260501_1400_마포구_여의도공원10번출구_JG_0132,4,문화비축기지,마포구,park,0.634,0.0,0.0,0.12,0.0,0.0,0.754
JG_20260501_1400_마포구_여의도공원10번출구_JG_0132,5,와우근린공원,마포구,park,0.6305,0.0,0.0,0.12,0.0,0.0,0.7505
JG_20260501_1400_마포구_여의도공원10번출구_JG_0132,6,상암근린공원,마포구,park,0.6243,0.0,0.0,0.12,0.0,0.0,0.7443
JG_20260501_1400_마포구_여의도공원10번출구_JG_0132,7,외국인묘지공원,마포구,park,0.5815,0.0,0.0,0.12,0.0,0.0,0.7015
JG_20260501_1400_마포구_여의도공원10번출구_JG_0132,8,아현시장,마포구,market,0.4776,0.0,0.0,0.12,0.0,0.0,0.5976
JG_20260501_1400_마포구_여의도공원10번출구_JG_0132,9,연남동골목형상점가,마포구,market,0.4764,0.0,0.0,0.12,0.0,0.0,0.5964
JG_20260501_1400_마포구_여의도공원10번출구_JG_0132,10,새마을시장,송파구,market,0.4763,0.0,0.0,0.12,0.0,0.0,0.5963
JG_20260502_0700_마포구_마포구월드컵로251_JG_0133,1,봉은공원,강남구,park,0.7275,0.0,0.0,0.0,0.0,0.0,0.7275
JG_20260502_0700_마포구_마포구월드컵로251_JG_0133,2,월드컵공원,마포구,park,0.7248,0.0,0.0,0.0,0.0,0.0,0.7248
JG_20260502_0700_마포구_마포구월드컵로251_JG_0133,3,중랑캠핑숲,중랑구,park,0.7213,0.0,0.0,0.0,0.0,0.0,0.7213
JG_20260502_0700_마포구_마포구월드컵로251_JG_0133,4,백련근린공원,서대문구,park,0.7077,0.0,0.0,0.0,0.0,0.0,0.7077
JG_20260502_0700_마포구_마포구월드컵로251_JG_0133,5,남산공원,중구,park,0.6998,0.0,0.0,0.0,0.0,0.0,0.6998
JG_20260502_0700_마포구_마포구월드컵로251_JG_0133,6,안산도시자연공원,서대문구,park,0.6971,0.0,0.0,0.0,0.0,0.0,0.6971
JG_20260502_0700_마포구_마포구월드컵로251_JG_0133,7,문화비축기지,마포구,park,0.6163,0.0,0.0,0.0,0.0,0.0,0.6163
JG_20260502_0700_마포구_마포구월드컵로251_JG_0133,8,와우근린공원,마포구,park,0.6129,0.0,0.0,0.0,0.0,0.0,0.6129
JG_20260502_0700_마포구_마포구월드컵로251_JG_0133,9,상암근린공원,마포구,park,0.6077,0.0,0.0,0.0,0.0,0.0,0.6077
JG_20260502_0700_마포구_마포구월드컵로251_JG_0133,10,외국인묘지공원,마포구,park,0.565,0.0,0.0,0.0,0.0,0.0,0.565
JG_20260502_1000_동대문구_밥퍼나눔운동본부_JG_0134,1,성수1가2동노인복지관 대현분소,성동구,senior_friendly,0.9585,0.0,0.0,0.1,0.0,0.0,1.0585
JG_20260502_1000_동대문구_밥퍼나눔운동본부_JG_0134,2,강남구립 도곡1노인복지관,강남구,senior_friendly,0.9536,0.0,0.0,0.1,0.0,0.0,1.0536
JG_20260502_1000_동대문구_밥퍼나눔운동본부_JG_0134,3,강동구립 해공노인복지관,강동구,senior_friendly,0.952,0.0,0.0,0.1,0.0,0.0,1.052
JG_20260502_1000_동대문구_밥퍼나눔운동본부_JG_0134,4,구립 자양노인복지관,광진구,senior_friendly,0.9487,0.0,0.0,0.1,0.0,0.0,1.0487
JG_20260502_1000_동대문구_밥퍼나눔운동본부_JG_0134,5,구립갈현노인복지관,은평구,senior_friendly,0.947,0.0,0.0,0.1,0.0,0.0,1.047
JG_20260502_1000_동대문구_밥퍼나눔운동본부_JG_0134,6,용강 노인복지관,마포구,senior_friendly,0.9454,0.0,0.0,0.1,0.0,0.0,1.0454
JG_20260502_1000_동대문구_밥퍼나눔운동본부_JG_0134,7,북가좌노인복지관,서대문구,senior_friendly,0.9454,0.0,0.0,0.1,0.0,0.0,1.0454
JG_20260502_1000_동대문구_밥퍼나눔운동본부_JG_0134,8,청파노인복지관,용산구,senior_friendly,0.9438,0.0,0.0,0.1,0.0,0.0,1.0438
JG_20260502_1000_동대문구_밥퍼나눔운동본부_JG_0134,9,약수노인복지관,중구,senior_friendly,0.9438,0.0,0.0,0.1,0.0,0.0,1.0438
JG_20260502_1000_동대문구_밥퍼나눔운동본부_JG_0134,10,서울시립동대문노인종합복지관,동대문구,senior_friendly,0.928,0.0,0.0,0.1,0.0,0.0,1.028
JG_20260503_0830_용산구_효창운동장_JG_0136,1,신림,관악구,subway,0.9468,0.0,0.0,0.14,0.0,0.0,1.0868
JG_20260503_0830_용산구_효창운동장_JG_0136,2,잠실(송파구청),송파구,subway,0.8013,0.0,0.0,0.14,0.0,0.0,0.9413
JG_20260503_0830_용산구_효창운동장_JG_0136,3,서울역,중구,subway,0.7902,0.0,0.0,0.14,0.0,0.0,0.9302
JG_20260503_0830_용산구_효창운동장_JG_0136,4,구로디지털단지,구로구,subway,0.776,0.0,0.0,0.14,0.0,0.0,0.916
JG_20260503_0830_용산구_효창운동장_JG_0136,5,서울대입구(관악구청),관악구,subway,0.7382,0.0,0.0,0.14,0.0,0.0,0.8782
JG_20260503_0830_용산구_효창운동장_JG_0136,6,신도림,구로구,subway,0.7139,0.0,0.0,0.14,0.0,0.0,0.8539
JG_20260503_0830_용산구_효창운동장_JG_0136,7,연신내,은평구,subway,0.667,0.0,0.0,0.14,0.0,0.0,0.807
JG_20260503_0830_용산구_효창운동장_JG_0136,8,까치산,강서구,subway,0.6301,0.0,0.0,0.14,0.0,0.0,0.7701
JG_20260503_0830_용산구_효창운동장_JG_0136,9,화곡,강서구,subway,0.6251,0.0,0.0,0.14,0.0,0.0,0.7651
JG_20260503_0830_용산구_효창운동장_JG_0136,10,용산,용산구,subway,0.4554,0.0,0.0,0.14,0.0,0.0,0.5954
JG_20260504_1430_영등포구_한국거래소_JG_0142,1,여의도근린공원,영등포구,park,0.7046,0.0,0.0,0.12,0.0,0.0,0.8246
JG_20260504_1430_영등포구_한국거래소_JG_0142,2,구립영등포노인종합복지관,영등포구,senior_friendly,0.7632,0.0,0.0,0.06,0.0,0.0,0.8232
JG_20260504_1430_영등포구_한국거래소_JG_0142,3,선유도근린공원,영등포구,park,0.6121,0.0,0.0,0.12,0.0,0.0,0.7321
JG_20260504_1430_영등포구_한국거래소_JG_0142,4,영등포근린공원,영등포구,park,0.6119,0.0,0.0,0.12,0.0,0.0,0.7319
JG_20260504_1430_영등포구_한국거래소_JG_0142,5,중마루근린공원,영등포구,park,0.6067,0.0,0.0,0.12,0.0,0.0,0.7267
JG_20260504_1430_영등포구_한국거래소_JG_0142,6,자매근린공원,영등포구,park,0.5863,0.0,0.0,0.12,0.0,0.0,0.7063
JG_20260504_1430_영등포구_한국거래소_JG_0142,7,영등포유통상가,영등포구,market,0.5381,0.0,0.0,0.12,0.0,0.0,0.6581
JG_20260504_1430_영등포구_한국거래소_JG_0142,8,영등포,영등포구,subway,0.6567,0.0,0.0,0.0,0.0,0.0,0.6567
JG_20260504_1430_영등포구_한국거래소_JG_0142,9,영등포시장기계공구상가,영등포구,market,0.4939,0.0,0.0,0.12,0.0,0.0,0.6139
JG_20260504_1430_영등포구_한국거래소_JG_0142,10,서울 청년취업사관학교,영등포구,market,0.4938,0.0,0.0,0.12,0.0,0.0,0.6138
JG_20260505_1100_광진구_서울어린이대공원_JG_0143,1,봉은공원,강남구,park,0.7275,0.0,0.0,0.06,0.0,0.0,0.7875
JG_20260505_1100_광진구_서울어린이대공원_JG_0143,2,월드컵공원,마포구,park,0.7248,0.0,0.0,0.06,0.0,0.0,0.7848
JG_20260505_1100_광진구_서울어린이대공원_JG_0143,3,중랑캠핑숲,중랑구,park,0.7213,0.0,0.0,0.06,0.0,0.0,0.7813
JG_20260505_1100_광진구_서울어린이대공원_JG_0143,4,백련근린공원,서대문구,park,0.7077,0.0,0.0,0.06,0.0,0.0,0.7677
JG_20260505_1100_광진구_서울어린이대공원_JG_0143,5,남산공원,중구,park,0.6998,0.0,0.0,0.06,0.0,0.0,0.7598
JG_20260505_1100_광진구_서울어린이대공원_JG_0143,6,안산도시자연공원,서대문구,park,0.6971,0.0,0.0,0.06,0.0,0.0,0.7571
JG_20260505_1100_광진구_서울어린이대공원_JG_0143,7,여의도근린공원,영등포구,park,0.6858,0.0,0.0,0.06,0.0,0.0,0.7458
JG_20260505_1100_광진구_서울어린이대공원_JG_0143,8,초안산근린공원,도봉구,park,0.6845,0.0,0.0,0.06,0.0,0.0,0.7445
JG_20260505_1100_광진구_서울어린이대공원_JG_0143,9,어린이대공원,광진구,park,0.6201,0.0,0.0,0.06,0.0,0.0,0.6801
JG_20260505_1100_광진구_서울어린이대공원_JG_0143,10,아차산공원,광진구,park,0.5971,0.0,0.0,0.06,0.0,0.0,0.6571
JG_20260505_1300_송파구_잠실종합운동장_JG_0144,1,봉은공원,강남구,park,0.7451,0.0,0.0,0.12,0.0,0.0,0.8651
JG_20260505_1300_송파구_잠실종합운동장_JG_0144,2,월드컵공원,마포구,park,0.7425,0.0,0.0,0.12,0.0,0.0,0.8625
JG_20260505_1300_송파구_잠실종합운동장_JG_0144,3,중랑캠핑숲,중랑구,park,0.7412,0.0,0.0,0.12,0.0,0.0,0.8612
JG_20260505_1300_송파구_잠실종합운동장_JG_0144,4,장지근린공원,송파구,park,0.6518,0.0,0.0,0.12,0.0,0.0,0.7718
JG_20260505_1300_송파구_잠실종합운동장_JG_0144,5,아시아근린공원,송파구,park,0.6515,0.0,0.0,0.12,0.0,0.0,0.7715
JG_20260505_1300_송파구_잠실종합운동장_JG_0144,6,오금근린공원,송파구,park,0.6432,0.0,0.0,0.12,0.0,0.0,0.7632
JG_20260505_1300_송파구_잠실종합운동장_JG_0144,7,문정근린공원,송파구,park,0.6261,0.0,0.0,0.12,0.0,0.0,0.7461
JG_20260505_1300_송파구_잠실종합운동장_JG_0144,8,송파나루근린공원(석촌호수),송파구,park,0.6193,0.0,0.0,0.12,0.0,0.0,0.7393
JG_20260505_1300_송파구_잠실종합운동장_JG_0144,9,천마근린공원,송파구,park,0.6141,0.0,0.0,0.12,0.0,0.0,0.7341
JG_20260505_1300_송파구_잠실종합운동장_JG_0144,10,올림픽공원,송파구,park,0.4994,0.0,0.0,0.12,0.0,0.0,0.6194
JG_20260506_1040_중구_장충체육관_JG_0146,1,성수1가2동노인복지관 대현분소,성동구,senior_friendly,0.9585,0.0,0.0,0.1,0.0,0.0,1.0585
JG_20260506_1040_중구_장충체육관_JG_0146,2,강남구립 도곡1노인복지관,강남구,senior_friendly,0.9536,0.0,0.0,0.1,0.0,0.0,1.0536
JG_20260506_1040_중구_장충체육관_JG_0146,3,강동구립 해공노인복지관,강동구,senior_friendly,0.952,0.0,0.0,0.1,0.0,0.0,1.052
JG_20260506_1040_중구_장충체육관_JG_0146,4,구립 자양노인복지관,광진구,senior_friendly,0.9487,0.0,0.0,0.1,0.0,0.0,1.0487
JG_20260506_1040_중구_장충체육관_JG_0146,5,구립갈현노인복지관,은평구,senior_friendly,0.947,0.0,0.0,0.1,0.0,0.0,1.047
JG_20260506_1040_중구_장충체육관_JG_0146,6,용강 노인복지관,마포구,senior_friendly,0.9454,0.0,0.0,0.1,0.0,0.0,1.0454
JG_20260506_1040_중구_장충체육관_JG_0146,7,북가좌노인복지관,서대문구,senior_friendly,0.9454,0.0,0.0,0.1,0.0,0.0,1.0454
JG_20260506_1040_중구_장충체육관_JG_0146,8,청파노인복지관,용산구,senior_friendly,0.9438,0.0,0.0,0.1,0.0,0.0,1.0438
JG_20260506_1040_중구_장충체육관_JG_0146,9,약수노인복지관,중구,senior_friendly,0.9438,0.0,0.0,0.1,0.0,0.0,1.0438
JG_20260506_1040_중구_장충체육관_JG_0146,10,공릉노인복지관,노원구,senior_friendly,0.9438,0.0,0.0,0.1,0.0,0.0,1.0438
JG_20260507_1600_송파구_송파거여새마을지구공공재개발현장_JG_0154,1,서울역,중구,subway,0.9642,0.0,0.0,0.12,0.0,0.0,1.0842
JG_20260507_1600_송파구_송파거여새마을지구공공재개발현장_JG_0154,2,잠실(송파구청),송파구,subway,0.9611,0.0,0.0,0.12,0.0,0.0,1.0811
JG_20260507_1600_송파구_송파거여새마을지구공공재개발현장_JG_0154,3,강남,강남구,subway,0.9318,0.0,0.0,0.12,0.0,0.0,1.0518
JG_20260507_1600_송파구_송파거여새마을지구공공재개발현장_JG_0154,4,홍대입구,마포구,subway,0.8656,0.0,0.0,0.12,0.0,0.0,0.9856
JG_20260507_1600_송파구_송파거여새마을지구공공재개발현장_JG_0154,5,고속터미널,서초구,subway,0.8161,0.0,0.0,0.12,0.0,0.0,0.9361
JG_20260507_1600_송파구_송파거여새마을지구공공재개발현장_JG_0154,6,삼성(무역센터),강남구,subway,0.7312,0.0,0.0,0.12,0.0,0.0,0.8512
JG_20260507_1600_송파구_송파거여새마을지구공공재개발현장_JG_0154,7,성수,성동구,subway,0.7287,0.0,0.0,0.12,0.0,0.0,0.8487
JG_20260507_1600_송파구_송파거여새마을지구공공재개발현장_JG_0154,8,선릉,강남구,subway,0.7238,0.0,0.0,0.12,0.0,0.0,0.8438
JG_20260507_1600_송파구_송파거여새마을지구공공재개발현장_JG_0154,9,용산,용산구,subway,0.7194,0.0,0.0,0.12,0.0,0.0,0.8394
JG_20260507_1600_송파구_송파거여새마을지구공공재개발현장_JG_0154,10,구로디지털단지,구로구,subway,0.6961,0.0,0.0,0.12,0.0,0.0,0.8161
JG_20260507_1700_송파구_새마을전통시장_JG_0155,1,남대문시장,중구,market,0.7056,0.0,0.0,0.12,0.0,0.0,0.8256
JG_20260507_1700_송파구_새마을전통시장_JG_0155,2,동대문종합시장,종로구,market,0.6301,0.0,0.0,0.12,0.0,0.0,0.7501
JG_20260507_1700_송파구_새마을전통시장_JG_0155,3,장안 마실 골목형상점가,동대문구,market,0.6299,0.0,0.0,0.12,0.0,0.0,0.7499
JG_20260507_1700_송파구_새마을전통시장_JG_0155,4,천호로데오거리상점가,강동구,market,0.5914,0.0,0.0,0.12,0.0,0.0,0.7114
JG_20260507_1700_송파구_새마을전통시장_JG_0155,5,가락몰 골목형상점가,송파구,market,0.5612,0.0,0.0,0.12,0.0,0.0,0.6812
JG_20260507_1700_송파구_새마을전통시장_JG_0155,6,방이시장,송파구,market,0.4822,0.0,0.0,0.12,0.0,0.0,0.6022
JG_20260507_1700_송파구_새마을전통시장_JG_0155,7,풍납시장,송파구,market,0.4787,0.0,0.0,0.12,0.0,0.0,0.5987
JG_20260507_1700_송파구_새마을전통시장_JG_0155,8,새마을시장,송파구,market,0.4763,0.0,0.0,0.12,0.0,0.0,0.5963
JG_20260507_1700_송파구_새마을전통시장_JG_0155,9,마천중앙시장,송파구,market,0.4757,0.0,0.0,0.12,0.0,0.0,0.5957
JG_20260507_1700_송파구_새마을전통시장_JG_0155,10,석촌시장,송파구,market,0.4732,0.0,0.0,0.12,0.0,0.0,0.5932
JG_20260508_1500_강남구_개포우성7차아파트1015105_JG_0158,1,서울역,중구,subway,0.9642,0.0,0.0,0.0,0.0,0.0,0.9642
JG_20260508_1500_강남구_개포우성7차아파트1015105_JG_0158,2,잠실(송파구청),송파구,subway,0.9611,0.0,0.0,0.0,0.0,0.0,0.9611
JG_20260508_1500_강남구_개포우성7차아파트1015105_JG_0158,3,강남,강남구,subway,0.9318,0.0,0.0,0.0,0.0,0.0,0.9318
JG_20260508_1500_강남구_개포우성7차아파트1015105_JG_0158,4,홍대입구,마포구,subway,0.8656,0.0,0.0,0.0,0.0,0.0,0.8656
JG_20260508_1500_강남구_개포우성7차아파트1015105_JG_0158,5,고속터미널,서초구,subway,0.8161,0.0,0.0,0.0,0.0,0.0,0.8161
JG_20260508_1500_강남구_개포우성7차아파트1015105_JG_0158,6,삼성(무역센터),강남구,subway,0.7312,0.0,0.0,0.0,0.0,0.0,0.7312
JG_20260508_1500_강남구_개포우성7차아파트1015105_JG_0158,7,성수,성동구,subway,0.7287,0.0,0.0,0.0,0.0,0.0,0.7287
JG_20260508_1500_강남구_개포우성7차아파트1015105_JG_0158,8,선릉,강남구,subway,0.7238,0.0,0.0,0.0,0.0,0.0,0.7238
JG_20260508_1500_강남구_개포우성7차아파트1015105_JG_0158,9,역삼,강남구,subway,0.6459,0.0,0.0,0.0,0.0,0.0,0.6459
JG_20260508_1500_강남구_개포우성7차아파트1015105_JG_0158,10,강남구청,강남구,subway,0.364,0.0,0.0,0.0,0.0,0.0,0.364
JG_20260509_1145_영등포구_샛강생태공원_JG_0160,1,신림,관악구,subway,0.9468,0.0,0.0,0.0,0.0,0.0,0.9468
JG_20260509_1145_영등포구_샛강생태공원_JG_0160,2,잠실(송파구청),송파구,subway,0.8013,0.0,0.0,0.0,0.0,0.0,0.8013
JG_20260509_1145_영등포구_샛강생태공원_JG_0160,3,서울역,중구,subway,0.7902,0.0,0.0,0.0,0.0,0.0,0.7902
JG_20260509_1145_영등포구_샛강생태공원_JG_0160,4,구로디지털단지,구로구,subway,0.776,0.0,0.0,0.0,0.0,0.0,0.776
JG_20260509_1145_영등포구_샛강생태공원_JG_0160,5,서울대입구(관악구청),관악구,subway,0.7382,0.0,0.0,0.0,0.0,0.0,0.7382
JG_20260509_1145_영등포구_샛강생태공원_JG_0160,6,신도림,구로구,subway,0.7139,0.0,0.0,0.0,0.0,0.0,0.7139
JG_20260509_1145_영등포구_샛강생태공원_JG_0160,7,연신내,은평구,subway,0.667,0.0,0.0,0.0,0.0,0.0,0.667
JG_20260509_1145_영등포구_샛강생태공원_JG_0160,8,영등포,영등포구,subway,0.4735,0.0,0.0,0.0,0.0,0.0,0.4735
JG_20260509_1145_영등포구_샛강생태공원_JG_0160,9,샛강생태공원,영등포구,park,0.4078,0.0,0.0,0.06,0.0,0.0,0.4678
JG_20260509_1145_영등포구_샛강생태공원_JG_0160,10,당산,영등포구,subway,0.4319,0.0,0.0,0.0,0.0,0.0,0.4319
JG_20260509_1330_영등포구_여의도공원3동무궁화화장실앞_JG_0161,1,봉은공원,강남구,park,0.7451,0.0,0.0,0.12,0.0,0.0,0.8651
JG_20260509_1330_영등포구_여의도공원3동무궁화화장실앞_JG_0161,2,월드컵공원,마포구,park,0.7425,0.0,0.0,0.12,0.0,0.0,0.8625
JG_20260509_1330_영등포구_여의도공원3동무궁화화장실앞_JG_0161,3,중랑캠핑숲,중랑구,park,0.7412,0.0,0.0,0.12,0.0,0.0,0.8612
JG_20260509_1330_영등포구_여의도공원3동무궁화화장실앞_JG_0161,4,백련근린공원,서대문구,park,0.7275,0.0,0.0,0.12,0.0,0.0,0.8475
JG_20260509_1330_영등포구_여의도공원3동무궁화화장실앞_JG_0161,5,남산공원,중구,park,0.7185,0.0,0.0,0.12,0.0,0.0,0.8385
JG_20260509_1330_영등포구_여의도공원3동무궁화화장실앞_JG_0161,6,여의도근린공원,영등포구,park,0.7046,0.0,0.0,0.12,0.0,0.0,0.8246
JG_20260509_1330_영등포구_여의도공원3동무궁화화장실앞_JG_0161,7,선유도근린공원,영등포구,park,0.6121,0.0,0.0,0.12,0.0,0.0,0.7321
JG_20260509_1330_영등포구_여의도공원3동무궁화화장실앞_JG_0161,8,영등포근린공원,영등포구,park,0.6119,0.0,0.0,0.12,0.0,0.0,0.7319
JG_20260509_1330_영등포구_여의도공원3동무궁화화장실앞_JG_0161,9,중마루근린공원,영등포구,park,0.6067,0.0,0.0,0.12,0.0,0.0,0.7267
JG_20260509_1330_영등포구_여의도공원3동무궁화화장실앞_JG_0161,10,자매근린공원,영등포구,park,0.5863,0.0,0.0,0.12,0.0,0.0,0.7063
JG_20260511_1000_강서구_마곡lg사이언스파크isc동_JG_0167,1,서울식물원,강서구,park,0.6609,0.0,0.0,0.06,0.0,0.0,0.7209
JG_20260511_1000_강서구_마곡lg사이언스파크isc동_JG_0167,2,방화근린공원,강서구,park,0.6584,0.0,0.0,0.06,0.0,0.0,0.7184
JG_20260511_1000_강서구_마곡lg사이언스파크isc동_JG_0167,3,우장산근린공원,강서구,park,0.6338,0.0,0.0,0.06,0.0,0.0,0.6938
JG_20260511_1000_강서구_마곡lg사이언스파크isc동_JG_0167,4,봉제산공원,강서구,park,0.6165,0.0,0.0,0.06,0.0,0.0,0.6765
JG_20260511_1000_강서구_마곡lg사이언스파크isc동_JG_0167,5,개화근린공원,강서구,park,0.6086,0.0,0.0,0.06,0.0,0.0,0.6686
JG_20260511_1000_강서구_마곡lg사이언스파크isc동_JG_0167,6,꿩고개근린공원,강서구,park,0.5968,0.0,0.0,0.06,0.0,0.0,0.6568
JG_20260511_1000_강서구_마곡lg사이언스파크isc동_JG_0167,7,궁산근린공원,강서구,park,0.5946,0.0,0.0,0.06,0.0,0.0,0.6546
JG_20260511_1000_강서구_마곡lg사이언스파크isc동_JG_0167,8,염창근린공원,강서구,park,0.5899,0.0,0.0,0.06,0.0,0.0,0.6499
JG_20260511_1000_강서구_마곡lg사이언스파크isc동_JG_0167,9,마곡 LG사이언스파크 ISC동,강서구,market,0.5415,0.0,0.0,0.1,0.0,0.0,0.6415
JG_20260511_1000_강서구_마곡lg사이언스파크isc동_JG_0167,10,허준공원,강서구,park,0.5765,0.0,0.0,0.06,0.0,0.0,0.6365
JG_20260514_1400_중구_투썸플레이스정동길점_JG_0177,1,남대문시장,중구,market,0.7056,0.0,0.0,0.12,0.0,0.0,0.8256
JG_20260514_1400_중구_투썸플레이스정동길점_JG_0177,2,평화시장,중구,market,0.5528,0.0,0.0,0.12,0.0,0.0,0.6728
JG_20260514_1400_중구_투썸플레이스정동길점_JG_0177,3,삼익패션타운,중구,market,0.5222,0.0,0.0,0.12,0.0,0.0,0.6422
JG_20260514_1400_중구_투썸플레이스정동길점_JG_0177,4,동평화시장,중구,market,0.5126,0.0,0.0,0.12,0.0,0.0,0.6326
JG_20260514_1400_중구_투썸플레이스정동길점_JG_0177,5,청평화시장,중구,market,0.5024,0.0,0.0,0.12,0.0,0.0,0.6224
JG_20260514_1400_중구_투썸플레이스정동길점_JG_0177,6,신평화패션타운,중구,market,0.4993,0.0,0.0,0.12,0.0,0.0,0.6193
JG_20260514_1400_중구_투썸플레이스정동길점_JG_0177,7,방산시장,중구,market,0.4988,0.0,0.0,0.12,0.0,0.0,0.6188
JG_20260514_1400_중구_투썸플레이스정동길점_JG_0177,8,광희패션몰,중구,market,0.4973,0.0,0.0,0.12,0.0,0.0,0.6173
JG_20260514_1400_중구_투썸플레이스정동길점_JG_0177,9,통일상가,중구,market,0.4936,0.0,0.0,0.12,0.0,0.0,0.6136
JG_20260514_1400_중구_투썸플레이스정동길점_JG_0177,10,중부시장,중구,market,0.4895,0.0,0.0,0.12,0.0,0.0,0.6095
JG_20260515_1440_중랑구_먹골역7번출구앞_JG_0181,1,서울역,중구,subway,0.9642,0.0,0.0,0.0,0.0,0.0,0.9642
JG_20260515_1440_중랑구_먹골역7번출구앞_JG_0181,2,잠실(송파구청),송파구,subway,0.9611,0.0,0.0,0.0,0.0,0.0,0.9611
JG_20260515_1440_중랑구_먹골역7번출구앞_JG_0181,3,강남,강남구,subway,0.9318,0.0,0.0,0.0,0.0,0.0,0.9318
JG_20260515_1440_중랑구_먹골역7번출구앞_JG_0181,4,홍대입구,마포구,subway,0.8656,0.0,0.0,0.0,0.0,0.0,0.8656
JG_20260515_1440_중랑구_먹골역7번출구앞_JG_0181,5,고속터미널,서초구,subway,0.8161,0.0,0.0,0.0,0.0,0.0,0.8161
JG_20260515_1440_중랑구_먹골역7번출구앞_JG_0181,6,중랑 서울장미축제,중랑구,park,0.696,0.0,0.0,0.12,0.0,0.0,0.816
JG_20260515_1440_중랑구_먹골역7번출구앞_JG_0181,7,삼성(무역센터),강남구,subway,0.7312,0.0,0.0,0.0,0.0,0.0,0.7312
JG_20260515_1440_중랑구_먹골역7번출구앞_JG_0181,8,성수,성동구,subway,0.7287,0.0,0.0,0.0,0.0,0.0,0.7287
JG_20260515_1440_중랑구_먹골역7번출구앞_JG_0181,9,선릉,강남구,subway,0.7238,0.0,0.0,0.0,0.0,0.0,0.7238
JG_20260515_1440_중랑구_먹골역7번출구앞_JG_0181,10,용산,용산구,subway,0.7194,0.0,0.0,0.0,0.0,0.0,0.7194
JG_20260516_1000_송파구_잠실실내체육관_JG_0184,1,봉은공원,강남구,park,0.7275,0.0,0.0,0.06,0.0,0.0,0.7875
JG_20260516_1000_송파구_잠실실내체육관_JG_0184,2,월드컵공원,마포구,park,0.7248,0.0,0.0,0.06,0.0,0.0,0.7848
JG_20260516_1000_송파구_잠실실내체육관_JG_0184,3,중랑캠핑숲,중랑구,park,0.7213,0.0,0.0,0.06,0.0,0.0,0.7813
JG_20260516_1000_송파구_잠실실내체육관_JG_0184,4,장지근린공원,송파구,park,0.6341,0.0,0.0,0.06,0.0,0.0,0.6941
JG_20260516_1000_송파구_잠실실내체육관_JG_0184,5,아시아근린공원,송파구,park,0.6327,0.0,0.0,0.06,0.0,0.0,0.6927
JG_20260516_1000_송파구_잠실실내체육관_JG_0184,6,오금근린공원,송파구,park,0.6255,0.0,0.0,0.06,0.0,0.0,0.6855
JG_20260516_1000_송파구_잠실실내체육관_JG_0184,7,문정근린공원,송파구,park,0.6084,0.0,0.0,0.06,0.0,0.0,0.6684
JG_20260516_1000_송파구_잠실실내체육관_JG_0184,8,송파나루근린공원(석촌호수),송파구,park,0.6028,0.0,0.0,0.06,0.0,0.0,0.6628
JG_20260516_1000_송파구_잠실실내체육관_JG_0184,9,천마근린공원,송파구,park,0.5976,0.0,0.0,0.06,0.0,0.0,0.6576
JG_20260516_1000_송파구_잠실실내체육관_JG_0184,10,올림픽공원,송파구,park,0.4817,0.0,0.0,0.06,0.0,0.0,0.5417
JG_20260516_1230_성동구_성수역3번출구앞_JG_0185,1,남대문시장,중구,market,0.7056,0.0,0.0,0.12,0.0,0.0,0.8256
JG_20260516_1230_성동구_성수역3번출구앞_JG_0185,2,동대문종합시장,종로구,market,0.6301,0.0,0.0,0.12,0.0,0.0,0.7501
JG_20260516_1230_성동구_성수역3번출구앞_JG_0185,3,장안 마실 골목형상점가,동대문구,market,0.6299,0.0,0.0,0.12,0.0,0.0,0.7499
JG_20260516_1230_성동구_성수역3번출구앞_JG_0185,4,천호로데오거리상점가,강동구,market,0.5914,0.0,0.0,0.12,0.0,0.0,0.7114
JG_20260516_1230_성동구_성수역3번출구앞_JG_0185,5,마장축산물시장,성동구,market,0.5116,0.0,0.0,0.12,0.0,0.0,0.6316
JG_20260516_1230_성동구_성수역3번출구앞_JG_0185,6,성동용답상가시장,성동구,market,0.4816,0.0,0.0,0.12,0.0,0.0,0.6016
JG_20260516_1230_성동구_성수역3번출구앞_JG_0185,7,송정벚꽃골목형상점가,성동구,market,0.4775,0.0,0.0,0.12,0.0,0.0,0.5975
JG_20260516_1230_성동구_성수역3번출구앞_JG_0185,8,사근살곶이골목형상점가시장,성동구,market,0.474,0.0,0.0,0.12,0.0,0.0,0.594
JG_20260516_1230_성동구_성수역3번출구앞_JG_0185,9,금남시장,성동구,market,0.4707,0.0,0.0,0.12,0.0,0.0,0.5907
JG_20260516_1230_성동구_성수역3번출구앞_JG_0185,10,뚝도시장,성동구,market,0.4683,0.0,0.0,0.12,0.0,0.0,0.5883
JG_20260516_1840_종로구_황인재문_JG_0186,1,종로노인종합복지관,종로구,senior_friendly,0.7583,0.0,0.0,0.0,0.0,0.0,0.7583
JG_20260516_1840_종로구_황인재문_JG_0186,2,동대문종합시장,종로구,market,0.6301,0.0,0.0,0.12,0.0,0.0,0.7501
JG_20260516_1840_종로구_황인재문_JG_0186,3,낙산근린공원,종로구,park,0.6884,0.0,0.0,0.06,0.0,0.0,0.7484
JG_20260516_1840_종로구_황인재문_JG_0186,4,북악산도시자연공원,종로구,park,0.6739,0.0,0.0,0.06,0.0,0.0,0.7339
JG_20260516_1840_종로구_황인재문_JG_0186,5,천호로데오거리상점가,강동구,market,0.5914,0.0,0.0,0.12,0.0,0.0,0.7114
JG_20260516_1840_종로구_황인재문_JG_0186,6,종각,종로구,subway,0.5903,0.0,0.0,0.12,0.0,0.0,0.7103
JG_20260516_1840_종로구_황인재문_JG_0186,7,가산디지털단지,금천구,subway,0.586,0.0,0.0,0.12,0.0,0.0,0.706
JG_20260516_1840_종로구_황인재문_JG_0186,8,사당,동작구,subway,0.5846,0.0,0.0,0.12,0.0,0.0,0.7046
JG_20260516_1840_종로구_황인재문_JG_0186,9,인왕산도시자연공원,종로구,park,0.6425,0.0,0.0,0.06,0.0,0.0,0.7025
JG_20260516_1840_종로구_황인재문_JG_0186,10,신촌,,subway,0.5808,0.0,0.0,0.12,0.0,0.0,0.7008
JG_20260517_1000_강남구_gtxa삼성역부실공사현장_JG_0187,1,강남구립 도곡1노인복지관,강남구,senior_friendly,0.7782,0.0,0.0,0.1,0.0,0.0,0.8782
JG_20260517_1000_강남구_gtxa삼성역부실공사현장_JG_0187,2,봉은공원,강남구,park,0.7275,0.0,0.0,0.06,0.0,0.0,0.7875
JG_20260517_1000_강남구_gtxa삼성역부실공사현장_JG_0187,3,대모산도시자연공원,강남구,park,0.6299,0.0,0.0,0.06,0.0,0.0,0.6899
JG_20260517_1000_강남구_gtxa삼성역부실공사현장_JG_0187,4,율현공원,강남구,park,0.6295,0.0,0.0,0.06,0.0,0.0,0.6895
JG_20260517_1000_강남구_gtxa삼성역부실공사현장_JG_0187,5,청담근린공원,강남구,park,0.6085,0.0,0.0,0.06,0.0,0.0,0.6685
JG_20260517_1000_강남구_gtxa삼성역부실공사현장_JG_0187,6,광평근린공원,강남구,park,0.6085,0.0,0.0,0.06,0.0,0.0,0.6685
JG_20260517_1000_강남구_gtxa삼성역부실공사현장_JG_0187,7,도곡근린공원,강남구,park,0.6017,0.0,0.0,0.06,0.0,0.0,0.6617
JG_20260517_1000_강남구_gtxa삼성역부실공사현장_JG_0187,8,도산근린공원,강남구,park,0.5757,0.0,0.0,0.06,0.0,0.0,0.6357
JG_20260517_1000_강남구_gtxa삼성역부실공사현장_JG_0187,9,강남,강남구,subway,0.554,0.0,0.0,0.0,0.0,0.0,0.554
JG_20260517_1000_강남구_gtxa삼성역부실공사현장_JG_0187,10,신림별빛거리 골목형상점가,관악구,market,0.4446,0.0,0.0,0.1,0.0,0.0,0.5446
JG_20260518_1330_종로구_청년서울살이현장_JG_0192,1,종로노인종합복지관,종로구,senior_friendly,0.7583,0.0,0.0,0.06,0.0,0.0,0.8183
JG_20260518_1330_종로구_청년서울살이현장_JG_0192,2,낙산근린공원,종로구,park,0.6884,0.0,0.0,0.12,0.0,0.0,0.8084
JG_20260518_1330_종로구_청년서울살이현장_JG_0192,3,북악산도시자연공원,종로구,park,0.6739,0.0,0.0,0.12,0.0,0.0,0.7939
JG_20260518_1330_종로구_청년서울살이현장_JG_0192,4,인왕산도시자연공원,종로구,park,0.6425,0.0,0.0,0.12,0.0,0.0,0.7625
JG_20260518_1330_종로구_청년서울살이현장_JG_0192,5,세종로공원,종로구,park,0.6373,0.0,0.0,0.12,0.0,0.0,0.7573
JG_20260518_1330_종로구_청년서울살이현장_JG_0192,6,경희궁,종로구,park,0.6317,0.0,0.0,0.12,0.0,0.0,0.7517
JG_20260518_1330_종로구_청년서울살이현장_JG_0192,7,동대문종합시장,종로구,market,0.6301,0.0,0.0,0.12,0.0,0.0,0.7501
JG_20260518_1330_종로구_청년서울살이현장_JG_0192,8,삼청근린공원,종로구,park,0.6253,0.0,0.0,0.12,0.0,0.0,0.7453
JG_20260518_1330_종로구_청년서울살이현장_JG_0192,9,광화문시민열린마당,종로구,park,0.6202,0.0,0.0,0.12,0.0,0.0,0.7402
JG_20260518_1330_종로구_청년서울살이현장_JG_0192,10,와룡근린공원,종로구,park,0.6141,0.0,0.0,0.12,0.0,0.0,0.7341
JG_20260518_1850_종로구_대학로마로니에공원_JG_0194,1,낙산근린공원,종로구,park,0.6884,0.0,0.0,0.06,0.0,0.0,0.7484
JG_20260518_1850_종로구_대학로마로니에공원_JG_0194,2,북악산도시자연공원,종로구,park,0.6739,0.0,0.0,0.06,0.0,0.0,0.7339
JG_20260518_1850_종로구_대학로마로니에공원_JG_0194,3,인왕산도시자연공원,종로구,park,0.6425,0.0,0.0,0.06,0.0,0.0,0.7025
JG_20260518_1850_종로구_대학로마로니에공원_JG_0194,4,세종로공원,종로구,park,0.6373,0.0,0.0,0.06,0.0,0.0,0.6973
JG_20260518_1850_종로구_대학로마로니에공원_JG_0194,5,경희궁,종로구,park,0.6317,0.0,0.0,0.06,0.0,0.0,0.6917
JG_20260518_1850_종로구_대학로마로니에공원_JG_0194,6,삼청근린공원,종로구,park,0.6253,0.0,0.0,0.06,0.0,0.0,0.6853
JG_20260518_1850_종로구_대학로마로니에공원_JG_0194,7,광화문시민열린마당,종로구,park,0.6202,0.0,0.0,0.06,0.0,0.0,0.6802
JG_20260518_1850_종로구_대학로마로니에공원_JG_0194,8,와룡근린공원,종로구,park,0.6141,0.0,0.0,0.06,0.0,0.0,0.6741
JG_20260518_1850_종로구_대학로마로니에공원_JG_0194,9,사직근린공원,종로구,park,0.614,0.0,0.0,0.06,0.0,0.0,0.674
JG_20260518_1850_종로구_대학로마로니에공원_JG_0194,10,마로니에공원,종로구,park,0.5949,0.0,0.0,0.06,0.0,0.0,0.6549
JG_20260519_1330_양천구_목동재건축현장_JG_0198,1,서울역,중구,subway,0.9642,0.0,0.0,0.0,0.0,0.0,0.9642
JG_20260519_1330_양천구_목동재건축현장_JG_0198,2,잠실(송파구청),송파구,subway,0.9611,0.0,0.0,0.0,0.0,0.0,0.9611
JG_20260519_1330_양천구_목동재건축현장_JG_0198,3,강남,강남구,subway,0.9318,0.0,0.0,0.0,0.0,0.0,0.9318
JG_20260519_1330_양천구_목동재건축현장_JG_0198,4,홍대입구,마포구,subway,0.8656,0.0,0.0,0.0,0.0,0.0,0.8656
JG_20260519_1330_양천구_목동재건축현장_JG_0198,5,고속터미널,서초구,subway,0.8161,0.0,0.0,0.0,0.0,0.0,0.8161
JG_20260519_1330_양천구_목동재건축현장_JG_0198,6,삼성(무역센터),강남구,subway,0.7312,0.0,0.0,0.0,0.0,0.0,0.7312
JG_20260519_1330_양천구_목동재건축현장_JG_0198,7,성수,성동구,subway,0.7287,0.0,0.0,0.0,0.0,0.0,0.7287
JG_20260519_1330_양천구_목동재건축현장_JG_0198,8,선릉,강남구,subway,0.7238,0.0,0.0,0.0,0.0,0.0,0.7238
JG_20260519_1330_양천구_목동재건축현장_JG_0198,9,용산,용산구,subway,0.7194,0.0,0.0,0.0,0.0,0.0,0.7194
JG_20260519_1330_양천구_목동재건축현장_JG_0198,10,구로디지털단지,구로구,subway,0.6961,0.0,0.0,0.0,0.0,0.0,0.6961
JG_20260521_0000_광진구_동서울우편집중국_JG_0202,1,구립 자양노인복지관,광진구,senior_friendly,0.7872,0.0,0.0,0.0,0.0,0.0,0.7872
JG_20260521_0000_광진구_동서울우편집중국_JG_0202,2,어린이대공원,광진구,park,0.6366,0.0,0.0,0.0,0.0,0.0,0.6366
JG_20260521_0000_광진구_동서울우편집중국_JG_0202,3,아차산공원,광진구,park,0.6147,0.0,0.0,0.0,0.0,0.0,0.6147
JG_20260521_0000_광진구_동서울우편집중국_JG_0202,4,건대입구,광진구,subway,0.5488,0.0,0.0,0.0,0.0,0.0,0.5488
JG_20260521_0000_광진구_동서울우편집중국_JG_0202,5,구의(광진구청),광진구,subway,0.4793,0.0,0.0,0.0,0.0,0.0,0.4793
JG_20260521_0000_광진구_동서울우편집중국_JG_0202,6,신성전통시장,광진구,market,0.477,0.0,0.0,0.0,0.0,0.0,0.477
JG_20260521_0000_광진구_동서울우편집중국_JG_0202,7,자양전통시장,광진구,market,0.4758,0.0,0.0,0.0,0.0,0.0,0.4758
JG_20260521_0000_광진구_동서울우편집중국_JG_0202,8,중곡제일골목시장,광진구,market,0.4754,0.0,0.0,0.0,0.0,0.0,0.4754
JG_20260521_0000_광진구_동서울우편집중국_JG_0202,9,건리단길골목형상점가,광진구,market,0.4751,0.0,0.0,0.0,0.0,0.0,0.4751
JG_20260521_0000_광진구_동서울우편집중국_JG_0202,10,자양15번가 골목형상점가,광진구,market,0.475,0.0,0.0,0.0,0.0,0.0,0.475
JG_20260521_1320_광진구_청년안심주택_JG_0205,1,구립 자양노인복지관,광진구,senior_friendly,0.7872,0.0,0.0,0.06,0.0,0.0,0.8472
JG_20260521_1320_광진구_청년안심주택_JG_0205,2,어린이대공원,광진구,park,0.6366,0.0,0.0,0.12,0.0,0.0,0.7566
JG_20260521_1320_광진구_청년안심주택_JG_0205,3,아차산공원,광진구,park,0.6147,0.0,0.0,0.12,0.0,0.0,0.7347
JG_20260521_1320_광진구_청년안심주택_JG_0205,4,신성전통시장,광진구,market,0.477,0.0,0.0,0.12,0.0,0.0,0.597
JG_20260521_1320_광진구_청년안심주택_JG_0205,5,자양전통시장,광진구,market,0.4758,0.0,0.0,0.12,0.0,0.0,0.5958
JG_20260521_1320_광진구_청년안심주택_JG_0205,6,중곡제일골목시장,광진구,market,0.4754,0.0,0.0,0.12,0.0,0.0,0.5954
JG_20260521_1320_광진구_청년안심주택_JG_0205,7,건리단길골목형상점가,광진구,market,0.4751,0.0,0.0,0.12,0.0,0.0,0.5951
JG_20260521_1320_광진구_청년안심주택_JG_0205,8,자양15번가 골목형상점가,광진구,market,0.475,0.0,0.0,0.12,0.0,0.0,0.595
JG_20260521_1320_광진구_청년안심주택_JG_0205,9,청년안심주택,광진구,market,0.4749,0.0,0.0,0.12,0.0,0.0,0.5949
JG_20260521_1320_광진구_청년안심주택_JG_0205,10,종암북바위길골목형상점가,성북구,market,0.4748,0.0,0.0,0.12,0.0,0.0,0.5948
JG_20260521_1450_강남구_gtxa삼성역부실공사현장_JG_0207,1,강남,강남구,subway,0.9318,0.0,0.0,0.0,0.0,0.0,0.9318
JG_20260521_1450_강남구_gtxa삼성역부실공사현장_JG_0207,2,봉은공원,강남구,park,0.7451,0.0,0.0,0.12,0.0,0.0,0.8651
JG_20260521_1450_강남구_gtxa삼성역부실공사현장_JG_0207,3,강남구립 도곡1노인복지관,강남구,senior_friendly,0.7921,0.0,0.0,0.06,0.0,0.0,0.8521
JG_20260521_1450_강남구_gtxa삼성역부실공사현장_JG_0207,4,율현공원,강남구,park,0.6472,0.0,0.0,0.12,0.0,0.0,0.7672
JG_20260521_1450_강남구_gtxa삼성역부실공사현장_JG_0207,5,대모산도시자연공원,강남구,park,0.6464,0.0,0.0,0.12,0.0,0.0,0.7664
JG_20260521_1450_강남구_gtxa삼성역부실공사현장_JG_0207,6,청담근린공원,강남구,park,0.6261,0.0,0.0,0.12,0.0,0.0,0.7461
JG_20260521_1450_강남구_gtxa삼성역부실공사현장_JG_0207,7,광평근린공원,강남구,park,0.625,0.0,0.0,0.12,0.0,0.0,0.745
JG_20260521_1450_강남구_gtxa삼성역부실공사현장_JG_0207,8,상암근린공원,마포구,park,0.6243,0.0,0.0,0.12,0.0,0.0,0.7443
JG_20260521_1450_강남구_gtxa삼성역부실공사현장_JG_0207,9,개웅산근린공원,구로구,park,0.6241,0.0,0.0,0.12,0.0,0.0,0.7441
JG_20260521_1450_강남구_gtxa삼성역부실공사현장_JG_0207,10,파리근린공원,양천구,park,0.6223,0.0,0.0,0.12,0.0,0.0,0.7423
JG_20260521_1530_서초구_고속터미널_JG_0208,1,서울역,중구,subway,0.9642,0.0,0.0,0.0,0.0,0.0,0.9642
JG_20260521_1530_서초구_고속터미널_JG_0208,2,잠실(송파구청),송파구,subway,0.9611,0.0,0.0,0.0,0.0,0.0,0.9611
JG_20260521_1530_서초구_고속터미널_JG_0208,3,강남,강남구,subway,0.9318,0.0,0.0,0.0,0.0,0.0,0.9318
JG_20260521_1530_서초구_고속터미널_JG_0208,4,홍대입구,마포구,subway,0.8656,0.0,0.0,0.0,0.0,0.0,0.8656
JG_20260521_1530_서초구_고속터미널_JG_0208,5,고속터미널,서초구,subway,0.8161,0.0,0.0,0.0,0.0,0.0,0.8161
JG_20260521_1530_서초구_고속터미널_JG_0208,6,삼성(무역센터),강남구,subway,0.7312,0.0,0.0,0.0,0.0,0.0,0.7312
JG_20260521_1530_서초구_고속터미널_JG_0208,7,성수,성동구,subway,0.7287,0.0,0.0,0.0,0.0,0.0,0.7287
JG_20260521_1530_서초구_고속터미널_JG_0208,8,선릉,강남구,subway,0.7238,0.0,0.0,0.0,0.0,0.0,0.7238
JG_20260521_1530_서초구_고속터미널_JG_0208,9,용산,용산구,subway,0.7194,0.0,0.0,0.0,0.0,0.0,0.7194
JG_20260521_1530_서초구_고속터미널_JG_0208,10,고속터미널,서초구,market,0.5481,0.0,0.0,0.12,0.0,0.0,0.6681
JG_20260521_1800_강남구_강남스퀘어_JG_0210,1,서울역,중구,subway,0.9642,0.0,0.0,0.12,0.0,0.0,1.0842
JG_20260521_1800_강남구_강남스퀘어_JG_0210,2,잠실(송파구청),송파구,subway,0.9611,0.0,0.0,0.12,0.0,0.0,1.0811
JG_20260521_1800_강남구_강남스퀘어_JG_0210,3,강남,강남구,subway,0.9318,0.0,0.0,0.12,0.0,0.0,1.0518
JG_20260521_1800_강남구_강남스퀘어_JG_0210,4,홍대입구,마포구,subway,0.8656,0.0,0.0,0.12,0.0,0.0,0.9856
JG_20260521_1800_강남구_강남스퀘어_JG_0210,5,고속터미널,서초구,subway,0.8161,0.0,0.0,0.12,0.0,0.0,0.9361
JG_20260521_1800_강남구_강남스퀘어_JG_0210,6,삼성(무역센터),강남구,subway,0.7312,0.0,0.0,0.12,0.0,0.0,0.8512
JG_20260521_1800_강남구_강남스퀘어_JG_0210,7,성수,성동구,subway,0.7287,0.0,0.0,0.12,0.0,0.0,0.8487
JG_20260521_1800_강남구_강남스퀘어_JG_0210,8,선릉,강남구,subway,0.7238,0.0,0.0,0.12,0.0,0.0,0.8438
JG_20260521_1800_강남구_강남스퀘어_JG_0210,9,역삼,강남구,subway,0.6459,0.0,0.0,0.12,0.0,0.0,0.7659
JG_20260521_1800_강남구_강남스퀘어_JG_0210,10,강남구청,강남구,subway,0.364,0.0,0.0,0.12,0.0,0.0,0.484
JG_20260522_1130_중랑구_면목역광장_JG_0212,1,신림,관악구,subway,0.9468,0.0,0.0,0.0,0.0,0.0,0.9468
JG_20260522_1130_중랑구_면목역광장_JG_0212,2,잠실(송파구청),송파구,subway,0.8013,0.0,0.0,0.0,0.0,0.0,0.8013
JG_20260522_1130_중랑구_면목역광장_JG_0212,3,서울역,중구,subway,0.7902,0.0,0.0,0.0,0.0,0.0,0.7902
JG_20260522_1130_중랑구_면목역광장_JG_0212,4,구로디지털단지,구로구,subway,0.776,0.0,0.0,0.0,0.0,0.0,0.776
JG_20260522_1130_중랑구_면목역광장_JG_0212,5,서울대입구(관악구청),관악구,subway,0.7382,0.0,0.0,0.0,0.0,0.0,0.7382
JG_20260522_1130_중랑구_면목역광장_JG_0212,6,신도림,구로구,subway,0.7139,0.0,0.0,0.0,0.0,0.0,0.7139
JG_20260522_1130_중랑구_면목역광장_JG_0212,7,연신내,은평구,subway,0.667,0.0,0.0,0.0,0.0,0.0,0.667
JG_20260522_1130_중랑구_면목역광장_JG_0212,8,까치산,강서구,subway,0.6301,0.0,0.0,0.0,0.0,0.0,0.6301
JG_20260522_1130_중랑구_면목역광장_JG_0212,9,화곡,강서구,subway,0.6251,0.0,0.0,0.0,0.0,0.0,0.6251
JG_20260522_1130_중랑구_면목역광장_JG_0212,10,쌍문,도봉구,subway,0.623,0.0,0.0,0.0,0.0,0.0,0.623
JG_20260522_1140_중랑구_동일시장_JG_0213,1,우림골목시장,중랑구,market,0.4303,0.0,0.0,0.1,0.0,0.0,0.5303
JG_20260522_1140_중랑구_동일시장_JG_0213,2,동원전통종합시장,중랑구,market,0.4289,0.0,0.0,0.1,0.0,0.0,0.5289
JG_20260522_1140_중랑구_동일시장_JG_0213,3,상봉먹자 골목형상점가,중랑구,market,0.4267,0.0,0.0,0.1,0.0,0.0,0.5267
JG_20260522_1140_중랑구_동일시장_JG_0213,4,사가정시장,중랑구,market,0.4259,0.0,0.0,0.1,0.0,0.0,0.5259
JG_20260522_1140_중랑구_동일시장_JG_0213,5,면목시장(골목형),중랑구,market,0.4257,0.0,0.0,0.1,0.0,0.0,0.5257
JG_20260522_1140_중랑구_동일시장_JG_0213,6,신내구길 골목형상점가,중랑구,market,0.4251,0.0,0.0,0.1,0.0,0.0,0.5251
JG_20260522_1140_중랑구_동일시장_JG_0213,7,사가정51길 골목형상점가,중랑구,market,0.4235,0.0,0.0,0.1,0.0,0.0,0.5235
JG_20260522_1140_중랑구_동일시장_JG_0213,8,중랑동부시장,중랑구,market,0.423,0.0,0.0,0.1,0.0,0.0,0.523
JG_20260522_1140_중랑구_동일시장_JG_0213,9,묵동도깨비시장 골목형상점가,중랑구,market,0.4229,0.0,0.0,0.1,0.0,0.0,0.5229
JG_20260522_1140_중랑구_동일시장_JG_0213,10,태능 골목형상점가,중랑구,market,0.4228,0.0,0.0,0.1,0.0,0.0,0.5228
JG_20260522_1330_노원구_롯데백화점앞_JG_0214,1,서울역,중구,subway,0.9642,0.0,0.0,0.0,0.0,0.0,0.9642
JG_20260522_1330_노원구_롯데백화점앞_JG_0214,2,잠실(송파구청),송파구,subway,0.9611,0.0,0.0,0.0,0.0,0.0,0.9611
JG_20260522_1330_노원구_롯데백화점앞_JG_0214,3,강남,강남구,subway,0.9318,0.0,0.0,0.0,0.0,0.0,0.9318
JG_20260522_1330_노원구_롯데백화점앞_JG_0214,4,홍대입구,마포구,subway,0.8656,0.0,0.0,0.0,0.0,0.0,0.8656
JG_20260522_1330_노원구_롯데백화점앞_JG_0214,5,고속터미널,서초구,subway,0.8161,0.0,0.0,0.0,0.0,0.0,0.8161
JG_20260522_1330_노원구_롯데백화점앞_JG_0214,6,삼성(무역센터),강남구,subway,0.7312,0.0,0.0,0.0,0.0,0.0,0.7312
JG_20260522_1330_노원구_롯데백화점앞_JG_0214,7,성수,성동구,subway,0.7287,0.0,0.0,0.0,0.0,0.0,0.7287
JG_20260522_1330_노원구_롯데백화점앞_JG_0214,8,선릉,강남구,subway,0.7238,0.0,0.0,0.0,0.0,0.0,0.7238
JG_20260522_1330_노원구_롯데백화점앞_JG_0214,9,용산,용산구,subway,0.7194,0.0,0.0,0.0,0.0,0.0,0.7194
JG_20260522_1330_노원구_롯데백화점앞_JG_0214,10,노원,노원구,subway,0.4421,0.0,0.0,0.0,0.0,0.0,0.4421
JG_20260522_1440_노원구_상계보람아파트_JG_0215,1,서울역,중구,subway,0.9642,0.0,0.0,0.0,0.0,0.0,0.9642
JG_20260522_1440_노원구_상계보람아파트_JG_0215,2,잠실(송파구청),송파구,subway,0.9611,0.0,0.0,0.0,0.0,0.0,0.9611
JG_20260522_1440_노원구_상계보람아파트_JG_0215,3,강남,강남구,subway,0.9318,0.0,0.0,0.0,0.0,0.0,0.9318
JG_20260522_1440_노원구_상계보람아파트_JG_0215,4,홍대입구,마포구,subway,0.8656,0.0,0.0,0.0,0.0,0.0,0.8656
JG_20260522_1440_노원구_상계보람아파트_JG_0215,5,고속터미널,서초구,subway,0.8161,0.0,0.0,0.0,0.0,0.0,0.8161
JG_20260522_1440_노원구_상계보람아파트_JG_0215,6,삼성(무역센터),강남구,subway,0.7312,0.0,0.0,0.0,0.0,0.0,0.7312
JG_20260522_1440_노원구_상계보람아파트_JG_0215,7,성수,성동구,subway,0.7287,0.0,0.0,0.0,0.0,0.0,0.7287
JG_20260522_1440_노원구_상계보람아파트_JG_0215,8,선릉,강남구,subway,0.7238,0.0,0.0,0.0,0.0,0.0,0.7238
JG_20260522_1440_노원구_상계보람아파트_JG_0215,9,용산,용산구,subway,0.7194,0.0,0.0,0.0,0.0,0.0,0.7194
JG_20260522_1440_노원구_상계보람아파트_JG_0215,10,공릉동,노원구,market,0.442,0.0,0.0,0.12,0.0,0.0,0.562
JG_20260522_1700_도봉구_박영선지역유세장_JG_0217,1,서울역,중구,subway,0.9642,0.0,0.0,0.12,0.0,0.0,1.0842
JG_20260522_1700_도봉구_박영선지역유세장_JG_0217,2,잠실(송파구청),송파구,subway,0.9611,0.0,0.0,0.12,0.0,0.0,1.0811
JG_20260522_1700_도봉구_박영선지역유세장_JG_0217,3,강남,강남구,subway,0.9318,0.0,0.0,0.12,0.0,0.0,1.0518
JG_20260522_1700_도봉구_박영선지역유세장_JG_0217,4,홍대입구,마포구,subway,0.8656,0.0,0.0,0.12,0.0,0.0,0.9856
JG_20260522_1700_도봉구_박영선지역유세장_JG_0217,5,고속터미널,서초구,subway,0.8161,0.0,0.0,0.12,0.0,0.0,0.9361
JG_20260522_1700_도봉구_박영선지역유세장_JG_0217,6,삼성(무역센터),강남구,subway,0.7312,0.0,0.0,0.12,0.0,0.0,0.8512
JG_20260522_1700_도봉구_박영선지역유세장_JG_0217,7,성수,성동구,subway,0.7287,0.0,0.0,0.12,0.0,0.0,0.8487
JG_20260522_1700_도봉구_박영선지역유세장_JG_0217,8,선릉,강남구,subway,0.7238,0.0,0.0,0.12,0.0,0.0,0.8438
JG_20260522_1700_도봉구_박영선지역유세장_JG_0217,9,용산,용산구,subway,0.7194,0.0,0.0,0.12,0.0,0.0,0.8394
JG_20260522_1700_도봉구_박영선지역유세장_JG_0217,10,쌍문,도봉구,subway,0.4837,0.0,0.0,0.12,0.0,0.0,0.6037
JG_20260522_1710_도봉구_중앙시장_JG_0218,1,남대문시장,중구,market,0.7056,0.0,0.0,0.12,0.0,0.0,0.8256
JG_20260522_1710_도봉구_중앙시장_JG_0218,2,동대문종합시장,종로구,market,0.6301,0.0,0.0,0.12,0.0,0.0,0.7501
JG_20260522_1710_도봉구_중앙시장_JG_0218,3,장안 마실 골목형상점가,동대문구,market,0.6299,0.0,0.0,0.12,0.0,0.0,0.7499
JG_20260522_1710_도봉구_중앙시장_JG_0218,4,천호로데오거리상점가,강동구,market,0.5914,0.0,0.0,0.12,0.0,0.0,0.7114
JG_20260522_1710_도봉구_중앙시장_JG_0218,5,신도봉시장,도봉구,market,0.4765,0.0,0.0,0.12,0.0,0.0,0.5965
JG_20260522_1710_도봉구_중앙시장_JG_0218,6,방학동도깨비시장,도봉구,market,0.4733,0.0,0.0,0.12,0.0,0.0,0.5933
JG_20260522_1710_도봉구_중앙시장_JG_0218,7,쌍문시장,도봉구,market,0.4726,0.0,0.0,0.12,0.0,0.0,0.5926
JG_20260522_1710_도봉구_중앙시장_JG_0218,8,창동신창시장,도봉구,market,0.4716,0.0,0.0,0.12,0.0,0.0,0.5916
JG_20260522_1710_도봉구_중앙시장_JG_0218,9,백운시장,도봉구,market,0.4704,0.0,0.0,0.12,0.0,0.0,0.5904
JG_20260522_1710_도봉구_중앙시장_JG_0218,10,창동골목시장,도봉구,market,0.4694,0.0,0.0,0.12,0.0,0.0,0.5894
JG_20260522_1900_용산구_용산역_JG_0219,1,서울역,중구,subway,0.9642,0.0,0.0,0.12,0.0,0.0,1.0842
JG_20260522_1900_용산구_용산역_JG_0219,2,잠실(송파구청),송파구,subway,0.9611,0.0,0.0,0.12,0.0,0.0,1.0811
JG_20260522_1900_용산구_용산역_JG_0219,3,강남,강남구,subway,0.9318,0.0,0.0,0.12,0.0,0.0,1.0518
JG_20260522_1900_용산구_용산역_JG_0219,4,홍대입구,마포구,subway,0.8656,0.0,0.0,0.12,0.0,0.0,0.9856
JG_20260522_1900_용산구_용산역_JG_0219,5,고속터미널,서초구,subway,0.8161,0.0,0.0,0.12,0.0,0.0,0.9361
JG_20260522_1900_용산구_용산역_JG_0219,6,삼성(무역센터),강남구,subway,0.7312,0.0,0.0,0.12,0.0,0.0,0.8512
JG_20260522_1900_용산구_용산역_JG_0219,7,성수,성동구,subway,0.7287,0.0,0.0,0.12,0.0,0.0,0.8487
JG_20260522_1900_용산구_용산역_JG_0219,8,선릉,강남구,subway,0.7238,0.0,0.0,0.12,0.0,0.0,0.8438
JG_20260522_1900_용산구_용산역_JG_0219,9,용산,용산구,subway,0.7194,0.0,0.0,0.12,0.0,0.0,0.8394
JG_20260522_1900_용산구_용산역_JG_0219,10,구로디지털단지,구로구,subway,0.6961,0.0,0.0,0.12,0.0,0.0,0.8161
JG_20260523_0900_도봉구_도봉산입구_JG_0220,1,신림,관악구,subway,0.9468,0.0,0.0,0.14,0.0,0.0,1.0868
JG_20260523_0900_도봉구_도봉산입구_JG_0220,2,잠실(송파구청),송파구,subway,0.8013,0.0,0.0,0.14,0.0,0.0,0.9413
JG_20260523_0900_도봉구_도봉산입구_JG_0220,3,서울역,중구,subway,0.7902,0.0,0.0,0.14,0.0,0.0,0.9302
JG_20260523_0900_도봉구_도봉산입구_JG_0220,4,구로디지털단지,구로구,subway,0.776,0.0,0.0,0.14,0.0,0.0,0.916
JG_20260523_0900_도봉구_도봉산입구_JG_0220,5,서울대입구(관악구청),관악구,subway,0.7382,0.0,0.0,0.14,0.0,0.0,0.8782
JG_20260523_0900_도봉구_도봉산입구_JG_0220,6,신도림,구로구,subway,0.7139,0.0,0.0,0.14,0.0,0.0,0.8539
JG_20260523_0900_도봉구_도봉산입구_JG_0220,7,연신내,은평구,subway,0.667,0.0,0.0,0.14,0.0,0.0,0.807
JG_20260523_0900_도봉구_도봉산입구_JG_0220,8,까치산,강서구,subway,0.6301,0.0,0.0,0.14,0.0,0.0,0.7701
JG_20260523_0900_도봉구_도봉산입구_JG_0220,9,화곡,강서구,subway,0.6251,0.0,0.0,0.14,0.0,0.0,0.7651
JG_20260523_0900_도봉구_도봉산입구_JG_0220,10,쌍문,도봉구,subway,0.623,0.0,0.0,0.14,0.0,0.0,0.763
JG_20260523_0950_도봉구_도봉산길_JG_0221,1,봉은공원,강남구,park,0.7275,0.0,0.0,0.0,0.0,0.0,0.7275
JG_20260523_0950_도봉구_도봉산길_JG_0221,2,월드컵공원,마포구,park,0.7248,0.0,0.0,0.0,0.0,0.0,0.7248
JG_20260523_0950_도봉구_도봉산길_JG_0221,3,중랑캠핑숲,중랑구,park,0.7213,0.0,0.0,0.0,0.0,0.0,0.7213
JG_20260523_0950_도봉구_도봉산길_JG_0221,4,백련근린공원,서대문구,park,0.7077,0.0,0.0,0.0,0.0,0.0,0.7077
JG_20260523_0950_도봉구_도봉산길_JG_0221,5,초안산근린공원,도봉구,park,0.6845,0.0,0.0,0.0,0.0,0.0,0.6845
JG_20260523_0950_도봉구_도봉산길_JG_0221,6,초안산생태공원,도봉구,park,0.652,0.0,0.0,0.0,0.0,0.0,0.652
JG_20260523_0950_도봉구_도봉산길_JG_0221,7,쌍문근린공원,도봉구,park,0.6298,0.0,0.0,0.0,0.0,0.0,0.6298
JG_20260523_0950_도봉구_도봉산길_JG_0221,8,월천근린공원,도봉구,park,0.5986,0.0,0.0,0.0,0.0,0.0,0.5986
JG_20260523_0950_도봉구_도봉산길_JG_0221,9,발바닥공원,도봉구,park,0.5888,0.0,0.0,0.0,0.0,0.0,0.5888
JG_20260523_0950_도봉구_도봉산길_JG_0221,10,서울창포원,도봉구,park,0.5824,0.0,0.0,0.0,0.0,0.0,0.5824
JG_20260523_1100_은평구_연신내역_JG_0222,1,신림,관악구,subway,0.9468,0.0,0.0,0.0,0.0,0.0,0.9468
JG_20260523_1100_은평구_연신내역_JG_0222,2,잠실(송파구청),송파구,subway,0.8013,0.0,0.0,0.0,0.0,0.0,0.8013
JG_20260523_1100_은평구_연신내역_JG_0222,3,서울역,중구,subway,0.7902,0.0,0.0,0.0,0.0,0.0,0.7902
JG_20260523_1100_은평구_연신내역_JG_0222,4,구로디지털단지,구로구,subway,0.776,0.0,0.0,0.0,0.0,0.0,0.776
JG_20260523_1100_은평구_연신내역_JG_0222,5,서울대입구(관악구청),관악구,subway,0.7382,0.0,0.0,0.0,0.0,0.0,0.7382
JG_20260523_1100_은평구_연신내역_JG_0222,6,신도림,구로구,subway,0.7139,0.0,0.0,0.0,0.0,0.0,0.7139
JG_20260523_1100_은평구_연신내역_JG_0222,7,연신내,은평구,subway,0.667,0.0,0.0,0.0,0.0,0.0,0.667
JG_20260523_1100_은평구_연신내역_JG_0222,8,까치산,강서구,subway,0.6301,0.0,0.0,0.0,0.0,0.0,0.6301
JG_20260523_1100_은평구_연신내역_JG_0222,9,화곡,강서구,subway,0.6251,0.0,0.0,0.0,0.0,0.0,0.6251
JG_20260523_1100_은평구_연신내역_JG_0222,10,쌍문,도봉구,subway,0.623,0.0,0.0,0.0,0.0,0.0,0.623
JG_20260523_1140_은평구_연신내역_JG_0223,1,신림,관악구,subway,0.9468,0.0,0.0,0.0,0.0,0.0,0.9468
JG_20260523_1140_은평구_연신내역_JG_0223,2,잠실(송파구청),송파구,subway,0.8013,0.0,0.0,0.0,0.0,0.0,0.8013
JG_20260523_1140_은평구_연신내역_JG_0223,3,서울역,중구,subway,0.7902,0.0,0.0,0.0,0.0,0.0,0.7902
JG_20260523_1140_은평구_연신내역_JG_0223,4,구로디지털단지,구로구,subway,0.776,0.0,0.0,0.0,0.0,0.0,0.776
JG_20260523_1140_은평구_연신내역_JG_0223,5,서울대입구(관악구청),관악구,subway,0.7382,0.0,0.0,0.0,0.0,0.0,0.7382
JG_20260523_1140_은평구_연신내역_JG_0223,6,신도림,구로구,subway,0.7139,0.0,0.0,0.0,0.0,0.0,0.7139
JG_20260523_1140_은평구_연신내역_JG_0223,7,연신내,은평구,subway,0.667,0.0,0.0,0.0,0.0,0.0,0.667
JG_20260523_1140_은평구_연신내역_JG_0223,8,까치산,강서구,subway,0.6301,0.0,0.0,0.0,0.0,0.0,0.6301
JG_20260523_1140_은평구_연신내역_JG_0223,9,화곡,강서구,subway,0.6251,0.0,0.0,0.0,0.0,0.0,0.6251
JG_20260523_1140_은평구_연신내역_JG_0223,10,쌍문,도봉구,subway,0.623,0.0,0.0,0.0,0.0,0.0,0.623
JG_20260523_1500_서대문구_홍제역_JG_0225,1,서울역,중구,subway,0.9642,0.0,0.0,0.0,0.0,0.0,0.9642
JG_20260523_1500_서대문구_홍제역_JG_0225,2,잠실(송파구청),송파구,subway,0.9611,0.0,0.0,0.0,0.0,0.0,0.9611
JG_20260523_1500_서대문구_홍제역_JG_0225,3,강남,강남구,subway,0.9318,0.0,0.0,0.0,0.0,0.0,0.9318
JG_20260523_1500_서대문구_홍제역_JG_0225,4,홍대입구,마포구,subway,0.8656,0.0,0.0,0.0,0.0,0.0,0.8656
JG_20260523_1500_서대문구_홍제역_JG_0225,5,고속터미널,서초구,subway,0.8161,0.0,0.0,0.0,0.0,0.0,0.8161
JG_20260523_1500_서대문구_홍제역_JG_0225,6,삼성(무역센터),강남구,subway,0.7312,0.0,0.0,0.0,0.0,0.0,0.7312
JG_20260523_1500_서대문구_홍제역_JG_0225,7,성수,성동구,subway,0.7287,0.0,0.0,0.0,0.0,0.0,0.7287
JG_20260523_1500_서대문구_홍제역_JG_0225,8,선릉,강남구,subway,0.7238,0.0,0.0,0.0,0.0,0.0,0.7238
JG_20260523_1500_서대문구_홍제역_JG_0225,9,용산,용산구,subway,0.7194,0.0,0.0,0.0,0.0,0.0,0.7194
JG_20260523_1500_서대문구_홍제역_JG_0225,10,구로디지털단지,구로구,subway,0.6961,0.0,0.0,0.0,0.0,0.0,0.6961
JG_20260523_1550_서대문구_홍제역_JG_0226,1,서울역,중구,subway,0.9642,0.0,0.0,0.0,0.0,0.0,0.9642
JG_20260523_1550_서대문구_홍제역_JG_0226,2,잠실(송파구청),송파구,subway,0.9611,0.0,0.0,0.0,0.0,0.0,0.9611
JG_20260523_1550_서대문구_홍제역_JG_0226,3,강남,강남구,subway,0.9318,0.0,0.0,0.0,0.0,0.0,0.9318
JG_20260523_1550_서대문구_홍제역_JG_0226,4,홍대입구,마포구,subway,0.8656,0.0,0.0,0.0,0.0,0.0,0.8656
JG_20260523_1550_서대문구_홍제역_JG_0226,5,고속터미널,서초구,subway,0.8161,0.0,0.0,0.0,0.0,0.0,0.8161
JG_20260523_1550_서대문구_홍제역_JG_0226,6,삼성(무역센터),강남구,subway,0.7312,0.0,0.0,0.0,0.0,0.0,0.7312
JG_20260523_1550_서대문구_홍제역_JG_0226,7,성수,성동구,subway,0.7287,0.0,0.0,0.0,0.0,0.0,0.7287
JG_20260523_1550_서대문구_홍제역_JG_0226,8,선릉,강남구,subway,0.7238,0.0,0.0,0.0,0.0,0.0,0.7238
JG_20260523_1550_서대문구_홍제역_JG_0226,9,용산,용산구,subway,0.7194,0.0,0.0,0.0,0.0,0.0,0.7194
JG_20260523_1550_서대문구_홍제역_JG_0226,10,구로디지털단지,구로구,subway,0.6961,0.0,0.0,0.0,0.0,0.0,0.6961
JG_20260523_1800_마포구_상암_JG_0227,1,서울역,중구,subway,0.9642,0.0,0.0,0.12,0.0,0.0,1.0842
JG_20260523_1800_마포구_상암_JG_0227,2,잠실(송파구청),송파구,subway,0.9611,0.0,0.0,0.12,0.0,0.0,1.0811
JG_20260523_1800_마포구_상암_JG_0227,3,강남,강남구,subway,0.9318,0.0,0.0,0.12,0.0,0.0,1.0518
JG_20260523_1800_마포구_상암_JG_0227,4,홍대입구,마포구,subway,0.8656,0.0,0.0,0.12,0.0,0.0,0.9856
JG_20260523_1800_마포구_상암_JG_0227,5,고속터미널,서초구,subway,0.8161,0.0,0.0,0.12,0.0,0.0,0.9361
JG_20260523_1800_마포구_상암_JG_0227,6,삼성(무역센터),강남구,subway,0.7312,0.0,0.0,0.12,0.0,0.0,0.8512
JG_20260523_1800_마포구_상암_JG_0227,7,성수,성동구,subway,0.7287,0.0,0.0,0.12,0.0,0.0,0.8487
JG_20260523_1800_마포구_상암_JG_0227,8,선릉,강남구,subway,0.7238,0.0,0.0,0.12,0.0,0.0,0.8438
JG_20260523_1800_마포구_상암_JG_0227,9,합정,마포구,subway,0.4906,0.0,0.0,0.12,0.0,0.0,0.6106
JG_20260523_1800_마포구_상암_JG_0227,10,마포구청,마포구,subway,0.3615,0.0,0.0,0.12,0.0,0.0,0.4815
JG_20260523_1810_마포구_홍대거리_JG_0228,1,남대문시장,중구,market,0.7056,0.0,0.0,0.12,0.0,0.0,0.8256
JG_20260523_1810_마포구_홍대거리_JG_0228,2,동대문종합시장,종로구,market,0.6301,0.0,0.0,0.12,0.0,0.0,0.7501
JG_20260523_1810_마포구_홍대거리_JG_0228,3,장안 마실 골목형상점가,동대문구,market,0.6299,0.0,0.0,0.12,0.0,0.0,0.7499
JG_20260523_1810_마포구_홍대거리_JG_0228,4,천호로데오거리상점가,강동구,market,0.5914,0.0,0.0,0.12,0.0,0.0,0.7114
JG_20260523_1810_마포구_홍대거리_JG_0228,5,광장전통시장,종로구,market,0.5714,0.0,0.0,0.12,0.0,0.0,0.6914
JG_20260523_1810_마포구_홍대거리_JG_0228,6,아현시장,마포구,market,0.4776,0.0,0.0,0.12,0.0,0.0,0.5976
JG_20260523_1810_마포구_홍대거리_JG_0228,7,연남동골목형상점가,마포구,market,0.4764,0.0,0.0,0.12,0.0,0.0,0.5964
JG_20260523_1810_마포구_홍대거리_JG_0228,8,망원시장,마포구,market,0.4721,0.0,0.0,0.12,0.0,0.0,0.5921
JG_20260523_1810_마포구_홍대거리_JG_0228,9,홍대레드로드골목형상점가,마포구,market,0.4699,0.0,0.0,0.12,0.0,0.0,0.5899
JG_20260523_1810_마포구_홍대거리_JG_0228,10,망원동월드컵시장,마포구,market,0.4684,0.0,0.0,0.12,0.0,0.0,0.5884
JG_20260524_1400_광진구_어린이대공원_JG_0230,1,봉은공원,강남구,park,0.7451,0.0,0.0,0.12,0.0,0.0,0.8651
JG_20260524_1400_광진구_어린이대공원_JG_0230,2,월드컵공원,마포구,park,0.7425,0.0,0.0,0.12,0.0,0.0,0.8625
JG_20260524_1400_광진구_어린이대공원_JG_0230,3,중랑캠핑숲,중랑구,park,0.7412,0.0,0.0,0.12,0.0,0.0,0.8612
JG_20260524_1400_광진구_어린이대공원_JG_0230,4,백련근린공원,서대문구,park,0.7275,0.0,0.0,0.12,0.0,0.0,0.8475
JG_20260524_1400_광진구_어린이대공원_JG_0230,5,남산공원,중구,park,0.7185,0.0,0.0,0.12,0.0,0.0,0.8385
JG_20260524_1400_광진구_어린이대공원_JG_0230,6,안산도시자연공원,서대문구,park,0.7158,0.0,0.0,0.12,0.0,0.0,0.8358
JG_20260524_1400_광진구_어린이대공원_JG_0230,7,여의도근린공원,영등포구,park,0.7046,0.0,0.0,0.12,0.0,0.0,0.8246
JG_20260524_1400_광진구_어린이대공원_JG_0230,8,초안산근린공원,도봉구,park,0.7043,0.0,0.0,0.12,0.0,0.0,0.8243
JG_20260524_1400_광진구_어린이대공원_JG_0230,9,어린이대공원,광진구,park,0.6366,0.0,0.0,0.12,0.0,0.0,0.7566
JG_20260524_1400_광진구_어린이대공원_JG_0230,10,아차산공원,광진구,park,0.6147,0.0,0.0,0.12,0.0,0.0,0.7347
JG_20260524_1440_광진구_어린이대공원_JG_0231,1,봉은공원,강남구,park,0.7451,0.0,0.0,0.12,0.0,0.0,0.8651
JG_20260524_1440_광진구_어린이대공원_JG_0231,2,월드컵공원,마포구,park,0.7425,0.0,0.0,0.12,0.0,0.0,0.8625
JG_20260524_1440_광진구_어린이대공원_JG_0231,3,중랑캠핑숲,중랑구,park,0.7412,0.0,0.0,0.12,0.0,0.0,0.8612
JG_20260524_1440_광진구_어린이대공원_JG_0231,4,백련근린공원,서대문구,park,0.7275,0.0,0.0,0.12,0.0,0.0,0.8475
JG_20260524_1440_광진구_어린이대공원_JG_0231,5,남산공원,중구,park,0.7185,0.0,0.0,0.12,0.0,0.0,0.8385
JG_20260524_1440_광진구_어린이대공원_JG_0231,6,안산도시자연공원,서대문구,park,0.7158,0.0,0.0,0.12,0.0,0.0,0.8358
JG_20260524_1440_광진구_어린이대공원_JG_0231,7,여의도근린공원,영등포구,park,0.7046,0.0,0.0,0.12,0.0,0.0,0.8246
JG_20260524_1440_광진구_어린이대공원_JG_0231,8,초안산근린공원,도봉구,park,0.7043,0.0,0.0,0.12,0.0,0.0,0.8243
JG_20260524_1440_광진구_어린이대공원_JG_0231,9,어린이대공원,광진구,park,0.6366,0.0,0.0,0.12,0.0,0.0,0.7566
JG_20260524_1440_광진구_어린이대공원_JG_0231,10,아차산공원,광진구,park,0.6147,0.0,0.0,0.12,0.0,0.0,0.7347
JG_20260524_1500_광진구_재개발재건축현장_JG_0232,1,서울역,중구,subway,0.9642,0.0,0.0,0.0,0.0,0.0,0.9642
JG_20260524_1500_광진구_재개발재건축현장_JG_0232,2,잠실(송파구청),송파구,subway,0.9611,0.0,0.0,0.0,0.0,0.0,0.9611
JG_20260524_1500_광진구_재개발재건축현장_JG_0232,3,강남,강남구,subway,0.9318,0.0,0.0,0.0,0.0,0.0,0.9318
JG_20260524_1500_광진구_재개발재건축현장_JG_0232,4,홍대입구,마포구,subway,0.8656,0.0,0.0,0.0,0.0,0.0,0.8656
JG_20260524_1500_광진구_재개발재건축현장_JG_0232,5,고속터미널,서초구,subway,0.8161,0.0,0.0,0.0,0.0,0.0,0.8161
JG_20260524_1500_광진구_재개발재건축현장_JG_0232,6,삼성(무역센터),강남구,subway,0.7312,0.0,0.0,0.0,0.0,0.0,0.7312
JG_20260524_1500_광진구_재개발재건축현장_JG_0232,7,성수,성동구,subway,0.7287,0.0,0.0,0.0,0.0,0.0,0.7287
JG_20260524_1500_광진구_재개발재건축현장_JG_0232,8,선릉,강남구,subway,0.7238,0.0,0.0,0.0,0.0,0.0,0.7238
JG_20260524_1500_광진구_재개발재건축현장_JG_0232,9,청년안심주택,광진구,market,0.4792,0.0,0.0,0.12,0.0,0.0,0.5992
JG_20260524_1500_광진구_재개발재건축현장_JG_0232,10,건대입구,광진구,subway,0.5488,0.0,0.0,0.0,0.0,0.0,0.5488
JG_20260524_1530_강동구_천호공원_JG_0233,1,봉은공원,강남구,park,0.7451,0.0,0.0,0.12,0.0,0.0,0.8651
JG_20260524_1530_강동구_천호공원_JG_0233,2,월드컵공원,마포구,park,0.7425,0.0,0.0,0.12,0.0,0.0,0.8625
JG_20260524_1530_강동구_천호공원_JG_0233,3,중랑캠핑숲,중랑구,park,0.7412,0.0,0.0,0.12,0.0,0.0,0.8612
JG_20260524_1530_강동구_천호공원_JG_0233,4,일자산근린공원,강동구,park,0.694,0.0,0.0,0.12,0.0,0.0,0.814
JG_20260524_1530_강동구_천호공원_JG_0233,5,천호근린공원,강동구,park,0.6519,0.0,0.0,0.12,0.0,0.0,0.7719
JG_20260524_1530_강동구_천호공원_JG_0233,6,길동생태공원,강동구,park,0.6301,0.0,0.0,0.12,0.0,0.0,0.7501
JG_20260524_1530_강동구_천호공원_JG_0233,7,명일근린공원,강동구,park,0.6253,0.0,0.0,0.12,0.0,0.0,0.7453
JG_20260524_1530_강동구_천호공원_JG_0233,8,동명근린공원,강동구,park,0.6058,0.0,0.0,0.12,0.0,0.0,0.7258
JG_20260524_1530_강동구_천호공원_JG_0233,9,허브천문공원,강동구,park,0.5907,0.0,0.0,0.12,0.0,0.0,0.7107
JG_20260524_1530_강동구_천호공원_JG_0233,10,샛마을근린공원,강동구,park,0.5803,0.0,0.0,0.12,0.0,0.0,0.7003
JG_20260524_1640_강동구_재개발재건축현장_JG_0235,1,서울역,중구,subway,0.9642,0.0,0.0,0.12,0.0,0.0,1.0842
JG_20260524_1640_강동구_재개발재건축현장_JG_0235,2,잠실(송파구청),송파구,subway,0.9611,0.0,0.0,0.12,0.0,0.0,1.0811
JG_20260524_1640_강동구_재개발재건축현장_JG_0235,3,강남,강남구,subway,0.9318,0.0,0.0,0.12,0.0,0.0,1.0518
JG_20260524_1640_강동구_재개발재건축현장_JG_0235,4,홍대입구,마포구,subway,0.8656,0.0,0.0,0.12,0.0,0.0,0.9856
JG_20260524_1640_강동구_재개발재건축현장_JG_0235,5,고속터미널,서초구,subway,0.8161,0.0,0.0,0.12,0.0,0.0,0.9361
JG_20260524_1640_강동구_재개발재건축현장_JG_0235,6,삼성(무역센터),강남구,subway,0.7312,0.0,0.0,0.12,0.0,0.0,0.8512
JG_20260524_1640_강동구_재개발재건축현장_JG_0235,7,성수,성동구,subway,0.7287,0.0,0.0,0.12,0.0,0.0,0.8487
JG_20260524_1640_강동구_재개발재건축현장_JG_0235,8,선릉,강남구,subway,0.7238,0.0,0.0,0.12,0.0,0.0,0.8438
JG_20260524_1640_강동구_재개발재건축현장_JG_0235,9,용산,용산구,subway,0.7194,0.0,0.0,0.12,0.0,0.0,0.8394
JG_20260524_1640_강동구_재개발재건축현장_JG_0235,10,구로디지털단지,구로구,subway,0.6961,0.0,0.0,0.12,0.0,0.0,0.8161
JG_20260524_1740_송파구_재개발재건축현장_JG_0236,1,서울역,중구,subway,0.9642,0.0,0.0,0.12,0.0,0.0,1.0842
JG_20260524_1740_송파구_재개발재건축현장_JG_0236,2,잠실(송파구청),송파구,subway,0.9611,0.0,0.0,0.12,0.0,0.0,1.0811
JG_20260524_1740_송파구_재개발재건축현장_JG_0236,3,강남,강남구,subway,0.9318,0.0,0.0,0.12,0.0,0.0,1.0518
JG_20260524_1740_송파구_재개발재건축현장_JG_0236,4,홍대입구,마포구,subway,0.8656,0.0,0.0,0.12,0.0,0.0,0.9856
JG_20260524_1740_송파구_재개발재건축현장_JG_0236,5,고속터미널,서초구,subway,0.8161,0.0,0.0,0.12,0.0,0.0,0.9361
JG_20260524_1740_송파구_재개발재건축현장_JG_0236,6,삼성(무역센터),강남구,subway,0.7312,0.0,0.0,0.12,0.0,0.0,0.8512
JG_20260524_1740_송파구_재개발재건축현장_JG_0236,7,성수,성동구,subway,0.7287,0.0,0.0,0.12,0.0,0.0,0.8487
JG_20260524_1740_송파구_재개발재건축현장_JG_0236,8,선릉,강남구,subway,0.7238,0.0,0.0,0.12,0.0,0.0,0.8438
JG_20260524_1740_송파구_재개발재건축현장_JG_0236,9,용산,용산구,subway,0.7194,0.0,0.0,0.12,0.0,0.0,0.8394
JG_20260524_1740_송파구_재개발재건축현장_JG_0236,10,구로디지털단지,구로구,subway,0.6961,0.0,0.0,0.12,0.0,0.0,0.8161
JG_20260524_1800_강동구_성내전통시장_JG_0237,1,남대문시장,중구,market,0.7056,0.0,0.0,0.12,0.0,0.0,0.8256
JG_20260524_1800_강동구_성내전통시장_JG_0237,2,동대문종합시장,종로구,market,0.6301,0.0,0.0,0.12,0.0,0.0,0.7501
JG_20260524_1800_강동구_성내전통시장_JG_0237,3,장안 마실 골목형상점가,동대문구,market,0.6299,0.0,0.0,0.12,0.0,0.0,0.7499
JG_20260524_1800_강동구_성내전통시장_JG_0237,4,천호로데오거리상점가,강동구,market,0.5914,0.0,0.0,0.12,0.0,0.0,0.7114
JG_20260524_1800_강동구_성내전통시장_JG_0237,5,장신구거리,강동구,market,0.4813,0.0,0.0,0.12,0.0,0.0,0.6013
JG_20260524_1800_강동구_성내전통시장_JG_0237,6,길동복조리시장,강동구,market,0.4759,0.0,0.0,0.12,0.0,0.0,0.5959
JG_20260524_1800_강동구_성내전통시장_JG_0237,7,암사종합시장,강동구,market,0.4752,0.0,0.0,0.12,0.0,0.0,0.5952
JG_20260524_1800_강동구_성내전통시장_JG_0237,8,둔촌역전통시장,강동구,market,0.4698,0.0,0.0,0.12,0.0,0.0,0.5898
JG_20260524_1800_강동구_성내전통시장_JG_0237,9,성내전통시장,강동구,market,0.4688,0.0,0.0,0.12,0.0,0.0,0.5888
JG_20260524_1800_강동구_성내전통시장_JG_0237,10,고분다리전통시장,강동구,market,0.4682,0.0,0.0,0.12,0.0,0.0,0.5882
JG_20260525_1000_강서구_마곡나루역_JG_0238,1,신림,관악구,subway,0.9468,0.0,0.0,0.0,0.0,0.0,0.9468
JG_20260525_1000_강서구_마곡나루역_JG_0238,2,잠실(송파구청),송파구,subway,0.8013,0.0,0.0,0.0,0.0,0.0,0.8013
JG_20260525_1000_강서구_마곡나루역_JG_0238,3,서울역,중구,subway,0.7902,0.0,0.0,0.0,0.0,0.0,0.7902
JG_20260525_1000_강서구_마곡나루역_JG_0238,4,구로디지털단지,구로구,subway,0.776,0.0,0.0,0.0,0.0,0.0,0.776
JG_20260525_1000_강서구_마곡나루역_JG_0238,5,서울대입구(관악구청),관악구,subway,0.7382,0.0,0.0,0.0,0.0,0.0,0.7382
JG_20260525_1000_강서구_마곡나루역_JG_0238,6,신도림,구로구,subway,0.7139,0.0,0.0,0.0,0.0,0.0,0.7139
JG_20260525_1000_강서구_마곡나루역_JG_0238,7,연신내,은평구,subway,0.667,0.0,0.0,0.0,0.0,0.0,0.667
JG_20260525_1000_강서구_마곡나루역_JG_0238,8,까치산,강서구,subway,0.6301,0.0,0.0,0.0,0.0,0.0,0.6301
JG_20260525_1000_강서구_마곡나루역_JG_0238,9,화곡,강서구,subway,0.6251,0.0,0.0,0.0,0.0,0.0,0.6251
JG_20260525_1000_강서구_마곡나루역_JG_0238,10,쌍문,도봉구,subway,0.623,0.0,0.0,0.0,0.0,0.0,0.623
JG_20260525_1050_강서구_서울식물원_JG_0239,1,서울식물원,강서구,park,0.6609,0.0,0.0,0.06,0.0,0.0,0.7209
JG_20260525_1050_강서구_서울식물원_JG_0239,2,방화근린공원,강서구,park,0.6584,0.0,0.0,0.06,0.0,0.0,0.7184
JG_20260525_1050_강서구_서울식물원_JG_0239,3,우장산근린공원,강서구,park,0.6338,0.0,0.0,0.06,0.0,0.0,0.6938
JG_20260525_1050_강서구_서울식물원_JG_0239,4,봉제산공원,강서구,park,0.6165,0.0,0.0,0.06,0.0,0.0,0.6765
JG_20260525_1050_강서구_서울식물원_JG_0239,5,개화근린공원,강서구,park,0.6086,0.0,0.0,0.06,0.0,0.0,0.6686
JG_20260525_1050_강서구_서울식물원_JG_0239,6,꿩고개근린공원,강서구,park,0.5968,0.0,0.0,0.06,0.0,0.0,0.6568
JG_20260525_1050_강서구_서울식물원_JG_0239,7,궁산근린공원,강서구,park,0.5946,0.0,0.0,0.06,0.0,0.0,0.6546
JG_20260525_1050_강서구_서울식물원_JG_0239,8,염창근린공원,강서구,park,0.5899,0.0,0.0,0.06,0.0,0.0,0.6499
JG_20260525_1050_강서구_서울식물원_JG_0239,9,허준공원,강서구,park,0.5765,0.0,0.0,0.06,0.0,0.0,0.6365
JG_20260525_1050_강서구_서울식물원_JG_0239,10,매화근린공원,강서구,park,0.5416,0.0,0.0,0.06,0.0,0.0,0.6016
JG_20260525_1240_양천구_현대백화점목동점_JG_0240,1,서울역,중구,subway,0.9642,0.0,0.0,0.0,0.0,0.0,0.9642
JG_20260525_1240_양천구_현대백화점목동점_JG_0240,2,잠실(송파구청),송파구,subway,0.9611,0.0,0.0,0.0,0.0,0.0,0.9611
JG_20260525_1240_양천구_현대백화점목동점_JG_0240,3,강남,강남구,subway,0.9318,0.0,0.0,0.0,0.0,0.0,0.9318
JG_20260525_1240_양천구_현대백화점목동점_JG_0240,4,홍대입구,마포구,subway,0.8656,0.0,0.0,0.0,0.0,0.0,0.8656
JG_20260525_1240_양천구_현대백화점목동점_JG_0240,5,고속터미널,서초구,subway,0.8161,0.0,0.0,0.0,0.0,0.0,0.8161
JG_20260525_1240_양천구_현대백화점목동점_JG_0240,6,삼성(무역센터),강남구,subway,0.7312,0.0,0.0,0.0,0.0,0.0,0.7312
JG_20260525_1240_양천구_현대백화점목동점_JG_0240,7,성수,성동구,subway,0.7287,0.0,0.0,0.0,0.0,0.0,0.7287
JG_20260525_1240_양천구_현대백화점목동점_JG_0240,8,선릉,강남구,subway,0.7238,0.0,0.0,0.0,0.0,0.0,0.7238
JG_20260525_1240_양천구_현대백화점목동점_JG_0240,9,용산,용산구,subway,0.7194,0.0,0.0,0.0,0.0,0.0,0.7194
JG_20260525_1240_양천구_현대백화점목동점_JG_0240,10,구로디지털단지,구로구,subway,0.6961,0.0,0.0,0.0,0.0,0.0,0.6961
JG_20260525_1430_금천구_시티렉스앞_JG_0242,1,서울역,중구,subway,0.9642,0.0,0.0,0.0,0.0,0.0,0.9642
JG_20260525_1430_금천구_시티렉스앞_JG_0242,2,잠실(송파구청),송파구,subway,0.9611,0.0,0.0,0.0,0.0,0.0,0.9611
JG_20260525_1430_금천구_시티렉스앞_JG_0242,3,강남,강남구,subway,0.9318,0.0,0.0,0.0,0.0,0.0,0.9318
JG_20260525_1430_금천구_시티렉스앞_JG_0242,4,홍대입구,마포구,subway,0.8656,0.0,0.0,0.0,0.0,0.0,0.8656
JG_20260525_1430_금천구_시티렉스앞_JG_0242,5,고속터미널,서초구,subway,0.8161,0.0,0.0,0.0,0.0,0.0,0.8161
JG_20260525_1430_금천구_시티렉스앞_JG_0242,6,삼성(무역센터),강남구,subway,0.7312,0.0,0.0,0.0,0.0,0.0,0.7312
JG_20260525_1430_금천구_시티렉스앞_JG_0242,7,성수,성동구,subway,0.7287,0.0,0.0,0.0,0.0,0.0,0.7287
JG_20260525_1430_금천구_시티렉스앞_JG_0242,8,선릉,강남구,subway,0.7238,0.0,0.0,0.0,0.0,0.0,0.7238
JG_20260525_1430_금천구_시티렉스앞_JG_0242,9,용산,용산구,subway,0.7194,0.0,0.0,0.0,0.0,0.0,0.7194
JG_20260525_1430_금천구_시티렉스앞_JG_0242,10,가산디지털단지,금천구,subway,0.586,0.0,0.0,0.0,0.0,0.0,0.586
JG_20260525_1600_영등포구_영등포재개발재건축현장_JG_0243,1,서울역,중구,subway,0.9642,0.0,0.0,0.12,0.0,0.0,1.0842
JG_20260525_1600_영등포구_영등포재개발재건축현장_JG_0243,2,잠실(송파구청),송파구,subway,0.9611,0.0,0.0,0.12,0.0,0.0,1.0811
JG_20260525_1600_영등포구_영등포재개발재건축현장_JG_0243,3,강남,강남구,subway,0.9318,0.0,0.0,0.12,0.0,0.0,1.0518
JG_20260525_1600_영등포구_영등포재개발재건축현장_JG_0243,4,홍대입구,마포구,subway,0.8656,0.0,0.0,0.12,0.0,0.0,0.9856
JG_20260525_1600_영등포구_영등포재개발재건축현장_JG_0243,5,고속터미널,서초구,subway,0.8161,0.0,0.0,0.12,0.0,0.0,0.9361
JG_20260525_1600_영등포구_영등포재개발재건축현장_JG_0243,6,삼성(무역센터),강남구,subway,0.7312,0.0,0.0,0.12,0.0,0.0,0.8512
JG_20260525_1600_영등포구_영등포재개발재건축현장_JG_0243,7,영등포,영등포구,subway,0.6567,0.0,0.0,0.12,0.0,0.0,0.7767
JG_20260525_1600_영등포구_영등포재개발재건축현장_JG_0243,8,여의도,영등포구,subway,0.5131,0.0,0.0,0.12,0.0,0.0,0.6331
JG_20260525_1600_영등포구_영등포재개발재건축현장_JG_0243,9,영등포구청,영등포구,subway,0.427,0.0,0.0,0.12,0.0,0.0,0.547
JG_20260525_1600_영등포구_영등포재개발재건축현장_JG_0243,10,당산,영등포구,subway,0.3993,0.0,0.0,0.12,0.0,0.0,0.5193
JG_20260525_1630_영등포구_타임스퀘어_JG_0244,1,서울역,중구,subway,0.9642,0.0,0.0,0.12,0.0,0.0,1.0842
JG_20260525_1630_영등포구_타임스퀘어_JG_0244,2,잠실(송파구청),송파구,subway,0.9611,0.0,0.0,0.12,0.0,0.0,1.0811
JG_20260525_1630_영등포구_타임스퀘어_JG_0244,3,강남,강남구,subway,0.9318,0.0,0.0,0.12,0.0,0.0,1.0518
JG_20260525_1630_영등포구_타임스퀘어_JG_0244,4,홍대입구,마포구,subway,0.8656,0.0,0.0,0.12,0.0,0.0,0.9856
JG_20260525_1630_영등포구_타임스퀘어_JG_0244,5,고속터미널,서초구,subway,0.8161,0.0,0.0,0.12,0.0,0.0,0.9361
JG_20260525_1630_영등포구_타임스퀘어_JG_0244,6,삼성(무역센터),강남구,subway,0.7312,0.0,0.0,0.12,0.0,0.0,0.8512
JG_20260525_1630_영등포구_타임스퀘어_JG_0244,7,영등포,영등포구,subway,0.6567,0.0,0.0,0.12,0.0,0.0,0.7767
JG_20260525_1630_영등포구_타임스퀘어_JG_0244,8,여의도,영등포구,subway,0.5131,0.0,0.0,0.12,0.0,0.0,0.6331
JG_20260525_1630_영등포구_타임스퀘어_JG_0244,9,영등포구청,영등포구,subway,0.427,0.0,0.0,0.12,0.0,0.0,0.547
JG_20260525_1630_영등포구_타임스퀘어_JG_0244,10,당산,영등포구,subway,0.3993,0.0,0.0,0.12,0.0,0.0,0.5193
